team,date,opponent,OffRtg,DefRtg,ThreePA,TOV,ORB,DRB,location,MOV
Abilene Christian,2025-11-03,McMurry,117.6,70.3,20,13,17,34,1,37
Abilene Christian,2025-11-06,Omaha,101.6,98.8,21,14,9,18,1,2
Abilene Christian,2025-11-11,SW Adventist,141.3,85.6,22,11,11,23,1,41
Abilene Christian,2025-11-14,Stephen F. Austin,96.8,111.5,10,10,8,27,-1,-10
Abilene Christian,2025-11-18,Texas State,75.1,96.6,15,14,12,15,-1,-14
Abilene Christian,2025-11-24,UTSA,93.9,77.0,22,12,16,21,0,11
Abilene Christian,2025-11-25,William & Mary,76.2,120.8,27,19,9,15,0,-34
Abilene Christian,2025-11-28,Jarvis Christian,117.3,74.2,23,16,15,28,1,32
Abilene Christian,2025-12-02,Pepperdine,116.6,103.4,22,7,9,19,-1,8
Abilene Christian,2025-12-06,New Mexico State,116.2,104.1,17,13,7,16,1,8
Abilene Christian,2025-12-16,Arizona,82.7,128.1,16,16,9,10,-1,-34
Abilene Christian,2025-12-19,Brigham Young,91.7,116.3,16,15,7,14,-1,-18
Abilene Christian,2025-12-22,Texas Southern,108.8,98.7,19,14,7,22,-1,7
Abilene Christian,2026-01-01,Utah Tech,96.4,119.0,17,16,8,14,1,-15
Abilene Christian,2026-01-03,Utah Valley,120.8,96.6,13,10,7,18,1,17
Abilene Christian,2026-01-08,Tarleton State,114.2,108.8,17,18,10,20,-1,4
Abilene Christian,2026-01-10,UT Arlington,107.5,122.4,12,10,5,12,-1,-10
Abilene Christian,2026-01-15,California Baptist,89.3,114.0,10,8,6,18,1,-16
Abilene Christian,2026-01-17,Southern Utah,69.6,99.0,18,14,13,21,-1,-22
Abilene Christian,2026-01-29,Utah Tech,94.4,102.4,24,16,10,20,1,-6
Abilene Christian,2026-01-31,Southern Utah,108.8,113.1,23,9,5,9,1,-3
Abilene Christian,2026-02-05,Utah Valley,80.8,99.9,18,18,8,18,-1,-13
Abilene Christian,2026-02-07,California Baptist,91.0,93.9,19,12,11,28,-1,-2
Abilene Christian,2026-02-12,UT Arlington,97.5,91.7,21,11,11,17,1,4
Abilene Christian,2026-02-14,Tarleton State,101.9,82.4,23,22,11,20,1,14
Abilene Christian,2026-02-16,Tarleton State,80.8,84.7,19,18,13,26,-1,-3
Abilene Christian,2026-02-21,Southern Utah,112.9,107.7,14,11,5,14,1,4
Abilene Christian,2026-02-26,Utah Tech,115.9,121.7,22,6,5,19,-1,-4
Abilene Christian,2026-02-28,Utah Valley,97.3,107.5,18,17,9,22,-1,-7
Abilene Christian,2026-03-05,California Baptist,65.3,118.4,15,21,5,17,-1,-39
Abilene Christian,2026-03-07,UT Arlington,87.1,97.8,17,8,5,19,1,-7
Abilene Christian,2026-03-11,Tarleton State,106.3,98.7,15,15,3,23,0,6
Abilene Christian,2026-03-12,Utah Tech,103.6,112.0,18,12,8,17,0,-6
Air Force,2025-11-03,Belmont,97.6,122.3,21,18,8,22,-1,-16
Air Force,2025-11-08,Austin Peay,74.4,101.9,26,18,12,25,1,-20
Air Force,2025-11-11,LIU,101.8,107.4,18,12,12,15,1,-4
Air Force,2025-11-15,Miami (OH),89.2,111.1,18,12,6,24,1,-15
Air Force,2025-11-19,Alabama State,98.5,95.6,21,17,5,24,1,2
Air Force,2025-11-21,SIU Edwardsville,110.7,90.6,24,9,10,27,1,14
Air Force,2025-11-23,IU Indy,123.6,107.2,23,12,6,27,1,13
Air Force,2025-11-26,Northern Colorado,87.3,116.9,17,8,6,20,1,-18
Air Force,2025-11-29,South Dakota,89.0,113.1,10,11,4,17,0,-17
Air Force,2025-12-03,Pacific,104.3,128.3,19,10,6,13,1,-15
Air Force,2025-12-07,Navy,87.0,94.7,25,11,5,26,-1,-5
Air Force,2025-12-17,San Diego State,90.1,125.8,24,13,4,19,-1,-23
Air Force,2025-12-30,Wyoming,81.0,98.3,12,18,3,19,1,-12
Air Force,2026-01-03,UNLV,60.2,103.3,19,11,7,23,-1,-28
Air Force,2026-01-06,Utah State,91.8,146.6,20,12,4,16,1,-37
Air Force,2026-01-10,New Mexico,71.2,132.2,18,20,5,20,1,-42
Air Force,2026-01-13,San Jose State,102.9,116.2,22,15,9,18,-1,-8
Air Force,2026-01-17,Nevada,97.2,119.3,32,13,3,16,1,-15
Air Force,2026-01-20,Colorado State,80.9,125.9,30,13,6,23,-1,-29
Air Force,2026-01-24,Boise State,86.3,153.5,22,11,3,14,-1,-42
Air Force,2026-01-31,Fresno State,86.8,110.6,26,15,8,27,1,-17
Air Force,2026-02-03,Grand Canyon,81.6,116.0,21,18,5,21,-1,-24
Air Force,2026-02-07,San Diego State,77.5,126.3,22,20,3,18,1,-34
Air Force,2026-02-10,Colorado State,115.1,141.6,21,11,6,18,1,-17
Air Force,2026-02-14,Fresno State,85.8,126.7,29,17,5,22,-1,-30
Air Force,2026-02-17,New Mexico,86.3,138.6,31,9,3,18,-1,-37
Air Force,2026-02-21,UNLV,93.0,128.2,22,15,9,22,1,-25
Air Force,2026-02-24,San Jose State,119.9,128.9,22,9,8,21,1,-6
Air Force,2026-02-28,Wyoming,93.5,99.6,18,15,7,27,-1,-4
Air Force,2026-03-03,Grand Canyon,86.1,123.5,17,12,0,20,1,-26
Air Force,2026-03-07,Nevada,89.0,111.6,12,8,2,17,-1,-15
Air Force,2026-03-11,Nevada,62.3,110.7,22,17,6,18,0,-35
Akron,2025-11-03,James Madison,114.9,96.0,25,8,12,21,1,14
Akron,2025-11-08,Princeton,130.4,86.5,37,7,9,33,1,35
Akron,2025-11-12,Penn St. Shenango,129.9,60.8,49,11,23,41,1,58
Akron,2025-11-16,Purdue,109.0,133.8,33,10,11,14,-1,-18
Akron,2025-11-21,Iona,123.6,96.5,21,10,10,28,0,21
Akron,2025-11-23,Evansville,138.8,84.4,30,11,10,17,0,38
Akron,2025-11-24,Yale,141.1,145.6,23,11,7,11,0,-3
Akron,2025-11-29,Milwaukee,133.2,102.8,23,14,4,31,1,24
Akron,2025-12-03,Bucknell,137.3,109.0,29,5,8,27,1,20
Akron,2025-12-06,Tulane,120.1,96.9,31,14,11,31,-1,17
Akron,2025-12-13,Murray State,119.9,137.9,18,7,11,18,0,-15
Akron,2025-12-19,Eastern Michigan,125.7,97.3,18,8,11,30,1,21
Akron,2025-12-29,Concord,144.7,80.5,26,7,8,31,1,51
Akron,2026-01-03,Miami (OH),100.7,104.8,32,15,10,25,-1,-3
Akron,2026-01-06,Central Michigan,117.9,99.2,25,17,10,22,1,13
Akron,2026-01-09,Bowling Green,103.2,89.8,34,14,8,28,-1,10
Akron,2026-01-13,Ball State,122.9,108.7,35,8,7,22,1,10
Akron,2026-01-17,Western Michigan,149.7,128.1,35,8,11,18,1,15
Akron,2026-01-20,Buffalo,118.7,91.2,35,10,9,29,-1,19
Akron,2026-01-23,Ohio,113.8,86.0,17,12,8,32,-1,21
Akron,2026-01-27,Toledo,130.2,115.9,27,11,16,20,1,10
Akron,2026-01-30,Kent State,98.8,74.5,34,13,9,28,1,17
Akron,2026-02-03,Eastern Michigan,95.1,92.2,34,12,10,22,-1,2
Akron,2026-02-07,Troy,109.3,125.1,30,7,8,23,-1,-10
Akron,2026-02-13,Massachusetts,124.9,116.1,30,10,7,23,1,7
Akron,2026-02-17,Western Michigan,131.6,106.7,28,7,13,25,-1,17
Akron,2026-02-20,Ball State,115.2,96.0,29,9,12,26,-1,13
Akron,2026-02-24,Buffalo,120.4,103.4,21,16,6,28,1,14
Akron,2026-02-27,Kent State,128.9,98.1,28,13,7,25,-1,22
Akron,2026-03-03,Central Michigan,113.2,94.1,33,12,14,27,-1,13
Akron,2026-03-06,Northern Illinois,135.8,79.5,27,12,7,31,1,39
Akron,2026-03-12,Buffalo,103.5,99.3,24,10,10,26,0,3
Akron,2026-03-13,Kent State,105.9,96.0,24,8,7,26,0,7
Akron,2026-03-14,Toledo,113.3,109.0,34,8,13,22,0,3
Akron,2026-03-20,Texas Tech,104.0,133.3,19,9,6,12,0,-20
Alabama,2025-11-03,North Dakota,118.3,80.6,27,15,8,33,1,29
Alabama,2025-11-08,St. John's (NY),119.5,111.3,35,7,13,27,-1,7
Alabama,2025-11-13,Purdue,113.7,123.7,43,6,5,18,1,-7
Alabama,2025-11-19,Illinois,112.9,107.9,36,10,9,26,0,4
Alabama,2025-11-24,Gonzaga,107.4,120.0,29,13,11,23,0,-10
Alabama,2025-11-26,UNLV,141.7,93.7,33,12,12,33,0,39
Alabama,2025-11-27,Maryland,129.8,89.0,31,12,7,36,0,33
Alabama,2025-12-03,Clemson,124.1,115.8,34,8,12,24,1,6
Alabama,2025-12-07,UTSA,122.7,69.6,57,5,17,38,1,42
Alabama,2025-12-13,Arizona,97.4,124.6,32,15,3,27,0,-21
Alabama,2025-12-17,South Florida,126.2,112.9,33,14,17,25,1,11
Alabama,2025-12-21,Kennesaw State,115.4,101.6,31,7,10,25,0,11
Alabama,2025-12-29,Yale,140.7,107.6,54,5,17,24,1,24
Alabama,2026-01-03,Kentucky,124.1,103.2,38,9,13,24,1,15
Alabama,2026-01-07,Vanderbilt,106.6,113.7,40,13,14,30,-1,-6
Alabama,2026-01-10,Texas,117.3,122.6,28,7,10,25,1,-4
Alabama,2026-01-13,Mississippi State,124.7,105.4,34,5,9,36,-1,15
Alabama,2026-01-17,Oklahoma,107.2,104.7,33,10,12,27,-1,2
Alabama,2026-01-24,Tennessee,104.1,112.6,26,7,7,21,1,-6
Alabama,2026-01-27,Missouri,121.4,86.3,39,7,8,31,1,26
Alabama,2026-02-01,Florida,98.4,127.8,34,17,8,22,-1,-23
Alabama,2026-02-04,Texas A&M,127.0,123.2,48,6,12,28,1,3
Alabama,2026-02-07,Auburn,123.6,118.4,23,13,3,23,-1,4
Alabama,2026-02-11,Ole Miss,121.2,96.4,45,6,7,27,-1,19
Alabama,2026-02-14,South Carolina,116.8,98.4,34,12,7,32,1,14
Alabama,2026-02-18,Arkansas,132.1,129.8,29,11,11,29,1,2
Alabama,2026-02-21,Louisiana State,123.3,113.7,30,7,10,24,-1,7
Alabama,2026-02-25,Mississippi State,130.0,97.5,50,13,15,32,1,25
Alabama,2026-02-28,Tennessee,110.1,107.0,27,9,6,19,-1,2
Alabama,2026-03-03,Georgia,113.2,126.1,42,9,8,18,-1,-10
Alabama,2026-03-07,Auburn,133.0,116.4,27,7,18,20,1,12
Alabama,2026-03-13,Ole Miss,106.0,107.4,29,5,7,27,0,-1
Alabama,2026-03-20,Hofstra,124.7,97.0,36,10,14,26,0,20
Alabama,2026-03-22,Texas Tech,124.5,89.9,42,13,17,25,0,25
Alabama,2026-03-27,Michigan,103.9,121.5,47,7,8,20,0,-13
Alabama A&M,2025-11-03,Blue Mountain,110.3,82.8,25,14,11,32,1,20
Alabama A&M,2025-11-05,Indiana,72.5,139.4,15,10,2,13,-1,-47
Alabama A&M,2025-11-13,Charleston Southern,95.3,89.7,17,12,12,22,1,4
Alabama A&M,2025-11-16,Lindenwood,107.4,94.3,21,13,8,23,1,9
Alabama A&M,2025-11-28,Clemson,79.3,130.2,22,10,3,19,-1,-36
Alabama A&M,2025-11-30,Coastal Carolina,86.0,96.0,19,10,8,27,-1,-7
Alabama A&M,2025-12-03,Tennessee State,118.2,78.3,17,15,10,28,1,27
Alabama A&M,2025-12-07,Lipscomb,87.1,138.2,14,12,11,21,-1,-34
Alabama A&M,2025-12-13,Arkansas Baptist,88.6,78.0,21,16,8,33,1,8
Alabama A&M,2025-12-15,North Alabama,101.6,89.7,22,6,10,25,1,8
Alabama A&M,2025-12-17,Ole Miss,101.7,123.3,18,10,4,20,0,-14
Alabama A&M,2025-12-21,Chattanooga,102.7,113.6,19,8,8,26,1,-7
Alabama A&M,2025-12-30,Fisk,121.7,78.5,19,11,10,34,1,32
Alabama A&M,2026-01-03,Arkansas–Pine Bluff,125.1,143.2,17,10,18,11,-1,-12
Alabama A&M,2026-01-05,Mississippi Valley State,99.4,71.4,19,17,9,29,-1,20
Alabama A&M,2026-01-10,Alcorn State,94.5,97.5,24,11,9,26,1,-2
Alabama A&M,2026-01-12,Jackson State,121.8,110.9,25,12,5,32,1,9
Alabama A&M,2026-01-19,Alabama State,102.2,96.6,20,12,6,19,0,4
Alabama A&M,2026-01-24,Texas Southern,108.1,130.0,18,12,4,21,-1,-15
Alabama A&M,2026-01-27,Prairie View A&M,116.0,87.0,17,10,7,28,-1,20
Alabama A&M,2026-01-31,Florida A&M,113.1,102.1,22,10,9,20,1,7
Alabama A&M,2026-02-02,Bethune-Cookman,81.8,105.5,15,12,7,27,1,-18
Alabama A&M,2026-02-07,Southern,104.8,124.9,14,8,8,17,-1,-13
Alabama A&M,2026-02-09,Grambling State,99.1,87.1,18,12,6,22,-1,8
Alabama A&M,2026-02-14,Mississippi Valley State,112.7,101.8,17,10,8,22,1,7
Alabama A&M,2026-02-16,Arkansas–Pine Bluff,126.3,107.9,17,10,6,26,1,12
Alabama A&M,2026-02-19,Florida A&M,100.8,97.6,12,12,3,21,-1,2
Alabama A&M,2026-02-21,Bethune-Cookman,109.8,122.9,15,8,10,15,-1,-9
Alabama A&M,2026-02-28,Alabama State,129.1,130.5,21,8,7,19,1,-1
Alabama A&M,2026-03-03,Grambling State,123.7,101.2,17,8,7,21,1,14
Alabama A&M,2026-03-05,Southern,110.9,114.8,14,8,8,22,1,-3
Alabama A&M,2026-03-12,Texas Southern,112.2,97.7,29,11,8,27,0,11
Alabama A&M,2026-03-13,Prairie View A&M,85.1,114.5,16,10,10,19,0,-19
Alabama State,2025-11-07,Florida State,80.2,126.5,23,17,11,19,-1,-37
Alabama State,2025-11-11,UAB,101.3,97.3,25,11,11,25,-1,3
Alabama State,2025-11-14,VU Lynchburg,131.5,72.1,28,14,22,33,1,56
Alabama State,2025-11-17,Colorado,91.8,130.7,25,11,11,17,-1,-28
Alabama State,2025-11-19,Air Force,95.6,98.5,19,10,5,15,-1,-2
Alabama State,2025-11-21,IU Indy,123.0,97.4,22,15,8,30,0,21
Alabama State,2025-11-23,SIU Edwardsville,95.1,116.1,23,9,12,21,0,-15
Alabama State,2025-11-26,New Mexico,120.4,128.7,26,15,10,20,-1,-6
Alabama State,2025-12-07,UT Martin,94.8,109.7,18,13,5,24,-1,-10
Alabama State,2025-12-11,Missouri,121.0,133.5,26,7,7,12,-1,-8
Alabama State,2025-12-17,Cincinnati,71.2,122.9,20,10,14,23,-1,-37
Alabama State,2025-12-22,Memphis,93.7,123.1,29,15,17,16,-1,-21
Alabama State,2025-12-29,Mississippi State,80.1,134.5,19,12,8,17,-1,-38
Alabama State,2026-01-03,Mississippi Valley State,122.7,95.1,18,16,9,21,-1,20
Alabama State,2026-01-05,Arkansas–Pine Bluff,104.8,119.3,19,11,9,19,-1,-11
Alabama State,2026-01-10,Jackson State,82.5,96.7,22,18,24,24,1,-11
Alabama State,2026-01-12,Alcorn State,112.5,91.7,21,15,5,28,1,15
Alabama State,2026-01-19,Alabama A&M,96.6,102.2,25,19,10,24,0,-4
Alabama State,2026-01-24,Prairie View A&M,118.7,100.0,24,12,8,20,-1,15
Alabama State,2026-01-27,Texas Southern,87.6,131.4,30,10,14,16,-1,-32
Alabama State,2026-01-31,Bethune-Cookman,79.0,101.0,18,15,7,17,1,-15
Alabama State,2026-02-02,Florida A&M,105.2,87.9,25,16,8,25,1,13
Alabama State,2026-02-07,Grambling State,71.6,86.8,26,11,14,25,-1,-10
Alabama State,2026-02-09,Southern,99.4,100.9,22,17,12,27,-1,-1
Alabama State,2026-02-14,Arkansas–Pine Bluff,106.9,82.5,23,11,14,23,1,18
Alabama State,2026-02-16,Mississippi Valley State,125.6,75.1,24,16,16,33,1,37
Alabama State,2026-02-19,Bethune-Cookman,97.4,112.5,26,6,8,24,-1,-11
Alabama State,2026-02-21,Florida A&M,89.6,108.0,19,9,6,18,-1,-13
Alabama State,2026-02-28,Alabama A&M,130.5,129.1,21,8,6,18,-1,1
Alabama State,2026-03-03,Southern,88.9,98.6,25,13,11,22,1,-7
Alabama State,2026-03-05,Grambling State,87.2,89.9,27,13,11,30,1,-2
Alabama State,2026-03-09,Alcorn State,91.1,107.9,28,9,12,25,0,-12
Albany (NY),2025-11-03,Marquette,67.9,102.4,30,22,16,23,-1,-27
Albany (NY),2025-11-08,Massachusetts,83.1,111.3,26,17,6,16,-1,-21
Albany (NY),2025-11-11,SUNY Delhi,145.2,65.7,30,13,8,34,1,63
Albany (NY),2025-11-14,Rhode Island,91.8,120.3,28,12,16,18,-1,-19
Albany (NY),2025-11-18,Paul Smith's,142.3,76.5,21,11,15,29,1,49
Albany (NY),2025-11-21,Siena,101.6,117.7,11,11,3,15,-1,-10
Albany (NY),2025-11-28,Colgate,103.3,106.4,20,12,7,22,0,-2
Albany (NY),2025-11-29,Fordham,98.4,127.4,27,8,14,14,0,-20
Albany (NY),2025-11-30,SUNY Oneonta,118.8,81.8,22,12,16,35,0,28
Albany (NY),2025-12-06,Columbia,88.5,126.7,24,9,8,12,-1,-28
Albany (NY),2025-12-10,Yale,110.7,125.5,23,7,3,23,0,-11
Albany (NY),2025-12-13,Florida Atlantic,96.7,128.5,23,14,6,18,-1,-26
Albany (NY),2025-12-17,Stony Brook,103.1,79.9,23,12,4,34,-1,16
Albany (NY),2025-12-21,Cornell,121.0,133.9,22,8,9,17,1,-8
Albany (NY),2025-12-30,South Carolina,101.6,145.6,17,15,13,12,-1,-29
Albany (NY),2026-01-03,UMass Lowell,99.8,116.7,18,10,6,16,-1,-12
Albany (NY),2026-01-10,Bryant,119.6,77.5,20,8,9,27,1,25
Albany (NY),2026-01-15,Binghamton,107.5,82.6,21,10,8,24,1,16
Albany (NY),2026-01-19,Vermont,109.1,98.9,25,8,5,23,1,7
Albany (NY),2026-01-22,Maine,83.5,88.6,23,11,10,25,-1,-3
Albany (NY),2026-01-24,New Hampshire,109.9,122.1,14,13,6,18,-1,-8
Albany (NY),2026-01-29,NJIT,98.4,111.4,25,9,11,18,1,-9
Albany (NY),2026-01-31,UMBC,103.5,108.3,27,11,12,20,1,-3
Albany (NY),2026-02-05,Bryant,103.4,100.2,20,10,6,16,-1,2
Albany (NY),2026-02-07,UMass Lowell,112.0,126.2,16,7,7,16,1,-10
Albany (NY),2026-02-14,Binghamton,113.2,108.8,21,13,10,27,-1,3
Albany (NY),2026-02-19,NJIT,132.6,103.2,16,9,16,20,-1,18
Albany (NY),2026-02-21,UMBC,103.3,109.9,17,11,3,22,-1,-4
Albany (NY),2026-02-26,Maine,98.8,117.3,20,14,8,20,1,-11
Albany (NY),2026-02-28,New Hampshire,125.3,91.0,22,13,12,28,1,23
Albany (NY),2026-03-03,Vermont,90.2,111.1,24,12,8,23,-1,-13
Albany (NY),2026-03-07,UMass Lowell,110.2,117.5,26,10,16,20,-1,-5
Alcorn State,2025-11-04,Florida State,99.5,141.5,16,21,8,24,-1,-32
Alcorn State,2025-11-06,South Alabama,97.9,106.3,36,14,5,19,-1,-6
Alcorn State,2025-11-08,Minnesota,70.6,134.1,8,16,8,13,-1,-45
Alcorn State,2025-11-11,Maryland,86.5,113.5,23,21,6,14,-1,-20
Alcorn State,2025-11-13,Howard,95.7,107.7,21,10,5,13,-1,-8
Alcorn State,2025-11-18,Louisiana State,108.2,142.9,26,13,11,15,-1,-26
Alcorn State,2025-11-23,Oklahoma,76.8,104.3,18,19,6,31,-1,-19
Alcorn State,2025-11-28,Indiana State,99.1,90.6,20,19,13,28,0,7
Alcorn State,2025-11-29,Louisiana Tech,89.1,127.4,14,13,13,16,-1,-25
Alcorn State,2025-12-03,Iowa State,83.6,162.3,19,26,6,9,-1,-64
Alcorn State,2025-12-19,Baylor,70.3,141.9,19,14,11,10,-1,-57
Alcorn State,2025-12-29,Ole Miss,62.8,115.4,17,11,6,17,-1,-36
Alcorn State,2026-01-03,Jackson State,120.0,124.2,26,10,11,19,-1,-3
Alcorn State,2026-01-10,Alabama A&M,97.5,94.5,18,8,7,24,-1,2
Alcorn State,2026-01-12,Alabama State,91.7,112.5,26,13,10,17,-1,-15
Alcorn State,2026-01-17,Texas Southern,111.3,112.9,24,10,9,21,1,-1
Alcorn State,2026-01-19,Prairie View A&M,106.6,105.2,22,12,16,25,1,1
Alcorn State,2026-01-24,Florida A&M,86.1,97.9,15,16,5,15,-1,-8
Alcorn State,2026-01-26,Bethune-Cookman,100.0,112.3,19,9,8,23,-1,-9
Alcorn State,2026-01-31,Southern,122.9,115.0,23,11,4,21,1,5
Alcorn State,2026-02-02,Grambling State,80.8,119.6,17,8,7,16,1,-24
Alcorn State,2026-02-07,Arkansas–Pine Bluff,114.4,124.8,19,10,4,14,-1,-7
Alcorn State,2026-02-09,Mississippi Valley State,121.9,108.7,24,4,2,18,-1,8
Alcorn State,2026-02-14,Bethune-Cookman,91.4,88.2,8,12,7,9,1,2
Alcorn State,2026-02-16,Florida A&M,110.5,121.8,13,9,8,20,1,-8
Alcorn State,2026-02-21,Jackson State,117.4,91.9,22,9,15,25,1,18
Alcorn State,2026-02-26,Texas Southern,110.7,117.0,24,11,12,24,-1,-5
Alcorn State,2026-02-28,Prairie View A&M,72.5,102.3,14,14,5,23,-1,-21
Alcorn State,2026-03-03,Mississippi Valley State,102.1,97.5,15,9,8,17,1,3
Alcorn State,2026-03-05,Arkansas–Pine Bluff,63.7,110.1,16,16,6,26,1,-35
Alcorn State,2026-03-09,Alabama State,107.9,91.1,16,9,6,29,0,12
Alcorn State,2026-03-10,Prairie View A&M,82.3,95.5,14,11,7,23,0,-9
American,2025-11-03,Wake Forest,96.1,114.3,30,18,8,23,-1,-14
American,2025-11-09,Pennsylvania,109.0,101.2,30,13,9,27,1,6
American,2025-11-12,George Washington,87.9,140.4,28,16,5,15,-1,-40
American,2025-11-15,Central Penn,134.9,58.7,32,15,18,33,1,65
American,2025-11-18,Rutgers,95.4,107.5,32,7,5,16,-1,-9
American,2025-11-24,Marywood,148.8,69.8,28,10,13,33,1,60
American,2025-11-28,Maine,109.5,90.3,26,7,3,20,1,13
American,2025-11-29,Siena,77.7,83.3,16,19,8,20,1,-4
American,2025-11-30,Longwood,127.6,91.5,29,12,7,26,1,26
American,2025-12-03,Drexel,111.2,108.2,26,6,9,24,1,2
American,2025-12-06,Maryland Eastern Shore,125.2,96.3,29,9,10,15,1,18
American,2025-12-18,VCU,116.1,146.9,31,9,9,13,-1,-22
American,2025-12-22,Virginia,80.1,149.1,35,9,9,12,-1,-44
American,2025-12-31,Loyola (MD),124.2,102.0,18,9,4,17,1,15
American,2026-01-03,Boston University,105.1,101.8,21,8,2,22,-1,2
American,2026-01-07,Colgate,104.4,107.8,17,10,6,18,-1,-2
American,2026-01-10,Holy Cross,102.1,117.5,24,9,8,20,1,-11
American,2026-01-12,Navy,103.4,81.2,37,7,14,26,1,14
American,2026-01-18,Army,120.7,103.7,25,12,9,21,-1,11
American,2026-01-21,Colgate,104.0,98.1,21,17,11,27,1,4
American,2026-01-24,Holy Cross,114.0,100.5,20,7,5,22,-1,9
American,2026-01-28,Loyola (MD),91.7,103.8,26,11,1,24,-1,-9
American,2026-01-31,Lafayette,101.4,104.6,27,11,12,18,1,-2
American,2026-02-04,Bucknell,99.7,101.4,36,10,13,18,1,-1
American,2026-02-07,Navy,110.6,124.2,35,11,9,17,-1,-9
American,2026-02-11,Lehigh,109.8,120.5,30,9,9,15,-1,-8
American,2026-02-14,Army,114.0,95.8,21,11,4,19,1,12
American,2026-02-18,Bucknell,115.9,88.1,24,6,8,18,-1,18
American,2026-02-22,Lafayette,126.2,102.7,26,6,6,24,-1,14
American,2026-02-25,Lehigh,110.8,118.4,31,5,11,20,1,-5
American,2026-02-28,Boston University,100.3,104.9,32,7,6,16,1,-3
American,2026-03-05,Boston University,120.4,123.7,21,7,10,15,-1,-2
Appalachian State,2025-11-03,Central Michigan,102.4,127.3,27,7,16,16,-1,-16
Appalachian State,2025-11-05,Carolina,126.4,63.2,30,10,12,28,1,46
Appalachian State,2025-11-09,North Carolina Central,118.5,84.2,26,7,11,29,1,22
Appalachian State,2025-11-11,Ohio State,86.2,122.0,25,8,7,23,-1,-22
Appalachian State,2025-11-16,Dartmouth,117.1,106.0,20,11,9,21,-1,8
Appalachian State,2025-11-21,Charlotte,109.1,105.7,20,9,8,19,1,2
Appalachian State,2025-11-24,Elon,84.1,139.7,31,9,7,14,1,-35
Appalachian State,2025-11-26,Mercer,104.5,117.0,21,8,11,20,-1,-8
Appalachian State,2025-11-30,UNC Asheville,85.3,103.9,25,8,6,15,-1,-12
Appalachian State,2025-12-03,VU Lynchburg,167.8,56.8,44,11,32,45,1,88
Appalachian State,2025-12-11,East Carolina,102.0,82.2,21,13,9,28,-1,13
Appalachian State,2025-12-14,High Point,110.8,100.5,27,9,4,32,0,8
Appalachian State,2025-12-18,Coastal Carolina,102.3,74.8,17,12,7,34,1,18
Appalachian State,2025-12-20,Georgia State,92.7,103.0,22,6,4,20,1,-7
Appalachian State,2025-12-31,Old Dominion,117.6,106.0,18,11,10,28,-1,8
Appalachian State,2026-01-03,Marshall,113.6,123.4,23,9,11,22,-1,-7
Appalachian State,2026-01-08,Georgia State,81.3,78.2,27,12,16,32,-1,2
Appalachian State,2026-01-10,Coastal Carolina,108.5,117.2,24,3,12,20,-1,-5
Appalachian State,2026-01-15,James Madison,131.8,107.1,31,5,7,26,1,15
Appalachian State,2026-01-17,Old Dominion,109.9,113.0,22,7,9,21,1,-2
Appalachian State,2026-01-22,Louisiana,119.6,96.3,29,11,8,23,1,14
Appalachian State,2026-01-23,Louisiana–Monroe,83.5,60.8,39,10,13,37,1,16
Appalachian State,2026-01-29,Southern Mississippi,105.2,94.6,17,8,7,25,-1,7
Appalachian State,2026-01-31,Troy,110.3,73.5,37,11,7,25,-1,22
Appalachian State,2026-02-04,South Alabama,107.7,94.4,39,6,8,29,1,8
Appalachian State,2026-02-07,Eastern Michigan,99.9,92.2,21,5,11,28,1,5
Appalachian State,2026-02-11,Georgia Southern,116.1,93.1,23,8,9,25,-1,16
Appalachian State,2026-02-14,James Madison,93.9,111.8,28,9,14,23,-1,-11
Appalachian State,2026-02-19,Marshall,132.9,134.3,28,7,8,17,1,-1
Appalachian State,2026-02-21,Georgia Southern,126.1,104.8,25,10,8,25,1,15
Appalachian State,2026-02-27,Texas State,91.5,96.3,29,13,18,21,-1,-3
Appalachian State,2026-03-07,Southern Mississippi,103.5,121.9,21,9,9,21,0,-13
Arizona,2025-11-03,Florida,113.9,106.6,5,13,12,26,0,6
Arizona,2025-11-07,Utah Tech,130.7,94.2,15,12,13,24,1,26
Arizona,2025-11-11,Northern Arizona,117.2,68.4,26,14,13,28,1,35
Arizona,2025-11-14,UCLA,99.3,93.6,19,15,9,24,0,4
Arizona,2025-11-19,Connecticut,109.7,103.5,10,9,11,28,-1,4
Arizona,2025-11-24,Denver,132.1,93.6,27,15,18,29,1,30
Arizona,2025-11-29,Norfolk State,126.3,78.6,11,10,12,30,1,37
Arizona,2025-12-06,Auburn,128.0,89.7,15,13,11,25,1,29
Arizona,2025-12-13,Alabama,124.6,97.4,26,4,20,28,0,21
Arizona,2025-12-16,Abilene Christian,128.1,82.7,14,18,6,30,1,34
Arizona,2025-12-20,San Diego State,106.4,70.4,25,11,19,32,0,23
Arizona,2025-12-22,Bethune-Cookman,136.2,90.3,17,13,13,25,1,36
Arizona,2025-12-29,South Dakota State,125.5,90.0,23,14,12,31,1,28
Arizona,2026-01-03,Utah,126.2,101.5,18,9,13,28,-1,19
Arizona,2026-01-07,Kansas State,120.6,90.7,16,8,15,37,1,25
Arizona,2026-01-10,TCU,114.3,97.0,16,10,9,27,-1,13
Arizona,2026-01-14,Arizona State,124.0,114.2,11,9,10,28,1,7
Arizona,2026-01-17,UCF,111.0,101.8,13,12,9,28,-1,7
Arizona,2026-01-21,Cincinnati,114.1,75.6,13,6,15,27,1,26
Arizona,2026-01-24,West Virginia,128.6,77.5,23,5,8,34,1,35
Arizona,2026-01-26,Brigham Young,110.8,106.9,12,13,5,29,-1,3
Arizona,2026-01-31,Arizona State,110.2,93.8,11,14,10,30,-1,13
Arizona,2026-02-07,Oklahoma State,112.9,63.2,14,11,12,42,1,37
Arizona,2026-02-09,Kansas,102.3,107.5,15,12,15,26,-1,-4
Arizona,2026-02-14,Texas Tech,103.6,107.8,16,7,10,27,1,-3
Arizona,2026-02-18,Brigham Young,110.1,99.8,21,8,9,26,1,7
Arizona,2026-02-21,Houston,109.6,99.1,12,5,12,20,-1,7
Arizona,2026-02-24,Baylor,133.9,123.2,21,6,13,24,-1,7
Arizona,2026-02-28,Kansas,118.0,85.7,16,11,13,33,1,23
Arizona,2026-03-02,Iowa State,110.2,86.0,18,14,9,30,1,16
Arizona,2026-03-07,Colorado,120.0,106.5,11,9,6,28,-1,10
Arizona,2026-03-12,UCF,117.5,85.6,16,8,13,29,0,22
Arizona,2026-03-13,Iowa State,119.4,116.4,16,12,11,20,0,2
Arizona,2026-03-14,Houston,119.3,111.7,13,8,8,24,0,5
Arizona,2026-03-20,LIU,127.4,80.3,13,10,15,36,0,34
Arizona,2026-03-22,Utah State,115.8,98.0,17,10,16,29,0,12
Arizona,2026-03-26,Arkansas,135.5,109.4,8,12,6,24,0,21
Arizona,2026-03-28,Purdue,118.2,95.8,15,6,10,27,0,15
Arizona,2026-04-04,Michigan,92.4,115.2,17,13,16,26,0,-18
Arizona State,2025-11-04,Southern Utah,110.0,86.9,23,12,8,27,1,17
Arizona State,2025-11-09,Utah Tech,113.2,92.3,24,7,9,29,1,15
Arizona State,2025-11-14,Gonzaga,89.9,106.5,30,9,6,19,1,-12
Arizona State,2025-11-17,Georgia State,107.8,89.1,19,10,10,27,1,13
Arizona State,2025-11-21,Hawaii,107.8,98.7,19,8,11,21,-1,7
Arizona State,2025-11-24,Texas,115.3,114.0,18,11,5,14,0,1
Arizona State,2025-11-25,Washington State,138.4,130.1,23,10,6,20,0,6
Arizona State,2025-11-26,Southern California,115.1,135.0,25,9,8,10,0,-13
Arizona State,2025-12-06,Oklahoma,112.8,91.8,24,12,7,28,0,16
Arizona State,2025-12-09,Northern Arizona,110.4,72.6,19,13,8,30,1,25
Arizona State,2025-12-13,Santa Clara,107.1,103.2,21,16,6,23,0,3
Arizona State,2025-12-17,UCLA,105.6,123.5,26,10,7,23,-1,-13
Arizona State,2025-12-21,Oregon State,108.4,112.7,19,9,6,20,1,-3
Arizona State,2026-01-03,Colorado,109.3,116.7,28,14,10,20,1,-6
Arizona State,2026-01-07,Brigham Young,92.4,126.5,25,14,13,17,-1,-28
Arizona State,2026-01-10,Kansas State,110.0,106.2,22,15,16,25,1,3
Arizona State,2026-01-14,Arizona,114.2,124.0,25,9,8,14,-1,-7
Arizona State,2026-01-18,Houston,99.3,140.0,25,17,8,17,-1,-30
Arizona State,2026-01-21,West Virginia,95.7,113.9,15,13,6,21,1,-12
Arizona State,2026-01-24,Cincinnati,114.6,95.0,28,11,6,22,1,14
Arizona State,2026-01-27,UCF,108.9,113.2,23,10,5,21,-1,-3
Arizona State,2026-01-31,Arizona,93.8,110.2,24,12,8,19,1,-13
Arizona State,2026-02-04,Utah,109.2,96.9,20,6,9,23,-1,8
Arizona State,2026-02-07,Colorado,103.6,115.4,23,9,8,16,-1,-8
Arizona State,2026-02-10,Oklahoma State,111.5,99.7,21,11,18,25,1,9
Arizona State,2026-02-17,Texas Tech,104.2,96.9,18,9,8,18,1,5
Arizona State,2026-02-21,Baylor,104.0,111.6,20,11,9,21,-1,-5
Arizona State,2026-02-24,TCU,102.0,117.7,20,12,6,24,-1,-12
Arizona State,2026-02-28,Utah,121.7,100.0,17,5,7,19,1,13
Arizona State,2026-03-03,Kansas,96.0,82.3,25,14,14,28,1,10
Arizona State,2026-03-07,Iowa State,87.3,115.5,23,22,3,20,-1,-21
Arizona State,2026-03-10,Baylor,112.5,107.1,22,14,6,23,0,4
Arizona State,2026-03-11,Iowa State,61.5,133.3,19,22,9,23,0,-49
Arkansas,2025-11-03,Southern,133.6,94.4,28,9,14,28,1,32
Arkansas,2025-11-08,Michigan State,93.4,97.7,28,14,11,20,-1,-3
Arkansas,2025-11-11,Central Arkansas,122.0,73.5,34,8,7,41,1,37
Arkansas,2025-11-14,Samford,109.6,104.0,17,9,9,24,1,4
Arkansas,2025-11-18,Winthrop,116.4,115.0,17,9,7,21,1,1
Arkansas,2025-11-21,Jackson State,147.1,78.0,18,6,7,29,1,54
Arkansas,2025-11-27,Duke,100.6,113.3,30,11,9,17,0,-9
Arkansas,2025-12-03,Louisville,114.0,102.4,18,9,14,24,1,9
Arkansas,2025-12-06,Fresno State,109.2,77.2,30,8,8,24,1,24
Arkansas,2025-12-13,Texas Tech,135.7,125.5,19,7,15,20,0,7
Arkansas,2025-12-16,Queens (NC),135.6,100.4,28,13,10,22,1,28
Arkansas,2025-12-20,Houston,113.7,125.8,20,12,8,20,0,-9
Arkansas,2025-12-29,James Madison,149.5,107.4,28,6,12,24,1,29
Arkansas,2026-01-03,Tennessee,114.2,99.6,23,14,9,20,1,11
Arkansas,2026-01-07,Ole Miss,126.0,116.6,24,11,10,18,-1,7
Arkansas,2026-01-10,Auburn,102.5,133.5,21,11,8,19,-1,-22
Arkansas,2026-01-14,South Carolina,145.2,99.5,21,4,12,23,1,34
Arkansas,2026-01-17,Georgia,89.8,106.4,21,18,14,24,-1,-14
Arkansas,2026-01-20,Vanderbilt,136.0,99.5,22,7,8,28,1,25
Arkansas,2026-01-24,Louisiana State,121.1,115.4,22,8,8,17,1,4
Arkansas,2026-01-27,Oklahoma,119.5,113.8,17,6,5,23,-1,4
Arkansas,2026-01-31,Kentucky,115.3,127.2,14,3,5,16,1,-8
Arkansas,2026-02-07,Mississippi State,121.9,94.2,22,7,8,26,-1,20
Arkansas,2026-02-10,Louisiana State,121.2,82.5,12,10,8,27,-1,29
Arkansas,2026-02-14,Auburn,127.9,109.0,21,5,5,22,1,13
Arkansas,2026-02-18,Alabama,129.8,132.1,26,7,13,21,-1,-2
Arkansas,2026-02-21,Missouri,134.5,123.0,18,5,10,19,1,8
Arkansas,2026-02-25,Texas A&M,127.2,108.0,17,9,13,19,1,15
Arkansas,2026-02-28,Florida,93.6,134.9,13,8,11,16,-1,-34
Arkansas,2026-03-04,Texas,131.2,106.2,19,10,4,29,1,20
Arkansas,2026-03-07,Missouri,112.2,107.1,16,10,10,25,-1,4
Arkansas,2026-03-13,Oklahoma,113.9,109.8,21,7,10,23,0,3
Arkansas,2026-03-14,Ole Miss,117.4,113.7,19,9,14,28,0,3
Arkansas,2026-03-15,Vanderbilt,122.6,107.0,24,10,5,27,0,11
Arkansas,2026-03-19,Hawaii,125.7,101.1,21,10,12,27,0,19
Arkansas,2026-03-21,High Point,117.7,110.2,16,7,6,29,0,6
Arkansas,2026-03-26,Arizona,109.4,135.5,23,8,7,19,0,-21
Arkansas State,2025-11-03,Ohio,116.5,111.3,27,18,12,27,-1,4
Arkansas State,2025-11-07,Stephen F. Austin,85.1,117.9,27,13,7,15,-1,-25
Arkansas State,2025-11-11,Missouri State,108.6,107.4,22,15,13,25,-1,1
Arkansas State,2025-11-15,Christian Bros.,139.4,98.3,24,6,13,24,1,28
Arkansas State,2025-11-19,St. Mary's (CA),101.5,119.8,29,10,12,19,-1,-13
Arkansas State,2025-11-21,SMU,83.5,121.1,29,32,18,26,-1,-31
Arkansas State,2025-11-24,Jacksonville State,102.4,87.2,26,14,7,27,1,11
Arkansas State,2025-11-28,North Dakota State,108.2,101.8,33,11,12,33,1,5
Arkansas State,2025-12-02,UT Arlington,112.1,85.1,17,14,11,26,1,20
Arkansas State,2025-12-06,Little Rock,124.7,108.1,37,12,11,28,-1,12
Arkansas State,2025-12-13,Rice,107.8,109.3,18,11,11,27,-1,-1
Arkansas State,2025-12-17,Texas State,119.4,93.9,22,19,9,26,-1,19
Arkansas State,2025-12-20,Southern Mississippi,126.1,116.6,22,9,13,20,-1,7
Arkansas State,2025-12-30,Arkansas Tech,142.7,84.0,38,12,8,20,1,44
Arkansas State,2026-01-03,James Madison,104.1,109.7,32,8,19,22,1,-4
Arkansas State,2026-01-07,Troy,114.4,98.5,30,15,12,31,1,12
Arkansas State,2026-01-10,Texas State,106.9,105.7,24,17,19,24,1,1
Arkansas State,2026-01-15,South Alabama,104.6,109.4,44,18,13,34,-1,-4
Arkansas State,2026-01-17,Troy,106.9,143.0,24,9,9,15,-1,-25
Arkansas State,2026-01-22,Georgia Southern,111.6,89.3,26,15,8,32,-1,17
Arkansas State,2026-01-24,Georgia State,117.8,119.3,24,13,9,26,-1,-1
Arkansas State,2026-01-28,Old Dominion,96.8,102.2,30,15,11,30,1,-4
Arkansas State,2026-01-31,Marshall,96.1,110.2,32,12,17,20,1,-9
Arkansas State,2026-02-04,Coastal Carolina,98.6,92.9,23,14,15,23,-1,4
Arkansas State,2026-02-07,Bowling Green,123.5,73.3,31,13,14,30,1,37
Arkansas State,2026-02-11,Louisiana–Monroe,137.4,93.4,32,10,18,33,1,33
Arkansas State,2026-02-14,South Alabama,115.3,120.6,41,16,21,33,1,-4
Arkansas State,2026-02-19,Louisiana,110.1,86.4,14,17,7,34,-1,17
Arkansas State,2026-02-21,Louisiana–Monroe,127.9,117.9,33,12,11,18,-1,8
Arkansas State,2026-02-24,Southern Mississippi,110.0,103.8,20,18,18,23,1,5
Arkansas State,2026-02-27,Louisiana,105.7,75.7,32,12,7,40,1,23
Arkansas State,2026-03-05,Georgia Southern,112.8,117.2,33,11,19,21,0,-3
Arkansas–Pine Bluff,2025-11-03,Washington,66.1,124.2,31,15,11,16,-1,-44
Arkansas–Pine Bluff,2025-11-06,Portland,88.1,98.8,25,19,6,25,-1,-9
Arkansas–Pine Bluff,2025-11-08,Loyola Marymount,102.5,133.8,19,12,12,24,-1,-22
Arkansas–Pine Bluff,2025-11-11,Oklahoma,96.8,133.3,25,14,12,16,-1,-26
Arkansas–Pine Bluff,2025-11-15,Vanderbilt,100.7,139.6,24,13,7,19,-1,-29
Arkansas–Pine Bluff,2025-11-18,SMU,72.8,128.6,26,17,10,16,-1,-46
Arkansas–Pine Bluff,2025-11-20,Marshall,87.9,123.0,18,16,6,20,-1,-28
Arkansas–Pine Bluff,2025-11-23,Miami (OH),101.8,134.5,22,10,8,22,-1,-27
Arkansas–Pine Bluff,2025-12-03,Illinois–Chicago,85.6,84.3,22,14,7,24,-1,1
Arkansas–Pine Bluff,2025-12-06,DePaul,98.1,103.5,21,16,4,25,-1,-4
Arkansas–Pine Bluff,2025-12-10,Tulsa,107.3,149.5,25,15,7,16,-1,-33
Arkansas–Pine Bluff,2025-12-15,Ecclesia,125.0,70.2,38,19,15,34,1,50
Arkansas–Pine Bluff,2025-12-17,Champion Christian,152.0,80.4,29,10,19,41,1,65
Arkansas–Pine Bluff,2026-01-03,Alabama A&M,143.2,125.1,19,10,9,14,1,12
Arkansas–Pine Bluff,2026-01-05,Alabama State,119.3,104.8,19,16,11,26,1,11
Arkansas–Pine Bluff,2026-01-10,Texas Southern,104.6,93.3,20,10,6,27,-1,8
Arkansas–Pine Bluff,2026-01-12,Prairie View A&M,87.4,104.5,26,14,10,22,-1,-12
Arkansas–Pine Bluff,2026-01-17,Florida A&M,101.2,107.2,20,13,5,16,1,-4
Arkansas–Pine Bluff,2026-01-19,Bethune-Cookman,102.7,108.9,16,16,7,17,1,-5
Arkansas–Pine Bluff,2026-01-24,Southern,109.8,108.3,24,11,6,19,-1,1
Arkansas–Pine Bluff,2026-01-31,Mississippi Valley State,108.0,96.9,15,11,8,23,-1,8
Arkansas–Pine Bluff,2026-02-04,Grambling State,97.7,93.4,18,12,8,23,-1,3
Arkansas–Pine Bluff,2026-02-07,Alcorn State,124.8,114.4,17,15,9,19,1,7
Arkansas–Pine Bluff,2026-02-09,Jackson State,127.2,95.4,20,7,9,26,1,21
Arkansas–Pine Bluff,2026-02-14,Alabama State,82.5,106.9,21,22,6,23,-1,-18
Arkansas–Pine Bluff,2026-02-16,Alabama A&M,107.9,126.3,22,6,12,16,-1,-12
Arkansas–Pine Bluff,2026-02-19,Texas Southern,90.3,117.2,30,12,8,21,1,-19
Arkansas–Pine Bluff,2026-02-21,Prairie View A&M,121.9,119.0,21,10,6,16,1,2
Arkansas–Pine Bluff,2026-02-28,Mississippi Valley State,96.9,98.3,21,12,11,19,1,-1
Arkansas–Pine Bluff,2026-03-03,Jackson State,110.9,115.2,19,15,8,20,-1,-3
Arkansas–Pine Bluff,2026-03-05,Alcorn State,110.1,63.7,16,8,3,31,-1,35
Arkansas–Pine Bluff,2026-03-12,Southern,122.9,127.5,17,8,8,16,0,-3
Army,2025-11-03,SUNY Maritime,102.0,68.5,41,10,17,24,1,24
Army,2025-11-08,St. Thomas,108.2,118.1,34,11,9,24,-1,-7
Army,2025-11-11,Duke,76.1,147.0,49,14,8,17,1,-55
Army,2025-11-15,Harvard,80.5,116.1,25,16,8,16,1,-23
Army,2025-11-18,Cornell,93.8,110.5,29,9,8,26,-1,-13
Army,2025-11-21,Marist,96.8,113.2,32,11,11,20,-1,-11
Army,2025-11-25,East Texas A&M,93.7,117.5,30,13,6,20,0,-17
Army,2025-11-26,FDU,118.6,106.9,28,7,9,25,-1,8
Army,2025-11-29,Manhattan,106.6,102.7,32,15,7,30,1,3
Army,2025-12-02,George Washington,104.4,125.3,39,10,5,16,1,-14
Army,2025-12-07,Gallaudet,149.3,71.3,42,15,24,30,1,58
Army,2025-12-12,UMBC,92.6,88.2,22,9,7,32,-1,3
Army,2025-12-23,Binghamton,121.3,108.5,28,12,8,30,1,10
Army,2025-12-31,Lehigh,109.3,100.3,22,15,14,31,-1,7
Army,2026-01-03,Colgate,112.1,123.5,31,8,12,20,1,-7
Army,2026-01-07,Loyola (MD),100.3,110.8,40,7,11,25,1,-8
Army,2026-01-10,Boston University,133.7,147.0,34,6,10,13,-1,-9
Army,2026-01-14,Holy Cross,109.2,119.4,33,9,12,23,-1,-7
Army,2026-01-18,American,103.7,120.7,25,10,8,17,1,-11
Army,2026-01-21,Bucknell,121.8,117.6,31,12,9,19,-1,3
Army,2026-01-24,Navy,86.0,129.0,34,12,4,12,-1,-28
Army,2026-01-28,Lehigh,98.6,94.2,26,12,11,25,1,3
Army,2026-01-31,Holy Cross,98.8,97.4,40,15,15,28,1,1
Army,2026-02-04,Colgate,83.6,104.9,29,12,8,17,-1,-14
Army,2026-02-07,Lafayette,89.8,94.3,31,12,14,22,1,-3
Army,2026-02-11,Boston University,107.1,133.9,37,7,10,16,1,-17
Army,2026-02-14,American,95.8,114.0,23,12,9,18,-1,-12
Army,2026-02-18,Loyola (MD),120.0,106.2,28,7,7,23,-1,10
Army,2026-02-21,Navy,97.6,125.5,34,12,8,13,1,-18
Army,2026-02-25,Bucknell,98.8,101.5,45,16,8,24,1,-2
Army,2026-02-28,Lafayette,104.8,113.0,29,14,6,23,-1,-6
Army,2026-03-03,Bucknell,81.6,96.5,42,10,14,19,-1,-10
Auburn,2025-11-03,Bethune-Cookman,116.3,110.2,23,11,12,25,1,5
Auburn,2025-11-06,Merrimack,136.7,82.0,24,8,19,31,1,38
Auburn,2025-11-11,Wofford,126.3,84.2,27,11,16,26,1,31
Auburn,2025-11-16,Houston,101.9,103.3,22,8,11,21,0,-1
Auburn,2025-11-19,Jackson State,147.3,86.8,32,9,8,22,1,46
Auburn,2025-11-24,Oregon,116.0,100.8,23,6,11,18,0,11
Auburn,2025-11-25,Michigan,97.9,138.7,24,8,13,19,0,-30
Auburn,2025-11-26,St. John's (NY),120.4,104.8,14,12,8,23,0,11
Auburn,2025-12-03,NC State,117.2,103.1,22,20,5,29,1,10
Auburn,2025-12-06,Arizona,89.7,128.0,25,15,13,15,-1,-29
Auburn,2025-12-13,Chattanooga,128.6,109.0,30,13,12,28,0,14
Auburn,2025-12-20,Purdue,90.7,133.0,25,10,8,13,0,-28
Auburn,2025-12-29,Queens (NC),138.5,84.9,28,9,10,24,1,41
Auburn,2026-01-03,Georgia,119.2,124.0,30,12,20,26,-1,-4
Auburn,2026-01-06,Texas A&M,121.2,123.9,26,13,18,20,1,-2
Auburn,2026-01-10,Arkansas,133.5,102.5,22,9,9,27,1,22
Auburn,2026-01-14,Missouri,104.9,119.1,21,11,14,17,-1,-10
Auburn,2026-01-17,South Carolina,99.5,93.9,19,11,11,23,1,4
Auburn,2026-01-20,Ole Miss,116.7,98.8,17,9,11,27,-1,12
Auburn,2026-01-24,Florida,115.3,101.7,15,9,7,21,-1,9
Auburn,2026-01-28,Texas,132.9,123.8,21,3,2,17,1,6
Auburn,2026-01-31,Tennessee,99.1,110.6,31,10,12,18,-1,-8
Auburn,2026-02-07,Alabama,118.4,123.6,28,5,11,19,1,-4
Auburn,2026-02-10,Vanderbilt,111.7,123.5,17,7,13,18,1,-8
Auburn,2026-02-14,Arkansas,109.0,127.9,19,7,13,18,-1,-13
Auburn,2026-02-18,Mississippi State,122.5,131.1,26,8,15,23,-1,-6
Auburn,2026-02-21,Kentucky,104.5,103.2,19,11,11,19,1,1
Auburn,2026-02-24,Oklahoma,114.7,132.2,19,14,11,21,-1,-12
Auburn,2026-02-28,Ole Miss,116.3,125.1,24,13,10,21,1,-6
Auburn,2026-03-03,Louisiana State,129.6,109.0,24,8,7,18,1,14
Auburn,2026-03-07,Alabama,116.4,133.0,23,13,7,18,-1,-12
Auburn,2026-03-11,Mississippi State,107.8,83.2,30,7,10,30,0,18
Auburn,2026-03-12,Tennessee,96.3,111.9,26,10,13,19,0,-10
Auburn,2026-03-17,South Alabama,119.7,102.8,44,9,11,28,1,11
Auburn,2026-03-22,Seattle,121.8,113.8,26,10,6,28,1,6
Auburn,2026-03-25,Nevada,112.2,103.2,24,7,8,18,1,6
Auburn,2026-04-02,Illinois State,136.9,102.7,21,8,6,18,0,22
Auburn,2026-04-05,Tulsa,111.9,104.6,27,13,11,25,0,6
Austin Peay,2025-11-03,Bryan,150.5,55.3,42,9,13,26,1,81
Austin Peay,2025-11-08,Air Force,101.9,74.4,23,17,7,22,-1,20
Austin Peay,2025-11-11,Wyoming,83.2,101.1,27,16,9,23,-1,-14
Austin Peay,2025-11-15,UNC Greensboro,93.9,85.7,25,11,10,30,-1,6
Austin Peay,2025-11-18,Ole Miss,92.0,101.9,33,12,16,23,-1,-7
Austin Peay,2025-11-21,Tulsa,108.5,121.6,19,9,7,22,-1,-9
Austin Peay,2025-11-25,Northern Illinois,116.2,89.0,23,10,9,25,1,18
Austin Peay,2025-12-03,Kent State,108.5,124.0,31,11,5,18,-1,-12
Austin Peay,2025-12-07,Texas–Rio Grande Valley,72.9,91.8,15,11,8,18,-1,-13
Austin Peay,2025-12-12,East Tennessee State,105.8,104.4,33,11,9,25,1,1
Austin Peay,2025-12-28,Fisk,125.1,67.1,31,13,12,29,1,51
Austin Peay,2026-01-01,North Florida,128.5,104.6,31,6,13,24,1,19
Austin Peay,2026-01-03,Jacksonville,100.0,95.8,20,7,6,20,1,3
Austin Peay,2026-01-08,Florida Gulf Coast,118.0,102.2,31,10,10,21,-1,11
Austin Peay,2026-01-10,Stetson,114.5,97.6,19,5,8,27,-1,12
Austin Peay,2026-01-15,Eastern Kentucky,117.1,114.0,21,10,14,15,1,2
Austin Peay,2026-01-17,Lipscomb,102.1,107.4,21,14,8,23,-1,-4
Austin Peay,2026-01-22,Florida Gulf Coast,121.7,90.9,31,7,10,20,1,21
Austin Peay,2026-01-23,Stetson,108.1,96.2,20,12,11,29,1,8
Austin Peay,2026-01-28,Eastern Kentucky,120.1,109.4,15,16,5,25,-1,8
Austin Peay,2026-01-31,West Georgia,106.3,102.4,22,10,6,30,-1,3
Austin Peay,2026-02-04,Lipscomb,120.9,105.6,15,10,2,24,1,11
Austin Peay,2026-02-07,North Alabama,143.8,98.0,22,7,6,17,1,29
Austin Peay,2026-02-11,Queens (NC),128.1,117.3,14,11,9,28,-1,8
Austin Peay,2026-02-14,Bellarmine,147.5,114.8,19,8,6,20,1,20
Austin Peay,2026-02-19,North Florida,98.1,96.8,17,11,12,21,-1,1
Austin Peay,2026-02-21,Jacksonville,106.7,100.1,16,4,11,21,-1,4
Austin Peay,2026-02-25,Central Arkansas,128.9,136.2,22,15,8,19,1,-5
Austin Peay,2026-02-28,Bellarmine,115.9,132.6,25,12,10,20,-1,-14
Austin Peay,2026-03-06,Stetson,109.7,95.4,20,10,9,25,0,9
Austin Peay,2026-03-07,Queens (NC),114.1,123.8,22,10,12,30,0,-7
Ball State,2025-11-03,Louisiana,113.1,96.5,15,10,4,24,1,11
Ball State,2025-11-07,Mansfield,104.2,67.0,23,13,7,30,1,30
Ball State,2025-11-11,Wisconsin,78.7,123.1,23,12,5,16,-1,-31
Ball State,2025-11-15,Little Rock,91.7,100.6,21,14,3,14,1,-6
Ball State,2025-11-22,Indiana State,79.0,106.3,20,11,11,19,-1,-18
Ball State,2025-11-28,Monmouth,108.2,118.6,30,10,8,19,0,-7
Ball State,2025-11-29,Lafayette,59.1,87.9,29,11,13,24,-1,-18
Ball State,2025-11-30,Le Moyne,132.6,117.4,31,10,13,18,0,11
Ball State,2025-12-03,Evansville,75.8,93.3,24,14,7,19,-1,-12
Ball State,2025-12-09,South Dakota State,100.2,106.5,27,7,12,18,1,-4
Ball State,2025-12-14,Campbell,92.6,99.8,14,11,11,24,-1,-5
Ball State,2025-12-20,Miami (OH),110.8,123.7,21,5,3,18,1,-9
Ball State,2025-12-29,Earlham,136.1,43.9,19,7,5,34,1,63
Ball State,2026-01-03,Buffalo,108.7,128.3,25,10,8,15,-1,-13
Ball State,2026-01-06,Eastern Michigan,89.7,127.6,16,6,5,9,1,-22
Ball State,2026-01-10,Massachusetts,101.9,113.4,23,9,3,20,-1,-8
Ball State,2026-01-13,Akron,108.7,122.9,25,10,5,22,-1,-10
Ball State,2026-01-16,Ohio,112.0,104.6,19,9,9,17,1,5
Ball State,2026-01-20,Central Michigan,110.6,109.0,25,5,9,19,-1,1
Ball State,2026-01-24,Northern Illinois,99.5,90.9,18,6,4,21,1,5
Ball State,2026-01-31,Toledo,79.4,105.4,21,14,10,21,-1,-18
Ball State,2026-02-03,Bowling Green,83.1,123.0,21,9,5,14,-1,-25
Ball State,2026-02-07,Louisiana–Monroe,103.8,96.7,16,14,13,23,-1,5
Ball State,2026-02-11,Buffalo,86.6,103.0,24,12,7,17,1,-10
Ball State,2026-02-14,Kent State,91.8,101.2,24,10,6,22,1,-7
Ball State,2026-02-17,Ohio,92.2,111.6,18,9,10,23,-1,-12
Ball State,2026-02-20,Akron,96.0,115.2,28,13,8,22,1,-13
Ball State,2026-02-24,Massachusetts,98.0,96.7,28,8,12,24,1,1
Ball State,2026-02-28,Northern Illinois,127.8,69.5,25,7,8,26,-1,36
Ball State,2026-03-03,Western Michigan,103.9,99.7,13,6,6,25,-1,3
Ball State,2026-03-06,Central Michigan,125.8,102.1,23,11,6,19,1,16
Baylor,2025-11-03,Texas–Rio Grande Valley,122.7,103.6,30,11,11,28,1,15
Baylor,2025-11-09,Washington,107.7,95.2,21,9,6,25,1,9
Baylor,2025-11-14,Tarleton State,126.9,109.3,27,14,9,12,1,13
Baylor,2025-11-24,Creighton,116.3,106.2,18,9,19,20,0,7
Baylor,2025-11-25,St. John's (NY),112.1,132.8,25,10,23,20,0,-15
Baylor,2025-11-26,San Diego State,127.9,113.8,23,9,10,23,0,10
Baylor,2025-12-02,Sacramento State,143.0,114.4,22,12,16,23,1,22
Baylor,2025-12-06,Memphis,96.8,106.3,28,13,16,24,-1,-7
Baylor,2025-12-10,Norfolk State,125.7,86.8,21,11,13,26,1,30
Baylor,2025-12-19,Alcorn State,141.9,70.3,21,13,10,37,1,57
Baylor,2025-12-21,Southern,155.2,93.7,32,4,13,30,1,44
Baylor,2025-12-29,Arl Baptist,146.3,72.0,14,14,11,42,1,63
Baylor,2026-01-03,TCU,95.1,104.2,21,11,11,17,-1,-6
Baylor,2026-01-07,Iowa State,86.2,100.5,27,14,20,24,1,-10
Baylor,2026-01-10,Houston,86.0,120.4,19,16,7,23,1,-22
Baylor,2026-01-13,Oklahoma State,136.9,115.0,25,11,8,21,-1,15
Baylor,2026-01-16,Kansas,91.9,118.6,29,9,7,25,-1,-18
Baylor,2026-01-20,Texas Tech,104.5,131.7,21,11,9,17,1,-19
Baylor,2026-01-24,TCU,112.8,121.6,26,18,11,22,1,-7
Baylor,2026-01-28,Cincinnati,80.9,95.1,26,10,9,29,-1,-10
Baylor,2026-01-31,West Virginia,100.9,84.9,22,13,7,23,-1,10
Baylor,2026-02-04,Colorado,126.7,98.7,24,9,5,25,1,19
Baylor,2026-02-07,Iowa State,109.3,114.0,31,9,8,17,-1,-3
Baylor,2026-02-10,Brigham Young,124.7,131.3,21,13,9,21,1,-5
Baylor,2026-02-14,Louisville,100.2,115.7,22,9,11,14,0,-11
Baylor,2026-02-17,Kansas State,88.6,107.8,24,19,15,21,-1,-16
Baylor,2026-02-21,Arizona State,111.6,104.0,21,13,5,18,1,5
Baylor,2026-02-24,Arizona,123.2,133.9,22,5,9,21,1,-7
Baylor,2026-02-28,UCF,127.5,126.0,23,7,11,17,-1,1
Baylor,2026-03-04,Houston,94.6,113.8,25,16,10,23,-1,-13
Baylor,2026-03-07,Utah,156.2,116.0,18,3,11,14,1,26
Baylor,2026-03-10,Arizona State,107.1,112.5,33,12,12,19,0,-4
Baylor,2026-04-01,Minnesota,110.8,79.4,19,4,5,29,0,19
Baylor,2026-04-04,Oklahoma,97.1,115.4,30,11,10,24,0,-13
Bellarmine,2025-11-03,Georgia,76.7,135.2,28,21,5,21,-1,-45
Bellarmine,2025-11-08,Kansas State,102.2,141.0,20,10,10,9,-1,-27
Bellarmine,2025-11-12,Hanover,135.4,79.2,18,6,7,31,1,39
Bellarmine,2025-11-15,Wofford,122.7,134.2,19,7,8,18,1,-8
Bellarmine,2025-11-19,Notre Dame,114.5,124.6,22,13,2,15,-1,-7
Bellarmine,2025-11-24,The Citadel,116.5,96.5,22,5,3,15,-1,12
Bellarmine,2025-11-25,Houston Christian,121.4,113.2,15,10,1,21,0,5
Bellarmine,2025-12-03,Midway,139.9,84.8,22,11,9,26,1,39
Bellarmine,2025-12-06,Murray State,102.4,122.0,18,11,1,15,-1,-13
Bellarmine,2025-12-13,Northern Kentucky,105.4,110.9,23,17,5,23,1,-4
Bellarmine,2025-12-17,Chattanooga,115.7,93.7,26,11,7,30,1,15
Bellarmine,2025-12-23,Kentucky,126.3,147.0,19,11,7,13,-1,-14
Bellarmine,2026-01-01,West Georgia,124.0,126.9,13,6,4,26,-1,-2
Bellarmine,2026-01-03,Queens (NC),104.1,134.2,20,14,3,21,-1,-22
Bellarmine,2026-01-08,Central Arkansas,111.8,103.8,32,12,5,31,1,6
Bellarmine,2026-01-10,North Alabama,123.1,138.3,28,6,5,14,1,-9
Bellarmine,2026-01-15,Lipscomb,102.8,117.2,26,6,12,20,-1,-10
Bellarmine,2026-01-17,Eastern Kentucky,109.7,141.6,23,8,8,13,-1,-20
Bellarmine,2026-01-22,Jacksonville,124.5,113.2,17,9,5,19,-1,7
Bellarmine,2026-01-24,North Florida,141.2,145.0,27,6,4,16,-1,-3
Bellarmine,2026-01-28,West Georgia,125.7,120.8,20,6,6,19,1,3
Bellarmine,2026-01-31,Queens (NC),121.7,117.0,21,8,8,22,1,3
Bellarmine,2026-02-05,Stetson,146.1,112.7,25,6,5,19,1,21
Bellarmine,2026-02-07,Florida Gulf Coast,117.7,94.4,27,9,1,26,1,16
Bellarmine,2026-02-11,Central Arkansas,117.6,130.0,29,15,4,17,-1,-8
Bellarmine,2026-02-14,Austin Peay,114.8,147.5,20,5,7,13,-1,-20
Bellarmine,2026-02-18,Lipscomb,111.6,116.3,23,6,8,23,1,-3
Bellarmine,2026-02-21,Eastern Kentucky,146.6,151.4,22,9,3,17,1,-3
Bellarmine,2026-02-25,North Alabama,116.5,125.1,15,6,6,11,-1,-5
Bellarmine,2026-02-28,Austin Peay,132.6,115.9,20,11,6,25,1,14
Bellarmine,2026-03-04,Jacksonville,127.6,122.9,20,6,6,20,0,3
Bellarmine,2026-03-06,Central Arkansas,113.8,134.1,26,11,6,15,0,-13
Belmont,2025-11-03,Air Force,122.3,97.6,22,8,7,14,1,16
Belmont,2025-11-08,Tennessee State,103.5,93.9,20,17,7,30,1,8
Belmont,2025-11-15,Oral Roberts,110.4,79.8,21,19,11,31,-1,23
Belmont,2025-11-19,Lipscomb,94.0,85.3,28,22,10,31,1,7
Belmont,2025-11-21,Fisk,122.4,62.5,45,7,18,39,1,47
Belmont,2025-11-24,Saint Francis (PA),127.2,77.1,30,13,4,26,0,37
Belmont,2025-11-26,Toledo,122.0,101.0,30,19,9,25,0,15
Belmont,2025-11-30,College of Charleston,133.1,101.2,28,6,6,32,-1,23
Belmont,2025-12-03,Richmond,101.6,112.3,34,15,7,24,1,-8
Belmont,2025-12-07,Middle Tennessee,118.8,88.7,23,7,9,30,-1,21
Belmont,2025-12-13,Illinois–Chicago,133.2,128.6,25,13,9,18,1,3
Belmont,2025-12-16,Evansville,106.9,100.5,21,14,4,29,-1,5
Belmont,2025-12-19,UC Irvine,117.4,81.0,25,15,8,33,-1,26
Belmont,2025-12-29,Indiana State,102.3,103.6,28,16,9,24,-1,-1
Belmont,2026-01-01,Bradley,123.7,109.6,23,16,11,21,1,10
Belmont,2026-01-04,Southern Illinois,96.6,98.1,12,15,7,22,1,-1
Belmont,2026-01-07,Northern Iowa,131.2,109.4,21,4,3,28,-1,13
Belmont,2026-01-10,Drake,105.0,102.3,37,13,14,25,-1,2
Belmont,2026-01-13,Valparaiso,115.6,109.6,20,9,4,20,1,4
Belmont,2026-01-17,Southern Illinois,104.0,96.8,25,9,11,26,-1,5
Belmont,2026-01-24,Illinois State,115.5,99.7,16,14,3,20,1,11
Belmont,2026-01-28,Valparaiso,111.8,110.4,24,14,5,22,-1,1
Belmont,2026-01-31,Murray State,141.8,118.4,24,8,12,16,1,17
Belmont,2026-02-03,Drake,147.4,128.8,35,5,7,17,1,13
Belmont,2026-02-06,Illinois–Chicago,104.9,95.7,31,15,7,20,-1,6
Belmont,2026-02-09,Bradley,108.6,122.8,33,16,14,31,-1,-11
Belmont,2026-02-12,Northern Iowa,127.3,120.3,30,11,3,21,1,5
Belmont,2026-02-15,Murray State,118.8,95.6,22,13,6,28,-1,17
Belmont,2026-02-21,Indiana State,116.8,94.0,31,9,6,25,1,17
Belmont,2026-02-25,Evansville,144.1,94.1,37,8,5,27,1,34
Belmont,2026-03-01,Illinois State,118.9,130.1,26,9,8,17,-1,-7
Belmont,2026-03-06,Drake,108.7,137.6,37,11,9,16,0,-21
Bethune-Cookman,2025-11-03,Auburn,110.2,116.3,23,12,8,24,-1,-5
Bethune-Cookman,2025-11-06,Miami (FL),82.2,136.0,28,11,10,20,-1,-40
Bethune-Cookman,2025-11-11,Coastal Georgia,129.6,77.0,19,15,12,33,1,41
Bethune-Cookman,2025-11-15,Dayton,116.9,129.7,20,10,11,16,-1,-9
Bethune-Cookman,2025-11-19,Ohio,111.0,106.6,15,7,5,23,-1,3
Bethune-Cookman,2025-11-24,Jacksonville,96.0,103.5,18,9,7,23,0,-5
Bethune-Cookman,2025-11-25,Stony Brook,83.1,93.9,12,11,20,23,0,-7
Bethune-Cookman,2025-11-29,Indiana,77.8,138.9,15,11,9,17,-1,-44
Bethune-Cookman,2025-12-05,South Carolina State,115.3,85.1,19,7,6,21,1,21
Bethune-Cookman,2025-12-14,Missouri,89.4,122.2,12,14,4,15,-1,-22
Bethune-Cookman,2025-12-17,Saint Louis,68.9,145.6,18,12,10,16,-1,-59
Bethune-Cookman,2025-12-22,Arizona,90.3,136.2,22,21,4,16,-1,-36
Bethune-Cookman,2025-12-29,Oklahoma State,94.2,126.1,26,18,6,24,-1,-26
Bethune-Cookman,2026-01-03,Florida A&M,124.6,118.9,17,6,5,22,1,4
Bethune-Cookman,2026-01-10,Grambling State,97.4,85.6,14,17,12,22,1,9
Bethune-Cookman,2026-01-12,Southern,100.5,106.0,21,16,8,27,1,-4
Bethune-Cookman,2026-01-17,Mississippi Valley State,118.8,94.8,20,14,8,25,-1,16
Bethune-Cookman,2026-01-19,Arkansas–Pine Bluff,108.9,102.7,13,17,13,22,-1,5
Bethune-Cookman,2026-01-24,Jackson State,111.0,62.7,22,11,14,35,1,37
Bethune-Cookman,2026-01-26,Alcorn State,112.3,100.0,16,11,6,28,1,9
Bethune-Cookman,2026-01-31,Alabama State,101.0,79.0,12,17,11,26,-1,15
Bethune-Cookman,2026-02-02,Alabama A&M,105.5,81.8,17,12,5,31,-1,18
Bethune-Cookman,2026-02-07,Prairie View A&M,106.8,99.0,14,12,17,33,1,6
Bethune-Cookman,2026-02-09,Texas Southern,104.4,91.1,22,10,12,27,1,10
Bethune-Cookman,2026-02-14,Alcorn State,88.2,91.4,12,22,9,20,-1,-2
Bethune-Cookman,2026-02-16,Jackson State,108.7,115.0,17,13,10,24,-1,-5
Bethune-Cookman,2026-02-19,Alabama State,112.5,97.4,18,7,3,31,1,11
Bethune-Cookman,2026-02-21,Alabama A&M,122.9,109.8,18,10,7,21,1,9
Bethune-Cookman,2026-02-26,Grambling State,97.9,91.5,12,19,11,25,-1,5
Bethune-Cookman,2026-02-28,Southern,112.9,108.8,15,15,11,24,-1,3
Bethune-Cookman,2026-03-05,Florida A&M,103.7,109.1,8,16,6,22,-1,-4
Bethune-Cookman,2026-03-11,Prairie View A&M,98.2,104.0,11,12,10,19,0,-4
Binghamton,2025-11-03,Syracuse,66.6,120.5,13,21,6,18,-1,-38
Binghamton,2025-11-05,RIT,99.9,84.8,20,9,6,29,1,10
Binghamton,2025-11-08,Niagara,90.4,102.6,12,9,9,26,1,-8
Binghamton,2025-11-12,Georgetown,103.8,123.1,21,11,5,21,-1,-13
Binghamton,2025-11-15,Longwood,104.3,114.5,24,21,10,20,-1,-8
Binghamton,2025-11-19,Misericordia,109.2,91.8,24,15,12,28,1,11
Binghamton,2025-11-22,Maryland Eastern Shore,82.5,99.9,13,16,10,17,0,-11
Binghamton,2025-11-23,Canisius,108.0,122.8,21,9,7,14,-1,-9
Binghamton,2025-12-02,Lehigh,110.1,97.7,10,14,4,29,1,9
Binghamton,2025-12-06,Le Moyne,92.3,114.3,20,12,8,19,1,-15
Binghamton,2025-12-13,Central Connecticut State,103.4,129.6,18,11,6,17,1,-17
Binghamton,2025-12-17,Pittsburgh,86.8,141.8,10,21,4,21,-1,-40
Binghamton,2025-12-20,Mercyhurst,86.9,116.8,10,15,2,24,-1,-21
Binghamton,2025-12-23,Army,108.5,121.3,20,8,4,25,-1,-10
Binghamton,2025-12-29,Elmira,148.2,88.9,18,6,6,29,1,40
Binghamton,2026-01-03,NJIT,102.5,115.1,15,11,3,19,1,-8
Binghamton,2026-01-08,Vermont,95.1,96.7,20,7,5,27,-1,-1
Binghamton,2026-01-10,UMass Lowell,98.4,105.6,14,11,5,24,1,-5
Binghamton,2026-01-15,Albany (NY),82.6,107.5,18,9,5,17,-1,-16
Binghamton,2026-01-19,UMBC,93.9,122.0,15,8,7,23,1,-18
Binghamton,2026-01-22,New Hampshire,96.9,103.9,16,13,8,30,-1,-6
Binghamton,2026-01-24,Maine,99.0,124.1,11,16,3,20,-1,-16
Binghamton,2026-01-29,Bryant,102.4,97.5,13,5,5,25,1,3
Binghamton,2026-02-05,UMBC,92.8,118.3,20,8,2,30,-1,-17
Binghamton,2026-02-07,NJIT,94.8,108.1,15,9,5,24,-1,-9
Binghamton,2026-02-12,Vermont,97.6,109.7,15,12,4,18,1,-8
Binghamton,2026-02-14,Albany (NY),108.8,113.2,19,10,5,21,1,-3
Binghamton,2026-02-19,Bryant,127.3,107.9,11,10,4,16,-1,12
Binghamton,2026-02-21,UMass Lowell,119.3,138.9,11,10,2,18,-1,-13
Binghamton,2026-02-26,New Hampshire,102.8,99.7,14,12,4,27,1,2
Binghamton,2026-02-28,Maine,111.6,101.0,21,11,3,25,1,7
Boise State,2025-11-03,Hawaii Pacific,108.8,110.2,33,12,12,24,1,-1
Boise State,2025-11-08,Utah Valley,133.3,101.6,22,9,8,18,1,24
Boise State,2025-11-11,Texas–Rio Grande Valley,110.9,84.8,22,19,13,26,1,20
Boise State,2025-11-15,Montana State,97.9,91.6,28,8,7,27,1,4
Boise State,2025-11-18,Wichita State,96.2,91.5,17,7,10,21,1,3
Boise State,2025-11-24,Southern California,95.5,99.8,25,13,10,22,0,-3
Boise State,2025-11-25,NC State,97.8,113.2,33,15,11,23,0,-11
Boise State,2025-11-26,Chaminade,132.5,98.7,19,13,11,36,0,26
Boise State,2025-12-06,Butler,113.7,100.4,15,7,15,26,-1,9
Boise State,2025-12-10,Duquesne,118.6,88.2,21,8,5,27,1,22
Boise State,2025-12-14,St. Mary's (CA),98.5,97.1,19,14,4,23,0,1
Boise State,2025-12-20,Nevada,102.4,125.7,22,13,7,19,-1,-15
Boise State,2025-12-30,New Mexico,89.5,76.5,30,8,8,36,1,9
Boise State,2026-01-03,San Diego State,110.4,113.4,42,16,10,31,-1,-3
Boise State,2026-01-07,Grand Canyon,84.9,109.8,19,14,7,19,1,-17
Boise State,2026-01-10,Utah State,102.4,140.0,26,10,12,15,1,-25
Boise State,2026-01-13,UNLV,104.2,109.2,14,14,5,25,-1,-4
Boise State,2026-01-16,Colorado State,128.0,118.2,30,9,9,16,1,6
Boise State,2026-01-20,Wyoming,126.8,101.8,26,7,7,22,-1,16
Boise State,2026-01-24,Air Force,153.5,86.3,23,4,10,27,1,42
Boise State,2026-01-27,San Jose State,134.4,87.6,16,9,10,28,-1,31
Boise State,2026-01-30,Grand Canyon,104.7,130.5,23,11,10,18,-1,-17
Boise State,2026-02-03,Nevada,120.8,115.5,25,10,8,24,1,4
Boise State,2026-02-07,New Mexico,136.0,134.5,35,10,9,21,-1,1
Boise State,2026-02-13,UNLV,117.6,121.9,21,12,5,22,1,-3
Boise State,2026-02-18,Utah State,94.6,126.6,22,8,10,17,-1,-19
Boise State,2026-02-21,San Jose State,126.9,104.2,24,8,5,25,1,15
Boise State,2026-02-24,Wyoming,111.4,95.9,21,12,10,24,1,10
Boise State,2026-02-28,Fresno State,114.0,87.5,37,9,15,24,-1,16
Boise State,2026-03-03,San Diego State,126.3,113.1,25,15,11,24,1,9
Boise State,2026-03-07,Colorado State,127.3,109.4,19,11,13,23,-1,11
Boise State,2026-03-11,San Jose State,104.5,118.6,23,12,13,24,0,-10
Boston College,2025-11-03,Florida Atlantic,97.3,103.6,28,13,13,36,-1,-5
Boston College,2025-11-06,The Citadel,115.3,71.3,28,4,12,31,1,29
Boston College,2025-11-11,Central Connecticut State,88.7,90.2,34,10,14,24,1,-1
Boston College,2025-11-15,Temple,102.4,95.7,27,8,9,28,-1,5
Boston College,2025-11-18,Hampton,94.3,77.8,27,10,9,26,1,11
Boston College,2025-11-21,Davidson,82.5,99.4,21,14,11,24,0,-10
Boston College,2025-11-23,Tulane,113.1,116.8,27,10,9,22,0,-3
Boston College,2025-11-26,Harvard,112.7,92.6,30,7,7,24,1,13
Boston College,2025-12-03,Louisiana State,89.9,101.6,24,14,10,24,1,-9
Boston College,2025-12-06,New Haven,106.9,100.5,25,15,10,23,1,4
Boston College,2025-12-10,Massachusetts,101.4,104.1,23,9,11,21,0,-2
Boston College,2025-12-22,FDU,118.4,100.3,30,7,13,24,1,11
Boston College,2025-12-28,Le Moyne,95.4,84.8,23,11,7,30,1,8
Boston College,2026-01-03,Georgia Tech,73.5,90.1,29,9,12,20,-1,-12
Boston College,2026-01-06,NC State,116.3,129.3,18,14,8,21,1,-8
Boston College,2026-01-10,Louisville,89.5,108.3,28,4,6,24,-1,-13
Boston College,2026-01-13,Clemson,75.1,111.2,15,19,6,24,-1,-24
Boston College,2026-01-17,Syracuse,104.4,94.1,20,7,9,26,1,8
Boston College,2026-01-21,Pittsburgh,99.8,95.2,22,8,4,30,1,3
Boston College,2026-01-24,Notre Dame,96.9,103.0,32,9,7,22,-1,-4
Boston College,2026-01-31,Virginia,97.9,108.2,13,10,7,22,1,-7
Boston College,2026-02-03,Duke,80.5,110.0,20,11,7,23,-1,-18
Boston College,2026-02-07,Miami (FL),97.4,106.0,28,7,7,23,1,-6
Boston College,2026-02-11,Stanford,92.1,100.7,16,12,5,24,1,-6
Boston College,2026-02-14,California,112.6,129.1,22,12,11,18,1,-11
Boston College,2026-02-17,Florida State,106.0,117.8,24,7,7,21,-1,-8
Boston College,2026-02-21,SMU,99.0,133.0,35,8,14,16,-1,-24
Boston College,2026-02-25,Wake Forest,106.9,105.3,28,8,9,26,1,1
Boston College,2026-02-28,Miami (FL),81.7,114.9,22,16,5,18,-1,-22
Boston College,2026-03-03,Virginia Tech,95.2,108.8,22,8,12,23,-1,-9
Boston College,2026-03-07,Notre Dame,99.7,89.3,28,9,6,34,1,8
Boston University,2025-11-03,Northeastern,103.5,102.1,28,13,10,24,-1,1
Boston University,2025-11-07,Northwestern,82.2,120.2,23,12,11,22,-1,-24
Boston University,2025-11-12,Brown,138.5,118.5,25,11,7,20,1,13
Boston University,2025-11-15,Merrimack,123.8,142.6,27,9,7,17,1,-12
Boston University,2025-11-18,Columbia,81.1,89.3,18,5,9,23,-1,-5
Boston University,2025-11-22,Harvard,117.1,115.6,21,14,2,19,0,1
Boston University,2025-11-25,Penn State,135.8,149.8,34,8,6,18,-1,-9
Boston University,2025-11-29,Northern Kentucky,101.2,115.2,13,15,5,14,-1,-9
Boston University,2025-12-03,Vermont St.–Johnson,150.6,82.5,31,10,7,28,1,47
Boston University,2025-12-06,New Hampshire,107.5,115.3,27,9,7,24,-1,-6
Boston University,2025-12-10,Maine,96.1,112.4,35,14,16,16,1,-10
Boston University,2025-12-13,Dartmouth,91.8,110.5,30,13,11,23,-1,-13
Boston University,2025-12-21,UMass Lowell,135.9,117.4,17,11,6,19,1,12
Boston University,2025-12-31,Navy,115.8,123.4,24,8,4,24,-1,-5
Boston University,2026-01-03,American,101.8,105.1,28,8,8,23,1,-2
Boston University,2026-01-07,Lafayette,126.0,101.7,19,8,8,32,-1,16
Boston University,2026-01-10,Army,147.0,133.7,23,10,4,22,1,9
Boston University,2026-01-14,Lehigh,118.7,121.4,16,11,6,27,1,-2
Boston University,2026-01-17,Loyola (MD),79.1,102.7,29,15,5,23,-1,-17
Boston University,2026-01-21,Lafayette,104.1,98.7,25,13,4,30,1,4
Boston University,2026-01-24,Colgate,105.0,106.3,20,13,2,20,-1,-1
Boston University,2026-01-28,Navy,89.1,103.4,21,14,10,15,1,-8
Boston University,2026-01-31,Bucknell,124.8,132.5,31,7,11,21,-1,-6
Boston University,2026-02-02,Holy Cross,121.8,108.2,18,6,5,27,-1,8
Boston University,2026-02-07,Loyola (MD),112.0,99.1,30,18,11,29,1,9
Boston University,2026-02-11,Army,133.9,107.1,17,9,1,22,-1,17
Boston University,2026-02-14,Bucknell,124.5,104.8,29,11,14,26,1,13
Boston University,2026-02-16,Colgate,141.0,96.2,30,6,9,25,1,27
Boston University,2026-02-22,Lehigh,113.0,118.1,21,8,7,17,-1,-3
Boston University,2026-02-25,Holy Cross,120.6,97.4,21,8,4,28,1,15
Boston University,2026-02-28,American,104.9,100.3,21,12,3,27,-1,3
Boston University,2026-03-05,American,123.7,120.4,19,12,5,18,1,2
Boston University,2026-03-08,Navy,116.2,114.6,24,13,4,21,-1,1
Boston University,2026-03-11,Lehigh,95.0,117.2,16,8,7,20,-1,-14
Bowling Green,2025-11-03,Texas State,119.5,69.1,22,12,7,25,1,35
Bowling Green,2025-11-06,Bethany (WV),122.2,66.2,24,14,11,34,1,55
Bowling Green,2025-11-09,Le Moyne,117.1,84.6,23,6,9,18,1,23
Bowling Green,2025-11-15,Davidson,109.0,114.0,14,9,11,18,-1,-4
Bowling Green,2025-11-19,William & Mary,94.1,104.3,19,17,9,22,1,-8
Bowling Green,2025-11-24,Bucknell,103.8,96.5,23,15,5,18,0,5
Bowling Green,2025-11-26,VMI,119.7,70.9,26,14,17,28,0,33
Bowling Green,2025-12-01,Kansas State,126.7,102.0,26,7,14,24,-1,16
Bowling Green,2025-12-06,Utah Valley,95.5,110.3,24,13,8,17,1,-11
Bowling Green,2025-12-07,Aquinas,156.4,59.7,20,7,7,34,1,81
Bowling Green,2025-12-16,Chicago State,107.5,77.8,23,10,5,32,1,21
Bowling Green,2025-12-20,Ohio,96.3,82.2,15,16,7,23,-1,10
Bowling Green,2025-12-22,Siena Heights,147.0,77.6,30,9,15,27,1,59
Bowling Green,2025-12-30,Miami (OH),109.0,122.1,22,12,8,14,1,-10
Bowling Green,2026-01-03,Massachusetts,115.4,114.3,17,10,4,23,-1,1
Bowling Green,2026-01-06,Kent State,127.6,131.7,20,8,8,16,-1,-3
Bowling Green,2026-01-09,Akron,89.8,103.2,21,15,10,22,1,-10
Bowling Green,2026-01-17,Eastern Michigan,129.2,120.0,13,9,9,20,1,6
Bowling Green,2026-01-20,Western Michigan,105.9,79.4,20,8,8,27,-1,18
Bowling Green,2026-01-24,Toledo,104.8,106.3,17,16,10,26,-1,-1
Bowling Green,2026-01-27,Buffalo,115.1,131.3,20,10,9,19,1,-11
Bowling Green,2026-01-31,Central Michigan,82.0,86.2,16,9,8,26,-1,-3
Bowling Green,2026-02-03,Ball State,123.0,83.1,18,12,5,27,1,25
Bowling Green,2026-02-07,Arkansas State,73.3,123.5,24,12,7,20,-1,-37
Bowling Green,2026-02-11,Northern Illinois,95.5,73.1,16,15,3,31,-1,16
Bowling Green,2026-02-14,Toledo,118.3,103.6,21,7,8,27,1,10
Bowling Green,2026-02-17,Kent State,97.2,106.8,19,13,10,27,1,-7
Bowling Green,2026-02-20,Miami (OH),102.7,121.4,25,12,8,24,-1,-14
Bowling Green,2026-02-24,Western Michigan,105.4,117.4,21,7,6,24,1,-9
Bowling Green,2026-02-28,Massachusetts,123.5,94.5,23,7,9,28,1,19
Bowling Green,2026-03-06,Eastern Michigan,105.9,94.9,19,7,12,25,-1,8
Bowling Green,2026-03-12,Toledo,109.2,110.6,17,11,6,19,0,-1
Bradley,2025-11-03,St. Bonaventure,93.2,102.0,22,9,2,20,0,-6
Bradley,2025-11-08,Central Michigan,122.3,77.7,26,10,8,25,1,31
Bradley,2025-11-12,UT Martin,92.6,107.8,20,13,10,18,1,-11
Bradley,2025-11-15,San Francisco,90.2,105.7,34,8,5,14,-1,-11
Bradley,2025-11-19,UMass Lowell,131.1,116.1,20,9,12,19,1,10
Bradley,2025-11-24,Princeton,124.4,90.5,30,9,3,19,0,24
Bradley,2025-11-25,UC San Diego,109.3,123.5,33,12,12,22,0,-10
Bradley,2025-11-26,Liberty,115.1,99.5,18,13,8,25,0,10
Bradley,2025-12-02,Washington State,90.0,84.4,30,7,7,20,1,4
Bradley,2025-12-06,Northern Illinois,114.0,74.6,24,10,6,31,1,29
Bradley,2025-12-14,North Central (IL),121.7,75.0,29,9,16,19,1,33
Bradley,2025-12-18,Indiana State,109.5,100.4,34,8,9,37,-1,9
Bradley,2025-12-21,Southern Illinois,100.7,95.1,16,14,9,24,1,4
Bradley,2025-12-29,Evansville,109.6,98.1,22,5,11,29,1,8
Bradley,2026-01-01,Belmont,109.6,123.7,32,16,13,16,-1,-10
Bradley,2026-01-04,Murray State,96.2,125.3,18,2,11,17,-1,-20
Bradley,2026-01-07,Drake,126.0,89.4,29,8,8,31,1,27
Bradley,2026-01-10,Northern Iowa,111.2,102.3,24,5,9,31,1,6
Bradley,2026-01-13,Evansville,120.5,115.3,22,5,8,23,-1,4
Bradley,2026-01-17,Illinois State,93.2,132.2,14,11,10,18,-1,-26
Bradley,2026-01-21,Indiana State,106.0,96.1,22,2,11,23,1,7
Bradley,2026-01-24,Illinois–Chicago,107.7,130.7,22,9,7,18,1,-15
Bradley,2026-01-31,Drake,133.8,112.3,26,7,12,24,-1,14
Bradley,2026-02-03,Valparaiso,111.3,100.5,21,10,8,24,1,7
Bradley,2026-02-06,Northern Iowa,82.1,102.3,23,15,3,21,-1,-12
Bradley,2026-02-09,Belmont,122.8,108.6,36,8,9,23,1,11
Bradley,2026-02-15,Southern Illinois,102.0,87.4,27,5,6,26,-1,10
Bradley,2026-02-18,Valparaiso,107.7,118.1,24,12,7,20,-1,-7
Bradley,2026-02-21,Illinois State,117.1,95.0,18,5,10,22,1,14
Bradley,2026-02-24,Illinois–Chicago,108.4,117.3,33,11,13,23,-1,-7
Bradley,2026-03-01,Murray State,127.5,114.3,15,9,10,23,1,9
Bradley,2026-03-06,Valparaiso,100.9,94.1,20,11,7,26,0,6
Bradley,2026-03-07,Northern Iowa,108.9,115.3,21,9,8,14,0,-4
Bradley,2026-03-18,Dayton,108.6,131.7,22,10,7,22,1,-14
Brigham Young,2025-11-03,Villanova,97.9,91.0,17,3,10,25,0,5
Brigham Young,2025-11-08,Holy Cross,134.4,72.7,25,6,3,30,1,45
Brigham Young,2025-11-11,Delaware,136.7,109.3,32,7,16,26,1,17
Brigham Young,2025-11-15,Connecticut,112.9,115.6,26,13,9,18,0,-2
Brigham Young,2025-11-21,Wisconsin,129.7,92.6,34,8,12,29,0,28
Brigham Young,2025-11-27,Miami (FL),103.2,88.8,19,12,6,32,0,10
Brigham Young,2025-11-28,Dayton,110.5,105.2,22,14,3,29,0,4
Brigham Young,2025-12-03,California Baptist,125.8,82.9,23,9,11,27,0,31
Brigham Young,2025-12-09,Clemson,104.9,100.2,23,9,12,17,0,3
Brigham Young,2025-12-13,UC Riverside,132.7,70.3,19,9,12,32,1,47
Brigham Young,2025-12-16,Pacific,126.3,77.4,28,9,9,29,1,36
Brigham Young,2025-12-19,Abilene Christian,116.3,91.7,16,17,6,23,1,18
Brigham Young,2025-12-22,Eastern Washington,141.4,105.1,42,9,12,27,1,28
Brigham Young,2026-01-03,Kansas State,105.2,92.5,24,18,14,28,-1,10
Brigham Young,2026-01-07,Arizona State,126.5,92.4,31,16,8,29,1,28
Brigham Young,2026-01-10,Utah,118.9,112.2,26,11,13,25,-1,5
Brigham Young,2026-01-14,TCU,106.1,97.7,24,8,19,28,1,6
Brigham Young,2026-01-17,Texas Tech,99.6,117.8,22,12,12,21,-1,-13
Brigham Young,2026-01-24,Utah,136.7,117.2,19,8,11,24,1,13
Brigham Young,2026-01-26,Arizona,106.9,110.8,34,12,14,17,1,-3
Brigham Young,2026-01-31,Kansas,115.9,127.2,32,7,9,23,-1,-8
Brigham Young,2026-02-04,Oklahoma State,117.0,125.9,30,16,12,22,-1,-7
Brigham Young,2026-02-07,Houston,106.9,124.8,22,6,11,21,1,-11
Brigham Young,2026-02-10,Baylor,131.3,124.7,19,5,12,21,-1,5
Brigham Young,2026-02-14,Colorado,107.5,102.8,22,16,6,33,1,4
Brigham Young,2026-02-18,Arizona,99.8,110.1,19,9,7,22,-1,-7
Brigham Young,2026-02-21,Iowa State,117.5,102.6,25,11,12,23,1,10
Brigham Young,2026-02-24,UCF,108.3,125.0,27,8,11,21,1,-13
Brigham Young,2026-02-28,West Virginia,108.8,121.1,24,12,5,21,-1,-8
Brigham Young,2026-03-03,Cincinnati,91.6,121.2,24,15,7,21,-1,-22
Brigham Young,2026-03-07,Texas Tech,131.4,121.8,25,3,18,17,1,6
Brigham Young,2026-03-10,Kansas State,135.9,117.8,32,10,14,26,0,14
Brigham Young,2026-03-11,West Virginia,105.2,74.2,18,13,13,19,0,20
Brigham Young,2026-03-12,Houston,96.0,106.2,17,17,8,21,0,-7
Brigham Young,2026-03-19,Texas,102.9,114.5,22,7,5,20,0,-8
Brown,2025-11-07,Siena,67.5,91.0,24,15,9,21,1,-16
Brown,2025-11-09,Vermont,103.2,109.3,28,13,9,30,1,-5
Brown,2025-11-12,Boston University,118.5,138.5,24,9,7,11,-1,-13
Brown,2025-11-14,Hampton,94.4,107.9,19,18,7,15,1,-9
Brown,2025-11-18,Holy Cross,111.1,80.0,27,12,7,27,1,19
Brown,2025-11-20,Stony Brook,105.5,120.6,19,12,12,23,-1,-10
Brown,2025-11-23,Maine,88.7,81.0,17,13,9,24,-1,5
Brown,2025-11-26,New Hampshire,88.7,70.7,19,13,7,27,-1,12
Brown,2025-12-02,Rhode Island,80.9,95.3,16,14,14,21,-1,-10
Brown,2025-12-05,Bryant,109.5,81.8,22,9,12,29,1,19
Brown,2025-12-06,Elms,151.3,44.7,33,9,14,32,1,81
Brown,2025-12-09,Providence,101.6,110.6,21,9,5,23,-1,-7
Brown,2025-12-31,Johnson/Wales-RI,142.7,63.9,32,7,17,34,1,58
Brown,2026-01-05,Yale,76.1,100.5,30,12,11,23,1,-17
Brown,2026-01-10,Pennsylvania,107.0,118.7,20,10,7,19,-1,-8
Brown,2026-01-17,Columbia,115.3,107.3,13,9,9,25,1,6
Brown,2026-01-19,Cornell,92.9,123.4,19,14,4,23,1,-22
Brown,2026-01-24,Princeton,78.7,93.6,20,10,8,23,-1,-10
Brown,2026-01-30,Harvard,95.3,111.4,20,10,8,14,1,-10
Brown,2026-01-31,Dartmouth,94.4,103.8,27,12,16,26,1,-7
Brown,2026-02-06,Yale,105.7,124.1,25,9,6,20,-1,-12
Brown,2026-02-13,Harvard,84.3,89.1,18,14,9,23,-1,-3
Brown,2026-02-14,Dartmouth,110.6,106.4,22,14,6,22,-1,3
Brown,2026-02-20,Princeton,121.9,108.2,18,12,4,20,1,9
Brown,2026-02-27,Columbia,91.1,117.6,14,16,10,16,-1,-18
Brown,2026-02-28,Cornell,107.0,115.1,23,13,8,20,-1,-6
Brown,2026-03-06,Pennsylvania,82.1,110.3,19,23,8,26,1,-21
Bryant,2025-11-03,Siena,94.8,117.8,22,20,10,18,-1,-16
Bryant,2025-11-07,Georgia Tech,60.3,99.1,38,16,8,26,-1,-29
Bryant,2025-11-12,Dartmouth,107.9,98.7,29,7,5,27,1,7
Bryant,2025-11-16,Valparaiso,75.1,102.1,29,13,13,24,-1,-18
Bryant,2025-11-19,Virginia Tech,87.8,112.2,27,14,3,19,-1,-17
Bryant,2025-11-23,Connecticut,72.9,107.1,23,19,3,18,-1,-23
Bryant,2025-11-26,Mercy,110.0,77.1,27,13,10,35,1,26
Bryant,2025-11-29,Harvard,89.6,94.7,28,10,11,19,-1,-3
Bryant,2025-12-02,Stonehill,120.9,102.1,26,8,7,19,1,12
Bryant,2025-12-05,Brown,81.8,109.5,31,14,5,24,-1,-19
Bryant,2025-12-10,Iona,93.2,102.1,36,17,8,27,-1,-6
Bryant,2025-12-13,Marist,106.8,118.3,31,15,4,16,1,-8
Bryant,2025-12-22,High Point,71.6,141.6,16,21,5,9,-1,-46
Bryant,2025-12-28,Worcester St.,131.6,81.7,31,11,13,27,1,36
Bryant,2026-01-03,Maine,78.9,71.9,23,15,12,27,-1,5
Bryant,2026-01-08,UMass Lowell,96.7,118.1,27,9,7,16,1,-14
Bryant,2026-01-10,Albany (NY),77.5,119.6,30,8,11,14,-1,-25
Bryant,2026-01-15,UMBC,114.3,107.1,24,13,9,27,1,5
Bryant,2026-01-19,NJIT,87.4,125.5,25,11,7,19,-1,-24
Bryant,2026-01-24,Vermont,92.9,110.8,23,6,6,18,1,-10
Bryant,2026-01-29,Binghamton,97.5,102.4,25,5,8,25,-1,-3
Bryant,2026-01-31,New Hampshire,123.6,112.8,20,11,9,26,1,8
Bryant,2026-02-05,Albany (NY),100.2,103.4,24,16,3,21,1,-2
Bryant,2026-02-07,Maine,105.3,96.7,17,15,8,27,1,6
Bryant,2026-02-12,UMass Lowell,104.1,132.7,26,13,12,16,-1,-19
Bryant,2026-02-14,Vermont,95.1,135.8,29,11,7,19,-1,-27
Bryant,2026-02-19,Binghamton,107.9,127.3,33,12,15,13,1,-12
Bryant,2026-02-26,UMBC,92.4,111.5,23,9,5,16,-1,-12
Bryant,2026-02-28,NJIT,103.3,77.8,28,13,8,25,1,17
Bryant,2026-03-03,New Hampshire,103.7,109.9,26,12,5,34,-1,-5
Bryant,2026-03-07,Vermont,96.7,130.6,15,12,2,17,-1,-20
Bucknell,2025-11-03,Delaware,107.4,96.4,24,13,10,27,1,8
Bucknell,2025-11-07,Mount St. Mary's,109.9,93.4,22,4,7,22,-1,11
Bucknell,2025-11-11,Princeton,93.5,108.3,20,11,6,26,-1,-10
Bucknell,2025-11-14,Hofstra,101.9,109.8,28,17,9,22,1,-6
Bucknell,2025-11-17,Pittsburgh,74.9,125.8,21,15,6,19,-1,-34
Bucknell,2025-11-20,St. John's (NY),65.4,129.5,21,20,6,16,-1,-48
Bucknell,2025-11-24,Bowling Green,96.5,103.8,20,17,4,25,0,-5
Bucknell,2025-11-26,Buffalo,112.9,116.1,27,11,12,18,0,-2
Bucknell,2025-11-30,Cornell,96.9,135.9,26,16,12,11,1,-29
Bucknell,2025-12-03,Akron,109.0,137.3,37,8,11,19,-1,-20
Bucknell,2025-12-06,UMBC,100.6,111.3,24,9,12,19,1,-7
Bucknell,2025-12-09,Rider,82.9,61.8,24,11,5,25,-1,13
Bucknell,2025-12-20,Iowa,58.0,139.7,23,25,2,13,0,-55
Bucknell,2025-12-31,Holy Cross,91.5,102.6,26,12,10,19,-1,-7
Bucknell,2026-01-03,Lehigh,95.0,85.8,22,12,9,21,1,7
Bucknell,2026-01-07,Navy,80.8,111.6,31,13,5,19,-1,-21
Bucknell,2026-01-10,Loyola (MD),102.3,97.9,22,14,11,22,1,3
Bucknell,2026-01-14,Lafayette,111.9,101.6,22,14,5,25,1,7
Bucknell,2026-01-17,Colgate,104.9,131.2,26,10,3,19,-1,-19
Bucknell,2026-01-21,Army,117.6,121.8,24,8,8,19,1,-3
Bucknell,2026-01-24,Loyola (MD),95.6,103.3,27,8,8,19,-1,-5
Bucknell,2026-01-28,Lafayette,119.8,122.8,19,8,7,20,-1,-2
Bucknell,2026-01-31,Boston University,132.5,124.8,22,8,8,27,1,6
Bucknell,2026-02-04,American,101.4,99.7,20,12,6,25,-1,1
Bucknell,2026-02-07,Colgate,79.3,104.8,25,13,5,26,1,-19
Bucknell,2026-02-09,Navy,87.4,110.7,32,10,7,20,1,-16
Bucknell,2026-02-14,Boston University,104.8,124.5,27,7,4,15,-1,-13
Bucknell,2026-02-18,American,88.1,115.9,17,15,7,23,1,-18
Bucknell,2026-02-22,Holy Cross,95.0,108.5,21,9,11,22,1,-9
Bucknell,2026-02-25,Army,101.5,98.8,22,15,7,27,-1,2
Bucknell,2026-02-28,Lehigh,116.3,131.1,21,11,9,14,-1,-10
Bucknell,2026-03-03,Army,96.5,81.6,21,12,7,21,1,10
Bucknell,2026-03-05,Navy,109.2,117.1,29,13,13,18,-1,-5
Buffalo,2025-11-03,Southern Mississippi,130.2,121.0,30,8,13,16,1,6
Buffalo,2025-11-07,Green Bay,127.3,116.5,16,6,8,20,1,7
Buffalo,2025-11-11,DePaul,98.3,78.9,17,11,9,23,-1,13
Buffalo,2025-11-15,RIT,117.7,94.2,21,11,10,22,1,16
Buffalo,2025-11-18,Vermont,127.0,121.6,23,9,4,19,1,4
Buffalo,2025-11-24,VMI,113.8,102.1,21,12,7,24,0,8
Buffalo,2025-11-26,Bucknell,116.1,112.9,28,8,7,19,0,2
Buffalo,2025-11-29,Canisius,108.6,81.1,35,9,5,25,-1,18
Buffalo,2025-12-06,St. Bonaventure,100.8,112.5,21,17,4,16,1,-8
Buffalo,2025-12-09,UMBC,124.5,118.5,17,10,8,18,-1,4
Buffalo,2025-12-14,East Carolina,101.3,105.6,26,13,12,24,-1,-3
Buffalo,2025-12-20,Western Michigan,129.3,104.3,32,4,8,27,-1,17
Buffalo,2025-12-22,Penn St. Behrend,152.4,104.4,27,6,12,28,1,29
Buffalo,2025-12-31,Northern Illinois,116.1,96.0,26,14,10,19,-1,14
Buffalo,2026-01-03,Ball State,128.3,108.7,22,13,8,20,1,13
Buffalo,2026-01-10,Ohio,106.7,121.4,25,11,13,10,-1,-11
Buffalo,2026-01-13,Kent State,113.0,121.4,24,5,5,21,1,-6
Buffalo,2026-01-17,Miami (OH),120.5,124.1,26,14,6,26,-1,-3
Buffalo,2026-01-20,Akron,91.2,118.7,32,13,14,22,1,-19
Buffalo,2026-01-23,Massachusetts,103.7,105.2,25,11,4,20,1,-1
Buffalo,2026-01-27,Bowling Green,131.3,115.1,26,7,4,23,-1,11
Buffalo,2026-01-31,Ohio,117.6,134.6,14,13,6,21,1,-12
Buffalo,2026-02-03,Miami (OH),100.4,103.3,28,15,9,22,1,-2
Buffalo,2026-02-07,South Alabama,97.0,113.9,46,14,8,23,-1,-12
Buffalo,2026-02-11,Ball State,103.0,86.6,19,10,7,24,-1,10
Buffalo,2026-02-17,Northern Illinois,104.3,107.3,22,10,5,19,1,-2
Buffalo,2026-02-21,Massachusetts,119.7,114.1,24,9,5,18,-1,4
Buffalo,2026-02-24,Akron,103.4,120.4,33,14,14,19,-1,-14
Buffalo,2026-02-28,Central Michigan,107.4,115.1,23,7,6,15,1,-5
Buffalo,2026-03-03,Eastern Michigan,106.6,99.2,24,9,4,25,1,5
Buffalo,2026-03-06,Toledo,119.6,151.8,25,11,10,19,-1,-21
Buffalo,2026-03-12,Akron,99.3,103.5,27,13,3,25,0,-3
Butler,2025-11-05,Southern Indiana,114.4,75.4,18,13,15,37,1,30
Butler,2025-11-08,IU Indy,120.1,85.8,24,17,20,35,1,32
Butler,2025-11-11,Chicago State,132.9,89.5,36,13,11,21,1,32
Butler,2025-11-15,SMU,112.5,115.2,29,16,14,16,-1,-2
Butler,2025-11-21,South Carolina,110.0,100.3,12,10,11,31,0,7
Butler,2025-11-23,Virginia,115.2,105.1,15,10,13,27,0,7
Butler,2025-11-28,Wright State,122.3,89.7,21,11,9,26,1,25
Butler,2025-12-02,Eastern Michigan,127.1,102.9,20,9,9,22,1,16
Butler,2025-12-06,Boise State,100.4,113.7,18,7,7,19,1,-9
Butler,2025-12-13,Providence,128.0,124.6,28,7,17,26,1,3
Butler,2025-12-16,Connecticut,84.8,111.6,24,10,11,16,-1,-19
Butler,2025-12-20,Northwestern,88.5,84.1,30,13,11,28,0,3
Butler,2025-12-22,NJIT,138.0,71.0,24,8,10,33,1,49
Butler,2025-12-30,Creighton,117.9,123.5,26,10,21,18,-1,-4
Butler,2026-01-03,Villanova,94.3,119.6,27,13,11,21,1,-18
Butler,2026-01-06,St. John's (NY),96.8,116.1,17,20,4,22,1,-14
Butler,2026-01-14,Xavier,99.5,118.1,27,12,7,24,-1,-14
Butler,2026-01-17,Seton Hall,113.8,97.5,18,7,4,20,-1,11
Butler,2026-01-20,DePaul,120.2,110.6,17,12,4,21,1,7
Butler,2026-01-23,Marquette,113.4,99.1,19,11,7,18,1,11
Butler,2026-01-28,St. John's (NY),107.8,141.6,16,6,9,18,-1,-22
Butler,2026-01-31,Georgetown,99.1,119.2,21,6,11,18,1,-13
Butler,2026-02-04,Providence,108.3,120.7,21,10,10,21,-1,-10
Butler,2026-02-07,Marquette,81.0,103.0,21,15,15,26,-1,-15
Butler,2026-02-11,Connecticut,112.1,128.1,21,8,7,17,1,-10
Butler,2026-02-15,Seton Hall,82.4,92.7,21,7,11,24,1,-7
Butler,2026-02-18,Georgetown,134.4,128.6,18,6,9,16,-1,4
Butler,2026-02-21,Xavier,116.0,108.8,11,5,5,26,1,5
Butler,2026-02-25,Villanova,103.2,115.9,13,11,9,24,-1,-9
Butler,2026-03-04,Creighton,81.6,105.2,24,15,4,27,1,-17
Butler,2026-03-07,DePaul,107.5,94.2,18,14,12,29,-1,10
Butler,2026-03-11,Providence,105.8,118.8,17,8,4,21,0,-10
Cal Poly,2025-11-03,Southern California,76.3,112.1,33,20,15,22,-1,-30
Cal Poly,2025-11-05,Pacific Lutheran,120.8,94.5,35,8,11,31,1,22
Cal Poly,2025-11-08,Seattle,92.3,89.8,33,21,8,23,-1,2
Cal Poly,2025-11-12,Colorado State,105.3,124.0,36,13,8,24,-1,-14
Cal Poly,2025-11-14,Montana,98.4,107.9,20,14,9,28,-1,-8
Cal Poly,2025-11-20,Utah,109.4,101.1,25,18,8,29,-1,7
Cal Poly,2025-11-24,Northern Arizona,108.2,115.7,36,16,9,26,-1,-6
Cal Poly,2025-11-25,Southeast Missouri State,89.7,110.8,24,19,14,23,0,-16
Cal Poly,2025-11-29,Redlands,106.2,98.9,28,21,9,29,1,6
Cal Poly,2025-12-04,Cal State Fullerton,112.6,109.0,37,18,5,28,-1,3
Cal Poly,2025-12-06,UC Riverside,118.5,124.2,29,11,9,23,1,-4
Cal Poly,2025-12-16,Montana State,107.7,111.7,28,11,13,23,1,-3
Cal Poly,2025-12-19,UCLA,110.7,137.4,32,24,7,21,-1,-21
Cal Poly,2025-12-21,Idaho,94.2,97.7,37,14,8,33,1,-3
Cal Poly,2026-01-01,UC San Diego,98.7,95.7,42,9,14,26,1,2
Cal Poly,2026-01-03,Long Beach State,93.0,104.3,30,11,7,26,-1,-8
Cal Poly,2026-01-08,Cal State Northridge,108.6,114.6,44,13,9,20,-1,-5
Cal Poly,2026-01-10,UC Davis,112.1,104.1,34,10,5,27,1,6
Cal Poly,2026-01-15,Hawaii,82.1,107.0,32,22,10,19,1,-20
Cal Poly,2026-01-22,UC Santa Barbara,98.0,156.5,26,13,4,10,-1,-40
Cal Poly,2026-01-24,Cal State Fullerton,105.1,125.3,37,18,12,23,1,-15
Cal Poly,2026-01-29,Cal State Bakersfield,131.5,99.9,31,18,11,24,-1,25
Cal Poly,2026-01-31,UC Riverside,124.2,115.0,26,12,11,16,-1,7
Cal Poly,2026-02-05,Cal State Northridge,119.0,120.2,42,15,4,23,1,-1
Cal Poly,2026-02-07,UC Davis,81.3,93.9,32,19,11,24,-1,-9
Cal Poly,2026-02-12,UC Irvine,96.8,89.5,38,21,14,29,1,6
Cal Poly,2026-02-14,UC Santa Barbara,127.7,113.4,27,7,4,23,1,10
Cal Poly,2026-02-20,Hawaii,104.3,91.0,28,13,5,24,-1,11
Cal Poly,2026-02-26,Long Beach State,123.2,111.2,37,8,9,28,1,10
Cal Poly,2026-02-28,UC San Diego,86.8,108.5,39,15,5,31,-1,-16
Cal Poly,2026-03-05,UC Irvine,106.1,133.5,34,12,15,23,-1,-22
Cal Poly,2026-03-07,Cal State Bakersfield,128.6,90.5,36,9,14,27,1,32
Cal Poly,2026-03-11,UC San Diego,91.7,95.7,32,11,7,25,0,-3
Cal State Bakersfield,2025-11-03,California,80.5,116.7,9,16,10,16,-1,-27
Cal State Bakersfield,2025-11-06,Whittier,101.0,74.2,23,11,17,37,1,22
Cal State Bakersfield,2025-11-11,Western Illinois,104.9,82.2,18,13,12,23,1,16
Cal State Bakersfield,2025-11-14,Ole Miss,91.8,125.4,9,11,9,20,-1,-22
Cal State Bakersfield,2025-11-17,Portland State,103.8,120.7,17,17,9,13,-1,-13
Cal State Bakersfield,2025-11-22,Mississippi Valley State,113.4,92.3,25,9,13,28,1,16
Cal State Bakersfield,2025-11-25,Florida State,71.9,108.5,10,28,13,24,-1,-30
Cal State Bakersfield,2025-11-30,Fresno State,103.1,96.3,15,10,6,24,-1,5
Cal State Bakersfield,2025-12-04,Cal State Northridge,86.7,114.3,20,17,12,19,-1,-21
Cal State Bakersfield,2025-12-06,UC Santa Barbara,115.3,149.6,19,12,4,15,-1,-25
Cal State Bakersfield,2025-12-11,North Dakota State,92.3,107.0,16,16,11,20,1,-11
Cal State Bakersfield,2025-12-13,Pepperdine,88.6,100.1,24,14,14,20,1,-8
Cal State Bakersfield,2025-12-18,Nobel,131.6,89.5,12,11,6,20,1,31
Cal State Bakersfield,2025-12-23,Idaho,97.8,96.2,21,13,7,26,1,1
Cal State Bakersfield,2026-01-01,UC Irvine,110.5,116.2,13,8,18,19,1,-4
Cal State Bakersfield,2026-01-03,UC Davis,111.4,108.6,21,9,11,20,-1,2
Cal State Bakersfield,2026-01-08,UC Riverside,93.6,92.2,13,14,13,24,1,1
Cal State Bakersfield,2026-01-10,Long Beach State,97.9,105.7,18,14,7,23,-1,-6
Cal State Bakersfield,2026-01-15,UC Santa Barbara,109.7,119.3,12,8,8,17,1,-6
Cal State Bakersfield,2026-01-17,UC San Diego,84.7,113.4,22,15,11,27,1,-21
Cal State Bakersfield,2026-01-23,Hawaii,90.6,125.1,11,7,4,19,-1,-27
Cal State Bakersfield,2026-01-29,Cal Poly,99.9,131.5,24,15,11,13,1,-25
Cal State Bakersfield,2026-01-31,UC Davis,102.0,113.3,16,14,6,21,1,-8
Cal State Bakersfield,2026-02-05,UC Irvine,80.9,101.7,11,19,11,29,-1,-16
Cal State Bakersfield,2026-02-07,Cal State Fullerton,85.5,106.3,22,16,13,26,-1,-16
Cal State Bakersfield,2026-02-12,Hawaii,100.9,121.3,12,11,8,19,1,-15
Cal State Bakersfield,2026-02-19,UC Riverside,82.1,117.5,9,13,8,23,-1,-28
Cal State Bakersfield,2026-02-21,Cal State Fullerton,106.7,117.4,25,10,7,23,1,-8
Cal State Bakersfield,2026-02-26,UC San Diego,99.4,116.0,21,13,3,19,-1,-12
Cal State Bakersfield,2026-02-28,Long Beach State,115.7,117.0,10,9,6,20,1,-1
Cal State Bakersfield,2026-03-05,Cal State Northridge,104.3,106.8,24,10,10,21,1,-2
Cal State Bakersfield,2026-03-07,Cal Poly,90.5,128.6,23,18,12,24,-1,-32
Cal State Fullerton,2025-11-03,Cal Tech,140.8,84.9,39,11,16,36,1,54
Cal State Fullerton,2025-11-08,Wyoming,97.6,109.5,16,15,7,28,-1,-10
Cal State Fullerton,2025-11-10,California,82.0,117.4,29,13,8,26,-1,-28
Cal State Fullerton,2025-11-15,Pacific,91.5,106.6,25,6,9,20,1,-12
Cal State Fullerton,2025-11-21,Portland,107.2,129.9,30,13,8,17,-1,-18
Cal State Fullerton,2025-11-22,St. Thomas,111.4,101.3,29,10,5,29,0,8
Cal State Fullerton,2025-11-23,Northern Colorado,113.6,118.5,21,4,9,24,0,-4
Cal State Fullerton,2025-11-29,Pepperdine,115.6,96.1,30,8,11,27,1,14
Cal State Fullerton,2025-12-04,Cal Poly,109.0,112.6,23,14,9,21,1,-3
Cal State Fullerton,2025-12-07,Hawaii,78.3,91.6,19,9,6,29,-1,-10
Cal State Fullerton,2025-12-10,Bethesda CA,136.2,77.5,25,13,10,31,1,50
Cal State Fullerton,2025-12-13,Denver,134.3,110.0,31,11,7,25,-1,19
Cal State Fullerton,2025-12-21,Oklahoma State,110.5,116.7,26,14,10,22,-1,-5
Cal State Fullerton,2025-12-28,SMU,76.6,133.8,32,19,11,20,-1,-47
Cal State Fullerton,2026-01-01,UC Santa Barbara,121.5,107.5,17,10,4,16,1,11
Cal State Fullerton,2026-01-03,UC Irvine,90.3,121.4,30,9,11,15,1,-22
Cal State Fullerton,2026-01-08,UC San Diego,124.9,100.8,29,5,5,17,-1,17
Cal State Fullerton,2026-01-10,Cal State Northridge,108.2,99.4,27,10,6,30,1,7
Cal State Fullerton,2026-01-15,UC Davis,92.7,99.4,24,15,12,19,-1,-5
Cal State Fullerton,2026-01-17,UC Riverside,92.2,103.7,25,14,10,22,-1,-9
Cal State Fullerton,2026-01-22,Long Beach State,105.1,90.3,19,13,4,24,1,10
Cal State Fullerton,2026-01-24,Cal Poly,125.3,105.1,32,8,11,19,-1,15
Cal State Fullerton,2026-01-31,UC Santa Barbara,92.9,111.7,23,15,4,20,-1,-14
Cal State Fullerton,2026-02-05,UC Riverside,102.8,94.9,15,9,5,36,1,6
Cal State Fullerton,2026-02-07,Cal State Bakersfield,106.3,85.5,31,11,7,24,1,16
Cal State Fullerton,2026-02-12,Long Beach State,114.4,109.1,23,10,8,21,-1,4
Cal State Fullerton,2026-02-14,UC Irvine,88.4,117.0,32,9,8,18,-1,-21
Cal State Fullerton,2026-02-19,UC Davis,136.5,135.1,25,11,6,23,1,1
Cal State Fullerton,2026-02-21,Cal State Bakersfield,117.4,106.7,33,9,5,25,-1,8
Cal State Fullerton,2026-02-28,Hawaii,115.8,118.5,26,7,7,21,1,-2
Cal State Fullerton,2026-03-05,UC San Diego,105.1,99.5,35,9,9,21,1,4
Cal State Fullerton,2026-03-07,Cal State Northridge,106.3,90.9,47,11,4,24,-1,13
Cal State Fullerton,2026-03-12,UC Davis,98.9,84.4,18,15,11,38,0,12
Cal State Fullerton,2026-03-13,Hawaii,83.4,103.2,32,10,4,18,0,-15
Cal State Northridge,2025-11-03,Nobel,134.2,78.6,29,15,26,32,1,41
Cal State Northridge,2025-11-06,Northern Iowa,77.2,116.5,21,19,8,25,-1,-29
Cal State Northridge,2025-11-09,North Dakota,119.5,109.2,18,16,11,27,-1,8
Cal State Northridge,2025-11-11,North Dakota State,81.0,107.2,18,20,11,25,-1,-22
Cal State Northridge,2025-11-16,Troy,125.3,113.3,20,14,12,24,1,9
Cal State Northridge,2025-11-26,Idaho,86.7,105.6,23,11,10,25,0,-14
Cal State Northridge,2025-11-28,Idaho State,64.5,105.8,34,15,12,20,0,-32
Cal State Northridge,2025-12-04,Cal State Bakersfield,114.3,86.7,21,12,12,24,1,21
Cal State Northridge,2025-12-06,UC Irvine,99.6,119.3,22,7,8,19,-1,-14
Cal State Northridge,2025-12-10,Fresno State,122.5,119.8,25,13,7,21,1,2
Cal State Northridge,2025-12-13,Delaware,127.4,95.5,23,8,9,25,-1,22
Cal State Northridge,2025-12-19,La Sierra,108.7,65.5,33,8,24,36,1,35
Cal State Northridge,2025-12-22,Sacramento State,118.3,104.1,24,12,6,31,1,12
Cal State Northridge,2025-12-27,Stanford,106.5,117.1,17,14,4,24,-1,-8
Cal State Northridge,2026-01-01,UC Davis,103.3,114.9,23,15,11,23,-1,-9
Cal State Northridge,2026-01-03,UC Santa Barbara,99.9,87.8,18,15,8,26,1,9
Cal State Northridge,2026-01-08,Cal Poly,114.6,108.6,20,14,12,33,1,5
Cal State Northridge,2026-01-10,Cal State Fullerton,99.4,108.2,27,14,9,26,-1,-7
Cal State Northridge,2026-01-15,UC San Diego,112.9,106.2,18,7,10,33,-1,5
Cal State Northridge,2026-01-17,Long Beach State,98.1,106.7,19,14,10,25,1,-7
Cal State Northridge,2026-01-25,Hawaii,83.0,108.7,19,14,10,25,-1,-21
Cal State Northridge,2026-01-29,UC Davis,114.1,94.7,29,12,9,33,1,16
Cal State Northridge,2026-01-31,UC San Diego,104.2,82.3,21,15,8,31,1,17
Cal State Northridge,2026-02-05,Cal Poly,120.2,119.0,27,13,9,22,-1,1
Cal State Northridge,2026-02-07,UC Riverside,116.8,98.3,13,11,5,25,1,14
Cal State Northridge,2026-02-14,Hawaii,116.3,83.1,17,11,6,26,1,24
Cal State Northridge,2026-02-19,UC Santa Barbara,99.2,96.8,17,6,15,32,-1,2
Cal State Northridge,2026-02-21,Long Beach State,103.6,100.9,10,9,9,23,-1,2
Cal State Northridge,2026-02-26,UC Irvine,90.4,91.8,19,17,13,18,1,-1
Cal State Northridge,2026-02-28,UC Riverside,105.1,118.9,16,10,13,29,-1,-11
Cal State Northridge,2026-03-05,Cal State Bakersfield,106.8,104.3,27,17,16,30,-1,2
Cal State Northridge,2026-03-07,Cal State Fullerton,90.9,106.3,32,20,8,33,1,-13
Cal State Northridge,2026-03-12,UC San Diego,108.0,94.5,28,10,7,27,0,10
Cal State Northridge,2026-03-13,UC Irvine,107.4,128.1,25,8,7,13,0,-15
California,2025-11-03,Cal State Bakersfield,116.7,80.5,23,14,9,20,1,27
California,2025-11-06,Wright State,108.2,94.2,21,10,9,32,1,10
California,2025-11-10,Cal State Fullerton,117.4,82.0,30,8,11,32,1,28
California,2025-11-13,Kansas State,119.5,123.3,28,16,7,17,-1,-3
California,2025-11-18,Presbyterian,114.2,97.2,17,9,7,17,1,10
California,2025-11-21,Sacramento State,115.7,85.2,38,12,7,31,1,24
California,2025-11-25,UCLA,108.6,97.7,22,8,5,26,0,8
California,2025-12-02,Utah,112.5,102.5,18,10,7,23,1,7
California,2025-12-06,Pacific,108.3,98.6,21,9,8,21,1,6
California,2025-12-09,Dominican (CA),126.2,96.4,27,5,16,21,1,22
California,2025-12-13,Northwestern State,117.0,103.6,26,11,6,23,1,9
California,2025-12-19,Morgan State,137.6,70.9,20,9,5,29,1,47
California,2025-12-21,Columbia,108.0,81.7,21,6,7,25,1,18
California,2025-12-30,Louisville,97.6,125.5,26,6,7,17,1,-20
California,2026-01-02,Notre Dame,110.7,109.2,39,3,7,24,1,1
California,2026-01-07,Virginia,84.9,118.8,19,9,5,19,-1,-24
California,2026-01-10,Virginia Tech,111.4,115.8,20,12,11,17,-1,-3
California,2026-01-14,Duke,81.7,103.5,23,10,2,20,1,-15
California,2026-01-17,North Carolina,113.6,105.5,26,12,4,25,1,6
California,2026-01-24,Stanford,107.9,91.3,25,10,8,31,-1,12
California,2026-01-28,Florida State,89.0,91.9,28,11,7,33,-1,-2
California,2026-01-31,Miami (FL),124.8,123.3,23,7,4,19,-1,1
California,2026-02-04,Georgia Tech,113.1,106.8,23,14,6,30,1,5
California,2026-02-07,Clemson,87.2,122.1,13,12,3,21,1,-22
California,2026-02-11,Syracuse,107.1,114.5,30,14,9,25,-1,-7
California,2026-02-14,Boston College,129.1,112.6,29,7,4,20,-1,11
California,2026-02-21,Stanford,98.2,90.0,26,9,11,29,1,6
California,2026-02-25,SMU,103.9,98.2,32,7,7,23,1,4
California,2026-02-28,Pittsburgh,85.5,110.0,22,14,6,20,1,-16
California,2026-03-04,Georgia Tech,97.8,83.7,24,9,4,30,-1,11
California,2026-03-07,Wake Forest,101.4,111.2,29,6,7,22,-1,-7
California,2026-03-11,Florida State,125.9,134.3,27,12,13,22,0,-6
California,2026-03-18,Illinois–Chicago,125.3,100.5,28,15,4,20,1,18
California,2026-03-22,Saint Joseph's,107.2,108.7,32,7,10,26,1,-1
California Baptist,2025-11-03,USC Upstate,122.8,105.8,16,7,12,22,1,12
California Baptist,2025-11-07,UC Irvine,96.5,85.3,20,14,17,34,-1,8
California Baptist,2025-11-14,Western Illinois,108.3,92.6,30,6,20,27,1,10
California Baptist,2025-11-18,UC Riverside,101.2,72.1,16,12,20,25,1,23
California Baptist,2025-11-21,Grambling State,112.5,92.2,14,17,7,22,1,13
California Baptist,2025-11-25,San Diego,108.2,86.8,21,16,11,28,0,15
California Baptist,2025-11-29,Oregon State,109.0,100.3,16,7,8,20,-1,6
California Baptist,2025-12-01,Colorado,101.4,112.9,13,9,11,16,-1,-8
California Baptist,2025-12-03,Brigham Young,82.9,125.8,23,14,10,18,0,-31
California Baptist,2025-12-06,Utah,116.8,125.0,21,12,20,21,-1,-6
California Baptist,2025-12-12,Eastern Washington,121.3,114.4,15,15,13,22,-1,5
California Baptist,2025-12-16,Southern,105.7,94.5,33,10,13,24,1,8
California Baptist,2025-12-20,Sacramento State,106.4,96.3,18,13,14,26,1,7
California Baptist,2025-12-29,Utah Valley,95.0,105.0,12,18,4,29,-1,-7
California Baptist,2026-01-01,UT Arlington,78.7,97.2,13,16,6,23,-1,-12
California Baptist,2026-01-03,Tarleton State,101.3,107.9,20,21,10,26,-1,-5
California Baptist,2026-01-08,Utah Tech,131.4,112.6,18,5,14,22,1,12
California Baptist,2026-01-10,Southern Utah,92.3,87.5,22,6,18,22,1,3
California Baptist,2026-01-15,Abilene Christian,114.0,89.3,14,9,10,29,-1,16
California Baptist,2026-01-21,Utah Tech,114.3,100.2,17,6,11,24,1,9
California Baptist,2026-01-24,Utah Valley,100.0,91.1,14,16,7,28,1,7
California Baptist,2026-01-31,UT Arlington,108.7,96.2,20,10,9,27,-1,10
California Baptist,2026-02-05,Tarleton State,82.7,81.3,20,16,17,24,1,1
California Baptist,2026-02-07,Abilene Christian,93.9,91.0,14,11,11,24,1,2
California Baptist,2026-02-12,Southern Utah,120.0,95.4,20,6,11,26,-1,17
California Baptist,2026-02-14,Utah Tech,99.6,107.3,35,5,20,27,-1,-5
California Baptist,2026-02-19,Utah Valley,70.3,99.3,17,18,12,21,-1,-19
California Baptist,2026-02-26,UT Arlington,109.8,90.5,20,8,8,24,1,12
California Baptist,2026-02-28,Tarleton State,120.9,98.7,23,8,14,15,1,15
California Baptist,2026-03-05,Abilene Christian,118.4,65.3,15,13,7,25,1,39
California Baptist,2026-03-07,Southern Utah,117.2,107.2,16,10,9,24,-1,7
California Baptist,2026-03-13,Utah Tech,118.8,99.5,17,12,10,23,0,14
California Baptist,2026-03-15,Utah Valley,93.6,90.6,26,11,6,23,0,2
California Baptist,2026-03-20,Kansas,85.3,96.7,17,8,10,28,0,-8
Campbell,2025-11-03,Wisconsin,88.8,133.2,19,19,9,20,-1,-32
Campbell,2025-11-06,West Virginia,94.9,106.5,14,11,12,24,-1,-8
Campbell,2025-11-09,Western Michigan,111.1,100.1,28,14,6,28,1,9
Campbell,2025-11-13,Mid-Atl Christian,135.5,69.0,24,15,19,33,1,53
Campbell,2025-11-19,Weber State,112.8,120.8,16,13,10,19,-1,-6
Campbell,2025-11-21,UT Arlington,96.8,91.3,15,16,9,26,0,4
Campbell,2025-11-25,Wake Forest,70.0,135.8,26,13,10,18,-1,-48
Campbell,2025-12-02,Penn State,103.5,118.4,23,13,11,23,-1,-11
Campbell,2025-12-07,VU Lynchburg,167.1,69.5,34,11,26,41,1,87
Campbell,2025-12-14,Ball State,99.8,92.6,24,11,17,23,1,5
Campbell,2025-12-17,Gonzaga,83.9,117.5,23,19,9,18,-1,-28
Campbell,2025-12-21,Minnesota,81.8,127.6,16,17,10,14,-1,-28
Campbell,2025-12-23,Green Bay,156.0,120.8,24,7,13,16,1,23
Campbell,2025-12-29,Hofstra,107.1,127.9,27,7,11,12,-1,-14
Campbell,2025-12-31,Monmouth,104.1,99.5,18,14,13,25,-1,3
Campbell,2026-01-03,Northeastern,137.2,116.0,18,6,8,23,1,15
Campbell,2026-01-08,Hampton,110.7,92.7,23,13,6,18,1,14
Campbell,2026-01-10,Elon,118.1,119.6,26,8,7,18,-1,-1
Campbell,2026-01-17,UNC Wilmington,110.1,114.5,22,13,7,21,-1,-3
Campbell,2026-01-22,College of Charleston,114.9,120.4,31,12,12,16,-1,-4
Campbell,2026-01-24,Monmouth,101.2,122.0,26,8,9,15,1,-15
Campbell,2026-01-29,Stony Brook,103.6,121.7,22,8,5,21,1,-12
Campbell,2026-01-31,William & Mary,132.8,122.5,28,11,11,18,-1,8
Campbell,2026-02-05,Drexel,117.3,86.9,14,11,10,19,1,21
Campbell,2026-02-07,North Carolina A&T,111.0,99.8,18,12,7,27,-1,8
Campbell,2026-02-15,College of Charleston,93.0,101.2,21,5,15,19,1,-5
Campbell,2026-02-19,William & Mary,113.1,111.8,29,11,14,19,1,1
Campbell,2026-02-21,UNC Wilmington,98.1,105.3,17,6,5,27,1,-5
Campbell,2026-02-26,Drexel,92.0,99.7,20,11,11,22,-1,-5
Campbell,2026-02-28,Towson,110.4,117.0,21,3,16,17,-1,-4
Campbell,2026-03-03,North Carolina A&T,124.6,99.7,23,13,10,22,1,18
Campbell,2026-03-07,Stony Brook,130.1,120.7,10,13,8,22,0,7
Campbell,2026-03-08,UNC Wilmington,114.0,93.8,22,8,5,26,0,15
Campbell,2026-03-09,Monmouth,93.8,108.5,18,23,11,19,0,-10
Canisius,2025-11-03,Dayton,74.6,136.8,19,17,9,20,-1,-40
Canisius,2025-11-06,Allegheny,119.4,61.1,30,12,14,27,1,41
Canisius,2025-11-08,St. Bonaventure,108.0,137.3,19,10,5,14,-1,-19
Canisius,2025-11-12,Mercyhurst,93.4,88.6,13,13,5,21,1,3
Canisius,2025-11-17,High Point,73.2,136.1,17,19,10,18,-1,-43
Canisius,2025-11-21,Maryland Eastern Shore,104.8,99.6,23,11,8,20,1,3
Canisius,2025-11-23,Binghamton,122.8,108.0,18,7,5,18,1,9
Canisius,2025-11-29,Buffalo,81.1,108.6,20,12,7,25,1,-18
Canisius,2025-12-05,Saint Peter's,89.3,108.1,19,11,14,22,-1,-12
Canisius,2025-12-07,Siena,79.6,113.3,20,14,11,24,-1,-22
Canisius,2025-12-13,Maine,104.7,64.3,20,12,9,28,-1,27
Canisius,2025-12-16,Rhode Island,69.3,95.5,15,18,6,21,-1,-17
Canisius,2025-12-22,Duquesne,82.2,143.4,14,19,6,21,-1,-44
Canisius,2026-01-02,Fairfield,122.5,116.8,28,6,8,24,1,4
Canisius,2026-01-04,Sacred Heart,119.8,114.0,18,10,5,21,1,4
Canisius,2026-01-09,Manhattan,105.8,96.7,17,8,14,28,-1,6
Canisius,2026-01-11,Iona,77.0,118.7,18,6,9,20,-1,-26
Canisius,2026-01-14,Niagara,88.4,96.6,28,10,13,22,1,-5
Canisius,2026-01-17,Mount St. Mary's,99.0,113.5,34,9,4,16,1,-10
Canisius,2026-01-22,Sacred Heart,96.3,100.7,30,10,7,28,-1,-3
Canisius,2026-01-24,Fairfield,85.0,94.3,22,13,14,17,-1,-6
Canisius,2026-01-30,Marist,117.3,120.0,30,12,13,19,1,-2
Canisius,2026-02-01,Siena,98.3,121.7,30,13,11,15,1,-15
Canisius,2026-02-03,Niagara,99.0,115.0,23,7,4,17,-1,-9
Canisius,2026-02-05,Quinnipiac,82.9,103.7,20,14,9,21,-1,-15
Canisius,2026-02-13,Iona,95.0,104.1,26,15,8,21,1,-6
Canisius,2026-02-15,Manhattan,98.1,104.1,22,9,8,19,1,-4
Canisius,2026-02-20,Rider,104.3,95.7,20,15,9,30,-1,6
Canisius,2026-02-22,Mount St. Mary's,75.0,108.5,18,17,5,19,-1,-21
Canisius,2026-02-27,Merrimack,108.5,100.4,13,12,7,22,1,5
Canisius,2026-03-01,Quinnipiac,93.4,99.4,26,6,8,27,1,-4
Central Arkansas,2025-11-03,North Carolina,70.3,122.3,29,17,8,19,-1,-40
Central Arkansas,2025-11-08,Champion Christian,129.0,73.9,46,12,12,40,1,47
Central Arkansas,2025-11-11,Arkansas,73.5,122.0,41,8,7,21,-1,-37
Central Arkansas,2025-11-16,Samford,98.4,107.4,22,11,10,29,1,-7
Central Arkansas,2025-11-20,North Texas,80.3,106.2,24,19,9,24,-1,-18
Central Arkansas,2025-11-23,Eastern Washington,128.8,91.0,30,10,8,24,1,27
Central Arkansas,2025-11-25,Eastern Illinois,127.7,94.6,30,12,9,23,1,21
Central Arkansas,2025-11-29,East Tennessee State,79.5,111.6,41,13,5,26,-1,-23
Central Arkansas,2025-12-03,Little Rock,118.1,65.3,41,14,11,28,1,38
Central Arkansas,2025-12-07,East Texas A&M,90.1,99.3,21,12,2,26,-1,-7
Central Arkansas,2025-12-13,Vanderbilt,93.9,108.3,32,12,9,22,-1,-11
Central Arkansas,2025-12-17,Kansas Christian,123.3,56.8,44,10,21,34,1,55
Central Arkansas,2025-12-21,SMU,109.5,132.2,26,15,7,12,-1,-17
Central Arkansas,2026-01-01,Florida Gulf Coast,129.6,126.5,23,6,8,21,1,2
Central Arkansas,2026-01-03,Stetson,133.0,104.4,32,10,12,19,1,20
Central Arkansas,2026-01-08,Bellarmine,103.8,111.8,42,9,14,25,-1,-6
Central Arkansas,2026-01-10,Eastern Kentucky,106.0,111.7,33,12,11,26,-1,-4
Central Arkansas,2026-01-15,Jacksonville,99.2,96.0,17,10,6,25,1,2
Central Arkansas,2026-01-17,North Florida,131.5,92.6,38,7,9,27,1,29
Central Arkansas,2026-01-22,West Georgia,126.7,95.7,24,8,2,14,-1,21
Central Arkansas,2026-01-28,Queens (NC),134.1,120.7,27,9,6,23,-1,10
Central Arkansas,2026-01-31,Eastern Kentucky,115.6,104.0,31,6,7,26,1,9
Central Arkansas,2026-02-04,North Alabama,118.4,87.7,33,10,8,26,1,21
Central Arkansas,2026-02-07,Lipscomb,118.3,107.3,27,11,14,25,-1,8
Central Arkansas,2026-02-09,North Alabama,106.8,96.4,29,13,8,17,-1,7
Central Arkansas,2026-02-11,Bellarmine,130.0,117.6,29,4,10,18,1,8
Central Arkansas,2026-02-14,West Georgia,111.5,87.5,23,7,10,26,1,17
Central Arkansas,2026-02-19,Stetson,137.2,118.5,33,9,14,16,-1,12
Central Arkansas,2026-02-21,Florida Gulf Coast,95.5,100.9,32,10,6,29,-1,-4
Central Arkansas,2026-02-25,Austin Peay,136.2,128.9,30,9,5,14,-1,5
Central Arkansas,2026-02-28,Queens (NC),117.6,110.6,23,10,9,20,1,5
Central Arkansas,2026-03-06,Bellarmine,134.1,113.8,26,10,5,18,0,13
Central Arkansas,2026-03-07,Florida Gulf Coast,102.7,88.7,25,10,9,29,0,10
Central Arkansas,2026-03-08,Queens (NC),113.9,120.0,36,11,14,20,0,-5
Central Connecticut State,2025-11-03,Vermont St.–Johnson,153.4,72.1,31,9,18,40,1,62
Central Connecticut State,2025-11-06,Quinnipiac,71.0,102.9,23,9,12,28,-1,-22
Central Connecticut State,2025-11-11,Boston College,90.2,88.7,22,10,9,27,-1,1
Central Connecticut State,2025-11-16,Massachusetts,96.5,105.3,15,13,5,20,-1,-7
Central Connecticut State,2025-11-21,Rutgers,105.2,84.8,21,6,11,25,-1,13
Central Connecticut State,2025-11-24,Sacred Heart,130.1,127.7,16,11,7,23,1,2
Central Connecticut State,2025-11-30,Johnson/Wales-RI,157.7,73.7,22,9,7,40,1,65
Central Connecticut State,2025-12-03,Seton Hall,94.0,118.6,21,15,6,23,-1,-16
Central Connecticut State,2025-12-07,Northeastern,80.2,104.5,17,8,7,24,-1,-17
Central Connecticut State,2025-12-13,Binghamton,129.6,103.4,21,10,5,24,-1,17
Central Connecticut State,2025-12-18,Fairfield,103.4,124.1,28,8,11,18,1,-14
Central Connecticut State,2026-01-02,LIU,133.2,143.5,16,7,8,16,-1,-6
Central Connecticut State,2026-01-04,New Haven,120.3,101.9,25,9,6,21,1,11
Central Connecticut State,2026-01-08,Stonehill,115.5,104.8,14,12,5,19,1,7
Central Connecticut State,2026-01-10,Le Moyne,95.2,81.4,22,11,11,31,-1,10
Central Connecticut State,2026-01-17,Saint Francis (PA),142.4,130.8,19,6,2,22,-1,8
Central Connecticut State,2026-01-19,Mercyhurst,94.6,122.5,22,10,10,15,-1,-18
Central Connecticut State,2026-01-23,FDU,111.5,128.4,15,11,9,21,1,-10
Central Connecticut State,2026-01-26,Stonehill,88.5,91.5,11,13,4,24,-1,-2
Central Connecticut State,2026-01-29,Wagner,104.2,92.4,21,7,5,25,-1,7
Central Connecticut State,2026-01-31,LIU,85.2,115.5,25,11,6,18,1,-21
Central Connecticut State,2026-02-05,Chicago State,124.1,106.6,25,14,8,27,1,11
Central Connecticut State,2026-02-07,Wagner,124.1,99.0,11,10,7,27,1,17
Central Connecticut State,2026-02-12,New Haven,115.0,107.9,16,15,4,23,-1,5
Central Connecticut State,2026-02-14,FDU,108.6,98.3,18,7,10,21,-1,6
Central Connecticut State,2026-02-19,Le Moyne,110.2,108.8,32,9,6,24,1,1
Central Connecticut State,2026-02-21,Chicago State,79.8,109.5,24,13,12,20,-1,-19
Central Connecticut State,2026-02-26,Mercyhurst,118.6,115.6,10,8,6,23,1,2
Central Connecticut State,2026-02-28,Saint Francis (PA),106.3,98.6,15,13,7,22,1,5
Central Connecticut State,2026-03-04,Wagner,100.1,116.8,17,4,9,21,1,-10
Central Michigan,2025-11-03,Appalachian State,127.3,102.4,18,10,11,28,1,16
Central Michigan,2025-11-08,Bradley,77.7,122.3,13,15,8,21,-1,-31
Central Michigan,2025-11-13,South Alabama,101.0,104.2,44,10,15,22,0,-2
Central Michigan,2025-11-14,Coppin State,112.6,81.0,21,8,11,31,0,23
Central Michigan,2025-11-20,Northern Kentucky,93.8,127.9,17,19,9,19,1,-24
Central Michigan,2025-11-22,Marquette,99.8,119.5,18,10,14,17,-1,-14
Central Michigan,2025-11-25,Adrian,124.3,74.3,19,19,13,30,1,45
Central Michigan,2025-12-02,Loyola Chicago,106.9,123.2,14,10,4,20,-1,-11
Central Michigan,2025-12-07,Saint Louis,94.6,155.8,21,12,9,17,-1,-42
Central Michigan,2025-12-13,Stony Brook,87.8,124.6,23,6,7,10,-1,-23
Central Michigan,2025-12-17,Olivet,106.9,81.8,24,14,12,29,1,20
Central Michigan,2025-12-20,Northern Illinois,112.0,113.6,21,11,12,17,-1,-1
Central Michigan,2025-12-22,Wisconsin,91.4,131.9,17,6,2,19,-1,-27
Central Michigan,2025-12-30,Ohio,83.6,104.5,13,14,8,29,1,-16
Central Michigan,2026-01-03,Toledo,105.0,109.2,19,8,2,20,1,-3
Central Michigan,2026-01-06,Akron,99.2,117.9,17,15,5,13,-1,-13
Central Michigan,2026-01-10,Kent State,119.2,116.4,25,7,17,22,1,2
Central Michigan,2026-01-13,Miami (OH),87.1,142.9,19,15,10,16,-1,-39
Central Michigan,2026-01-20,Ball State,109.0,110.6,19,12,9,21,1,-1
Central Michigan,2026-01-24,Western Michigan,94.2,111.6,23,10,11,20,-1,-12
Central Michigan,2026-01-27,Eastern Michigan,133.0,86.5,19,8,9,23,1,35
Central Michigan,2026-01-31,Bowling Green,86.2,82.0,16,13,10,29,1,3
Central Michigan,2026-02-03,Massachusetts,124.7,133.1,22,21,8,15,-1,-6
Central Michigan,2026-02-07,Louisiana,124.0,131.8,19,9,4,13,-1,-5
Central Michigan,2026-02-14,Northern Illinois,128.9,67.4,11,9,7,25,1,42
Central Michigan,2026-02-17,Eastern Michigan,80.2,98.1,17,12,10,19,-1,-12
Central Michigan,2026-02-21,Western Michigan,110.0,92.8,16,11,5,20,1,13
Central Michigan,2026-02-24,Kent State,117.6,120.5,25,12,8,16,-1,-2
Central Michigan,2026-02-28,Buffalo,115.1,107.4,22,15,12,25,-1,5
Central Michigan,2026-03-03,Akron,94.1,113.2,23,14,5,19,1,-13
Central Michigan,2026-03-06,Ball State,102.1,125.8,12,11,8,18,-1,-16
Charleston Southern,2025-11-03,Virginia Tech,82.7,121.0,31,14,12,23,-1,-31
Charleston Southern,2025-11-06,Toccoa Falls,127.9,85.6,50,10,13,33,1,35
Charleston Southern,2025-11-10,The Citadel,129.5,116.0,32,9,12,25,-1,10
Charleston Southern,2025-11-13,Alabama A&M,89.7,95.3,23,18,12,22,-1,-4
Charleston Southern,2025-11-14,Lindenwood,96.1,103.5,34,16,8,32,0,-6
Charleston Southern,2025-11-18,IU Indy,120.6,106.6,39,17,11,34,1,12
Charleston Southern,2025-11-21,East Carolina,108.0,91.2,34,8,4,26,-1,12
Charleston Southern,2025-11-25,Piedmont,108.5,94.5,47,17,11,38,1,12
Charleston Southern,2025-11-28,South Carolina,87.5,104.5,31,9,11,26,-1,-12
Charleston Southern,2025-12-02,UT Martin,82.4,107.4,38,13,10,26,-1,-17
Charleston Southern,2025-12-04,Warren Wilson,147.4,74.9,54,14,20,44,1,61
Charleston Southern,2025-12-08,South Carolina State,119.4,62.6,32,9,9,30,1,40
Charleston Southern,2025-12-18,North Florida,140.0,111.5,43,12,7,26,1,23
Charleston Southern,2025-12-21,Furman,100.2,110.8,34,9,8,30,-1,-8
Charleston Southern,2025-12-28,Richmond,102.9,96.2,37,13,13,25,-1,5
Charleston Southern,2025-12-31,Gardner-Webb,119.9,106.5,25,11,9,27,-1,10
Charleston Southern,2026-01-03,UNC Asheville,116.0,111.9,22,16,11,21,1,3
Charleston Southern,2026-01-07,Winthrop,97.1,102.1,31,9,12,28,-1,-4
Charleston Southern,2026-01-10,High Point,98.7,101.1,29,11,7,32,1,-2
Charleston Southern,2026-01-14,USC Upstate,98.3,104.4,25,11,5,31,1,-5
Charleston Southern,2026-01-21,Presbyterian,113.8,119.3,34,9,9,23,-1,-4
Charleston Southern,2026-01-23,Longwood,93.7,96.1,38,21,8,26,-1,-2
Charleston Southern,2026-01-29,Radford,92.7,103.8,32,16,12,24,1,-9
Charleston Southern,2026-02-04,High Point,77.0,112.0,30,28,8,22,-1,-25
Charleston Southern,2026-02-07,USC Upstate,118.3,125.8,37,17,17,27,-1,-6
Charleston Southern,2026-02-12,Presbyterian,119.2,95.1,26,14,10,17,1,17
Charleston Southern,2026-02-14,Radford,102.4,115.2,32,15,8,18,-1,-10
Charleston Southern,2026-02-17,Gardner-Webb,99.5,87.6,23,10,10,33,1,9
Charleston Southern,2026-02-21,Longwood,109.7,122.2,30,19,8,29,1,-11
Charleston Southern,2026-02-26,Winthrop,101.7,99.3,37,15,12,22,1,2
Charleston Southern,2026-02-28,UNC Asheville,127.2,103.7,22,15,2,23,-1,17
Charleston Southern,2026-03-06,Winthrop,103.4,109.8,28,5,5,33,0,-5
Charlotte,2025-11-03,Indiana State,128.5,106.1,21,8,14,25,1,16
Charlotte,2025-11-07,Tennessee Tech,104.2,96.7,21,18,7,21,1,5
Charlotte,2025-11-11,Davidson,93.9,105.8,21,8,13,19,1,-7
Charlotte,2025-11-16,Virginia Tech,112.2,124.0,23,8,13,24,-1,-8
Charlotte,2025-11-21,Appalachian State,105.7,109.1,25,10,11,20,-1,-2
Charlotte,2025-11-23,Shaw,116.4,110.8,24,15,11,25,1,4
Charlotte,2025-11-27,Illinois State,104.0,119.1,19,13,9,21,0,-10
Charlotte,2025-11-28,Richmond,103.5,111.3,26,7,6,19,0,-5
Charlotte,2025-12-02,North Carolina A&T,115.8,89.2,22,11,8,20,1,17
Charlotte,2025-12-07,Utah State,80.6,120.1,27,18,12,19,1,-26
Charlotte,2025-12-14,College of Charleston,97.6,107.8,29,9,8,22,-1,-7
Charlotte,2025-12-18,Lafayette,134.8,111.5,31,5,6,23,1,14
Charlotte,2025-12-21,Illinois–Chicago,120.9,104.4,22,12,15,27,1,12
Charlotte,2025-12-30,Temple,107.6,112.0,17,11,8,20,1,-3
Charlotte,2026-01-03,Wichita State,132.9,127.8,29,9,14,15,1,4
Charlotte,2026-01-07,UTSA,112.3,88.0,33,9,12,31,-1,16
Charlotte,2026-01-11,Rice,112.1,110.5,23,12,5,22,-1,1
Charlotte,2026-01-14,Tulsa,110.8,128.8,21,8,5,16,1,-12
Charlotte,2026-01-18,East Carolina,112.5,107.9,21,16,6,27,-1,3
Charlotte,2026-01-23,Tulane,110.6,106.1,21,13,10,23,1,3
Charlotte,2026-01-28,Temple,135.5,128.7,23,8,13,13,-1,4
Charlotte,2026-01-30,Rice,129.9,113.7,17,9,8,18,1,10
Charlotte,2026-02-04,Wichita State,94.8,109.6,18,14,8,23,-1,-10
Charlotte,2026-02-08,Memphis,76.2,108.6,32,15,5,21,-1,-23
Charlotte,2026-02-15,UTSA,119.1,132.7,33,13,10,21,1,-9
Charlotte,2026-02-18,Tulsa,111.0,118.5,28,11,4,22,-1,-5
Charlotte,2026-02-21,East Carolina,103.4,85.2,26,7,12,27,1,12
Charlotte,2026-02-25,North Texas,126.4,124.8,17,11,5,18,1,1
Charlotte,2026-03-01,Florida Atlantic,104.9,106.2,31,9,7,25,-1,-1
Charlotte,2026-03-04,UAB,116.0,125.4,27,7,6,19,1,-6
Charlotte,2026-03-08,South Florida,89.6,124.0,30,15,12,21,-1,-23
Charlotte,2026-03-12,Tulane,117.4,95.2,32,11,12,28,0,14
Charlotte,2026-03-13,UAB,123.7,116.3,29,7,7,25,0,5
Charlotte,2026-03-14,South Florida,89.2,119.9,29,14,14,20,0,-22
Chattanooga,2025-11-03,Union (KY),121.5,51.5,50,6,13,36,1,53
Chattanooga,2025-11-07,St. Mary's (CA),97.9,129.1,21,11,2,13,-1,-21
Chattanooga,2025-11-08,UNLV,98.8,144.6,27,12,5,15,-1,-32
Chattanooga,2025-11-15,Florida Gulf Coast,104.8,130.6,27,8,4,17,-1,-18
Chattanooga,2025-11-19,South Carolina State,107.8,91.2,26,12,8,28,-1,12
Chattanooga,2025-11-22,North Alabama,113.9,91.4,33,11,12,22,1,14
Chattanooga,2025-11-28,Tennessee Wesleyan,143.5,77.7,39,7,12,33,1,50
Chattanooga,2025-11-30,Tennessee State,97.1,106.2,35,7,6,25,1,-6
Chattanooga,2025-12-06,Southeast Missouri State,105.8,111.8,17,12,4,22,1,-4
Chattanooga,2025-12-09,Oakwood,147.9,66.0,49,10,20,31,1,57
Chattanooga,2025-12-13,Auburn,109.0,128.6,20,6,3,15,0,-14
Chattanooga,2025-12-17,Bellarmine,93.7,115.7,46,7,9,20,-1,-15
Chattanooga,2025-12-21,Alabama A&M,113.6,102.7,26,8,5,27,-1,7
Chattanooga,2026-01-01,UNC Greensboro,105.1,112.4,35,9,5,20,-1,-5
Chattanooga,2026-01-03,VMI,101.3,112.7,24,12,6,23,-1,-8
Chattanooga,2026-01-07,Furman,96.9,112.8,34,12,9,17,1,-11
Chattanooga,2026-01-10,Samford,119.3,107.1,19,3,3,28,1,9
Chattanooga,2026-01-14,Wofford,111.0,97.9,24,9,3,30,-1,9
Chattanooga,2026-01-17,Western Carolina,132.4,120.6,31,7,2,23,-1,8
Chattanooga,2026-01-21,East Tennessee State,96.0,97.5,29,14,5,24,1,-1
Chattanooga,2026-01-24,Samford,102.3,119.9,26,7,5,27,-1,-11
Chattanooga,2026-01-29,Wofford,81.2,119.5,29,10,7,26,1,-26
Chattanooga,2026-02-01,Furman,104.0,111.5,29,11,11,19,-1,-5
Chattanooga,2026-02-05,Mercer,110.3,104.7,22,15,3,21,1,4
Chattanooga,2026-02-07,The Citadel,102.2,112.3,29,12,9,19,1,-7
Chattanooga,2026-02-11,East Tennessee State,90.8,108.7,24,10,4,29,-1,-12
Chattanooga,2026-02-14,Western Carolina,106.5,113.5,28,8,5,19,1,-5
Chattanooga,2026-02-19,Mercer,145.8,139.6,22,5,8,23,-1,4
Chattanooga,2026-02-21,The Citadel,128.0,99.1,29,13,4,32,-1,21
Chattanooga,2026-02-26,UNC Greensboro,102.9,109.4,38,10,7,26,1,-5
Chattanooga,2026-02-28,VMI,133.6,122.7,31,2,10,24,1,7
Chattanooga,2026-03-06,The Citadel,132.9,137.6,25,7,6,23,0,-3
Chicago State,2025-11-03,DePaul,81.8,121.4,16,16,6,22,-1,-30
Chicago State,2025-11-06,Saint Louis,97.0,121.8,19,14,6,18,-1,-22
Chicago State,2025-11-11,Butler,89.5,132.9,10,15,3,17,-1,-32
Chicago State,2025-11-15,Illinois–Chicago,100.1,106.4,20,9,10,16,1,-4
Chicago State,2025-11-18,Minnesota,82.7,101.1,14,11,6,18,-1,-12
Chicago State,2025-11-20,Iowa,86.3,148.6,11,11,6,14,-1,-39
Chicago State,2025-11-25,Purdue Fort Wayne,106.1,124.0,21,17,6,15,-1,-13
Chicago State,2025-11-28,Youngstown State,88.4,120.2,13,10,8,24,-1,-23
Chicago State,2025-12-01,St. Xavier (IL),115.1,84.0,30,14,22,30,1,23
Chicago State,2025-12-06,Illinois State,76.7,137.4,19,14,11,17,-1,-42
Chicago State,2025-12-14,Loyola Chicago,114.9,102.6,19,6,11,20,-1,9
Chicago State,2025-12-16,Bowling Green,77.8,107.5,13,10,8,23,-1,-21
Chicago State,2025-12-20,Indiana,82.0,110.3,20,9,8,20,-1,-20
Chicago State,2026-01-02,Wagner,109.9,120.5,17,4,8,19,1,-7
Chicago State,2026-01-04,LIU,82.5,111.0,14,8,11,17,1,-19
Chicago State,2026-01-08,FDU,92.5,102.8,23,13,3,16,-1,-7
Chicago State,2026-01-10,Stonehill,113.1,117.3,17,4,4,18,-1,-3
Chicago State,2026-01-17,Le Moyne,82.2,103.8,15,13,3,21,1,-15
Chicago State,2026-01-19,New Haven,90.0,99.6,14,10,5,14,1,-6
Chicago State,2026-01-23,Saint Francis (PA),89.7,121.1,20,11,14,15,-1,-21
Chicago State,2026-01-25,Mercyhurst,97.9,101.2,23,6,7,21,-1,-2
Chicago State,2026-01-31,Mercyhurst,114.8,108.9,21,9,12,22,1,4
Chicago State,2026-02-05,Central Connecticut State,106.6,124.1,24,3,5,13,-1,-11
Chicago State,2026-02-07,New Haven,107.9,97.6,16,5,6,28,-1,6
Chicago State,2026-02-09,Saint Francis (PA),111.1,104.2,21,10,11,18,1,5
Chicago State,2026-02-12,Stonehill,123.7,100.1,15,7,7,17,1,13
Chicago State,2026-02-14,Le Moyne,90.8,116.8,22,9,10,23,-1,-18
Chicago State,2026-02-19,FDU,109.5,111.4,14,8,4,17,1,-1
Chicago State,2026-02-21,Central Connecticut State,109.5,79.8,28,5,8,24,1,19
Chicago State,2026-02-26,LIU,82.6,107.7,21,10,7,17,-1,-17
Chicago State,2026-02-28,Wagner,87.9,115.3,16,8,7,19,-1,-19
Chicago State,2026-03-04,LIU,122.2,128.7,15,9,10,14,-1,-4
Cincinnati,2025-11-03,Western Carolina,118.3,79.3,28,14,6,27,1,31
Cincinnati,2025-11-07,Georgia State,98.1,84.8,31,15,12,26,1,10
Cincinnati,2025-11-11,Dayton,91.1,76.4,19,23,5,36,1,12
Cincinnati,2025-11-16,Mount St. Mary's,97.3,74.3,29,10,14,29,1,17
Cincinnati,2025-11-21,Louisville,87.7,101.4,29,13,10,25,0,-10
Cincinnati,2025-11-24,NJIT,121.2,86.4,32,9,10,26,1,27
Cincinnati,2025-11-26,Eastern Michigan,84.1,96.2,29,12,6,20,1,-8
Cincinnati,2025-12-01,Tarleton State,106.5,81.2,36,20,13,24,1,18
Cincinnati,2025-12-05,Xavier,99.1,105.8,33,9,13,35,-1,-5
Cincinnati,2025-12-13,Georgia,84.2,108.9,27,14,12,21,0,-19
Cincinnati,2025-12-17,Alabama State,122.9,71.2,35,7,11,31,1,37
Cincinnati,2025-12-21,Clemson,96.5,100.9,25,12,10,23,0,-3
Cincinnati,2025-12-29,Lipscomb,125.0,87.0,29,7,14,31,1,27
Cincinnati,2026-01-03,Houston,91.7,102.4,20,15,6,21,1,-7
Cincinnati,2026-01-06,West Virginia,94.2,97.3,35,8,10,20,-1,-2
Cincinnati,2026-01-11,UCF,107.4,108.9,19,7,9,16,-1,-1
Cincinnati,2026-01-14,Colorado,102.8,90.8,16,10,5,23,1,9
Cincinnati,2026-01-17,Iowa State,118.3,104.8,34,7,14,23,1,9
Cincinnati,2026-01-21,Arizona,75.6,114.1,21,14,9,18,-1,-26
Cincinnati,2026-01-24,Arizona State,95.0,114.6,17,14,10,23,-1,-14
Cincinnati,2026-01-28,Baylor,95.1,80.9,29,8,6,30,1,10
Cincinnati,2026-01-31,Houston,90.2,127.0,23,16,8,21,-1,-22
Cincinnati,2026-02-05,West Virginia,88.3,96.5,23,12,11,22,1,-5
Cincinnati,2026-02-08,UCF,131.3,102.8,18,10,7,28,1,20
Cincinnati,2026-02-11,Kansas State,127.4,86.8,28,11,10,23,-1,29
Cincinnati,2026-02-15,Utah,106.5,100.3,15,6,6,20,1,4
Cincinnati,2026-02-21,Kansas,124.2,100.5,31,8,11,26,-1,16
Cincinnati,2026-02-24,Texas Tech,110.9,130.4,24,3,10,13,-1,-12
Cincinnati,2026-02-28,Oklahoma State,123.3,92.1,34,8,11,27,1,23
Cincinnati,2026-03-03,Brigham Young,121.2,91.6,23,6,7,26,1,22
Cincinnati,2026-03-07,TCU,94.9,109.9,31,18,9,23,-1,-10
Cincinnati,2026-03-10,Utah,109.7,99.1,23,7,10,27,0,7
Cincinnati,2026-03-11,UCF,83.3,84.6,26,18,9,35,0,-1
Clemson,2025-11-03,New Hampshire,130.6,56.4,19,6,7,35,1,50
Clemson,2025-11-07,Gardner-Webb,137.7,83.8,36,3,18,27,1,38
Clemson,2025-11-11,Morehead State,134.1,90.5,30,5,14,23,1,27
Clemson,2025-11-15,Georgetown,104.4,111.5,29,10,10,23,-1,-5
Clemson,2025-11-17,North Alabama,129.0,97.1,35,11,17,26,1,20
Clemson,2025-11-21,West Virginia,106.8,102.3,22,11,6,26,0,3
Clemson,2025-11-23,Georgia,117.5,113.9,25,10,13,29,0,3
Clemson,2025-11-28,Alabama A&M,130.2,79.3,23,11,9,33,1,36
Clemson,2025-12-03,Alabama,115.8,124.1,19,6,16,23,-1,-6
Clemson,2025-12-09,Brigham Young,100.2,104.9,29,11,14,17,0,-3
Clemson,2025-12-13,Mercer,109.1,98.2,26,9,7,26,1,7
Clemson,2025-12-16,South Carolina,100.3,89.9,14,8,3,23,1,7
Clemson,2025-12-21,Cincinnati,100.9,96.5,20,12,1,22,0,3
Clemson,2025-12-31,Syracuse,96.2,91.7,16,8,4,20,-1,3
Clemson,2026-01-03,Pittsburgh,109.5,102.0,21,14,4,23,-1,5
Clemson,2026-01-07,SMU,112.0,105.9,31,8,10,22,1,4
Clemson,2026-01-10,Notre Dame,117.7,94.5,26,4,5,23,-1,15
Clemson,2026-01-13,Boston College,111.2,75.1,19,10,8,25,1,24
Clemson,2026-01-17,Miami (FL),106.6,91.2,17,11,4,24,1,10
Clemson,2026-01-20,NC State,107.6,113.3,28,13,9,25,1,-4
Clemson,2026-01-24,Georgia Tech,114.7,93.9,28,8,6,28,-1,14
Clemson,2026-01-31,Pittsburgh,110.8,91.4,21,10,3,19,1,11
Clemson,2026-02-04,Stanford,105.0,101.8,17,12,4,28,-1,2
Clemson,2026-02-07,California,122.1,87.2,26,8,4,25,-1,22
Clemson,2026-02-11,Virginia Tech,101.8,117.2,16,9,8,16,1,-10
Clemson,2026-02-14,Duke,85.8,106.5,24,7,5,21,-1,-13
Clemson,2026-02-18,Wake Forest,115.6,127.6,26,9,9,16,-1,-8
Clemson,2026-02-21,Florida State,106.8,115.0,33,8,9,17,1,-5
Clemson,2026-02-28,Louisville,112.8,105.7,21,9,4,26,1,5
Clemson,2026-03-03,North Carolina,94.0,100.0,20,10,6,28,-1,-4
Clemson,2026-03-07,Georgia Tech,115.1,110.7,26,8,8,17,1,3
Clemson,2026-03-11,Wake Forest,116.1,101.4,31,4,15,23,0,9
Clemson,2026-03-12,North Carolina,114.3,112.9,19,6,3,25,0,1
Clemson,2026-03-13,Duke,95.8,114.6,25,6,7,17,0,-12
Clemson,2026-03-20,Iowa,110.5,121.3,26,3,8,16,0,-6
Cleveland State,2025-11-03,Loyola Chicago,115.2,119.1,30,14,11,23,-1,-3
Cleveland State,2025-11-06,Capital,101.2,99.8,28,15,8,25,1,1
Cleveland State,2025-11-10,Northwestern,85.4,149.0,29,17,10,15,-1,-47
Cleveland State,2025-11-15,Kent State,122.5,131.5,36,14,13,18,0,-7
Cleveland State,2025-11-16,Radford,104.8,98.7,26,14,7,31,0,5
Cleveland State,2025-11-19,Valparaiso,104.6,125.5,25,9,3,18,1,-15
Cleveland State,2025-11-22,Kent State,89.7,114.9,18,16,3,21,-1,-20
Cleveland State,2025-11-25,Waynesburg,131.1,67.3,22,14,22,34,1,53
Cleveland State,2025-11-28,Missouri,79.5,115.9,29,17,7,15,-1,-27
Cleveland State,2025-12-03,Northern Kentucky,113.1,134.3,25,17,7,12,-1,-15
Cleveland State,2025-12-06,Detroit Mercy,90.4,108.8,30,11,15,22,1,-12
Cleveland State,2025-12-14,Oakland City,141.1,76.4,31,12,18,29,1,44
Cleveland State,2025-12-17,UAB,102.7,134.8,28,13,3,21,-1,-24
Cleveland State,2025-12-21,Milwaukee,106.6,121.6,23,6,5,20,1,-10
Cleveland State,2025-12-29,IU Indy,130.2,113.1,23,11,10,25,1,13
Cleveland State,2026-01-04,Purdue Fort Wayne,105.8,110.3,42,13,12,19,-1,-3
Cleveland State,2026-01-09,Oakland,92.2,120.8,27,12,13,21,-1,-23
Cleveland State,2026-01-11,Detroit Mercy,110.4,123.6,33,14,7,15,-1,-10
Cleveland State,2026-01-15,Green Bay,120.2,144.9,27,9,4,15,1,-15
Cleveland State,2026-01-17,Youngstown State,111.8,109.0,20,15,2,22,1,2
Cleveland State,2026-01-21,Wright State,122.3,113.7,23,9,4,25,-1,6
Cleveland State,2026-01-30,Green Bay,134.0,123.4,29,10,6,21,-1,7
Cleveland State,2026-02-01,Milwaukee,124.0,121.2,36,11,6,20,-1,2
Cleveland State,2026-02-04,Oakland,124.2,106.5,40,9,11,22,1,13
Cleveland State,2026-02-07,IU Indy,98.0,108.6,35,15,10,24,-1,-8
Cleveland State,2026-02-12,Robert Morris,110.0,137.5,26,6,5,16,1,-17
Cleveland State,2026-02-15,Wright State,117.3,132.9,28,10,4,15,1,-12
Cleveland State,2026-02-18,Youngstown State,115.2,148.9,47,7,6,15,-1,-24
Cleveland State,2026-02-22,Purdue Fort Wayne,113.6,121.5,39,13,5,25,1,-6
Cleveland State,2026-02-25,Northern Kentucky,95.0,110.0,24,12,6,19,1,-11
Cleveland State,2026-02-28,Robert Morris,97.1,125.9,27,9,8,17,-1,-19
Cleveland State,2026-03-04,Wright State,87.5,129.1,27,9,6,18,-1,-29
Coastal Carolina,2025-11-03,Western Michigan,94.0,100.6,29,13,7,25,-1,-5
Coastal Carolina,2025-11-07,VU Lynchburg,135.0,49.1,41,13,19,56,1,77
Coastal Carolina,2025-11-11,Winthrop,98.7,90.5,26,17,8,32,1,6
Coastal Carolina,2025-11-14,Jacksonville State,98.9,109.2,28,7,8,26,-1,-7
Coastal Carolina,2025-11-21,Western Illinois,116.3,88.6,33,8,13,27,-1,20
Coastal Carolina,2025-11-22,North Dakota,104.4,80.7,25,9,4,32,0,17
Coastal Carolina,2025-11-23,Illinois State,56.4,126.3,27,10,6,28,-1,-52
Coastal Carolina,2025-11-30,Alabama A&M,96.0,86.0,17,11,8,32,1,7
Coastal Carolina,2025-12-03,USC Upstate,96.7,105.4,28,8,11,30,-1,-7
Coastal Carolina,2025-12-06,Winthrop,121.0,115.5,26,6,7,26,-1,4
Coastal Carolina,2025-12-13,Grand Canyon,89.5,120.3,22,4,10,22,-1,-21
Coastal Carolina,2025-12-18,Appalachian State,74.8,102.3,24,8,11,22,-1,-18
Coastal Carolina,2025-12-20,Old Dominion,104.5,101.8,17,5,8,26,-1,2
Coastal Carolina,2025-12-22,Saint Joseph's,94.0,85.7,21,11,6,33,-1,6
Coastal Carolina,2026-01-01,Georgia Southern,104.5,105.8,24,9,16,28,1,-1
Coastal Carolina,2026-01-03,Georgia State,108.6,136.2,29,12,14,21,1,-18
Coastal Carolina,2026-01-08,Old Dominion,93.1,98.8,24,9,4,26,1,-4
Coastal Carolina,2026-01-10,Appalachian State,117.2,108.5,20,6,6,23,1,5
Coastal Carolina,2026-01-14,Marshall,121.7,118.8,22,11,4,25,-1,2
Coastal Carolina,2026-01-17,Georgia Southern,102.4,97.2,23,15,11,34,-1,4
Coastal Carolina,2026-01-22,Texas State,104.5,101.6,26,9,7,28,1,2
Coastal Carolina,2026-01-24,Southern Mississippi,125.9,99.3,23,14,5,28,1,18
Coastal Carolina,2026-01-29,South Alabama,80.6,89.0,43,9,11,30,-1,-5
Coastal Carolina,2026-02-01,Louisiana–Monroe,121.7,115.8,27,10,11,26,-1,4
Coastal Carolina,2026-02-04,Arkansas State,92.9,98.6,33,16,9,24,1,-4
Coastal Carolina,2026-02-07,Massachusetts,110.9,107.4,34,10,15,35,1,3
Coastal Carolina,2026-02-12,Louisiana,98.7,93.0,15,16,5,23,-1,4
Coastal Carolina,2026-02-18,James Madison,97.6,100.6,29,5,5,29,1,-2
Coastal Carolina,2026-02-21,Marshall,100.8,95.7,23,13,13,29,1,4
Coastal Carolina,2026-02-24,Georgia State,112.5,105.1,31,6,14,25,-1,5
Coastal Carolina,2026-02-27,James Madison,106.9,105.3,22,6,9,23,-1,1
Coastal Carolina,2026-03-07,Georgia Southern,104.1,138.9,32,14,11,19,0,-24
Colgate,2025-11-03,Michigan State,100.4,116.4,29,13,3,21,-1,-11
Colgate,2025-11-07,Northeastern,96.0,100.4,19,10,10,26,1,-3
Colgate,2025-11-11,Drexel,128.6,118.6,13,12,3,22,1,7
Colgate,2025-11-14,Illinois,95.8,123.8,19,5,4,21,-1,-19
Colgate,2025-11-17,Siena,109.4,104.8,11,10,5,20,-1,3
Colgate,2025-11-20,Cornell,102.5,103.6,23,11,7,28,-1,-1
Colgate,2025-11-28,Albany (NY),106.4,103.3,27,9,9,21,0,2
Colgate,2025-11-29,SUNY Oneonta,132.3,77.9,18,11,7,31,0,35
Colgate,2025-11-30,Fordham,108.6,93.5,26,9,8,21,0,10
Colgate,2025-12-06,St. John Fisher,128.4,68.3,22,12,8,34,1,44
Colgate,2025-12-10,St. Bonaventure,105.9,116.9,21,6,12,19,-1,-8
Colgate,2025-12-21,Florida,89.1,133.7,17,13,4,12,-1,-30
Colgate,2025-12-28,Harvard,98.2,111.0,18,12,4,24,1,-9
Colgate,2025-12-31,Lafayette,114.1,103.4,21,9,8,28,-1,8
Colgate,2026-01-03,Army,123.5,112.1,27,6,9,22,-1,7
Colgate,2026-01-07,American,107.8,104.4,13,10,12,23,1,2
Colgate,2026-01-10,Lehigh,116.4,117.9,17,9,10,21,1,-1
Colgate,2026-01-14,Loyola (MD),118.3,110.1,21,9,7,31,-1,6
Colgate,2026-01-17,Bucknell,131.2,104.9,27,10,9,25,1,19
Colgate,2026-01-21,American,98.1,104.0,18,13,7,18,-1,-4
Colgate,2026-01-24,Boston University,106.3,105.0,19,14,10,22,1,1
Colgate,2026-01-28,Holy Cross,118.4,110.9,19,6,9,26,1,5
Colgate,2026-01-31,Lehigh,108.1,109.5,15,13,9,21,-1,-1
Colgate,2026-02-04,Army,104.9,83.6,17,14,10,25,1,14
Colgate,2026-02-07,Bucknell,104.8,79.3,24,9,9,28,-1,19
Colgate,2026-02-11,Holy Cross,106.6,100.8,19,7,6,21,-1,4
Colgate,2026-02-14,Navy,109.5,115.0,23,12,6,25,1,-4
Colgate,2026-02-16,Boston University,96.2,141.0,21,6,7,16,-1,-27
Colgate,2026-02-21,Loyola (MD),113.1,109.8,27,10,2,36,1,3
Colgate,2026-02-25,Lafayette,108.0,109.6,16,5,5,26,1,-1
Colgate,2026-02-28,Navy,98.5,121.4,27,14,9,20,-1,-16
Colgate,2026-03-05,Loyola (MD),138.5,118.5,19,7,7,21,1,13
Colgate,2026-03-08,Lehigh,99.2,109.3,24,7,7,22,-1,-7
College of Charleston,2025-11-03,Tusculum,101.6,74.6,24,5,17,31,1,21
College of Charleston,2025-11-07,Liberty,118.0,141.6,22,12,12,21,-1,-15
College of Charleston,2025-11-08,Florida Atlantic,107.8,131.6,21,8,9,20,0,-17
College of Charleston,2025-11-14,South Carolina State,127.0,88.1,21,7,15,28,1,27
College of Charleston,2025-11-17,Drake,88.8,101.7,25,11,14,29,1,-9
College of Charleston,2025-11-21,Massachusetts,97.9,92.2,21,8,2,21,0,4
College of Charleston,2025-11-23,Yale,93.4,109.7,21,9,9,22,0,-11
College of Charleston,2025-11-24,Evansville,109.5,82.8,24,11,6,30,0,19
College of Charleston,2025-11-30,Belmont,101.2,133.1,39,8,15,20,1,-23
College of Charleston,2025-12-10,South Florida,105.8,114.2,28,12,13,23,-1,-6
College of Charleston,2025-12-14,Charlotte,107.8,97.6,20,12,6,23,1,7
College of Charleston,2025-12-17,The Citadel,111.4,106.0,24,11,2,30,1,4
College of Charleston,2025-12-21,Northern Kentucky,113.8,99.1,20,15,9,24,-1,11
College of Charleston,2025-12-29,Drexel,110.6,96.8,19,11,7,24,1,9
College of Charleston,2025-12-31,Elon,113.9,108.5,23,12,9,31,-1,4
College of Charleston,2026-01-05,William & Mary,103.7,93.1,29,19,6,37,1,9
College of Charleston,2026-01-10,Hampton,116.6,110.3,19,8,3,22,1,4
College of Charleston,2026-01-15,Towson,73.6,86.3,28,15,9,25,-1,-9
College of Charleston,2026-01-17,Stony Brook,117.9,124.6,23,10,8,30,-1,-6
College of Charleston,2026-01-22,Campbell,120.4,114.9,10,13,8,21,1,4
College of Charleston,2026-01-24,Elon,108.9,95.3,21,16,10,28,1,10
College of Charleston,2026-01-29,Hofstra,94.4,91.5,18,8,14,30,-1,2
College of Charleston,2026-01-31,Northeastern,128.3,121.1,15,5,8,24,-1,5
College of Charleston,2026-02-05,North Carolina A&T,109.7,87.2,21,13,6,21,1,16
College of Charleston,2026-02-09,UNC Wilmington,91.4,108.6,19,12,5,24,1,-12
College of Charleston,2026-02-12,Hofstra,87.1,92.7,30,11,6,26,1,-4
College of Charleston,2026-02-15,Campbell,101.2,93.0,14,13,10,24,-1,5
College of Charleston,2026-02-19,North Carolina A&T,114.0,94.0,26,7,11,24,-1,13
College of Charleston,2026-02-21,Monmouth,109.0,92.8,17,8,9,25,1,11
College of Charleston,2026-02-26,Hampton,123.4,103.0,11,8,11,25,-1,14
College of Charleston,2026-03-01,UNC Wilmington,119.8,115.2,26,6,9,16,-1,3
College of Charleston,2026-03-08,Towson,90.4,130.8,22,8,9,16,0,-25
Colorado,2025-11-03,Montana State,121.2,112.6,12,9,10,22,1,6
Colorado,2025-11-08,Eastern Washington,128.7,122.4,23,9,9,21,1,5
Colorado,2025-11-14,Providence,119.3,108.3,17,11,9,29,1,9
Colorado,2025-11-17,Alabama State,130.7,91.8,16,10,12,29,1,28
Colorado,2025-11-21,UC Davis,135.5,112.7,15,9,7,20,1,16
Colorado,2025-11-27,San Francisco,111.3,97.2,20,6,9,22,0,10
Colorado,2025-11-28,Washington,115.4,96.9,18,9,10,27,0,13
Colorado,2025-12-01,California Baptist,112.9,101.4,16,10,11,25,1,8
Colorado,2025-12-06,Colorado State,126.2,133.6,19,5,5,20,-1,-5
Colorado,2025-12-13,UTSA,116.8,85.0,23,11,15,27,1,24
Colorado,2025-12-17,Portland State,113.6,98.7,20,12,10,21,1,11
Colorado,2025-12-20,Stanford,95.3,108.0,17,18,7,21,0,-9
Colorado,2025-12-28,Northern Colorado,108.6,115.3,23,5,14,19,1,-5
Colorado,2026-01-03,Arizona State,116.7,109.3,16,13,12,28,-1,6
Colorado,2026-01-07,Utah,119.0,102.2,24,11,12,25,1,12
Colorado,2026-01-10,Texas Tech,102.0,104.9,21,7,5,28,1,-2
Colorado,2026-01-14,Cincinnati,90.8,102.8,20,16,7,20,-1,-9
Colorado,2026-01-17,West Virginia,102.4,120.9,26,6,6,12,-1,-11
Colorado,2026-01-20,Kansas,103.0,111.9,31,3,12,20,1,-6
Colorado,2026-01-24,UCF,123.4,136.3,20,8,4,18,1,-9
Colorado,2026-01-29,Iowa State,97.5,141.2,24,9,4,16,-1,-30
Colorado,2026-02-01,TCU,128.7,90.2,23,8,9,27,1,26
Colorado,2026-02-04,Baylor,98.7,126.7,17,9,8,15,-1,-19
Colorado,2026-02-07,Arizona State,115.4,103.6,22,10,9,25,1,8
Colorado,2026-02-11,Texas Tech,68.5,121.5,25,15,10,17,-1,-34
Colorado,2026-02-14,Brigham Young,102.8,107.5,32,7,8,26,-1,-4
Colorado,2026-02-21,Oklahoma State,112.6,93.6,27,12,9,24,1,14
Colorado,2026-02-25,Kansas State,95.8,84.9,25,17,7,33,1,9
Colorado,2026-02-28,Houston,89.0,146.5,14,14,2,16,-1,-40
Colorado,2026-03-03,Utah,140.6,119.2,17,7,5,20,-1,14
Colorado,2026-03-07,Arizona,106.5,120.0,22,9,9,21,1,-10
Colorado,2026-03-10,Oklahoma State,112.0,124.1,29,8,8,23,0,-9
Colorado,2026-04-01,Oklahoma,100.2,104.8,23,12,7,30,0,-4
Colorado State,2025-11-03,Incarnate Word,151.7,99.1,25,8,8,34,1,34
Colorado State,2025-11-09,Omaha,143.9,109.8,29,11,11,28,1,23
Colorado State,2025-11-12,Cal Poly,124.0,105.3,36,10,6,32,1,14
Colorado State,2025-11-16,Loyola Chicago,127.5,106.8,30,9,9,19,-1,13
Colorado State,2025-11-21,Denver,134.0,137.3,18,11,11,18,1,-2
Colorado State,2025-11-26,Virginia Tech,101.3,104.4,19,11,9,20,0,-2
Colorado State,2025-11-27,Wichita State,124.2,114.4,30,10,6,14,0,6
Colorado State,2025-11-28,South Florida,120.9,99.0,22,15,3,25,0,15
Colorado State,2025-12-06,Colorado,133.6,126.2,35,11,3,19,1,5
Colorado State,2025-12-09,Dartmouth,119.5,86.5,18,11,4,24,1,21
Colorado State,2025-12-14,N New Mexico,140.4,72.9,29,9,5,32,1,50
Colorado State,2025-12-20,Utah State,88.3,152.2,23,14,7,8,-1,-42
Colorado State,2025-12-30,Nevada,98.0,118.6,24,9,11,22,1,-13
Colorado State,2026-01-03,Grand Canyon,111.1,95.2,26,11,11,23,-1,10
Colorado State,2026-01-06,New Mexico,109.2,124.8,25,11,11,18,1,-10
Colorado State,2026-01-09,UNLV,110.1,97.5,21,13,11,20,1,8
Colorado State,2026-01-13,Fresno State,111.2,127.3,29,9,9,20,-1,-10
Colorado State,2026-01-16,Boise State,118.2,128.0,25,14,6,20,-1,-6
Colorado State,2026-01-20,Air Force,125.9,80.9,24,4,6,29,1,29
Colorado State,2026-01-23,Utah State,99.1,105.6,21,19,6,22,1,-4
Colorado State,2026-01-28,San Diego State,83.5,121.9,30,14,10,12,-1,-23
Colorado State,2026-01-31,Wyoming,94.1,112.3,23,8,8,18,-1,-11
Colorado State,2026-02-07,San Jose State,97.2,85.2,27,10,11,34,1,8
Colorado State,2026-02-10,Air Force,141.6,115.1,26,8,3,22,-1,17
Colorado State,2026-02-14,Wyoming,124.4,107.0,13,11,3,27,1,11
Colorado State,2026-02-18,UNLV,140.3,132.6,20,7,9,14,-1,5
Colorado State,2026-02-21,San Diego State,122.8,109.5,31,12,9,22,1,9
Colorado State,2026-02-24,Fresno State,110.2,104.2,29,10,10,21,1,4
Colorado State,2026-02-28,San Jose State,132.5,113.8,17,10,3,25,-1,12
Colorado State,2026-03-04,New Mexico,112.9,101.9,25,20,2,23,-1,8
Colorado State,2026-03-07,Boise State,109.4,127.3,20,7,4,15,1,-11
Colorado State,2026-03-11,Fresno State,104.7,98.5,30,9,10,20,0,4
Colorado State,2026-03-12,San Diego State,88.5,101.3,34,14,7,21,0,-9
Colorado State,2026-03-18,Saint Joseph's,92.8,100.0,30,9,9,24,1,-5
Columbia,2025-11-07,New Haven,109.0,81.4,16,14,8,31,-1,18
Columbia,2025-11-10,Connecticut,89.7,128.7,21,13,7,18,-1,-27
Columbia,2025-11-13,UMass Lowell,116.2,97.3,19,16,15,22,1,14
Columbia,2025-11-18,Boston University,89.3,81.1,21,12,8,32,1,5
Columbia,2025-11-21,Lehigh,119.7,97.8,21,11,13,30,-1,15
Columbia,2025-11-23,Longwood,131.2,96.7,36,13,13,22,1,25
Columbia,2025-11-26,Fairfield,145.0,105.3,20,8,10,28,-1,29
Columbia,2025-11-29,Sarah Lawrence,123.0,58.8,25,13,18,43,1,48
Columbia,2025-12-03,Hofstra,107.4,104.4,23,12,11,23,1,2
Columbia,2025-12-06,Albany (NY),126.7,88.5,25,11,9,30,1,28
Columbia,2025-12-09,Stony Brook,88.0,92.8,31,18,14,28,-1,-4
Columbia,2025-12-21,California,81.7,108.0,17,15,6,21,-1,-18
Columbia,2025-12-28,North Florida,124.4,113.4,20,11,5,30,-1,8
Columbia,2025-12-31,Penn St. Abington,141.5,68.1,24,11,18,37,1,55
Columbia,2026-01-05,Cornell,123.7,117.7,23,16,6,24,-1,5
Columbia,2026-01-10,Harvard,85.4,125.0,16,14,9,16,1,-25
Columbia,2026-01-17,Brown,107.3,115.3,25,12,13,22,-1,-6
Columbia,2026-01-19,Yale,114.8,141.2,17,12,8,17,-1,-17
Columbia,2026-01-24,Dartmouth,109.1,95.3,29,9,9,30,-1,10
Columbia,2026-01-30,Pennsylvania,105.1,97.8,17,17,7,27,1,5
Columbia,2026-01-31,Princeton,103.0,121.2,28,5,11,17,1,-12
Columbia,2026-02-07,Cornell,98.9,129.9,18,15,8,13,1,-21
Columbia,2026-02-13,Pennsylvania,95.9,108.8,22,19,9,24,-1,-9
Columbia,2026-02-14,Princeton,133.2,115.5,21,4,7,17,-1,10
Columbia,2026-02-21,Dartmouth,93.1,94.6,23,10,11,29,1,-1
Columbia,2026-02-27,Brown,117.6,91.1,26,14,13,20,1,18
Columbia,2026-02-28,Yale,90.5,100.5,21,10,11,16,1,-6
Columbia,2026-03-06,Harvard,103.8,118.4,20,8,12,21,-1,-10
Connecticut,2025-11-03,New Haven,120.5,83.9,23,11,10,30,1,24
Connecticut,2025-11-07,UMass Lowell,144.1,61.6,23,10,14,30,1,63
Connecticut,2025-11-10,Columbia,128.7,89.7,23,6,6,26,1,27
Connecticut,2025-11-15,Brigham Young,115.6,112.9,18,15,6,20,0,2
Connecticut,2025-11-19,Arizona,103.5,109.7,25,5,4,15,1,-4
Connecticut,2025-11-23,Bryant,107.1,72.9,25,8,14,23,1,23
Connecticut,2025-11-28,Illinois,111.6,92.0,28,9,14,26,0,13
Connecticut,2025-12-02,Kansas,98.6,90.5,26,10,9,25,-1,5
Connecticut,2025-12-05,East Texas A&M,123.6,87.8,16,6,10,26,1,24
Connecticut,2025-12-09,Florida,111.3,105.5,18,8,3,20,0,4
Connecticut,2025-12-12,Texas,107.2,95.1,16,12,7,21,1,8
Connecticut,2025-12-16,Butler,111.6,84.8,20,13,12,31,1,19
Connecticut,2025-12-21,DePaul,103.2,77.4,18,14,10,27,-1,18
Connecticut,2025-12-31,Xavier,124.1,92.4,28,13,9,31,-1,23
Connecticut,2026-01-04,Marquette,102.8,80.3,24,11,13,31,1,16
Connecticut,2026-01-07,Providence,119.5,113.7,32,12,8,20,-1,5
Connecticut,2026-01-10,DePaul,111.5,93.0,15,14,8,18,1,12
Connecticut,2026-01-13,Seton Hall,103.6,96.1,17,14,10,21,-1,5
Connecticut,2026-01-17,Georgetown,106.1,102.8,26,5,15,16,-1,2
Connecticut,2026-01-24,Villanova,114.6,102.4,22,9,14,24,1,8
Connecticut,2026-01-27,Providence,120.0,111.7,24,9,13,20,1,6
Connecticut,2026-01-31,Creighton,140.8,96.1,31,8,12,21,-1,27
Connecticut,2026-02-03,Xavier,132.5,86.4,27,11,8,29,1,32
Connecticut,2026-02-06,St. John's (NY),103.3,116.2,19,15,6,19,-1,-9
Connecticut,2026-02-11,Butler,128.1,112.1,31,8,9,18,-1,10
Connecticut,2026-02-14,Georgetown,119.0,113.0,34,10,10,21,1,4
Connecticut,2026-02-18,Creighton,110.0,119.1,30,5,7,26,1,-7
Connecticut,2026-02-21,Villanova,112.5,97.1,19,14,9,23,-1,10
Connecticut,2026-02-25,St. John's (NY),119.7,66.5,25,3,7,30,1,32
Connecticut,2026-02-28,Seton Hall,111.8,105.5,21,14,9,15,1,4
Connecticut,2026-03-07,Marquette,92.9,101.9,24,14,15,24,-1,-6
Connecticut,2026-03-12,Xavier,141.1,103.1,32,10,12,27,0,25
Connecticut,2026-03-13,Georgetown,110.7,84.3,25,10,9,19,0,16
Connecticut,2026-03-14,St. John's (NY),80.8,111.9,19,15,15,18,0,-20
Connecticut,2026-03-20,Furman,125.3,108.5,25,8,17,25,0,11
Connecticut,2026-03-22,UCLA,115.0,89.8,24,15,10,24,0,16
Coppin State,2025-11-03,Maryland,87.5,119.0,19,20,7,16,0,-22
Coppin State,2025-11-05,La Salle,78.1,115.1,26,16,4,16,-1,-28
Coppin State,2025-11-09,James Madison,96.8,116.2,15,18,10,23,-1,-14
Coppin State,2025-11-12,South Florida,72.3,144.6,11,16,10,14,-1,-50
Coppin State,2025-11-14,Central Michigan,81.0,112.6,19,13,9,20,0,-23
Coppin State,2025-11-15,South Alabama,92.4,107.3,32,11,8,23,0,-10
Coppin State,2025-11-18,Central Penn,124.3,74.8,29,12,19,31,1,41
Coppin State,2025-11-22,VCU,76.8,133.8,19,16,7,18,-1,-43
Coppin State,2025-11-25,Rider,94.6,90.4,11,16,17,26,-1,3
Coppin State,2025-11-30,Loyola (MD),114.2,129.1,14,13,4,13,-1,-11
Coppin State,2025-12-03,West Virginia,69.1,128.4,14,15,9,26,-1,-42
Coppin State,2025-12-06,Liberty,71.5,131.5,21,13,6,19,-1,-42
Coppin State,2025-12-09,Saint Joseph's,97.3,130.3,18,10,6,20,-1,-22
Coppin State,2025-12-14,Radford,97.5,135.4,26,21,7,17,-1,-30
Coppin State,2025-12-19,Navy,80.9,129.5,20,14,9,16,-1,-33
Coppin State,2025-12-22,Georgetown,92.5,133.9,22,14,11,18,-1,-30
Coppin State,2025-12-29,UMBC,81.4,128.2,22,14,6,19,1,-34
Coppin State,2026-01-03,Delaware State,82.6,79.5,20,17,8,26,-1,2
Coppin State,2026-01-10,North Carolina Central,115.1,131.5,21,13,5,18,1,-11
Coppin State,2026-01-12,South Carolina State,111.8,114.9,26,13,15,16,1,-2
Coppin State,2026-01-17,Maryland Eastern Shore,108.1,112.9,23,20,15,16,-1,-3
Coppin State,2026-01-24,Norfolk State,93.0,126.0,21,19,9,13,-1,-27
Coppin State,2026-01-31,Morgan State,105.5,117.4,16,13,13,23,1,-9
Coppin State,2026-02-02,Howard,82.5,112.0,16,12,13,15,1,-19
Coppin State,2026-02-07,Delaware State,95.7,69.2,14,17,9,25,1,18
Coppin State,2026-02-14,North Carolina Central,88.6,85.5,26,9,7,26,-1,2
Coppin State,2026-02-16,South Carolina State,90.2,87.2,12,16,3,24,-1,2
Coppin State,2026-02-21,Maryland Eastern Shore,95.8,87.7,19,17,9,22,1,6
Coppin State,2026-02-28,Norfolk State,105.3,114.4,27,9,17,16,1,-6
Coppin State,2026-03-02,Howard,96.9,124.5,9,15,6,12,-1,-20
Coppin State,2026-03-05,Morgan State,89.4,94.8,18,12,8,26,-1,-4
Cornell,2025-11-07,Kent State,124.3,134.0,40,17,9,16,-1,-8
Cornell,2025-11-09,Illinois State,86.0,100.6,31,10,5,26,-1,-11
Cornell,2025-11-13,Lafayette,129.8,104.4,39,10,11,31,-1,19
Cornell,2025-11-18,Army,110.5,93.8,25,15,8,31,1,13
Cornell,2025-11-20,Colgate,103.6,102.5,32,17,8,29,1,1
Cornell,2025-11-26,Misericordia,136.7,83.9,56,16,15,30,1,44
Cornell,2025-11-30,Bucknell,135.9,96.9,32,16,3,28,-1,29
Cornell,2025-12-02,George Mason,111.8,136.6,31,12,7,18,-1,-18
Cornell,2025-12-03,Towson,114.6,133.2,19,12,6,15,-1,-13
Cornell,2025-12-07,Samford,113.8,117.6,37,9,15,23,-1,-3
Cornell,2025-12-21,Albany (NY),133.9,121.0,33,8,12,16,-1,8
Cornell,2025-12-29,Michigan State,115.9,136.2,44,11,9,20,-1,-17
Cornell,2026-01-02,Alfred St.,160.2,78.3,40,12,14,40,1,68
Cornell,2026-01-05,Columbia,117.7,123.7,33,12,14,18,1,-5
Cornell,2026-01-10,Dartmouth,118.6,133.0,32,12,10,26,1,-11
Cornell,2026-01-17,Yale,94.7,142.0,43,9,11,18,-1,-34
Cornell,2026-01-19,Brown,123.4,92.9,29,10,5,22,-1,22
Cornell,2026-01-24,Harvard,130.4,119.8,24,11,7,20,-1,7
Cornell,2026-01-30,Princeton,139.2,102.4,28,11,7,21,1,23
Cornell,2026-01-31,Pennsylvania,110.8,124.4,33,9,8,16,1,-10
Cornell,2026-02-07,Columbia,129.9,98.9,19,9,10,22,-1,21
Cornell,2026-02-13,Princeton,139.5,101.9,32,8,9,22,-1,24
Cornell,2026-02-14,Pennsylvania,97.2,104.8,23,15,12,25,-1,-6
Cornell,2026-02-21,Harvard,85.6,115.7,22,8,7,22,1,-19
Cornell,2026-02-27,Yale,113.8,109.1,35,12,8,23,1,3
Cornell,2026-02-28,Brown,115.1,107.0,35,12,7,24,1,6
Cornell,2026-03-07,Dartmouth,141.6,114.8,38,10,4,26,-1,21
Cornell,2026-03-14,Yale,118.3,137.0,37,6,15,14,0,-12
Creighton,2025-11-05,South Dakota,123.6,102.1,26,11,16,24,1,16
Creighton,2025-11-11,Gonzaga,88.2,126.0,25,15,8,24,-1,-27
Creighton,2025-11-14,Maryland Eastern Shore,126.2,67.6,33,9,15,25,1,39
Creighton,2025-11-19,North Dakota,113.6,90.8,38,10,19,27,1,15
Creighton,2025-11-24,Baylor,106.2,116.3,29,12,5,19,0,-7
Creighton,2025-11-25,Iowa State,87.0,113.1,28,14,8,20,0,-18
Creighton,2025-11-27,Oregon,112.4,97.6,17,4,6,26,0,10
Creighton,2025-12-02,Nicholls State,139.2,110.2,34,12,6,28,1,20
Creighton,2025-12-07,Nebraska,77.2,109.6,33,11,7,24,-1,-21
Creighton,2025-12-13,Kansas State,113.2,123.6,32,6,11,24,1,-7
Creighton,2025-12-17,Xavier,133.7,77.8,33,10,5,32,-1,41
Creighton,2025-12-20,Marquette,109.1,81.8,27,10,5,37,1,21
Creighton,2025-12-22,Utah Tech,123.6,92.7,33,11,5,24,1,23
Creighton,2025-12-30,Butler,123.5,117.9,32,10,9,24,1,4
Creighton,2026-01-04,Seton Hall,85.3,88.5,27,9,10,27,-1,-2
Creighton,2026-01-07,Villanova,118.0,111.8,23,8,10,24,-1,4
Creighton,2026-01-10,St. John's (NY),106.5,131.3,26,9,1,22,1,-17
Creighton,2026-01-13,Georgetown,131.4,126.8,33,5,5,15,1,3
Creighton,2026-01-16,Providence,112.5,118.9,30,10,11,21,-1,-5
Creighton,2026-01-21,Xavier,128.6,127.2,24,8,5,21,1,1
Creighton,2026-01-27,Marquette,90.6,125.6,34,12,9,22,-1,-24
Creighton,2026-01-31,Connecticut,96.1,140.8,21,10,5,16,1,-27
Creighton,2026-02-04,Georgetown,91.0,101.7,33,16,9,24,-1,-8
Creighton,2026-02-07,Seton Hall,102.7,101.2,30,16,8,21,1,1
Creighton,2026-02-11,DePaul,113.9,115.5,27,9,5,17,-1,-1
Creighton,2026-02-14,Villanova,98.8,114.5,27,11,12,25,1,-11
Creighton,2026-02-18,Connecticut,119.1,110.0,21,8,3,35,-1,7
Creighton,2026-02-21,St. John's (NY),69.6,108.4,22,16,4,23,-1,-29
Creighton,2026-02-25,DePaul,110.1,111.6,25,12,10,19,1,-1
Creighton,2026-02-28,Providence,111.1,115.4,27,10,10,22,1,-3
Creighton,2026-03-04,Butler,105.2,81.6,28,8,7,26,-1,17
Creighton,2026-03-12,Seton Hall,88.5,104.4,34,9,8,28,0,-11
Creighton,2026-04-02,Rutgers,110.3,92.8,28,12,8,28,0,13
Creighton,2026-04-04,West Virginia,102.8,127.8,25,7,3,24,0,-17
Dartmouth,2025-11-09,Marist,76.9,103.0,20,19,7,27,1,-19
Dartmouth,2025-11-12,Bryant,98.7,107.9,34,12,6,31,-1,-7
Dartmouth,2025-11-16,Appalachian State,106.0,117.1,29,16,7,19,1,-8
Dartmouth,2025-11-18,Maine-Augusta,139.4,83.9,49,13,19,34,1,45
Dartmouth,2025-11-29,Saint Peter's,132.4,92.9,24,10,12,25,-1,26
Dartmouth,2025-12-03,New Hampshire,97.4,96.0,26,13,10,28,1,1
Dartmouth,2025-12-06,Wyoming,109.3,127.1,25,15,2,22,-1,-13
Dartmouth,2025-12-09,Colorado State,86.5,119.5,29,15,6,16,-1,-21
Dartmouth,2025-12-13,Boston University,110.5,91.8,31,8,6,26,1,13
Dartmouth,2025-12-16,Holy Cross,130.4,93.8,24,15,11,27,-1,25
Dartmouth,2025-12-19,Sacred Heart,80.7,108.9,30,20,13,23,-1,-22
Dartmouth,2025-12-29,Florida,95.6,124.8,27,9,2,18,-1,-22
Dartmouth,2026-01-01,Elms,146.6,58.9,29,9,13,44,1,64
Dartmouth,2026-01-05,Harvard,116.1,103.9,20,11,5,24,-1,8
Dartmouth,2026-01-10,Cornell,133.0,118.6,30,5,7,23,-1,11
Dartmouth,2026-01-17,Pennsylvania,101.3,115.0,32,10,8,25,1,-10
Dartmouth,2026-01-19,Princeton,114.2,111.0,25,7,9,27,1,2
Dartmouth,2026-01-24,Columbia,95.3,109.1,28,9,7,27,1,-10
Dartmouth,2026-01-30,Yale,105.8,129.1,29,8,7,18,-1,-15
Dartmouth,2026-01-31,Brown,103.8,94.4,26,12,4,27,-1,7
Dartmouth,2026-02-07,Harvard,89.4,109.5,28,9,6,21,1,-13
Dartmouth,2026-02-13,Yale,101.0,119.7,21,15,5,23,1,-13
Dartmouth,2026-02-14,Brown,106.4,110.6,28,17,3,20,1,-3
Dartmouth,2026-02-21,Columbia,94.6,93.1,31,7,5,26,-1,1
Dartmouth,2026-02-27,Pennsylvania,101.1,113.9,23,9,5,26,-1,-9
Dartmouth,2026-02-28,Princeton,93.6,125.9,30,8,8,18,-1,-21
Dartmouth,2026-03-07,Cornell,114.8,141.6,25,11,7,22,1,-21
Davidson,2025-11-03,DeSales,135.5,88.0,29,7,9,24,1,34
Davidson,2025-11-07,Washington State,121.5,98.6,24,13,4,21,1,16
Davidson,2025-11-11,Charlotte,105.8,93.9,23,10,4,20,-1,7
Davidson,2025-11-15,Bowling Green,114.0,109.0,23,18,6,27,1,4
Davidson,2025-11-21,Boston College,99.4,82.5,20,7,3,16,0,10
Davidson,2025-11-23,Utah State,84.7,132.7,26,19,10,16,0,-34
Davidson,2025-11-28,North Carolina A&T,133.5,109.7,17,6,9,24,1,16
Davidson,2025-12-04,The Citadel,124.8,99.5,29,5,13,21,1,16
Davidson,2025-12-07,St. Mary's (CA),94.4,108.4,23,8,8,20,1,-9
Davidson,2025-12-13,Mercyhurst,137.1,80.6,14,9,9,29,1,33
Davidson,2025-12-18,Temple,98.6,106.4,22,8,13,27,1,-5
Davidson,2025-12-22,Kansas,82.9,122.3,30,16,12,18,-1,-29
Davidson,2025-12-30,Duquesne,103.0,110.5,37,6,9,22,1,-6
Davidson,2026-01-03,Saint Joseph's,102.0,92.1,21,12,9,18,-1,6
Davidson,2026-01-07,Loyola Chicago,117.0,94.8,32,8,9,26,-1,15
Davidson,2026-01-10,Rhode Island,73.3,114.0,17,13,2,15,1,-25
Davidson,2026-01-14,George Washington,125.6,118.1,25,10,12,27,-1,5
Davidson,2026-01-21,Fordham,102.0,94.5,23,11,11,15,1,5
Davidson,2026-01-24,VCU,108.5,118.0,22,7,7,14,1,-6
Davidson,2026-01-28,George Mason,87.9,101.4,26,11,11,15,-1,-8
Davidson,2026-01-31,Richmond,133.3,91.1,25,8,13,21,-1,25
Davidson,2026-02-03,Saint Louis,113.6,126.1,29,7,9,19,1,-9
Davidson,2026-02-06,Loyola Chicago,136.9,104.3,26,6,6,16,1,20
Davidson,2026-02-09,Mid-Atl Christian,143.8,66.8,30,13,13,36,1,61
Davidson,2026-02-15,Dayton,97.0,115.1,21,10,5,13,-1,-11
Davidson,2026-02-18,Richmond,100.3,97.2,27,10,10,29,1,2
Davidson,2026-02-21,Fordham,100.1,106.9,22,13,11,20,-1,-4
Davidson,2026-02-25,Duquesne,100.7,84.1,23,8,11,29,-1,11
Davidson,2026-03-01,La Salle,103.0,92.9,20,13,6,28,1,7
Davidson,2026-03-04,Saint Joseph's,103.7,108.3,31,3,4,23,1,-3
Davidson,2026-03-07,St. Bonaventure,105.2,97.4,25,8,10,22,-1,5
Davidson,2026-03-12,Loyola Chicago,94.4,87.1,24,8,7,28,0,5
Davidson,2026-03-13,Saint Joseph's,94.2,113.7,29,11,9,17,0,-12
Davidson,2026-03-17,Oklahoma State,108.4,113.8,40,6,6,22,-1,-4
Dayton,2025-11-03,Canisius,136.8,74.6,24,4,9,21,1,40
Dayton,2025-11-08,UMBC,114.8,105.9,19,9,5,21,1,6
Dayton,2025-11-11,Cincinnati,76.4,91.1,26,13,6,24,-1,-12
Dayton,2025-11-15,Bethune-Cookman,129.7,116.9,19,12,11,22,1,9
Dayton,2025-11-19,Marquette,96.3,88.8,17,23,5,25,-1,6
Dayton,2025-11-22,North Carolina Central,110.3,82.0,32,6,13,24,1,19
Dayton,2025-11-27,Georgetown,111.1,104.5,26,12,10,26,0,5
Dayton,2025-11-28,Brigham Young,105.2,110.5,33,14,8,22,0,-4
Dayton,2025-12-02,East Tennessee State,116.0,93.6,22,15,5,20,1,17
Dayton,2025-12-06,Virginia,97.8,115.2,23,9,7,15,0,-13
Dayton,2025-12-13,North Florida,116.9,84.9,29,9,12,27,1,23
Dayton,2025-12-16,Florida State,124.2,88.4,23,11,6,29,1,28
Dayton,2025-12-20,Liberty,99.7,104.6,27,10,9,26,1,-3
Dayton,2025-12-31,Fordham,100.5,89.3,16,8,8,24,1,7
Dayton,2026-01-03,Loyola Chicago,102.0,99.1,23,5,6,17,-1,2
Dayton,2026-01-06,George Washington,118.1,107.7,20,8,11,17,1,7
Dayton,2026-01-13,Duquesne,108.6,99.4,20,9,6,24,-1,6
Dayton,2026-01-16,Loyola Chicago,112.3,73.4,23,9,5,23,1,27
Dayton,2026-01-21,La Salle,97.8,102.4,23,13,10,20,-1,-3
Dayton,2026-01-24,Saint Joseph's,94.6,103.5,23,15,6,25,-1,-7
Dayton,2026-01-27,Rhode Island,101.5,108.2,17,23,6,20,1,-5
Dayton,2026-01-30,Saint Louis,97.6,140.2,20,15,5,16,-1,-31
Dayton,2026-02-03,St. Bonaventure,110.1,107.1,19,10,7,17,1,2
Dayton,2026-02-06,VCU,87.8,119.1,19,16,11,27,-1,-26
Dayton,2026-02-15,Davidson,115.1,97.0,15,14,12,25,1,11
Dayton,2026-02-18,George Mason,127.7,104.3,21,7,4,25,-1,15
Dayton,2026-02-21,Duquesne,122.3,103.4,21,7,11,22,1,12
Dayton,2026-02-24,Saint Louis,110.1,88.6,20,9,5,25,1,15
Dayton,2026-02-27,George Washington,103.2,100.2,24,16,2,18,-1,2
Dayton,2026-03-03,Richmond,103.4,95.5,21,15,6,27,-1,5
Dayton,2026-03-06,VCU,101.4,111.2,22,9,9,22,1,-6
Dayton,2026-03-13,St. Bonaventure,102.6,95.0,24,11,10,24,0,5
Dayton,2026-03-14,Saint Louis,100.1,98.7,24,7,7,23,0,1
Dayton,2026-03-15,VCU,96.0,108.4,21,11,7,30,0,-8
Dayton,2026-03-18,Bradley,131.7,108.6,18,4,3,21,-1,14
Dayton,2026-03-21,UNC Wilmington,123.8,94.4,25,10,8,25,-1,19
Dayton,2026-03-25,Illinois State,86.9,96.4,25,4,11,21,1,-6
DePaul,2025-11-03,Chicago State,121.4,81.8,25,13,15,24,1,30
DePaul,2025-11-07,Stonehill,91.9,81.7,24,7,6,31,1,8
DePaul,2025-11-11,Buffalo,78.9,98.3,25,18,11,25,1,-13
DePaul,2025-11-14,Northwestern,116.0,118.9,21,13,15,18,1,-2
DePaul,2025-11-18,Gardner-Webb,115.0,76.7,25,14,4,28,1,31
DePaul,2025-11-23,Detroit Mercy,136.3,107.6,27,7,10,21,1,20
DePaul,2025-11-28,Georgia Tech,111.3,90.6,22,10,8,25,0,14
DePaul,2025-11-29,Louisiana State,89.8,136.9,23,12,6,11,0,-33
DePaul,2025-12-06,Arkansas–Pine Bluff,103.5,98.1,18,6,9,22,1,4
DePaul,2025-12-09,Morgan State,131.1,69.9,22,8,5,23,1,43
DePaul,2025-12-13,Wichita State,96.0,91.3,17,16,4,20,-1,3
DePaul,2025-12-16,St. John's (NY),92.7,111.0,25,10,9,22,-1,-13
DePaul,2025-12-21,Connecticut,77.4,103.2,13,13,7,17,1,-18
DePaul,2025-12-31,Villanova,96.1,103.3,19,14,11,30,-1,-5
DePaul,2026-01-03,Xavier,123.4,110.5,24,10,7,26,1,9
DePaul,2026-01-06,Georgetown,83.1,74.2,20,15,9,29,1,6
DePaul,2026-01-10,Connecticut,93.0,111.5,13,15,6,18,-1,-12
DePaul,2026-01-16,Marquette,118.2,110.8,24,8,13,25,1,5
DePaul,2026-01-20,Butler,110.6,120.2,33,9,11,15,-1,-7
DePaul,2026-01-24,Seton Hall,99.1,88.7,22,11,5,23,1,7
DePaul,2026-01-28,Georgetown,102.6,117.7,28,11,11,12,-1,-9
DePaul,2026-01-31,Xavier,105.2,108.4,24,9,7,22,-1,-2
DePaul,2026-02-03,St. John's (NY),84.7,102.8,20,11,9,24,1,-12
DePaul,2026-02-07,Providence,99.2,124.1,23,10,12,13,-1,-18
DePaul,2026-02-11,Creighton,115.5,113.9,18,12,8,20,1,1
DePaul,2026-02-18,Seton Hall,108.3,89.4,21,12,12,19,-1,12
DePaul,2026-02-21,Providence,99.0,103.4,26,6,13,16,1,-3
DePaul,2026-02-25,Creighton,111.6,110.1,19,11,6,22,-1,1
DePaul,2026-03-01,Marquette,96.5,79.4,23,12,9,28,-1,11
DePaul,2026-03-04,Villanova,81.7,108.9,16,15,4,19,1,-19
DePaul,2026-03-07,Butler,94.2,107.5,26,11,16,16,1,-10
DePaul,2026-03-11,Georgetown,89.0,100.2,21,8,7,18,0,-7
Delaware,2025-11-03,Bucknell,96.4,107.4,27,12,11,19,-1,-8
Delaware,2025-11-07,Wilmington (DE),84.1,96.3,24,16,9,32,1,-9
Delaware,2025-11-11,Brigham Young,109.3,136.7,24,5,7,15,-1,-17
Delaware,2025-11-18,Saint Peter's,119.7,103.4,21,13,6,26,1,11
Delaware,2025-11-23,Southern Illinois,82.4,110.3,30,17,3,18,0,-20
Delaware,2025-11-25,UNC Greensboro,113.0,92.8,25,9,4,29,0,13
Delaware,2025-12-01,Iona,94.4,127.3,23,11,6,22,1,-23
Delaware,2025-12-06,Delaware State,95.0,99.0,24,18,5,24,-1,-3
Delaware,2025-12-10,George Washington,103.2,85.5,20,15,4,27,-1,12
Delaware,2025-12-13,Cal State Northridge,95.5,127.4,30,14,8,20,1,-22
Delaware,2025-12-16,Rider,104.2,91.4,16,8,3,26,1,8
Delaware,2025-12-29,Missouri State,71.3,101.1,20,14,4,24,1,-18
Delaware,2026-01-02,Jacksonville State,108.3,113.4,32,7,5,18,1,-3
Delaware,2026-01-04,Kennesaw State,104.1,80.8,15,10,5,24,1,15
Delaware,2026-01-08,Sam Houston State,93.6,112.3,32,8,5,23,-1,-12
Delaware,2026-01-10,Louisiana Tech,101.2,104.2,24,11,6,25,-1,-2
Delaware,2026-01-15,UTEP,109.3,110.9,22,8,9,26,1,-1
Delaware,2026-01-17,New Mexico State,107.3,153.0,22,6,5,17,1,-29
Delaware,2026-01-24,Liberty,85.5,112.3,16,15,1,24,-1,-16
Delaware,2026-01-28,New Mexico State,118.8,104.1,22,9,2,21,-1,9
Delaware,2026-01-31,UTEP,87.5,111.4,23,14,13,24,-1,-15
Delaware,2026-02-04,Liberty,114.3,124.2,24,6,2,21,1,-6
Delaware,2026-02-07,Middle Tennessee,131.9,130.4,28,11,5,19,1,1
Delaware,2026-02-12,Florida International,100.4,97.4,30,14,6,27,-1,2
Delaware,2026-02-14,Missouri State,119.1,105.0,18,8,2,27,-1,9
Delaware,2026-02-18,Western Kentucky,125.3,126.7,22,8,6,23,1,-1
Delaware,2026-02-21,Middle Tennessee,105.6,124.8,20,10,2,20,-1,-12
Delaware,2026-02-26,Jacksonville State,104.8,119.8,30,9,5,19,-1,-10
Delaware,2026-02-28,Kennesaw State,116.3,127.6,24,11,2,14,-1,-8
Delaware,2026-03-05,Sam Houston State,113.5,109.4,27,10,4,26,1,3
Delaware,2026-03-07,Louisiana Tech,60.3,128.5,29,16,6,12,1,-43
Delaware State,2025-11-05,Temple,98.8,126.1,16,13,6,22,-1,-18
Delaware State,2025-11-08,Syracuse,59.7,115.2,14,14,15,21,-1,-40
Delaware State,2025-11-10,Niagara,93.9,112.1,22,5,2,21,-1,-11
Delaware State,2025-11-15,New Haven,78.6,98.3,19,10,5,20,-1,-13
Delaware State,2025-11-18,Cheyney,114.7,91.2,23,14,9,27,1,18
Delaware State,2025-11-20,Kean,93.7,90.9,17,10,12,22,1,2
Delaware State,2025-11-23,Miami (FL),57.3,135.6,18,18,9,15,-1,-56
Delaware State,2025-11-26,Virginia St.,84.3,90.1,13,9,10,27,0,-4
Delaware State,2025-11-29,UMBC,83.5,104.0,9,8,6,23,-1,-14
Delaware State,2025-12-03,Navy,83.0,92.8,19,8,8,21,1,-7
Delaware State,2025-12-06,Delaware,99.0,95.0,16,15,8,22,1,3
Delaware State,2025-12-13,Longwood,121.5,114.0,12,8,4,14,-1,5
Delaware State,2025-12-18,Saint Joseph's,77.4,101.7,17,11,12,18,-1,-16
Delaware State,2025-12-21,Holy Family,111.1,92.8,11,17,6,21,1,12
Delaware State,2025-12-29,Rutgers,72.8,94.7,15,14,7,19,-1,-15
Delaware State,2026-01-03,Coppin State,79.5,82.6,13,13,13,23,1,-2
Delaware State,2026-01-10,Norfolk State,92.0,94.8,22,16,8,19,1,-2
Delaware State,2026-01-12,Howard,91.5,132.5,18,15,10,11,-1,-26
Delaware State,2026-01-17,Morgan State,108.0,109.3,15,8,9,26,1,-1
Delaware State,2026-01-26,South Carolina State,94.4,103.2,18,10,9,22,-1,-6
Delaware State,2026-01-31,Maryland Eastern Shore,106.1,93.0,12,9,4,21,1,8
Delaware State,2026-02-07,Coppin State,69.2,95.7,12,16,8,18,-1,-18
Delaware State,2026-02-09,North Carolina Central,106.6,121.8,16,12,9,13,-1,-9
Delaware State,2026-02-14,Norfolk State,90.7,117.3,12,11,5,19,-1,-17
Delaware State,2026-02-16,Howard,80.9,124.8,20,16,4,13,1,-32
Delaware State,2026-02-21,Morgan State,89.0,107.4,14,11,10,22,-1,-14
Delaware State,2026-02-28,North Carolina Central,95.2,117.4,20,16,11,19,1,-14
Delaware State,2026-03-02,South Carolina State,96.6,99.9,15,8,10,18,1,-2
Delaware State,2026-03-05,Maryland Eastern Shore,95.9,94.2,17,13,11,18,-1,1
Delaware State,2026-03-11,Morgan State,97.8,91.3,10,10,9,29,0,5
Delaware State,2026-03-13,North Carolina Central,93.9,104.5,15,14,10,19,0,-6
Denver,2025-11-03,Seattle,93.6,107.7,21,18,8,28,-1,-11
Denver,2025-11-06,Washington,98.0,117.6,27,13,8,21,-1,-14
Denver,2025-11-09,Montana State,116.2,113.1,10,13,8,22,-1,2
Denver,2025-11-15,UTSA,120.5,128.1,32,6,8,17,1,-5
Denver,2025-11-21,Colorado State,137.3,134.0,21,3,8,12,-1,2
Denver,2025-11-24,Arizona,93.6,132.1,24,14,7,16,-1,-30
Denver,2025-11-26,Wyoming,82.6,141.4,25,12,13,17,-1,-42
Denver,2025-12-03,Eastern Washington,134.1,128.3,23,6,10,16,1,4
Denver,2025-12-06,Idaho State,116.7,137.4,19,9,9,19,-1,-14
Denver,2025-12-09,Colo. Christian,146.6,91.0,21,6,8,28,1,36
Denver,2025-12-11,Ak. Anchorage,139.9,88.0,30,13,13,23,1,36
Denver,2025-12-13,Cal State Fullerton,110.0,134.3,28,11,12,21,1,-19
Denver,2025-12-16,UC-Colo. Springs,161.3,116.3,20,8,10,30,1,36
Denver,2025-12-20,Northern Colorado,118.4,108.8,15,9,2,26,-1,7
Denver,2025-12-22,Tulsa,107.8,114.1,23,15,12,23,-1,-5
Denver,2025-12-31,Kansas City,120.6,102.6,23,6,7,21,1,13
Denver,2026-01-04,St. Thomas,118.1,123.5,21,11,6,26,-1,-4
Denver,2026-01-08,South Dakota State,111.3,122.5,24,7,14,17,-1,-8
Denver,2026-01-10,South Dakota,102.4,116.6,23,10,10,25,-1,-10
Denver,2026-01-14,Oral Roberts,135.3,120.1,24,9,7,24,1,11
Denver,2026-01-22,North Dakota State,117.5,125.2,28,8,8,18,1,-5
Denver,2026-01-24,North Dakota,114.6,124.0,25,13,8,22,1,-7
Denver,2026-01-28,Kansas City,98.8,87.4,20,9,18,30,-1,8
Denver,2026-01-31,Omaha,111.8,114.6,30,5,5,24,1,-2
Denver,2026-02-05,North Dakota State,110.3,100.4,22,9,4,30,-1,7
Denver,2026-02-07,North Dakota,144.9,116.8,25,8,12,27,-1,19
Denver,2026-02-12,South Dakota State,121.7,93.9,23,8,12,30,1,18
Denver,2026-02-15,Omaha,112.6,122.9,26,10,13,21,-1,-7
Denver,2026-02-19,South Dakota,140.1,108.9,17,0,9,19,1,20
Denver,2026-02-21,St. Thomas,119.7,116.8,29,8,6,20,1,2
Denver,2026-02-26,Oral Roberts,111.2,141.7,25,6,11,15,-1,-22
Denver,2026-03-06,North Dakota,97.0,120.2,21,14,8,22,0,-16
Detroit Mercy,2025-11-03,Illinois–Chicago,88.4,113.3,40,14,18,21,-1,-20
Detroit Mercy,2025-11-07,Notre Dame,92.0,134.0,30,12,7,24,-1,-32
Detroit Mercy,2025-11-11,Cleary,121.1,71.1,25,9,15,33,1,38
Detroit Mercy,2025-11-15,Toledo,105.5,114.4,25,12,13,22,-1,-7
Detroit Mercy,2025-11-18,Eastern Michigan,85.3,99.0,19,12,9,22,1,-10
Detroit Mercy,2025-11-21,Michigan State,79.9,119.9,20,15,9,19,-1,-28
Detroit Mercy,2025-11-23,DePaul,107.6,136.3,12,12,9,16,-1,-20
Detroit Mercy,2025-11-29,Niagara,103.8,97.9,17,9,11,27,-1,4
Detroit Mercy,2025-12-03,IU Indy,126.8,107.5,20,9,13,27,1,14
Detroit Mercy,2025-12-06,Cleveland State,108.8,90.4,16,6,6,22,-1,12
Detroit Mercy,2025-12-14,Purdue Fort Wayne,112.0,117.8,20,9,15,29,-1,-4
Detroit Mercy,2025-12-20,Siena Heights,124.6,82.1,14,18,17,32,1,31
Detroit Mercy,2025-12-29,Youngstown State,102.5,95.5,15,14,12,26,-1,5
Detroit Mercy,2026-01-02,Robert Morris,107.3,118.4,13,14,7,11,1,-8
Detroit Mercy,2026-01-09,Wright State,112.3,115.0,14,10,12,19,1,-2
Detroit Mercy,2026-01-11,Cleveland State,123.6,110.4,22,16,20,27,1,10
Detroit Mercy,2026-01-15,Northern Kentucky,94.0,127.2,28,7,14,21,-1,-25
Detroit Mercy,2026-01-17,IU Indy,106.0,102.0,17,12,13,24,-1,3
Detroit Mercy,2026-01-21,Purdue Fort Wayne,105.6,115.3,18,10,10,28,1,-7
Detroit Mercy,2026-01-24,Oakland,125.0,136.5,29,11,13,19,1,-8
Detroit Mercy,2026-01-30,Northern Kentucky,127.5,109.1,20,15,11,29,1,13
Detroit Mercy,2026-02-04,Milwaukee,119.0,98.6,12,11,8,24,-1,13
Detroit Mercy,2026-02-07,Green Bay,94.0,113.4,21,13,9,19,-1,-13
Detroit Mercy,2026-02-12,Wright State,113.0,108.6,13,10,8,25,-1,3
Detroit Mercy,2026-02-15,Youngstown State,104.1,95.9,13,7,7,28,1,6
Detroit Mercy,2026-02-20,Milwaukee,126.9,120.0,21,9,6,21,1,5
Detroit Mercy,2026-02-22,Green Bay,106.5,100.7,13,12,8,23,1,4
Detroit Mercy,2026-02-25,Robert Morris,96.7,113.9,16,12,8,24,-1,-11
Detroit Mercy,2026-02-28,Oakland,129.9,121.7,16,6,7,19,-1,6
Detroit Mercy,2026-03-04,Milwaukee,121.3,91.0,19,7,4,31,1,21
Detroit Mercy,2026-03-09,Robert Morris,111.1,101.5,15,7,13,19,0,6
Detroit Mercy,2026-03-10,Wright State,90.4,94.7,10,11,10,25,0,-3
Drake,2025-11-03,Northern Arizona,109.9,101.3,22,10,10,32,0,6
Drake,2025-11-06,Robert Morris,104.6,107.3,23,8,13,19,1,-2
Drake,2025-11-10,Simpson (IA),116.3,66.6,28,10,8,36,1,38
Drake,2025-11-14,SIU Edwardsville,92.9,96.0,30,8,8,22,1,-2
Drake,2025-11-17,College of Charleston,101.7,88.8,31,12,10,27,-1,9
Drake,2025-11-21,Buena Vista,146.2,77.6,29,8,10,29,1,46
Drake,2025-11-28,Louisiana State,88.8,101.7,30,6,2,25,0,-9
Drake,2025-11-29,Georgia Tech,126.9,111.8,19,6,8,25,0,10
Drake,2025-12-02,Western Illinois,171.9,90.7,30,7,5,27,1,51
Drake,2025-12-05,UAB,100.8,108.1,24,7,9,20,1,-5
Drake,2025-12-13,North Dakota State,128.6,135.4,27,13,5,24,1,-5
Drake,2025-12-18,Murray State,104.6,117.7,16,11,8,20,-1,-9
Drake,2025-12-21,Evansville,100.2,98.7,25,10,5,22,-1,1
Drake,2025-12-29,Illinois State,85.3,111.2,26,8,7,11,1,-17
Drake,2026-01-04,Indiana State,115.4,112.2,23,9,9,19,1,2
Drake,2026-01-07,Bradley,89.4,126.0,29,13,6,25,-1,-27
Drake,2026-01-10,Belmont,102.3,105.0,38,17,6,23,1,-2
Drake,2026-01-14,Southern Illinois,94.2,90.5,34,14,7,34,-1,3
Drake,2026-01-17,Illinois–Chicago,97.4,107.6,32,8,5,21,-1,-7
Drake,2026-01-21,Murray State,123.4,109.9,12,9,11,31,1,11
Drake,2026-01-24,Indiana State,102.4,83.5,27,8,8,24,-1,14
Drake,2026-01-28,Evansville,122.6,116.6,32,7,8,21,1,4
Drake,2026-01-31,Bradley,112.3,133.8,25,8,13,19,1,-14
Drake,2026-02-03,Belmont,128.8,147.4,28,11,10,22,-1,-13
Drake,2026-02-06,Illinois State,104.5,118.2,24,10,12,21,-1,-10
Drake,2026-02-09,Valparaiso,112.2,119.6,27,6,13,17,1,-5
Drake,2026-02-12,Illinois–Chicago,105.1,120.2,27,12,7,21,1,-10
Drake,2026-02-15,Northern Iowa,92.4,128.1,24,9,4,22,-1,-24
Drake,2026-02-18,Southern Illinois,83.4,90.3,25,14,6,30,1,-5
Drake,2026-02-25,Valparaiso,109.0,113.6,22,9,5,20,-1,-3
Drake,2026-03-01,Northern Iowa,81.6,115.5,37,15,13,22,1,-22
Drake,2026-03-05,Southern Illinois,103.2,97.0,31,10,9,21,0,4
Drake,2026-03-06,Belmont,137.6,108.7,26,7,3,26,0,21
Drake,2026-03-07,Illinois–Chicago,80.2,113.2,27,10,7,15,0,-21
Drexel,2025-11-03,Widener,111.8,70.9,32,16,20,35,1,34
Drexel,2025-11-08,Saint Joseph's,89.1,104.2,25,11,15,25,-1,-11
Drexel,2025-11-11,Colgate,118.6,128.6,34,11,13,15,-1,-7
Drexel,2025-11-15,Syracuse,77.6,124.2,23,16,15,20,0,-30
Drexel,2025-11-18,NJIT,104.5,59.9,19,10,9,32,1,32
Drexel,2025-11-21,Pennsylvania,100.5,124.1,18,8,11,17,1,-16
Drexel,2025-11-23,Old Dominion,111.5,105.5,21,11,11,25,1,4
Drexel,2025-11-25,Morgan State,109.8,102.1,22,12,13,24,-1,5
Drexel,2025-12-03,American,108.2,111.2,18,11,9,27,-1,-2
Drexel,2025-12-06,La Salle,95.9,103.4,27,9,18,21,0,-5
Drexel,2025-12-16,Howard,98.6,110.5,29,14,6,14,1,-8
Drexel,2025-12-19,Mount St. Mary's,105.3,94.1,19,16,3,20,1,8
Drexel,2025-12-21,Maine,125.9,95.3,29,13,7,17,1,18
Drexel,2025-12-29,College of Charleston,96.8,110.6,26,11,8,18,-1,-9
Drexel,2025-12-31,UNC Wilmington,86.7,106.3,28,10,13,21,-1,-12
Drexel,2026-01-03,Hofstra,111.1,116.1,24,3,10,19,1,-3
Drexel,2026-01-08,Stony Brook,100.9,66.7,24,9,8,29,1,19
Drexel,2026-01-10,William & Mary,94.9,86.0,18,19,8,26,1,6
Drexel,2026-01-15,Monmouth,121.5,84.9,27,10,13,20,-1,22
Drexel,2026-01-19,Towson,89.3,90.9,15,13,2,24,-1,-1
Drexel,2026-01-24,Northeastern,113.8,107.0,20,7,6,25,1,5
Drexel,2026-01-29,Hampton,90.5,79.6,10,11,8,24,1,7
Drexel,2026-01-31,North Carolina A&T,95.3,93.7,23,10,8,24,1,1
Drexel,2026-02-05,Campbell,86.9,117.3,15,17,6,16,-1,-21
Drexel,2026-02-07,Elon,119.5,112.2,27,6,7,23,-1,5
Drexel,2026-02-12,Monmouth,99.7,127.0,20,15,5,20,1,-20
Drexel,2026-02-16,Stony Brook,102.4,106.8,23,16,10,26,-1,-3
Drexel,2026-02-19,Northeastern,103.7,90.3,18,14,1,30,-1,9
Drexel,2026-02-22,Towson,103.7,94.6,18,7,9,32,1,6
Drexel,2026-02-26,Campbell,99.7,92.0,19,10,11,23,1,5
Drexel,2026-03-03,Hofstra,85.4,103.9,27,9,6,16,-1,-11
Drexel,2026-03-07,Northeastern,123.1,112.8,17,12,11,24,0,7
Drexel,2026-03-08,Monmouth,85.6,97.6,22,14,10,21,0,-8
Duke,2025-11-04,Texas,109.3,87.5,23,10,8,24,0,15
Duke,2025-11-08,Western Carolina,123.5,70.2,32,10,13,37,1,41
Duke,2025-11-11,Army,147.0,76.1,37,10,11,33,-1,55
Duke,2025-11-14,Indiana State,128.9,79.9,28,12,16,30,1,38
Duke,2025-11-18,Kansas,116.4,98.5,26,8,10,28,0,12
Duke,2025-11-21,Niagara,153.2,64.4,33,9,10,26,1,58
Duke,2025-11-23,Howard,127.9,77.0,25,11,7,33,1,37
Duke,2025-11-27,Arkansas,113.3,100.6,23,12,11,25,0,9
Duke,2025-12-02,Florida,99.8,98.3,26,12,11,19,1,1
Duke,2025-12-06,Michigan State,99.6,90.5,29,8,8,33,-1,6
Duke,2025-12-16,Lipscomb,115.5,86.9,25,22,18,34,1,24
Duke,2025-12-20,Texas Tech,116.7,118.1,27,10,6,22,0,-1
Duke,2025-12-31,Georgia Tech,115.0,106.9,32,12,17,21,1,6
Duke,2026-01-03,Florida State,129.6,123.9,27,15,10,21,-1,4
Duke,2026-01-06,Louisville,111.3,96.7,23,12,6,30,-1,11
Duke,2026-01-10,SMU,117.1,107.1,26,13,6,15,1,7
Duke,2026-01-14,California,103.5,81.7,32,10,11,27,-1,15
Duke,2026-01-17,Stanford,125.0,78.1,10,9,10,22,-1,30
Duke,2026-01-24,Wake Forest,137.9,105.7,25,8,16,26,1,21
Duke,2026-01-26,Louisville,126.0,79.0,23,10,15,29,1,31
Duke,2026-01-31,Virginia Tech,119.8,96.5,21,8,10,20,-1,14
Duke,2026-02-03,Boston College,110.0,80.5,18,9,7,27,1,18
Duke,2026-02-07,North Carolina,103.4,108.0,19,8,7,27,-1,-3
Duke,2026-02-10,Pittsburgh,114.2,88.1,23,13,7,28,-1,16
Duke,2026-02-14,Clemson,106.5,85.8,29,8,7,25,1,13
Duke,2026-02-16,Syracuse,152.7,96.7,20,4,10,28,1,37
Duke,2026-02-21,Michigan,109.1,101.1,19,10,12,25,0,5
Duke,2026-02-24,Notre Dame,141.8,79.4,33,8,14,33,-1,44
Duke,2026-02-28,Virginia,123.4,81.7,24,8,5,29,1,26
Duke,2026-03-02,NC State,142.1,97.8,28,7,13,29,-1,29
Duke,2026-03-07,North Carolina,116.9,93.8,32,5,15,22,1,15
Duke,2026-03-12,Florida State,116.4,114.9,34,15,20,24,0,1
Duke,2026-03-13,Clemson,114.6,95.8,24,11,9,31,0,12
Duke,2026-03-14,Virginia,111.2,105.2,25,9,16,17,0,4
Duke,2026-03-19,Siena,111.1,101.7,26,8,14,25,0,6
Duke,2026-03-21,TCU,117.7,84.3,21,16,7,33,0,23
Duke,2026-03-27,St. John's (NY),123.8,116.1,14,8,11,25,0,5
Duke,2026-03-29,Connecticut,112.0,113.6,15,13,8,22,0,-1
Duquesne,2025-11-03,Niagara,117.7,89.4,26,17,7,24,1,20
Duquesne,2025-11-07,Sacred Heart,118.4,103.0,35,7,12,27,1,12
Duquesne,2025-11-11,Queens (NC),100.5,93.6,23,16,8,30,1,6
Duquesne,2025-11-15,Villanova,106.8,120.7,23,16,9,15,-1,-10
Duquesne,2025-11-19,Loyola (MD),120.8,102.4,23,17,10,25,1,14
Duquesne,2025-11-22,Northeastern,101.7,110.0,13,19,5,21,0,-7
Duquesne,2025-11-26,Central St (OH),128.5,101.7,19,15,5,25,1,21
Duquesne,2025-12-02,William & Mary,102.6,107.8,29,20,12,21,1,-4
Duquesne,2025-12-06,Stony Brook,120.0,107.1,27,11,12,27,1,9
Duquesne,2025-12-10,Boise State,88.2,118.6,25,11,5,23,-1,-22
Duquesne,2025-12-13,Nevada,108.1,112.5,33,12,11,22,-1,-3
Duquesne,2025-12-22,Canisius,143.4,82.2,35,10,7,27,1,44
Duquesne,2025-12-27,Cleary,127.6,63.1,27,13,14,36,1,50
Duquesne,2025-12-30,Davidson,110.5,103.0,35,12,10,34,-1,6
Duquesne,2026-01-03,VCU,111.4,129.5,23,12,5,18,1,-13
Duquesne,2026-01-07,Saint Joseph's,109.2,117.6,34,14,12,19,-1,-7
Duquesne,2026-01-13,Dayton,99.4,108.6,25,12,5,19,1,-6
Duquesne,2026-01-17,Fordham,102.1,86.9,24,12,4,27,-1,11
Duquesne,2026-01-20,Saint Louis,99.0,104.1,30,14,17,23,1,-4
Duquesne,2026-01-24,Loyola Chicago,104.8,87.1,26,10,4,28,-1,12
Duquesne,2026-01-28,St. Bonaventure,113.8,125.4,27,9,12,21,1,-8
Duquesne,2026-02-01,Rhode Island,117.8,94.6,27,13,9,26,1,15
Duquesne,2026-02-04,George Mason,110.9,101.5,21,9,9,19,-1,6
Duquesne,2026-02-07,George Washington,128.2,125.3,21,4,10,16,1,2
Duquesne,2026-02-14,St. Bonaventure,108.3,101.4,30,6,6,22,-1,5
Duquesne,2026-02-18,La Salle,88.9,87.5,20,18,4,24,1,1
Duquesne,2026-02-21,Dayton,103.4,122.3,19,13,13,19,-1,-12
Duquesne,2026-02-25,Davidson,84.1,100.7,24,9,6,23,1,-11
Duquesne,2026-02-28,Saint Louis,112.3,134.5,24,9,8,16,-1,-15
Duquesne,2026-03-04,Rhode Island,76.7,94.4,20,19,7,19,-1,-12
Duquesne,2026-03-07,Richmond,119.0,115.9,30,9,13,16,1,2
Duquesne,2026-03-12,Rhode Island,109.7,99.8,24,1,15,22,0,6
Duquesne,2026-03-13,VCU,99.6,107.1,25,13,7,22,0,-5
East Carolina,2025-11-04,Georgia Southern,112.4,108.7,20,13,16,23,1,3
East Carolina,2025-11-08,Richmond,97.4,117.7,20,13,7,20,-1,-15
East Carolina,2025-11-13,Elizabeth City St.,94.9,93.6,20,20,14,29,1,1
East Carolina,2025-11-18,UNC Wilmington,86.4,122.3,25,10,9,18,-1,-25
East Carolina,2025-11-21,Charleston Southern,91.2,108.0,11,9,8,27,1,-12
East Carolina,2025-11-25,Michigan State,74.1,117.8,15,22,3,22,0,-33
East Carolina,2025-11-27,St. Bonaventure,78.1,90.2,16,17,9,26,0,-9
East Carolina,2025-12-02,Maryland Eastern Shore,116.0,95.5,17,9,9,19,1,12
East Carolina,2025-12-06,UNC Greensboro,112.2,118.0,24,13,18,18,1,-4
East Carolina,2025-12-11,Appalachian State,82.2,102.0,20,9,12,14,1,-13
East Carolina,2025-12-14,Buffalo,105.6,101.3,20,6,15,25,1,3
East Carolina,2025-12-17,Presbyterian,108.8,77.9,12,13,3,21,1,21
East Carolina,2025-12-22,North Carolina,63.6,123.5,22,16,14,17,-1,-48
East Carolina,2025-12-31,Tulane,100.8,113.8,20,8,9,20,1,-9
East Carolina,2026-01-07,Temple,96.9,108.4,10,12,4,22,-1,-8
East Carolina,2026-01-11,UAB,98.3,100.6,22,17,10,31,1,-2
East Carolina,2026-01-14,South Florida,95.8,110.6,21,10,8,26,-1,-11
East Carolina,2026-01-18,Charlotte,107.9,112.5,16,4,8,14,1,-3
East Carolina,2026-01-21,Wichita State,90.2,115.7,19,6,10,18,-1,-17
East Carolina,2026-01-23,North Texas,96.5,90.4,16,15,11,28,-1,4
East Carolina,2026-01-28,Rice,106.8,115.1,19,9,7,20,1,-6
East Carolina,2026-02-01,Florida Atlantic,110.0,108.5,17,10,11,17,-1,1
East Carolina,2026-02-07,Temple,109.5,121.5,12,6,7,20,1,-8
East Carolina,2026-02-11,UTSA,119.6,97.9,30,8,13,27,1,16
East Carolina,2026-02-14,Rice,125.0,110.3,17,8,7,21,-1,10
East Carolina,2026-02-18,Wichita State,98.8,102.1,13,11,11,29,1,-3
East Carolina,2026-02-21,Charlotte,85.2,103.4,20,12,11,24,-1,-12
East Carolina,2026-02-25,UTSA,120.5,119.0,20,13,14,14,-1,1
East Carolina,2026-03-01,Memphis,111.3,90.1,18,15,7,29,1,16
East Carolina,2026-03-05,Tulsa,96.8,136.4,22,16,14,15,1,-27
East Carolina,2026-03-08,UAB,106.8,115.8,22,11,15,24,-1,-7
East Tennessee State,2025-11-04,Converse,131.5,64.5,32,8,17,31,1,52
East Tennessee State,2025-11-08,Presbyterian,97.5,103.6,26,11,10,15,-1,-4
East Tennessee State,2025-11-12,Northern Kentucky,100.4,84.3,9,18,3,25,1,12
East Tennessee State,2025-11-15,North Alabama,110.9,105.2,28,7,8,20,-1,4
East Tennessee State,2025-11-21,Morehead State,114.9,92.5,16,9,15,18,1,15
East Tennessee State,2025-11-23,Louisiana–Monroe,140.2,79.5,24,10,11,29,1,42
East Tennessee State,2025-11-29,Central Arkansas,111.6,79.5,31,10,4,33,1,23
East Tennessee State,2025-12-02,Dayton,93.6,116.0,21,21,9,16,-1,-17
East Tennessee State,2025-12-05,South Alabama,127.4,91.0,39,9,14,28,1,26
East Tennessee State,2025-12-07,Tusculum,107.6,85.6,24,13,12,28,1,16
East Tennessee State,2025-12-12,Austin Peay,104.4,105.8,28,12,8,24,-1,-1
East Tennessee State,2025-12-16,North Carolina,95.5,126.7,23,6,5,16,-1,-19
East Tennessee State,2025-12-20,Jacksonville State,120.4,130.0,15,10,5,13,1,-6
East Tennessee State,2025-12-30,The Citadel,119.2,78.9,16,9,9,24,-1,25
East Tennessee State,2026-01-03,Mercer,110.1,101.5,19,12,12,22,1,6
East Tennessee State,2026-01-07,VMI,121.0,100.1,20,9,4,25,1,14
East Tennessee State,2026-01-10,UNC Greensboro,118.9,82.9,18,8,3,24,1,26
East Tennessee State,2026-01-14,Western Carolina,106.6,112.8,23,4,9,17,-1,-4
East Tennessee State,2026-01-17,Samford,123.3,121.7,12,6,4,25,-1,1
East Tennessee State,2026-01-21,Chattanooga,97.5,96.0,19,10,11,24,-1,1
East Tennessee State,2026-01-23,The Citadel,130.0,85.1,28,7,8,31,1,29
East Tennessee State,2026-01-29,Western Carolina,125.8,128.6,22,5,7,18,1,-2
East Tennessee State,2026-02-01,Wofford,132.4,110.9,15,4,11,19,-1,14
East Tennessee State,2026-02-04,Furman,104.7,99.2,17,9,8,18,1,4
East Tennessee State,2026-02-07,VMI,123.2,99.1,26,17,10,27,-1,17
East Tennessee State,2026-02-11,Chattanooga,108.7,90.8,20,5,8,25,1,12
East Tennessee State,2026-02-14,Samford,97.0,110.5,20,11,8,26,1,-10
East Tennessee State,2026-02-18,Furman,112.8,99.8,24,9,9,23,-1,9
East Tennessee State,2026-02-21,UNC Greensboro,129.1,111.3,20,12,6,16,-1,12
East Tennessee State,2026-02-25,Wofford,103.8,108.3,13,11,7,26,1,-3
East Tennessee State,2026-02-28,Mercer,117.1,126.4,24,7,12,18,-1,-6
East Tennessee State,2026-03-07,The Citadel,125.8,115.2,25,9,8,16,0,7
East Tennessee State,2026-03-08,Western Carolina,105.5,102.4,23,10,6,22,0,2
East Tennessee State,2026-03-09,Furman,95.6,119.1,16,10,4,16,0,-15
East Texas A&M,2025-11-03,Arl Baptist,141.8,71.5,33,11,12,30,1,59
East Texas A&M,2025-11-05,New Mexico,70.5,99.2,34,20,11,25,-1,-22
East Texas A&M,2025-11-10,Hawaii,95.0,128.3,21,13,6,16,-1,-26
East Texas A&M,2025-11-14,Rice,96.7,107.3,15,14,5,18,-1,-7
East Texas A&M,2025-11-19,Dallas Christian,139.6,53.4,42,6,14,37,1,71
East Texas A&M,2025-11-24,FDU,102.3,95.0,29,12,7,16,-1,5
East Texas A&M,2025-11-25,Army,117.5,93.7,30,11,5,26,0,17
East Texas A&M,2025-12-05,Connecticut,87.8,123.6,24,12,5,18,-1,-24
East Texas A&M,2025-12-07,Central Arkansas,99.3,90.1,32,14,7,31,1,7
East Texas A&M,2025-12-12,McNeese State,82.5,127.5,28,21,9,16,-1,-36
East Texas A&M,2025-12-15,Southeastern Louisiana,107.6,106.0,21,11,4,25,-1,1
East Texas A&M,2025-12-21,Texas A&M,90.4,138.6,29,16,14,20,-1,-41
East Texas A&M,2025-12-29,Stephen F. Austin,73.4,114.7,22,14,7,22,1,-27
East Texas A&M,2025-12-31,Lamar,91.4,101.7,29,15,6,23,1,-7
East Texas A&M,2026-01-03,Nicholls State,81.9,112.9,24,19,10,24,-1,-22
East Texas A&M,2026-01-05,New Orleans,100.1,113.9,33,10,9,22,-1,-10
East Texas A&M,2026-01-10,Texas–Rio Grande Valley,115.5,103.5,28,12,10,23,1,8
East Texas A&M,2026-01-12,Texas A&M–Corpus Christi,74.2,90.5,20,13,10,22,1,-11
East Texas A&M,2026-01-17,Houston Christian,100.8,116.7,27,14,9,22,-1,-11
East Texas A&M,2026-01-19,Incarnate Word,134.8,97.7,21,5,8,24,-1,22
East Texas A&M,2026-01-27,Lamar,85.5,114.9,24,9,9,18,-1,-21
East Texas A&M,2026-01-31,Nicholls State,95.5,101.1,29,14,8,22,1,-4
East Texas A&M,2026-02-02,New Orleans,107.8,119.2,25,11,6,20,1,-9
East Texas A&M,2026-02-04,Northwestern State,117.1,107.6,25,11,4,26,-1,6
East Texas A&M,2026-02-07,Northwestern State,76.4,70.5,27,9,11,26,1,4
East Texas A&M,2026-02-09,Stephen F. Austin,106.3,112.4,25,13,2,23,-1,-4
East Texas A&M,2026-02-14,McNeese State,78.1,140.3,29,15,4,21,1,-43
East Texas A&M,2026-02-16,Southeastern Louisiana,101.8,77.1,20,12,4,34,1,17
East Texas A&M,2026-02-21,Incarnate Word,124.4,139.7,28,6,10,13,1,-9
East Texas A&M,2026-02-23,Houston Christian,104.5,106.0,24,14,9,21,1,-1
East Texas A&M,2026-02-28,Texas–Rio Grande Valley,92.3,105.7,28,4,8,23,-1,-8
East Texas A&M,2026-03-02,Texas A&M–Corpus Christi,104.8,124.0,23,13,5,13,-1,-13
Eastern Illinois,2025-11-04,Valparaiso,86.7,90.8,9,19,7,27,-1,-3
Eastern Illinois,2025-11-07,Nicholls State,89.9,78.8,18,14,10,28,1,8
Eastern Illinois,2025-11-11,Notre Dame,93.7,126.0,21,8,7,15,-1,-20
Eastern Illinois,2025-11-14,Kentucky,76.5,142.8,18,9,3,12,-1,-46
Eastern Illinois,2025-11-19,Tiffin,97.4,78.6,15,14,8,27,1,12
Eastern Illinois,2025-11-25,Central Arkansas,94.6,127.7,21,11,4,16,-1,-21
Eastern Illinois,2025-11-28,Purdue,86.8,152.6,23,16,4,13,-1,-47
Eastern Illinois,2025-12-06,Lindenwood,99.7,110.5,9,9,10,21,1,-8
Eastern Illinois,2025-12-10,Eastern Kentucky,93.8,108.1,15,11,6,19,1,-9
Eastern Illinois,2025-12-14,Iowa State,74.9,110.2,19,15,5,18,-1,-25
Eastern Illinois,2025-12-18,SIU Edwardsville,107.3,101.6,20,14,9,28,1,4
Eastern Illinois,2025-12-22,East-West,137.4,70.0,24,13,17,37,1,54
Eastern Illinois,2026-01-01,Southeast Missouri State,85.5,98.6,16,11,5,23,-1,-9
Eastern Illinois,2026-01-03,UT Martin,92.2,98.3,24,9,11,21,-1,-4
Eastern Illinois,2026-01-08,Tennessee Tech,112.2,96.4,21,7,10,18,1,10
Eastern Illinois,2026-01-10,Tennessee State,103.0,97.4,20,10,6,24,1,4
Eastern Illinois,2026-01-13,Western Illinois,83.5,80.6,9,11,7,25,1,2
Eastern Illinois,2026-01-15,Little Rock,98.6,115.8,19,15,8,18,-1,-11
Eastern Illinois,2026-01-18,Blackburn,146.2,68.2,20,11,6,26,1,56
Eastern Illinois,2026-01-22,Southern Indiana,79.6,68.8,12,11,5,30,-1,8
Eastern Illinois,2026-01-24,Morehead State,106.4,114.2,14,10,15,11,-1,-5
Eastern Illinois,2026-01-29,UT Martin,100.5,112.4,19,7,13,16,1,-8
Eastern Illinois,2026-01-31,Southeast Missouri State,89.8,117.2,17,12,5,19,1,-18
Eastern Illinois,2026-02-05,Tennessee State,97.9,110.8,17,16,5,25,-1,-9
Eastern Illinois,2026-02-07,Tennessee Tech,95.2,85.6,13,7,7,18,-1,6
Eastern Illinois,2026-02-10,Western Illinois,98.6,111.3,22,10,8,25,-1,-9
Eastern Illinois,2026-02-14,Little Rock,114.0,105.3,16,8,18,19,1,6
Eastern Illinois,2026-02-19,Morehead State,103.2,107.6,16,9,9,16,1,-3
Eastern Illinois,2026-02-21,Southern Indiana,103.9,106.9,10,10,18,21,1,-2
Eastern Illinois,2026-02-26,Lindenwood,101.9,96.2,9,12,7,21,-1,4
Eastern Illinois,2026-02-28,SIU Edwardsville,81.7,125.8,19,11,5,14,-1,-27
Eastern Illinois,2026-03-04,SIU Edwardsville,109.9,101.4,13,9,6,26,0,6
Eastern Illinois,2026-03-05,UT Martin,100.2,105.0,19,12,8,24,0,-3
Eastern Kentucky,2025-11-06,Midway,142.3,70.0,41,10,19,27,1,62
Eastern Kentucky,2025-11-10,Western Kentucky,102.7,113.1,27,13,7,28,1,-8
Eastern Kentucky,2025-11-12,Vanderbilt,82.3,122.2,33,14,8,19,-1,-30
Eastern Kentucky,2025-11-18,Kent State,92.3,110.1,37,18,11,20,-1,-15
Eastern Kentucky,2025-11-22,Mercer,112.4,128.7,29,11,16,16,1,-12
Eastern Kentucky,2025-11-24,Northern Kentucky,100.0,115.5,33,13,12,21,-1,-11
Eastern Kentucky,2025-11-29,Wofford,107.1,115.4,33,10,16,27,1,-6
Eastern Kentucky,2025-12-03,Illinois State,107.3,122.4,28,13,9,20,-1,-11
Eastern Kentucky,2025-12-06,IU East,135.5,74.4,44,12,22,26,1,55
Eastern Kentucky,2025-12-10,Eastern Illinois,108.1,93.8,32,9,11,20,-1,9
Eastern Kentucky,2025-12-13,Miami (OH),100.9,115.6,32,14,18,22,1,-10
Eastern Kentucky,2025-12-17,Jacksonville State,101.1,96.2,31,13,12,24,-1,3
Eastern Kentucky,2025-12-21,Wichita State,84.5,130.4,29,9,4,20,-1,-31
Eastern Kentucky,2026-01-01,Queens (NC),123.9,126.7,33,3,5,20,-1,-2
Eastern Kentucky,2026-01-03,West Georgia,107.6,124.6,36,8,10,19,-1,-12
Eastern Kentucky,2026-01-08,North Alabama,129.6,117.8,31,6,12,20,1,8
Eastern Kentucky,2026-01-10,Central Arkansas,111.7,106.0,45,12,9,21,1,4
Eastern Kentucky,2026-01-15,Austin Peay,114.0,117.1,23,16,8,22,-1,-2
Eastern Kentucky,2026-01-17,Bellarmine,141.6,109.7,34,11,12,22,1,20
Eastern Kentucky,2026-01-22,North Florida,117.9,120.7,28,11,13,18,-1,-2
Eastern Kentucky,2026-01-24,Jacksonville,108.1,115.3,17,14,10,17,-1,-5
Eastern Kentucky,2026-01-28,Austin Peay,109.4,120.1,30,9,18,16,1,-8
Eastern Kentucky,2026-01-31,Central Arkansas,104.0,115.6,37,15,7,28,-1,-9
Eastern Kentucky,2026-02-05,Florida Gulf Coast,107.8,104.9,33,11,9,20,1,2
Eastern Kentucky,2026-02-07,Stetson,139.0,122.3,29,7,11,20,1,12
Eastern Kentucky,2026-02-11,Lipscomb,93.9,115.5,27,10,12,20,-1,-14
Eastern Kentucky,2026-02-15,North Alabama,103.9,111.9,35,7,13,17,-1,-6
Eastern Kentucky,2026-02-18,West Georgia,102.3,101.0,26,10,13,25,1,1
Eastern Kentucky,2026-02-21,Bellarmine,151.4,146.6,36,7,7,10,-1,3
Eastern Kentucky,2026-02-25,Queens (NC),107.2,130.3,26,11,8,21,1,-17
Eastern Kentucky,2026-02-28,Lipscomb,115.9,120.4,36,13,14,27,1,-3
Eastern Kentucky,2026-03-04,Stetson,114.2,138.2,27,11,5,19,0,-16
Eastern Michigan,2025-11-03,Georgia State,99.4,68.6,11,13,18,30,1,22
Eastern Michigan,2025-11-10,Pittsburgh,95.7,113.1,14,9,9,24,-1,-12
Eastern Michigan,2025-11-14,IU Indy,105.0,113.8,25,12,17,22,1,-7
Eastern Michigan,2025-11-18,Detroit Mercy,99.0,85.3,19,13,8,29,-1,10
Eastern Michigan,2025-11-21,Oakland,129.7,121.6,22,12,4,25,1,6
Eastern Michigan,2025-11-24,Louisville,67.6,127.8,15,13,9,24,-1,-41
Eastern Michigan,2025-11-26,Cincinnati,96.2,84.1,21,17,7,27,-1,8
Eastern Michigan,2025-11-28,NJIT,105.9,79.8,18,12,8,19,1,18
Eastern Michigan,2025-12-02,Butler,102.9,127.1,14,10,7,15,-1,-16
Eastern Michigan,2025-12-05,Cleary,115.4,64.4,23,11,17,31,1,38
Eastern Michigan,2025-12-10,Purdue Fort Wayne,97.7,120.3,22,11,3,19,-1,-15
Eastern Michigan,2025-12-19,Akron,97.3,125.7,19,10,13,18,-1,-21
Eastern Michigan,2025-12-22,Wright State,96.4,105.4,13,10,8,20,-1,-6
Eastern Michigan,2025-12-30,Massachusetts,108.1,99.9,12,9,9,35,1,6
Eastern Michigan,2026-01-03,Ohio,98.6,100.0,16,10,9,23,1,-1
Eastern Michigan,2026-01-06,Ball State,127.6,89.7,21,12,8,25,-1,22
Eastern Michigan,2026-01-10,Western Michigan,95.0,121.0,26,10,5,18,-1,-17
Eastern Michigan,2026-01-13,Northern Illinois,105.4,80.7,18,9,5,32,1,18
Eastern Michigan,2026-01-17,Bowling Green,120.0,129.2,20,8,9,18,-1,-6
Eastern Michigan,2026-01-24,Kent State,93.0,94.2,24,8,12,21,1,-1
Eastern Michigan,2026-01-27,Central Michigan,86.5,133.0,19,18,4,18,-1,-35
Eastern Michigan,2026-01-31,Massachusetts,100.6,105.1,22,13,5,20,-1,-3
Eastern Michigan,2026-02-03,Akron,92.2,95.1,20,16,11,25,1,-2
Eastern Michigan,2026-02-07,Appalachian State,92.2,99.9,22,6,8,25,-1,-5
Eastern Michigan,2026-02-11,Kent State,126.9,132.5,20,13,8,18,-1,-4
Eastern Michigan,2026-02-14,Western Michigan,96.7,118.6,21,8,6,22,1,-14
Eastern Michigan,2026-02-17,Central Michigan,98.1,80.2,12,17,9,28,1,12
Eastern Michigan,2026-02-21,Toledo,103.8,130.1,19,13,6,19,-1,-19
Eastern Michigan,2026-02-24,Miami (OH),87.1,100.7,22,10,8,29,1,-10
Eastern Michigan,2026-03-03,Buffalo,99.2,106.6,12,11,6,26,-1,-5
Eastern Michigan,2026-03-06,Bowling Green,94.9,105.9,16,9,5,26,1,-8
Eastern Washington,2025-11-03,UCLA,103.2,111.6,25,16,6,23,-1,-6
Eastern Washington,2025-11-05,Loyola Marymount,88.0,99.4,11,11,5,25,-1,-8
Eastern Washington,2025-11-08,Colorado,122.4,128.7,16,11,5,22,-1,-5
Eastern Washington,2025-11-12,Seattle,90.4,126.8,20,15,7,19,-1,-27
Eastern Washington,2025-11-17,Eastern Ore.,121.4,97.3,24,11,12,27,1,18
Eastern Washington,2025-11-23,Central Arkansas,91.0,128.8,35,21,14,23,-1,-27
Eastern Washington,2025-11-25,North Texas,93.3,103.8,21,15,10,28,-1,-8
Eastern Washington,2025-12-03,Denver,128.3,134.1,18,12,5,20,-1,-4
Eastern Washington,2025-12-06,Kansas City,117.4,86.1,29,13,14,19,1,24
Eastern Washington,2025-12-12,California Baptist,114.4,121.3,14,10,8,13,1,-5
Eastern Washington,2025-12-17,Washington State,85.2,105.5,23,12,4,15,0,-15
Eastern Washington,2025-12-20,Utah,107.6,141.2,26,8,14,15,-1,-24
Eastern Washington,2025-12-22,Brigham Young,105.1,141.4,32,13,9,20,-1,-28
Eastern Washington,2026-01-03,Idaho,114.4,118.6,22,13,23,18,-1,-3
Eastern Washington,2026-01-08,Montana State,98.4,104.6,18,9,13,16,1,-4
Eastern Washington,2026-01-10,Montana,104.0,102.5,21,9,5,21,1,1
Eastern Washington,2026-01-15,Weber State,104.5,118.9,14,15,8,20,-1,-11
Eastern Washington,2026-01-17,Idaho State,125.3,98.4,15,12,6,22,-1,18
Eastern Washington,2026-01-22,Portland State,90.3,96.2,15,12,7,20,1,-4
Eastern Washington,2026-01-24,Sacramento State,117.3,104.8,24,9,10,20,1,8
Eastern Washington,2026-01-29,Northern Arizona,129.7,138.8,21,12,14,17,-1,-6
Eastern Washington,2026-01-31,Northern Colorado,104.4,108.8,18,11,5,27,-1,-3
Eastern Washington,2026-02-05,Montana,114.3,103.2,22,13,10,22,-1,8
Eastern Washington,2026-02-07,Montana State,111.0,109.5,14,11,10,26,-1,1
Eastern Washington,2026-02-12,Idaho State,133.7,114.0,18,6,5,15,1,13
Eastern Washington,2026-02-14,Weber State,120.6,94.7,17,13,3,25,1,18
Eastern Washington,2026-02-19,Sacramento State,137.3,126.6,28,12,11,22,-1,8
Eastern Washington,2026-02-21,Portland State,96.7,79.4,15,11,5,30,-1,12
Eastern Washington,2026-02-26,Northern Colorado,121.0,106.2,11,8,5,21,1,10
Eastern Washington,2026-02-28,Northern Arizona,138.6,89.7,20,10,8,23,1,31
Eastern Washington,2026-03-02,Idaho,115.8,121.6,18,12,6,19,1,-4
Eastern Washington,2026-03-09,Weber State,121.1,113.9,22,10,8,21,0,5
Eastern Washington,2026-03-10,Idaho,92.5,110.1,20,9,7,26,0,-13
Elon,2025-11-05,Belmont Abbey,141.3,72.8,33,6,17,23,1,48
Elon,2025-11-08,UNC Greensboro,120.2,117.6,34,4,17,25,-1,2
Elon,2025-11-12,Marshall,114.2,123.2,38,9,12,23,-1,-7
Elon,2025-11-15,Gardner-Webb,125.0,110.5,31,14,10,23,1,11
Elon,2025-11-20,Miami (FL),97.6,134.3,21,18,5,14,-1,-27
Elon,2025-11-24,Appalachian State,139.7,84.1,29,5,13,28,-1,35
Elon,2025-11-29,Mercer,107.3,116.2,26,18,17,26,1,-7
Elon,2025-12-03,Furman,119.2,131.4,34,6,12,19,1,-9
Elon,2025-12-06,Wofford,118.0,84.0,19,9,10,27,-1,21
Elon,2025-12-13,Northern Illinois,119.3,110.9,19,9,10,23,1,6
Elon,2025-12-17,Richmond,108.7,104.2,25,12,9,17,1,3
Elon,2025-12-20,Virginia Tech,114.9,116.3,30,15,14,19,-1,-1
Elon,2025-12-22,Greensboro,133.2,86.5,25,10,18,28,1,34
Elon,2025-12-29,Northeastern,139.2,123.0,27,12,8,21,1,12
Elon,2025-12-31,College of Charleston,108.5,113.9,28,6,10,20,1,-4
Elon,2026-01-08,North Carolina A&T,98.8,91.6,23,9,9,22,-1,5
Elon,2026-01-10,Campbell,119.6,118.1,19,10,8,22,1,1
Elon,2026-01-15,Northeastern,104.2,113.5,27,18,8,24,-1,-7
Elon,2026-01-17,Hofstra,132.0,126.1,22,7,9,19,-1,4
Elon,2026-01-22,Towson,97.4,118.8,24,12,10,19,1,-13
Elon,2026-01-24,College of Charleston,95.3,108.9,28,12,10,19,-1,-10
Elon,2026-01-29,William & Mary,115.9,111.5,24,7,9,22,1,3
Elon,2026-01-31,Stony Brook,93.8,99.3,21,12,10,22,1,-4
Elon,2026-02-05,Hampton,97.6,107.5,23,13,10,29,-1,-8
Elon,2026-02-07,Drexel,112.2,119.5,29,10,7,27,1,-5
Elon,2026-02-12,UNC Wilmington,89.0,107.1,26,7,9,21,-1,-11
Elon,2026-02-14,William & Mary,110.7,106.6,25,6,7,21,-1,3
Elon,2026-02-21,North Carolina A&T,120.2,149.5,31,8,16,10,1,-20
Elon,2026-02-26,Towson,90.1,93.4,19,7,7,22,-1,-2
Elon,2026-02-28,Monmouth,90.3,115.7,18,11,5,15,-1,-16
Elon,2026-03-03,UNC Wilmington,83.3,111.1,28,13,9,22,1,-19
Elon,2026-03-07,William & Mary,90.3,104.9,28,19,12,24,0,-10
Evansville,2025-11-04,Purdue,80.0,128.6,34,9,17,18,-1,-31
Evansville,2025-11-07,Calumet College,132.9,72.2,34,10,15,26,1,42
Evansville,2025-11-09,Oakland City,105.3,65.1,22,12,7,35,1,29
Evansville,2025-11-12,Middle Tennessee,100.4,107.3,14,12,5,23,1,-5
Evansville,2025-11-18,UT Arlington,109.3,120.8,19,12,7,7,1,-8
Evansville,2025-11-21,Oregon State,107.7,101.8,18,12,12,21,0,4
Evansville,2025-11-23,Akron,84.4,138.8,19,18,6,14,0,-38
Evansville,2025-11-24,College of Charleston,82.8,109.5,19,10,1,19,0,-19
Evansville,2025-12-03,Ball State,93.3,75.8,25,15,8,30,1,12
Evansville,2025-12-06,Western Kentucky,104.7,106.1,32,14,9,23,-1,-1
Evansville,2025-12-13,Notre Dame,85.8,121.3,24,13,7,18,-1,-24
Evansville,2025-12-16,Belmont,100.5,106.9,32,11,8,21,1,-5
Evansville,2025-12-21,Drake,98.7,100.2,23,11,10,23,1,-1
Evansville,2025-12-29,Bradley,98.1,109.6,22,11,9,27,-1,-8
Evansville,2026-01-01,Illinois State,64.7,100.6,20,23,6,27,-1,-26
Evansville,2026-01-04,Northern Iowa,74.2,95.8,14,15,0,23,1,-14
Evansville,2026-01-07,Murray State,98.7,113.0,12,12,5,22,1,-10
Evansville,2026-01-10,Indiana State,96.7,92.6,22,15,2,28,-1,3
Evansville,2026-01-13,Bradley,115.3,120.5,24,15,6,25,1,-4
Evansville,2026-01-20,Illinois–Chicago,73.6,114.1,32,18,11,18,-1,-27
Evansville,2026-01-28,Drake,116.6,122.6,22,10,5,20,-1,-4
Evansville,2026-01-31,Northern Iowa,95.5,123.2,26,6,5,18,-1,-16
Evansville,2026-02-03,Indiana State,98.2,130.9,22,10,9,19,1,-21
Evansville,2026-02-06,Valparaiso,92.4,102.7,25,12,6,15,-1,-7
Evansville,2026-02-09,Illinois State,131.7,119.7,21,7,1,24,1,8
Evansville,2026-02-12,Southern Illinois,87.5,125.4,31,14,7,15,-1,-26
Evansville,2026-02-18,Illinois–Chicago,71.8,131.1,32,14,6,15,1,-38
Evansville,2026-02-21,Murray State,104.7,122.9,29,11,2,21,-1,-13
Evansville,2026-02-25,Belmont,94.1,144.1,26,10,4,18,-1,-34
Evansville,2026-02-28,Valparaiso,115.3,113.9,18,9,2,27,1,1
Evansville,2026-03-01,Southern Illinois,102.5,123.9,25,8,4,18,1,-14
Evansville,2026-03-05,Northern Iowa,91.1,105.0,25,14,5,26,0,-9
FDU,2025-11-03,Iowa State,68.8,121.1,27,18,6,23,-1,-38
FDU,2025-11-08,Saint Peter's,111.2,124.6,31,17,10,22,-1,-10
FDU,2025-11-12,Texas,76.2,122.1,29,8,6,23,-1,-35
FDU,2025-11-15,NJIT,107.3,123.2,42,9,15,15,-1,-12
FDU,2025-11-18,St. Elizabeth,141.5,82.1,31,14,22,34,1,42
FDU,2025-11-24,East Texas A&M,95.0,102.3,25,20,10,25,1,-5
FDU,2025-11-26,Army,106.9,118.6,32,6,11,25,1,-8
FDU,2025-12-02,Providence,94.5,138.8,26,15,13,15,-1,-30
FDU,2025-12-04,Manor,126.4,55.9,28,12,9,31,1,48
FDU,2025-12-10,Fordham,84.1,116.8,28,11,6,21,-1,-21
FDU,2025-12-19,Lehman,114.7,63.4,34,11,15,26,1,34
FDU,2025-12-22,Boston College,100.3,118.4,36,5,12,21,-1,-11
FDU,2025-12-29,Minnesota,67.0,93.5,26,14,10,25,-1,-17
FDU,2026-01-02,Mercyhurst,112.9,102.2,17,15,6,21,-1,7
FDU,2026-01-04,Saint Francis (PA),114.7,118.9,23,8,7,22,-1,-3
FDU,2026-01-08,Chicago State,102.8,92.5,31,14,8,26,1,7
FDU,2026-01-10,New Haven,86.7,102.4,32,9,9,19,-1,-10
FDU,2026-01-17,LIU,89.3,99.9,23,11,11,17,1,-7
FDU,2026-01-19,Wagner,115.8,103.9,17,13,10,21,1,7
FDU,2026-01-23,Central Connecticut State,128.4,111.5,22,4,5,16,-1,10
FDU,2026-01-26,Le Moyne,109.6,128.9,28,5,15,19,1,-13
FDU,2026-01-29,Stonehill,94.1,95.8,20,5,10,20,-1,-1
FDU,2026-01-31,Wagner,102.0,106.3,23,10,3,25,-1,-3
FDU,2026-02-05,Stonehill,111.8,87.6,22,8,8,26,1,16
FDU,2026-02-07,Mercyhurst,103.3,97.7,20,8,9,23,1,3
FDU,2026-02-12,Saint Francis (PA),98.7,88.2,18,15,6,28,1,7
FDU,2026-02-14,Central Connecticut State,98.3,108.6,24,9,15,19,1,-6
FDU,2026-02-19,Chicago State,111.4,109.5,19,7,11,20,-1,1
FDU,2026-02-21,New Haven,121.6,132.7,22,9,7,18,1,-7
FDU,2026-02-26,Le Moyne,92.2,118.7,19,11,13,20,-1,-17
FDU,2026-02-28,LIU,92.4,114.0,22,17,6,19,-1,-14
FDU,2026-03-04,Mercyhurst,92.7,106.4,23,12,8,21,-1,-9
Fairfield,2025-11-03,Penn State,96.4,107.7,33,7,9,25,-1,-8
Fairfield,2025-11-08,NJIT,97.3,69.7,23,16,16,32,-1,21
Fairfield,2025-11-10,Seton Hall,84.2,117.0,23,17,9,26,-1,-23
Fairfield,2025-11-14,Stonehill,94.4,91.8,28,6,7,34,1,2
Fairfield,2025-11-16,Loyola (MD),116.7,112.6,21,7,11,18,1,3
Fairfield,2025-11-22,Le Moyne,136.5,116.8,18,7,14,20,-1,14
Fairfield,2025-11-26,Columbia,105.3,145.0,25,10,12,10,1,-29
Fairfield,2025-11-30,New Hampshire,106.3,100.4,18,11,11,28,1,4
Fairfield,2025-12-05,Manhattan,90.2,95.7,30,15,19,24,-1,-4
Fairfield,2025-12-07,Merrimack,98.1,115.2,19,12,15,21,-1,-11
Fairfield,2025-12-14,Monmouth,112.5,100.2,17,9,13,23,1,8
Fairfield,2025-12-18,Central Connecticut State,124.1,103.4,28,9,7,26,-1,14
Fairfield,2025-12-22,CCNY,141.8,68.0,41,4,17,33,1,63
Fairfield,2025-12-29,Saint Peter's,97.6,103.5,21,12,11,22,1,-4
Fairfield,2026-01-02,Canisius,116.8,122.5,23,8,14,22,-1,-4
Fairfield,2026-01-04,Niagara,130.8,118.2,16,5,6,18,-1,8
Fairfield,2026-01-09,Rider,106.3,96.9,26,6,17,25,1,6
Fairfield,2026-01-14,Manhattan,132.6,83.9,24,10,10,28,1,36
Fairfield,2026-01-17,Marist,100.1,122.6,20,10,11,16,-1,-15
Fairfield,2026-01-19,Siena,119.2,131.6,26,9,7,12,-1,-8
Fairfield,2026-01-22,Niagara,93.9,92.4,24,12,11,26,1,1
Fairfield,2026-01-24,Canisius,94.3,85.0,19,12,13,24,1,6
Fairfield,2026-01-30,Iona,111.2,109.6,24,11,19,18,-1,1
Fairfield,2026-02-01,Quinnipiac,91.3,101.1,21,8,18,20,1,-7
Fairfield,2026-02-05,Sacred Heart,126.5,119.6,24,11,7,23,-1,5
Fairfield,2026-02-07,Marist,99.7,95.0,28,7,8,22,1,3
Fairfield,2026-02-15,Saint Peter's,108.4,121.6,10,15,12,19,-1,-9
Fairfield,2026-02-20,Sacred Heart,111.6,97.3,24,8,9,26,1,10
Fairfield,2026-02-22,Quinnipiac,125.2,116.4,12,10,11,23,-1,6
Fairfield,2026-02-27,Siena,100.8,81.2,14,17,12,32,1,14
Fairfield,2026-03-01,Mount St. Mary's,69.8,102.5,20,15,13,21,1,-22
Fairfield,2026-03-05,Manhattan,104.5,88.3,27,7,11,23,0,11
Fairfield,2026-03-06,Saint Peter's,113.0,84.0,19,11,18,25,0,19
Fairfield,2026-03-08,Siena,96.3,119.9,23,5,13,21,0,-15
Florida,2025-11-03,Arizona,106.6,113.9,27,14,15,21,0,-6
Florida,2025-11-06,North Florida,129.4,79.6,32,14,28,34,1,40
Florida,2025-11-11,Florida State,96.8,94.4,31,16,16,39,1,2
Florida,2025-11-16,Miami (FL),102.8,85.2,28,16,13,34,0,14
Florida,2025-11-21,Merrimack,119.3,67.1,22,12,17,34,1,35
Florida,2025-11-27,TCU,103.6,108.7,29,19,9,21,0,-4
Florida,2025-11-28,Providence,119.9,103.9,33,8,13,27,0,12
Florida,2025-12-02,Duke,98.3,99.8,28,12,15,23,-1,-1
Florida,2025-12-09,Connecticut,105.5,111.3,15,9,13,23,0,-4
Florida,2025-12-13,George Washington,106.2,92.9,27,12,8,28,0,10
Florida,2025-12-17,Saint Francis (PA),143.0,85.5,27,15,13,28,1,41
Florida,2025-12-21,Colgate,133.7,89.1,24,9,17,29,1,30
Florida,2025-12-29,Dartmouth,124.8,95.6,18,12,23,34,1,22
Florida,2026-01-03,Missouri,109.8,112.8,27,8,12,21,-1,-2
Florida,2026-01-06,Georgia,117.3,98.2,25,11,20,33,1,15
Florida,2026-01-10,Tennessee,120.0,88.4,30,10,10,27,1,24
Florida,2026-01-13,Oklahoma,136.7,112.5,22,7,17,24,-1,17
Florida,2026-01-17,Vanderbilt,130.9,125.6,24,10,9,27,-1,4
Florida,2026-01-20,Louisiana State,116.2,89.7,27,9,22,26,1,18
Florida,2026-01-24,Auburn,101.7,115.3,27,10,16,21,1,-9
Florida,2026-01-28,South Carolina,132.2,66.8,21,11,6,34,-1,47
Florida,2026-02-01,Alabama,127.8,98.4,13,2,13,28,1,23
Florida,2026-02-07,Texas A&M,115.5,90.0,23,10,16,33,-1,19
Florida,2026-02-11,Georgia,110.0,84.4,26,14,8,33,-1,20
Florida,2026-02-14,Kentucky,119.4,107.7,28,11,17,27,1,9
Florida,2026-02-17,South Carolina,114.2,93.2,19,13,18,27,1,14
Florida,2026-02-21,Ole Miss,122.2,97.5,22,17,7,29,-1,19
Florida,2026-02-25,Texas,128.1,108.3,18,9,7,19,-1,13
Florida,2026-02-28,Arkansas,134.9,93.6,19,12,15,33,1,34
Florida,2026-03-03,Mississippi State,142.0,97.3,22,4,19,32,1,34
Florida,2026-03-07,Kentucky,114.1,104.6,18,9,11,27,-1,7
Florida,2026-03-13,Kentucky,97.8,86.8,20,16,16,29,0,8
Florida,2026-03-14,Vanderbilt,114.9,141.2,17,13,17,17,0,-17
Florida,2026-03-20,Prairie View A&M,155.5,75.0,22,7,11,36,0,59
Florida,2026-03-22,Iowa,113.1,114.7,19,11,5,17,0,-1
Florida A&M,2025-11-03,South Florida,79.1,120.5,23,21,8,15,-1,-35
Florida A&M,2025-11-08,Kennesaw State,88.9,113.6,19,12,12,21,1,-20
Florida A&M,2025-11-11,UCF,78.9,127.6,21,16,5,16,-1,-37
Florida A&M,2025-11-17,Georgia,73.9,112.8,21,22,12,16,-1,-30
Florida A&M,2025-12-02,Jacksonville,109.4,113.4,21,17,2,25,-1,-3
Florida A&M,2025-12-06,Fla. Memorial,85.5,82.7,15,16,10,28,0,2
Florida A&M,2025-12-15,Albany St. (GA),129.3,107.1,25,10,7,22,1,16
Florida A&M,2025-12-17,Jacksonville,108.0,97.5,16,7,4,23,1,7
Florida A&M,2025-12-19,Tarleton State,67.8,97.9,22,22,6,22,-1,-24
Florida A&M,2025-12-21,TCU,85.8,122.5,17,9,4,19,-1,-24
Florida A&M,2025-12-28,Georgia Tech,82.8,113.3,32,11,10,13,-1,-24
Florida A&M,2026-01-03,Bethune-Cookman,118.9,124.6,22,10,8,21,-1,-4
Florida A&M,2026-01-10,Southern,98.3,86.6,23,16,10,24,1,8
Florida A&M,2026-01-12,Grambling State,124.9,115.3,30,16,9,16,1,7
Florida A&M,2026-01-17,Arkansas–Pine Bluff,107.2,101.2,22,16,9,21,-1,4
Florida A&M,2026-01-19,Mississippi Valley State,94.8,73.4,21,17,10,30,-1,14
Florida A&M,2026-01-24,Alcorn State,97.9,86.1,19,18,8,22,1,8
Florida A&M,2026-01-26,Jackson State,100.7,102.3,28,9,9,16,1,-1
Florida A&M,2026-01-31,Alabama A&M,102.1,113.1,16,12,11,19,-1,-7
Florida A&M,2026-02-02,Alabama State,87.9,105.2,20,17,5,23,-1,-13
Florida A&M,2026-02-07,Texas Southern,90.0,97.8,25,14,16,18,1,-5
Florida A&M,2026-02-09,Prairie View A&M,111.9,107.4,15,23,10,28,1,4
Florida A&M,2026-02-14,Jackson State,84.6,112.8,20,13,6,21,-1,-20
Florida A&M,2026-02-16,Alcorn State,121.8,110.5,21,11,12,21,-1,8
Florida A&M,2026-02-19,Alabama A&M,97.6,100.8,30,12,10,20,1,-2
Florida A&M,2026-02-21,Alabama State,108.0,89.6,20,14,11,32,1,13
Florida A&M,2026-02-26,Southern,117.4,101.6,17,10,11,29,-1,11
Florida A&M,2026-02-28,Grambling State,97.9,87.5,15,16,12,24,-1,7
Florida A&M,2026-03-05,Bethune-Cookman,109.1,103.7,20,9,12,20,1,4
Florida A&M,2026-03-11,Jackson State,97.9,83.9,22,16,15,23,0,10
Florida A&M,2026-03-13,Southern,97.1,101.2,16,17,5,26,0,-3
Florida Atlantic,2025-11-03,Boston College,103.6,97.3,23,12,9,29,1,5
Florida Atlantic,2025-11-08,College of Charleston,131.6,107.8,30,7,13,22,0,17
Florida Atlantic,2025-11-09,Liberty,98.9,127.9,15,12,11,20,-1,-20
Florida Atlantic,2025-11-17,Coastal Georgia,123.1,84.3,34,9,21,29,1,29
Florida Atlantic,2025-11-20,Pacific,119.6,86.1,26,13,6,21,1,23
Florida Atlantic,2025-11-24,Loyola Marymount,117.5,100.5,27,12,15,27,0,11
Florida Atlantic,2025-11-25,George Mason,105.1,119.7,23,10,10,18,0,-9
Florida Atlantic,2025-11-30,St. Bonaventure,96.9,104.4,27,13,11,22,1,-5
Florida Atlantic,2025-12-07,Florida Gulf Coast,116.7,109.5,21,11,14,19,-1,5
Florida Atlantic,2025-12-10,St. Leo,150.8,74.1,32,9,19,32,1,57
Florida Atlantic,2025-12-13,Albany (NY),128.5,96.7,35,13,8,30,1,26
Florida Atlantic,2025-12-19,St. Mary's (CA),94.6,111.0,20,14,8,19,-1,-13
Florida Atlantic,2025-12-23,UCF,104.5,111.0,30,12,10,22,0,-5
Florida Atlantic,2025-12-31,UTSA,134.4,85.5,35,15,7,31,1,40
Florida Atlantic,2026-01-04,Tulane,94.8,99.1,23,18,12,27,-1,-3
Florida Atlantic,2026-01-07,UAB,100.9,94.2,32,12,10,30,-1,5
Florida Atlantic,2026-01-11,Memphis,113.2,99.2,28,15,13,31,1,11
Florida Atlantic,2026-01-15,Wichita State,121.5,95.7,21,11,9,25,1,18
Florida Atlantic,2026-01-18,Temple,99.6,92.1,19,12,9,29,-1,6
Florida Atlantic,2026-01-21,Tulane,111.6,104.5,18,10,5,25,1,5
Florida Atlantic,2026-01-25,South Florida,99.5,118.1,22,8,10,18,-1,-14
Florida Atlantic,2026-01-29,Memphis,81.0,114.6,22,23,14,19,-1,-27
Florida Atlantic,2026-02-01,East Carolina,108.5,110.0,23,16,10,25,1,-1
Florida Atlantic,2026-02-04,Tulsa,103.3,106.0,30,10,13,28,1,-2
Florida Atlantic,2026-02-11,Rice,103.3,114.6,16,9,12,25,-1,-8
Florida Atlantic,2026-02-15,South Florida,103.7,106.2,25,10,7,29,1,-2
Florida Atlantic,2026-02-18,UTSA,88.7,76.9,19,10,11,32,-1,8
Florida Atlantic,2026-02-22,North Texas,105.6,107.0,19,6,2,19,-1,-1
Florida Atlantic,2026-02-26,Temple,120.2,114.0,17,12,10,22,1,4
Florida Atlantic,2026-03-01,Charlotte,106.2,104.9,24,8,12,25,1,1
Florida Atlantic,2026-03-07,Wichita State,98.5,123.8,16,15,8,21,-1,-18
Florida Atlantic,2026-03-11,Temple,96.7,90.6,11,17,10,24,0,4
Florida Atlantic,2026-03-12,North Texas,97.2,102.7,17,13,5,32,0,-4
Florida Gulf Coast,2025-11-03,New College (FL),124.4,77.7,43,5,25,30,1,36
Florida Gulf Coast,2025-11-07,Illinois,94.1,151.8,27,1,13,13,-1,-43
Florida Gulf Coast,2025-11-11,Georgia Southern,119.9,121.2,30,13,18,23,1,-1
Florida Gulf Coast,2025-11-15,Chattanooga,130.6,104.8,25,7,12,25,1,18
Florida Gulf Coast,2025-11-19,Samford,108.8,87.6,16,16,12,32,-1,15
Florida Gulf Coast,2025-11-24,Oral Roberts,120.8,114.3,20,12,8,15,1,5
Florida Gulf Coast,2025-11-25,Rice,94.4,76.3,18,15,6,28,1,15
Florida Gulf Coast,2025-11-26,Kennesaw State,112.0,114.2,25,11,8,22,1,-2
Florida Gulf Coast,2025-12-03,Florida International,106.0,113.7,27,14,14,22,-1,-6
Florida Gulf Coast,2025-12-07,Florida Atlantic,109.5,116.7,21,14,6,17,1,-5
Florida Gulf Coast,2025-12-14,New Mexico,85.8,109.1,36,12,8,17,-1,-16
Florida Gulf Coast,2025-12-20,UCF,111.1,141.6,27,15,6,17,-1,-22
Florida Gulf Coast,2025-12-28,Ft. Lauderdale,125.0,64.0,37,12,22,31,1,41
Florida Gulf Coast,2026-01-01,Central Arkansas,126.5,129.6,31,10,4,18,-1,-2
Florida Gulf Coast,2026-01-03,North Alabama,101.3,77.4,25,13,6,33,-1,17
Florida Gulf Coast,2026-01-08,Austin Peay,102.2,118.0,24,14,8,23,1,-11
Florida Gulf Coast,2026-01-10,Lipscomb,106.9,116.7,17,11,6,21,1,-7
Florida Gulf Coast,2026-01-15,Queens (NC),100.9,115.8,21,7,9,25,1,-11
Florida Gulf Coast,2026-01-17,West Georgia,119.9,95.9,13,12,6,27,1,18
Florida Gulf Coast,2026-01-22,Austin Peay,90.9,121.7,21,18,13,21,-1,-21
Florida Gulf Coast,2026-01-23,Lipscomb,110.0,133.2,26,9,9,14,-1,-15
Florida Gulf Coast,2026-01-29,North Alabama,107.0,95.1,31,12,9,23,1,8
Florida Gulf Coast,2026-01-31,Jacksonville,100.7,72.6,15,8,6,28,-1,19
Florida Gulf Coast,2026-02-05,Eastern Kentucky,104.9,107.8,29,14,9,23,-1,-2
Florida Gulf Coast,2026-02-07,Bellarmine,94.4,117.7,29,11,8,23,-1,-16
Florida Gulf Coast,2026-02-11,North Florida,120.3,108.3,16,8,10,23,1,9
Florida Gulf Coast,2026-02-14,Stetson,113.1,110.2,22,10,8,21,1,2
Florida Gulf Coast,2026-02-18,Jacksonville,128.7,125.7,13,8,11,18,1,2
Florida Gulf Coast,2026-02-21,Central Arkansas,100.9,95.5,30,8,9,25,1,4
Florida Gulf Coast,2026-02-26,North Florida,98.3,106.8,27,4,12,23,-1,-6
Florida Gulf Coast,2026-02-28,Stetson,93.2,115.3,20,9,5,17,-1,-15
Florida Gulf Coast,2026-03-04,North Alabama,109.8,92.3,17,7,10,22,0,11
Florida Gulf Coast,2026-03-06,Lipscomb,120.3,82.8,22,10,13,28,0,24
Florida Gulf Coast,2026-03-07,Central Arkansas,88.7,102.7,32,11,9,28,0,-10
Florida International,2025-11-03,Florida National,129.4,62.8,30,8,18,28,1,52
Florida International,2025-11-08,Nebraska,85.4,124.2,23,19,15,22,-1,-30
Florida International,2025-11-13,Louisiana State,103.1,124.7,26,10,13,19,-1,-17
Florida International,2025-11-18,Ft. Lauderdale,111.5,85.7,22,20,17,35,1,24
Florida International,2025-11-24,James Madison,99.3,110.3,31,7,13,21,1,-8
Florida International,2025-11-26,Omaha,100.7,83.0,31,7,8,23,1,13
Florida International,2025-12-03,Florida Gulf Coast,113.7,106.0,24,13,6,18,1,6
Florida International,2025-12-06,Jacksonville,124.0,91.6,16,12,4,22,1,23
Florida International,2025-12-16,Miami (FL),104.7,126.7,22,12,9,18,-1,-17
Florida International,2025-12-20,LIU,110.6,101.6,17,14,9,19,1,7
Florida International,2025-12-22,Trinity Baptist,131.2,75.9,35,16,16,35,1,51
Florida International,2025-12-28,Liberty,120.1,123.9,17,14,19,25,1,-3
Florida International,2026-01-02,New Mexico State,124.4,103.5,18,12,13,23,1,15
Florida International,2026-01-04,UTEP,113.8,95.9,17,12,13,25,1,12
Florida International,2026-01-07,Jacksonville State,95.1,105.6,15,12,3,13,-1,-7
Florida International,2026-01-10,Missouri State,96.8,107.7,18,11,10,19,-1,-8
Florida International,2026-01-14,Kennesaw State,114.2,118.2,22,10,16,25,-1,-3
Florida International,2026-01-17,Sam Houston State,81.9,98.8,21,18,13,26,1,-13
Florida International,2026-01-22,UTEP,108.1,116.5,13,13,8,22,-1,-6
Florida International,2026-01-24,New Mexico State,103.1,99.3,24,6,7,26,-1,3
Florida International,2026-01-28,Jacksonville State,93.3,98.3,21,18,7,27,1,-4
Florida International,2026-02-04,Middle Tennessee,105.2,100.4,12,11,9,34,-1,4
Florida International,2026-02-07,Western Kentucky,98.5,112.5,17,13,9,23,-1,-10
Florida International,2026-02-12,Delaware,97.4,100.4,26,10,13,20,1,-2
Florida International,2026-02-14,Louisiana Tech,113.1,94.0,22,15,15,23,1,13
Florida International,2026-02-19,Liberty,108.2,109.4,19,16,13,24,-1,-1
Florida International,2026-02-21,Missouri State,99.7,95.5,15,9,6,22,1,3
Florida International,2026-02-26,Sam Houston State,90.1,134.5,18,15,6,16,-1,-33
Florida International,2026-02-28,Louisiana Tech,117.3,106.2,23,14,7,16,-1,8
Florida International,2026-03-05,Middle Tennessee,96.0,104.6,15,15,16,17,1,-6
Florida International,2026-03-07,Western Kentucky,121.5,88.5,20,12,13,30,1,25
Florida International,2026-03-10,Missouri State,108.9,113.4,14,13,15,21,0,-3
Florida State,2025-11-04,Alcorn State,141.5,99.5,30,8,14,21,1,32
Florida State,2025-11-07,Alabama State,126.5,80.2,47,15,16,30,1,37
Florida State,2025-11-11,Florida,94.4,96.8,34,10,8,25,-1,-2
Florida State,2025-11-18,UT Martin,113.1,94.9,35,6,13,17,1,14
Florida State,2025-11-21,Georgia Southern,115.2,84.6,49,10,8,33,1,26
Florida State,2025-11-25,Cal State Bakersfield,108.5,71.9,32,17,13,22,1,30
Florida State,2025-11-28,Texas A&M,75.7,121.8,41,15,16,19,0,-36
Florida State,2025-12-02,Georgia,89.8,131.7,30,11,9,12,1,-34
Florida State,2025-12-06,Houston,91.3,111.7,32,19,11,19,0,-15
Florida State,2025-12-13,Massachusetts,115.2,124.9,41,12,13,23,0,-8
Florida State,2025-12-16,Dayton,88.4,124.2,27,19,12,22,-1,-28
Florida State,2025-12-19,Mississippi Valley State,127.3,65.0,40,10,15,22,1,47
Florida State,2025-12-22,Jacksonville,130.8,94.7,33,8,14,27,1,24
Florida State,2025-12-30,North Carolina,92.9,111.2,40,9,11,21,-1,-13
Florida State,2026-01-03,Duke,123.9,129.6,30,13,8,13,1,-4
Florida State,2026-01-10,NC State,88.1,144.2,23,13,4,19,1,-44
Florida State,2026-01-13,Syracuse,117.0,127.9,27,14,14,17,-1,-8
Florida State,2026-01-17,Wake Forest,100.9,102.4,31,16,14,25,1,-1
Florida State,2026-01-20,Miami (FL),92.7,89.8,17,11,4,26,-1,2
Florida State,2026-01-24,SMU,114.2,118.5,32,8,15,23,-1,-3
Florida State,2026-01-28,California,91.9,89.0,28,6,11,26,1,2
Florida State,2026-01-31,Stanford,125.7,114.2,23,9,6,23,1,8
Florida State,2026-02-07,Notre Dame,111.7,107.6,37,4,8,25,-1,3
Florida State,2026-02-10,Virginia,82.7,87.0,33,8,9,24,1,-3
Florida State,2026-02-14,Virginia Tech,144.7,108.5,23,4,4,22,-1,23
Florida State,2026-02-17,Boston College,117.8,106.0,27,8,9,29,1,8
Florida State,2026-02-21,Clemson,115.0,106.8,24,9,3,21,-1,5
Florida State,2026-02-24,Miami (FL),101.7,115.6,28,12,5,16,1,-10
Florida State,2026-02-28,Georgia Tech,121.8,108.1,26,8,16,25,-1,9
Florida State,2026-03-04,Pittsburgh,113.4,111.9,27,11,9,25,-1,1
Florida State,2026-03-07,SMU,121.8,104.4,34,11,5,21,1,13
Florida State,2026-03-11,California,134.3,125.9,28,6,6,20,0,6
Florida State,2026-03-12,Duke,114.9,116.4,28,10,5,19,0,-1
Fordham,2025-11-04,NJIT,92.2,108.8,24,7,16,25,1,-11
Fordham,2025-11-07,Mt. St. Mary (NY),139.3,48.6,27,16,24,33,1,69
Fordham,2025-11-11,Wagner,104.3,101.0,16,5,8,24,1,2
Fordham,2025-11-14,Iona,99.8,106.8,32,9,16,27,-1,-5
Fordham,2025-11-16,Manhattanville,121.3,78.3,35,13,10,38,1,34
Fordham,2025-11-20,LIU,103.4,79.4,21,9,9,28,1,16
Fordham,2025-11-28,Franklin Pierce,95.8,93.2,22,13,10,22,0,2
Fordham,2025-11-29,Albany (NY),127.4,98.4,21,14,9,21,0,20
Fordham,2025-11-30,Colgate,93.5,108.6,18,11,8,21,0,-10
Fordham,2025-12-06,Holy Cross,106.6,108.2,22,10,6,22,1,-1
Fordham,2025-12-10,FDU,116.8,84.1,23,11,11,30,1,21
Fordham,2025-12-13,Manhattan,126.0,81.4,22,11,14,31,1,29
Fordham,2025-12-22,New Haven,103.4,74.8,18,15,8,27,1,18
Fordham,2025-12-31,Dayton,89.3,100.5,34,15,16,24,-1,-7
Fordham,2026-01-04,Richmond,118.2,130.8,21,13,17,23,1,-8
Fordham,2026-01-07,George Mason,91.3,105.4,23,9,18,22,1,-9
Fordham,2026-01-10,St. Bonaventure,121.5,115.5,19,8,7,20,-1,4
Fordham,2026-01-14,Saint Louis,89.7,125.0,26,6,12,19,-1,-22
Fordham,2026-01-17,Duquesne,86.9,102.1,28,13,17,23,1,-11
Fordham,2026-01-21,Davidson,94.5,102.0,12,17,4,22,-1,-5
Fordham,2026-01-28,La Salle,99.0,89.7,25,8,9,28,1,6
Fordham,2026-01-31,George Washington,115.5,95.0,23,10,13,27,-1,14
Fordham,2026-02-03,VCU,90.8,97.0,18,7,11,17,1,-4
Fordham,2026-02-07,St. Bonaventure,109.0,113.8,26,11,10,13,1,-3
Fordham,2026-02-10,Saint Joseph's,105.1,98.9,24,7,10,25,-1,4
Fordham,2026-02-14,Rhode Island,100.5,94.8,23,13,8,30,-1,4
Fordham,2026-02-18,Loyola Chicago,92.3,87.9,19,13,10,28,1,3
Fordham,2026-02-21,Davidson,106.9,100.1,13,9,6,23,1,4
Fordham,2026-02-28,VCU,89.7,116.8,26,9,9,23,-1,-19
Fordham,2026-03-04,La Salle,123.3,127.8,30,5,16,17,-1,-3
Fordham,2026-03-07,Rhode Island,95.1,76.4,20,14,7,30,1,12
Fordham,2026-03-12,George Washington,97.2,103.5,21,10,3,20,0,-4
Fresno State,2025-11-03,Fresno Pacific,125.0,72.4,18,14,10,31,1,37
Fresno State,2025-11-05,USC Upstate,93.3,94.7,30,12,10,19,1,-1
Fresno State,2025-11-08,Long Beach State,112.9,85.4,23,16,10,26,1,20
Fresno State,2025-11-12,UC San Diego,101.3,108.2,23,13,12,21,1,-5
Fresno State,2025-11-15,Utah Valley,104.3,103.0,17,17,3,21,1,1
Fresno State,2025-11-18,Stephen F. Austin,114.4,111.5,12,12,7,23,1,2
Fresno State,2025-11-21,New Orleans,110.4,98.7,27,11,5,27,1,9
Fresno State,2025-11-26,Pepperdine,109.0,76.0,30,7,6,23,0,23
Fresno State,2025-11-30,Cal State Bakersfield,96.3,103.1,33,15,14,21,1,-5
Fresno State,2025-12-06,Arkansas,77.2,109.2,26,17,10,29,-1,-24
Fresno State,2025-12-10,Cal State Northridge,119.8,122.5,29,11,6,17,-1,-2
Fresno State,2025-12-20,UNLV,102.4,119.5,22,12,9,17,-1,-12
Fresno State,2025-12-30,Utah State,81.9,93.6,22,18,9,23,1,-9
Fresno State,2026-01-03,Nevada,100.2,101.7,19,14,8,24,1,-1
Fresno State,2026-01-06,San Jose State,110.3,86.6,18,13,7,28,-1,15
Fresno State,2026-01-10,San Diego State,69.8,95.3,32,15,3,28,-1,-19
Fresno State,2026-01-13,Colorado State,127.3,111.2,20,7,9,23,1,10
Fresno State,2026-01-17,Wyoming,102.8,97.9,18,7,10,20,1,3
Fresno State,2026-01-21,New Mexico,93.4,104.7,29,21,8,32,-1,-9
Fresno State,2026-01-24,Grand Canyon,87.5,104.4,23,8,6,19,1,-11
Fresno State,2026-01-31,Air Force,110.6,86.8,29,10,6,29,-1,17
Fresno State,2026-02-03,UNLV,122.5,120.0,15,15,6,15,1,2
Fresno State,2026-02-07,Nevada,92.6,108.3,29,8,5,23,-1,-10
Fresno State,2026-02-10,Utah State,105.4,123.0,29,10,9,21,-1,-13
Fresno State,2026-02-14,Air Force,126.7,85.8,23,9,8,27,1,30
Fresno State,2026-02-17,Wyoming,124.6,139.8,15,8,9,17,-1,-10
Fresno State,2026-02-21,New Mexico,117.8,120.8,23,10,11,20,1,-2
Fresno State,2026-02-24,Colorado State,104.2,110.2,21,12,7,23,-1,-4
Fresno State,2026-02-28,Boise State,87.5,114.0,18,7,7,22,1,-16
Fresno State,2026-03-03,San Jose State,120.2,99.7,24,6,12,32,1,14
Fresno State,2026-03-07,Grand Canyon,82.6,117.0,23,14,7,22,-1,-25
Fresno State,2026-03-11,Colorado State,98.5,104.7,23,12,5,23,0,-4
Furman,2025-11-03,High Point,96.5,131.8,26,22,14,24,0,-26
Furman,2025-11-07,Troy,88.5,92.8,24,17,9,24,1,-3
Furman,2025-11-10,Columbia Intl,128.9,85.5,45,9,20,27,1,30
Furman,2025-11-14,Northern Iowa,82.3,106.6,30,11,6,23,-1,-16
Furman,2025-11-19,Ohio Christian,123.1,68.6,31,13,18,31,1,35
Furman,2025-11-23,Queens (NC),139.5,122.4,33,4,10,23,1,11
Furman,2025-11-27,Richmond,105.0,103.6,25,14,10,20,0,1
Furman,2025-11-28,Illinois State,95.7,106.1,25,11,4,21,0,-7
Furman,2025-12-03,Elon,131.4,119.2,34,8,10,25,-1,9
Furman,2025-12-06,Harvard,114.7,100.2,24,15,5,26,1,10
Furman,2025-12-09,Bob Jones,136.6,74.1,30,11,12,30,1,48
Furman,2025-12-18,Manhattan,106.2,96.3,28,17,13,25,-1,7
Furman,2025-12-21,Charleston Southern,110.8,100.2,25,8,7,31,1,8
Furman,2025-12-31,Mercer,107.5,104.6,23,10,9,26,1,2
Furman,2026-01-03,Western Carolina,105.7,109.8,32,9,10,23,1,-3
Furman,2026-01-07,Chattanooga,112.8,96.9,26,11,10,29,-1,11
Furman,2026-01-10,VMI,104.0,72.3,33,20,15,28,1,21
Furman,2026-01-14,Samford,107.3,101.7,31,10,13,27,-1,4
Furman,2026-01-17,Wofford,110.0,116.3,29,12,11,20,1,-4
Furman,2026-01-21,The Citadel,105.0,107.8,29,10,11,26,-1,-2
Furman,2026-01-23,UNC Greensboro,139.9,103.7,27,4,5,23,-1,23
Furman,2026-01-29,Samford,121.9,114.1,20,11,5,27,1,5
Furman,2026-02-01,Chattanooga,111.5,104.0,20,11,5,23,1,5
Furman,2026-02-04,East Tennessee State,99.2,104.7,26,19,7,26,-1,-4
Furman,2026-02-08,UNC Greensboro,96.9,101.4,19,11,6,25,1,-3
Furman,2026-02-11,Mercer,92.0,99.2,33,9,6,26,-1,-5
Furman,2026-02-14,VMI,126.8,101.4,38,12,8,31,-1,18
Furman,2026-02-18,East Tennessee State,99.8,112.8,33,9,11,26,1,-9
Furman,2026-02-21,Wofford,116.8,103.0,17,10,4,25,-1,9
Furman,2026-02-25,The Citadel,120.3,85.2,23,10,19,29,1,21
Furman,2026-02-28,Western Carolina,104.6,134.2,17,8,4,20,-1,-19
Furman,2026-03-07,Samford,122.0,114.9,21,7,8,26,0,5
Furman,2026-03-08,UNC Greensboro,120.6,111.7,20,12,4,18,0,6
Furman,2026-03-09,East Tennessee State,119.1,95.6,26,11,8,25,0,15
Furman,2026-03-20,Connecticut,108.5,125.3,24,11,4,17,0,-11
Gardner-Webb,2025-11-03,Minnesota,80.5,116.7,19,13,6,19,-1,-27
Gardner-Webb,2025-11-07,Clemson,83.8,137.7,20,15,5,22,-1,-38
Gardner-Webb,2025-11-10,North Greenville,108.4,123.1,26,6,7,20,1,-11
Gardner-Webb,2025-11-15,Elon,110.5,125.0,27,12,14,18,-1,-11
Gardner-Webb,2025-11-18,DePaul,76.7,115.0,26,18,12,23,-1,-31
Gardner-Webb,2025-11-22,Richmond,87.7,133.5,31,17,7,22,-1,-35
Gardner-Webb,2025-11-26,Navy,76.0,125.1,25,15,5,14,0,-33
Gardner-Webb,2025-11-28,Southeastern Louisiana,95.7,107.0,19,20,6,21,0,-8
Gardner-Webb,2025-11-29,UNC Wilmington,88.3,125.4,31,14,7,21,-1,-26
Gardner-Webb,2025-12-03,Queens (NC),97.0,140.2,24,10,13,21,-1,-33
Gardner-Webb,2025-12-06,Georgia Southern,111.6,116.9,16,15,6,24,1,-4
Gardner-Webb,2025-12-12,Brevard,108.3,88.6,8,13,10,27,1,14
Gardner-Webb,2025-12-15,Wofford,82.3,119.8,15,15,3,19,1,-26
Gardner-Webb,2025-12-18,Toccoa Falls,141.5,87.6,21,8,10,29,1,40
Gardner-Webb,2025-12-21,Tennessee,73.3,132.4,30,13,4,18,-1,-42
Gardner-Webb,2025-12-31,Charleston Southern,106.5,119.9,21,10,10,19,1,-10
Gardner-Webb,2026-01-03,Winthrop,110.6,126.4,31,7,3,19,-1,-11
Gardner-Webb,2026-01-07,High Point,59.7,126.7,31,23,6,20,-1,-55
Gardner-Webb,2026-01-14,Radford,112.6,125.2,20,10,5,23,1,-9
Gardner-Webb,2026-01-17,Presbyterian,80.3,134.4,22,15,5,19,1,-37
Gardner-Webb,2026-01-21,Longwood,77.9,126.5,19,21,10,15,-1,-35
Gardner-Webb,2026-01-23,USC Upstate,100.3,97.3,17,11,10,27,1,2
Gardner-Webb,2026-01-29,UNC Asheville,84.5,116.7,22,11,6,20,-1,-19
Gardner-Webb,2026-02-04,Longwood,92.3,120.3,20,17,7,18,1,-20
Gardner-Webb,2026-02-07,Presbyterian,97.9,107.4,16,10,6,17,-1,-6
Gardner-Webb,2026-02-12,Winthrop,109.4,132.6,27,15,6,19,1,-18
Gardner-Webb,2026-02-14,High Point,110.7,142.6,18,9,0,11,1,-25
Gardner-Webb,2026-02-17,Charleston Southern,87.6,99.5,27,9,7,25,-1,-9
Gardner-Webb,2026-02-19,Radford,100.7,117.9,15,14,7,20,-1,-12
Gardner-Webb,2026-02-26,UNC Asheville,114.6,124.2,25,5,5,16,1,-6
Gardner-Webb,2026-02-28,USC Upstate,85.0,98.9,23,13,6,23,-1,-10
Gardner-Webb,2026-03-04,USC Upstate,98.4,96.9,16,13,10,20,0,1
Gardner-Webb,2026-03-06,High Point,81.1,111.3,27,13,7,23,0,-22
George Mason,2025-11-03,Wofford,107.5,70.7,17,11,7,27,1,24
George Mason,2025-11-07,Winthrop,122.1,114.5,28,13,14,30,1,6
George Mason,2025-11-11,Catawba,124.2,89.5,8,20,6,23,1,24
George Mason,2025-11-15,New Hampshire,90.3,65.1,20,12,12,30,1,17
George Mason,2025-11-18,Jacksonville,118.1,85.2,14,13,6,18,1,22
George Mason,2025-11-24,Ohio,133.3,100.0,31,6,14,22,0,23
George Mason,2025-11-25,Florida Atlantic,119.7,105.1,17,7,7,19,0,9
George Mason,2025-11-29,James Madison,124.5,100.2,17,9,3,30,1,16
George Mason,2025-12-02,Cornell,136.6,111.8,20,11,9,23,1,18
George Mason,2025-12-06,Virginia Tech,93.4,109.9,21,16,11,21,-1,-11
George Mason,2025-12-13,Old Dominion,101.8,85.1,14,11,9,24,1,12
George Mason,2025-12-21,Loyola (MD),121.8,111.9,19,7,9,22,1,7
George Mason,2025-12-28,Pennsylvania,119.1,113.3,15,7,11,28,1,4
George Mason,2025-12-31,La Salle,123.0,115.3,16,0,7,25,-1,5
George Mason,2026-01-03,Rhode Island,96.3,79.0,16,9,3,28,1,11
George Mason,2026-01-07,Fordham,105.4,91.3,11,9,5,26,-1,9
George Mason,2026-01-10,VCU,127.1,118.3,14,7,6,20,1,6
George Mason,2026-01-13,Loyola Chicago,124.3,112.2,17,7,8,17,-1,8
George Mason,2026-01-19,George Washington,103.2,95.7,23,13,4,27,1,5
George Mason,2026-01-24,Rhode Island,110.0,125.2,16,8,9,24,-1,-9
George Mason,2026-01-28,Davidson,101.4,87.9,18,13,10,22,1,8
George Mason,2026-01-31,St. Bonaventure,109.2,103.5,21,16,7,21,-1,4
George Mason,2026-02-04,Duquesne,101.5,110.9,18,15,9,19,1,-6
George Mason,2026-02-07,Saint Joseph's,97.1,84.1,16,8,8,24,1,8
George Mason,2026-02-10,Richmond,99.1,116.1,17,15,14,25,-1,-12
George Mason,2026-02-13,George Washington,91.0,123.6,26,11,6,17,-1,-19
George Mason,2026-02-18,Dayton,104.3,127.7,14,9,4,19,1,-15
George Mason,2026-02-25,Saint Joseph's,97.7,125.7,24,9,10,24,-1,-18
George Mason,2026-02-28,St. Bonaventure,115.0,93.9,28,8,6,25,1,13
George Mason,2026-03-03,VCU,104.3,112.3,19,10,8,21,-1,-5
George Mason,2026-03-07,Saint Louis,134.5,89.1,19,10,12,27,1,29
George Mason,2026-03-12,St. Bonaventure,92.1,101.8,24,10,10,25,0,-6
George Mason,2026-03-17,Liberty,111.0,120.4,17,7,13,20,1,-6
George Washington,2025-11-03,Maine,99.4,69.7,20,15,14,29,1,20
George Washington,2025-11-08,South Florida,114.4,109.8,24,21,9,27,0,4
George Washington,2025-11-12,American,140.4,87.9,28,13,12,30,1,40
George Washington,2025-11-15,Old Dominion,127.2,96.7,22,6,10,23,1,23
George Washington,2025-11-19,UMBC,124.3,72.6,27,11,7,34,1,37
George Washington,2025-11-23,McNeese State,112.7,120.6,31,23,13,22,0,-6
George Washington,2025-11-24,Middle Tennessee,127.5,109.5,22,9,4,22,0,13
George Washington,2025-11-25,Murray State,129.5,130.9,19,7,8,19,0,-1
George Washington,2025-12-02,Army,125.3,104.4,31,10,10,29,-1,14
George Washington,2025-12-06,William & Mary,123.4,107.2,27,11,12,22,1,13
George Washington,2025-12-10,Delaware,85.5,103.2,28,12,15,16,1,-12
George Washington,2025-12-13,Florida,92.9,106.2,26,12,9,21,0,-10
George Washington,2025-12-22,St. Mary's (MD),118.7,49.0,30,16,12,37,1,57
George Washington,2025-12-31,Richmond,147.7,126.8,33,10,8,20,-1,14
George Washington,2026-01-03,La Salle,118.6,84.7,26,11,12,30,1,22
George Washington,2026-01-06,Dayton,107.7,118.1,28,19,13,20,-1,-7
George Washington,2026-01-10,Loyola Chicago,128.9,84.2,38,8,11,29,1,35
George Washington,2026-01-14,Davidson,118.1,125.6,32,4,17,18,1,-5
George Washington,2026-01-19,George Mason,95.7,103.2,25,11,7,23,-1,-5
George Washington,2026-01-24,Richmond,123.4,100.2,33,11,8,25,1,16
George Washington,2026-01-27,Saint Louis,97.8,101.7,30,14,12,30,-1,-3
George Washington,2026-01-31,Fordham,95.0,115.5,30,13,10,14,1,-14
George Washington,2026-02-04,Saint Joseph's,105.9,110.3,45,14,17,18,-1,-3
George Washington,2026-02-07,Duquesne,125.3,128.2,35,15,18,20,-1,-2
George Washington,2026-02-10,Rhode Island,109.8,102.5,24,14,12,20,1,5
George Washington,2026-02-13,George Mason,123.6,91.0,23,7,8,23,1,19
George Washington,2026-02-17,VCU,108.1,128.3,34,11,11,19,-1,-14
George Washington,2026-02-24,La Salle,145.6,107.8,22,11,7,24,-1,27
George Washington,2026-02-27,Dayton,100.2,103.2,20,18,13,19,1,-2
George Washington,2026-03-04,St. Bonaventure,114.4,103.1,24,12,13,23,1,9
George Washington,2026-03-07,Loyola Chicago,93.7,102.8,33,10,16,19,-1,-6
George Washington,2026-03-12,Fordham,103.5,97.2,26,12,9,24,0,4
George Washington,2026-03-13,Saint Louis,109.6,119.0,39,9,16,24,0,-7
George Washington,2026-03-18,Utah Valley,114.5,113.1,25,16,8,22,-1,1
George Washington,2026-03-22,New Mexico,87.3,123.1,35,14,10,20,-1,-25
Georgetown,2025-11-03,Morgan State,113.8,91.5,26,7,13,22,1,17
Georgetown,2025-11-07,Maryland,102.0,87.4,20,9,10,27,-1,10
Georgetown,2025-11-12,Binghamton,123.1,103.8,19,4,13,22,1,13
Georgetown,2025-11-15,Clemson,111.5,104.4,17,8,5,24,1,5
Georgetown,2025-11-22,Wagner,120.8,98.5,22,9,10,26,1,17
Georgetown,2025-11-27,Dayton,104.5,111.1,25,12,10,28,0,-5
Georgetown,2025-11-28,Miami (FL),99.2,119.1,26,10,15,14,0,-13
Georgetown,2025-12-03,UMBC,133.0,119.7,23,5,6,23,1,9
Georgetown,2025-12-07,North Carolina,84.9,112.8,23,4,11,22,-1,-20
Georgetown,2025-12-13,Saint Peter's,103.5,92.6,16,14,10,26,1,8
Georgetown,2025-12-17,Marquette,120.3,106.5,16,8,12,26,-1,9
Georgetown,2025-12-20,Xavier,101.3,105.2,17,10,9,24,1,-3
Georgetown,2025-12-22,Coppin State,133.9,92.5,27,7,8,28,1,30
Georgetown,2025-12-31,St. John's (NY),117.5,134.5,21,11,11,17,1,-12
Georgetown,2026-01-06,DePaul,74.2,83.1,12,12,12,26,-1,-6
Georgetown,2026-01-10,Seton Hall,94.6,107.3,20,11,13,23,1,-9
Georgetown,2026-01-13,Creighton,126.8,131.4,16,8,8,22,-1,-3
Georgetown,2026-01-17,Connecticut,102.8,106.1,14,13,13,22,1,-2
Georgetown,2026-01-21,Villanova,79.2,102.5,25,17,11,24,-1,-15
Georgetown,2026-01-24,Providence,126.4,121.7,25,3,8,19,-1,3
Georgetown,2026-01-28,DePaul,117.7,102.6,12,9,6,24,1,9
Georgetown,2026-01-31,Butler,119.2,99.1,20,9,4,22,-1,13
Georgetown,2026-02-04,Creighton,101.7,91.0,21,11,15,28,1,8
Georgetown,2026-02-07,Villanova,102.7,112.5,25,14,13,26,1,-7
Georgetown,2026-02-14,Connecticut,113.0,119.0,28,11,9,19,-1,-4
Georgetown,2026-02-18,Butler,128.6,134.4,22,8,7,15,1,-4
Georgetown,2026-02-21,Seton Hall,73.3,79.5,23,13,14,21,-1,-4
Georgetown,2026-02-24,Marquette,89.3,113.1,25,13,12,23,1,-16
Georgetown,2026-02-28,Xavier,115.2,124.8,27,13,4,19,-1,-7
Georgetown,2026-03-03,St. John's (NY),96.4,100.6,16,13,5,25,-1,-3
Georgetown,2026-03-07,Providence,109.1,107.7,15,12,5,20,1,1
Georgetown,2026-03-11,DePaul,100.2,89.0,14,8,11,29,0,7
Georgetown,2026-03-12,Villanova,119.3,97.9,20,14,14,28,0,14
Georgetown,2026-03-13,Connecticut,84.3,110.7,16,10,8,16,0,-16
Georgia,2025-11-03,Bellarmine,135.2,76.7,29,6,8,29,1,45
Georgia,2025-11-05,Maryland Eastern Shore,126.2,38.9,40,9,23,27,1,65
Georgia,2025-11-09,Morehead State,148.3,100.1,37,9,14,27,1,39
Georgia,2025-11-14,Georgia Tech,106.9,101.0,29,13,14,31,1,5
Georgia,2025-11-17,Florida A&M,112.8,73.9,26,13,19,26,1,30
Georgia,2025-11-21,Xavier,105.0,103.7,28,11,8,32,0,1
Georgia,2025-11-23,Clemson,113.9,117.5,30,14,7,26,0,-3
Georgia,2025-11-29,Tennessee Tech,140.0,92.2,43,10,11,32,1,42
Georgia,2025-12-02,Florida State,131.7,89.8,30,14,13,31,-1,34
Georgia,2025-12-13,Cincinnati,108.9,84.2,21,14,9,31,0,19
Georgia,2025-12-18,Western Carolina,138.2,101.2,22,11,8,27,1,30
Georgia,2025-12-22,West Georgia,122.4,88.0,29,9,19,31,1,29
Georgia,2025-12-29,LIU,116.2,96.6,27,12,14,23,1,15
Georgia,2026-01-03,Auburn,124.0,119.2,29,11,9,19,1,4
Georgia,2026-01-06,Florida,98.2,117.3,19,9,10,23,-1,-15
Georgia,2026-01-10,South Carolina,109.2,101.9,27,8,10,25,-1,5
Georgia,2026-01-14,Ole Miss,120.1,122.6,35,9,16,21,1,-2
Georgia,2026-01-17,Arkansas,106.4,89.8,33,16,7,21,1,14
Georgia,2026-01-20,Missouri,104.5,101.6,29,10,16,25,-1,2
Georgia,2026-01-24,Texas,101.8,132.2,19,13,9,14,-1,-20
Georgia,2026-01-28,Tennessee,122.9,124.3,28,5,7,18,1,-1
Georgia,2026-01-31,Texas A&M,100.5,120.1,28,10,15,23,1,-15
Georgia,2026-02-07,Louisiana State,125.9,107.7,25,10,14,19,-1,12
Georgia,2026-02-11,Florida,84.4,110.0,29,12,9,22,1,-20
Georgia,2026-02-14,Oklahoma,119.0,143.4,28,9,8,16,-1,-16
Georgia,2026-02-17,Kentucky,122.4,111.0,31,6,11,19,-1,8
Georgia,2026-02-21,Texas,144.4,126.9,20,5,6,15,1,11
Georgia,2026-02-25,Vanderbilt,117.5,129.2,24,8,6,20,-1,-8
Georgia,2026-02-28,South Carolina,131.7,103.0,30,6,4,24,1,19
Georgia,2026-03-03,Alabama,126.1,113.2,29,14,9,27,1,10
Georgia,2026-03-07,Mississippi State,130.3,122.7,29,12,9,20,-1,6
Georgia,2026-03-12,Ole Miss,97.0,102.4,38,11,14,22,0,-4
Georgia,2026-03-19,Saint Louis,93.6,124.0,39,11,11,19,0,-25
Georgia Southern,2025-11-04,East Carolina,108.7,112.4,22,14,13,23,-1,-3
Georgia Southern,2025-11-08,UNC Asheville,113.5,109.8,22,9,11,18,1,3
Georgia Southern,2025-11-11,Florida Gulf Coast,121.2,119.9,33,11,4,20,-1,1
Georgia Southern,2025-11-14,Johnson C. Smith,118.3,95.3,29,11,8,27,1,19
Georgia Southern,2025-11-18,Georgia Tech,87.2,89.8,37,14,15,18,-1,-2
Georgia Southern,2025-11-21,Florida State,84.6,115.2,33,17,8,27,-1,-26
Georgia Southern,2025-11-24,Youngstown State,88.6,97.3,26,13,9,20,0,-6
Georgia Southern,2025-11-25,UTSA,86.1,103.6,34,12,10,26,0,-13
Georgia Southern,2025-11-29,Houston Christian,115.4,89.4,25,7,8,23,1,18
Georgia Southern,2025-12-03,Louisiana Tech,115.2,103.3,33,10,7,19,1,8
Georgia Southern,2025-12-06,Gardner-Webb,116.9,111.6,24,8,8,21,-1,4
Georgia Southern,2025-12-11,Coastal Georgia,136.0,78.9,36,7,11,32,1,42
Georgia Southern,2025-12-13,West Georgia,124.3,116.1,30,10,12,16,-1,6
Georgia Southern,2025-12-18,Georgia State,126.5,94.2,35,6,14,25,1,23
Georgia Southern,2025-12-20,James Madison,118.1,113.2,26,6,8,20,1,4
Georgia Southern,2026-01-01,Coastal Carolina,105.8,104.5,25,10,11,28,-1,1
Georgia Southern,2026-01-03,Old Dominion,114.0,105.4,21,10,11,35,-1,7
Georgia Southern,2026-01-10,South Alabama,95.7,117.3,45,10,9,18,-1,-16
Georgia Southern,2026-01-15,Old Dominion,120.5,116.3,23,11,11,22,1,3
Georgia Southern,2026-01-17,Coastal Carolina,97.2,102.4,31,5,11,23,1,-4
Georgia Southern,2026-01-22,Arkansas State,89.3,111.6,33,11,12,18,1,-17
Georgia Southern,2026-01-24,Troy,115.2,122.5,32,8,6,15,1,-5
Georgia Southern,2026-01-30,Louisiana–Monroe,105.4,101.4,23,14,6,20,-1,3
Georgia Southern,2026-01-31,Louisiana,95.4,109.7,21,14,8,17,-1,-9
Georgia Southern,2026-02-04,Texas State,100.8,109.3,23,10,4,18,1,-6
Georgia Southern,2026-02-11,Appalachian State,93.1,116.1,31,11,7,16,1,-16
Georgia Southern,2026-02-14,Marshall,126.2,108.7,32,13,7,25,1,14
Georgia Southern,2026-02-19,Georgia State,91.3,94.2,36,6,6,25,-1,-2
Georgia Southern,2026-02-21,Appalachian State,104.8,126.1,34,11,8,16,-1,-15
Georgia Southern,2026-02-25,James Madison,92.4,114.8,32,8,7,16,-1,-16
Georgia Southern,2026-02-27,Marshall,136.2,112.9,26,7,8,19,-1,17
Georgia Southern,2026-03-04,Old Dominion,129.3,123.4,24,8,7,22,0,4
Georgia Southern,2026-03-05,Arkansas State,117.2,112.8,35,9,5,21,0,3
Georgia Southern,2026-03-06,South Alabama,137.9,124.7,44,12,6,22,0,9
Georgia Southern,2026-03-07,Coastal Carolina,138.9,104.1,29,5,11,21,0,24
Georgia Southern,2026-03-08,Marshall,110.2,104.8,26,11,13,23,0,4
Georgia Southern,2026-03-09,Troy,95.2,120.1,28,11,4,11,0,-16
Georgia State,2025-11-03,Eastern Michigan,68.6,99.4,23,17,11,24,-1,-22
Georgia State,2025-11-07,Cincinnati,84.8,98.1,20,15,7,24,-1,-10
Georgia State,2025-11-10,Presbyterian,97.2,100.3,22,10,9,15,1,-2
Georgia State,2025-11-13,Fort Valley St.,114.2,71.0,37,12,14,34,1,34
Georgia State,2025-11-17,Arizona State,89.1,107.8,25,14,8,23,-1,-13
Georgia State,2025-11-21,South Dakota State,78.8,142.6,32,12,2,15,-1,-47
Georgia State,2025-11-25,Samford,88.7,109.9,33,10,14,20,0,-15
Georgia State,2025-11-26,New Mexico State,78.7,104.5,33,11,11,25,0,-19
Georgia State,2025-12-02,Mercer,91.5,106.6,25,14,6,22,-1,-11
Georgia State,2025-12-06,Kennesaw State,80.5,107.3,30,10,10,22,-1,-23
Georgia State,2025-12-13,Jacksonville State,118.7,112.6,24,5,9,25,1,4
Georgia State,2025-12-18,Georgia Southern,94.2,126.5,30,13,6,23,-1,-23
Georgia State,2025-12-20,Appalachian State,103.0,92.7,21,12,5,25,-1,7
Georgia State,2025-12-28,Columbia College,144.6,94.7,39,5,14,24,1,38
Georgia State,2025-12-31,Marshall,106.4,111.7,23,13,11,22,-1,-4
Georgia State,2026-01-03,Coastal Carolina,136.2,108.6,30,6,8,21,-1,18
Georgia State,2026-01-08,Appalachian State,78.2,81.3,18,7,5,23,1,-2
Georgia State,2026-01-10,Marshall,109.5,98.7,24,14,13,21,1,8
Georgia State,2026-01-17,Louisiana–Monroe,111.2,82.3,38,9,6,31,-1,20
Georgia State,2026-01-22,Southern Mississippi,94.0,84.5,24,13,9,32,1,7
Georgia State,2026-01-24,Arkansas State,119.3,117.8,27,7,3,13,1,1
Georgia State,2026-01-29,Louisiana,109.4,124.6,22,6,11,16,-1,-10
Georgia State,2026-01-31,South Alabama,108.8,112.1,42,8,12,21,-1,-2
Georgia State,2026-02-04,Troy,96.4,113.2,18,8,7,20,1,-11
Georgia State,2026-02-07,Northern Illinois,103.4,104.8,20,9,10,25,1,-1
Georgia State,2026-02-12,James Madison,103.3,105.9,23,9,5,25,-1,-2
Georgia State,2026-02-14,Old Dominion,85.2,120.8,23,6,15,15,-1,-23
Georgia State,2026-02-19,Georgia Southern,94.2,91.3,22,8,13,29,1,2
Georgia State,2026-02-21,James Madison,97.0,119.4,16,11,6,12,1,-15
Georgia State,2026-02-24,Coastal Carolina,105.1,112.5,16,7,8,26,1,-5
Georgia State,2026-02-27,Old Dominion,97.1,107.7,20,6,10,23,1,-8
Georgia State,2026-03-03,Louisiana,107.5,120.4,17,13,7,18,0,-9
Georgia Tech,2025-11-03,Maryland Eastern Shore,76.8,71.3,26,13,9,27,1,4
Georgia Tech,2025-11-07,Bryant,99.1,60.3,23,12,6,31,1,29
Georgia Tech,2025-11-10,Southeastern Louisiana,94.3,80.8,15,18,7,29,1,10
Georgia Tech,2025-11-14,Georgia,101.0,106.9,22,14,15,25,-1,-5
Georgia Tech,2025-11-18,Georgia Southern,89.8,87.2,22,20,12,30,1,2
Georgia Tech,2025-11-23,West Georgia,111.5,89.7,17,13,10,36,1,16
Georgia Tech,2025-11-28,DePaul,90.6,111.3,18,10,11,19,0,-14
Georgia Tech,2025-11-29,Drake,111.8,126.9,22,5,8,20,0,-10
Georgia Tech,2025-12-03,Mississippi State,94.2,109.7,30,5,12,23,1,-12
Georgia Tech,2025-12-06,Monmouth,111.7,94.7,15,13,8,29,1,12
Georgia Tech,2025-12-16,Marist,125.4,109.6,11,13,9,25,1,11
Georgia Tech,2025-12-20,Lafayette,131.7,112.3,16,8,10,26,1,14
Georgia Tech,2025-12-28,Florida A&M,113.3,82.8,11,20,7,33,1,24
Georgia Tech,2025-12-31,Duke,106.9,115.0,18,16,4,23,-1,-6
Georgia Tech,2026-01-03,Boston College,90.1,73.5,13,13,8,36,1,12
Georgia Tech,2026-01-06,Syracuse,92.3,105.1,18,9,9,23,1,-10
Georgia Tech,2026-01-10,Miami (FL),109.4,123.0,14,13,8,23,-1,-10
Georgia Tech,2026-01-14,Pittsburgh,93.7,126.4,20,15,11,20,1,-23
Georgia Tech,2026-01-17,NC State,103.2,97.9,22,16,6,34,-1,4
Georgia Tech,2026-01-24,Clemson,93.9,114.7,21,9,9,23,1,-14
Georgia Tech,2026-01-27,Virginia Tech,91.3,99.7,17,13,9,25,-1,-6
Georgia Tech,2026-01-31,North Carolina,101.5,123.2,13,12,7,25,1,-16
Georgia Tech,2026-02-04,California,106.8,113.1,29,8,7,26,-1,-5
Georgia Tech,2026-02-07,Stanford,95.9,126.6,15,12,9,16,-1,-23
Georgia Tech,2026-02-11,Wake Forest,98.7,122.3,20,8,10,18,1,-16
Georgia Tech,2026-02-14,Notre Dame,106.7,128.4,30,15,4,17,-1,-15
Georgia Tech,2026-02-18,Virginia,84.9,117.4,19,16,7,22,1,-26
Georgia Tech,2026-02-21,Louisville,95.8,119.0,18,16,10,19,-1,-17
Georgia Tech,2026-02-28,Florida State,108.1,121.8,38,9,13,18,1,-9
Georgia Tech,2026-03-04,California,83.7,97.8,22,17,3,30,1,-11
Georgia Tech,2026-03-07,Clemson,110.7,115.1,18,14,7,21,-1,-3
Gonzaga,2025-11-03,Texas Southern,131.5,57.7,22,13,17,33,1,55
Gonzaga,2025-11-08,Oklahoma,110.8,90.8,22,7,17,26,1,15
Gonzaga,2025-11-11,Creighton,126.0,88.2,27,6,10,28,1,27
Gonzaga,2025-11-14,Arizona State,106.5,89.9,21,14,9,30,-1,12
Gonzaga,2025-11-17,Southern Utah,143.0,58.6,14,9,8,32,1,72
Gonzaga,2025-11-24,Alabama,120.0,107.4,22,11,17,25,0,10
Gonzaga,2025-11-25,Maryland,138.8,84.7,33,12,11,23,0,39
Gonzaga,2025-11-26,Michigan,74.8,123.9,22,11,10,21,0,-40
Gonzaga,2025-12-05,Kentucky,131.5,82.5,18,9,10,30,0,35
Gonzaga,2025-12-07,North Florida,136.5,72.6,18,12,11,32,1,51
Gonzaga,2025-12-13,UCLA,124.0,108.9,16,7,9,22,0,10
Gonzaga,2025-12-17,Campbell,117.5,83.9,11,15,10,30,1,28
Gonzaga,2025-12-21,Oregon,128.6,115.9,23,5,10,19,0,9
Gonzaga,2025-12-28,Pepperdine,135.7,79.1,22,9,13,29,-1,40
Gonzaga,2025-12-30,San Diego,123.5,116.0,18,15,15,28,-1,6
Gonzaga,2026-01-02,Seattle,104.2,93.8,15,10,7,30,1,8
Gonzaga,2026-01-04,Loyola Marymount,117.9,67.6,20,8,10,29,1,35
Gonzaga,2026-01-08,Santa Clara,120.6,104.4,16,13,8,24,1,12
Gonzaga,2026-01-15,Washington State,125.9,95.2,16,8,17,25,-1,21
Gonzaga,2026-01-17,Seattle,102.6,72.3,18,14,12,27,-1,21
Gonzaga,2026-01-21,Pepperdine,118.3,84.5,20,7,13,24,1,24
Gonzaga,2026-01-24,San Francisco,98.8,95.9,18,7,9,20,1,2
Gonzaga,2026-01-31,St. Mary's (CA),106.7,95.0,17,10,10,26,1,8
Gonzaga,2026-02-04,Portland,106.8,116.1,30,9,12,14,-1,-7
Gonzaga,2026-02-07,Oregon State,143.2,107.8,10,2,9,19,-1,20
Gonzaga,2026-02-10,Washington State,117.9,75.3,13,10,9,24,1,30
Gonzaga,2026-02-14,Santa Clara,123.9,113.3,18,9,11,28,-1,8
Gonzaga,2026-02-18,San Francisco,116.6,86.0,17,7,6,26,-1,21
Gonzaga,2026-02-21,Pacific,120.0,104.8,19,4,12,15,1,9
Gonzaga,2026-02-25,Portland,129.1,69.6,36,10,9,22,1,41
Gonzaga,2026-02-28,St. Mary's (CA),90.1,106.9,17,11,5,27,-1,-11
Gonzaga,2026-03-09,Oregon State,103.8,89.4,14,10,6,28,0,9
Gonzaga,2026-03-10,Santa Clara,123.7,106.5,25,8,12,20,0,11
Gonzaga,2026-03-19,Kennesaw State,104.8,91.9,18,10,15,24,0,9
Gonzaga,2026-03-21,Texas,103.8,113.0,16,7,6,23,0,-6
Grambling State,2025-11-03,Huston-Tilotson,109.5,56.5,23,15,14,32,1,44
Grambling State,2025-11-06,Iowa State,81.7,134.5,12,19,4,18,-1,-40
Grambling State,2025-11-09,Howard,112.6,108.0,20,16,9,11,-1,3
Grambling State,2025-11-13,Southern Mississippi,105.4,98.3,20,16,5,19,1,5
Grambling State,2025-11-18,San Diego,89.5,102.7,13,15,14,23,-1,-10
Grambling State,2025-11-21,California Baptist,92.2,112.5,18,13,5,15,-1,-13
Grambling State,2025-11-24,UC Riverside,106.9,119.9,17,8,7,19,-1,-9
Grambling State,2025-12-02,Tulane,96.6,99.6,27,15,6,23,-1,-2
Grambling State,2025-12-08,Southern Mississippi,86.0,97.5,13,18,12,17,-1,-8
Grambling State,2025-12-18,Norfolk State,105.7,89.9,23,9,1,28,0,12
Grambling State,2025-12-19,Hampton,121.6,108.1,13,14,8,15,0,9
Grambling State,2025-12-23,Ohio State,91.4,129.2,21,13,7,11,-1,-26
Grambling State,2025-12-30,Centenary (LA),119.1,76.8,25,10,13,30,1,32
Grambling State,2026-01-03,Prairie View A&M,103.1,97.7,15,18,11,22,1,4
Grambling State,2026-01-05,Texas Southern,120.4,96.0,28,12,11,21,1,17
Grambling State,2026-01-10,Bethune-Cookman,85.6,97.4,20,17,8,25,-1,-9
Grambling State,2026-01-12,Florida A&M,115.3,124.9,17,10,4,14,-1,-7
Grambling State,2026-01-17,Southern,75.9,101.7,16,21,10,26,1,-18
Grambling State,2026-01-31,Jackson State,103.1,98.6,31,12,13,23,-1,3
Grambling State,2026-02-02,Alcorn State,119.6,80.8,24,11,10,27,-1,24
Grambling State,2026-02-04,Arkansas–Pine Bluff,93.4,97.7,25,12,13,22,1,-3
Grambling State,2026-02-07,Alabama State,86.8,71.6,31,12,5,33,1,10
Grambling State,2026-02-09,Alabama A&M,87.1,99.1,24,11,8,23,1,-8
Grambling State,2026-02-14,Texas Southern,113.1,117.4,28,13,6,19,-1,-3
Grambling State,2026-02-16,Prairie View A&M,86.9,93.8,17,17,9,22,-1,-5
Grambling State,2026-02-21,Southern,99.1,118.1,16,15,11,20,-1,-14
Grambling State,2026-02-23,Mississippi Valley State,105.8,79.1,13,20,6,28,1,21
Grambling State,2026-02-26,Bethune-Cookman,91.5,97.9,25,16,14,19,1,-5
Grambling State,2026-02-28,Florida A&M,87.5,97.9,23,12,11,16,1,-7
Grambling State,2026-03-03,Alabama A&M,101.2,123.7,21,10,11,18,-1,-14
Grambling State,2026-03-05,Alabama State,89.9,87.2,30,12,10,22,-1,2
Grambling State,2026-03-09,Mississippi Valley State,112.8,76.2,24,12,8,23,0,25
Grambling State,2026-03-10,Jackson State,92.7,97.0,15,13,8,21,0,-3
Grand Canyon,2025-11-03,Purdue Fort Wayne,118.2,93.3,24,15,7,32,1,19
Grand Canyon,2025-11-07,Youngstown State,112.0,124.4,13,13,16,23,1,-9
Grand Canyon,2025-11-10,Northern Illinois,122.2,81.9,26,15,13,24,1,29
Grand Canyon,2025-11-15,Saint Louis,85.0,103.6,28,12,14,23,-1,-14
Grand Canyon,2025-11-21,Northwestern State,122.4,103.7,22,12,11,28,1,13
Grand Canyon,2025-11-26,Utah,100.9,86.1,10,6,10,21,0,10
Grand Canyon,2025-11-26,Iowa,76.8,98.6,16,17,3,19,0,-13
Grand Canyon,2025-12-02,Stetson,101.0,67.8,24,14,11,27,1,22
Grand Canyon,2025-12-06,Oklahoma State,109.5,117.9,28,9,13,19,0,-6
Grand Canyon,2025-12-13,Coastal Carolina,120.3,89.5,30,4,18,32,1,21
Grand Canyon,2025-12-20,Wyoming,112.4,96.0,18,15,4,25,-1,12
Grand Canyon,2025-12-22,IU Indy,122.7,105.1,17,13,12,23,1,13
Grand Canyon,2026-01-03,Colorado State,95.2,111.1,28,10,9,19,1,-10
Grand Canyon,2026-01-07,Boise State,109.8,84.9,21,11,8,26,-1,17
Grand Canyon,2026-01-10,San Jose State,109.4,83.5,30,14,9,24,1,18
Grand Canyon,2026-01-13,New Mexico,86.8,118.0,27,9,7,19,-1,-23
Grand Canyon,2026-01-17,Utah State,128.6,113.3,20,10,13,24,1,10
Grand Canyon,2026-01-21,San Diego State,98.4,97.0,21,16,7,26,1,1
Grand Canyon,2026-01-24,Fresno State,104.4,87.5,26,9,16,29,-1,11
Grand Canyon,2026-01-27,Nevada,81.4,89.5,23,14,6,29,-1,-6
Grand Canyon,2026-01-30,Boise State,130.5,104.7,15,8,2,24,1,17
Grand Canyon,2026-02-03,Air Force,116.0,81.6,23,10,11,25,1,24
Grand Canyon,2026-02-07,UNLV,106.4,109.1,24,10,9,24,-1,-2
Grand Canyon,2026-02-11,New Mexico,92.7,101.4,25,10,10,24,1,-6
Grand Canyon,2026-02-14,San Jose State,141.4,118.8,20,13,9,23,-1,15
Grand Canyon,2026-02-17,San Diego State,103.9,89.7,19,10,9,25,-1,10
Grand Canyon,2026-02-21,Wyoming,97.0,104.4,20,14,10,25,1,-5
Grand Canyon,2026-02-25,UNLV,115.1,96.4,15,13,7,30,1,13
Grand Canyon,2026-02-28,Utah State,107.6,115.4,28,14,8,23,-1,-5
Grand Canyon,2026-03-03,Air Force,123.5,86.1,21,9,4,28,-1,26
Grand Canyon,2026-03-07,Fresno State,117.0,82.6,29,10,9,30,1,25
Grand Canyon,2026-03-12,Nevada,112.8,118.4,16,10,6,17,0,-4
Green Bay,2025-11-03,Kansas,79.1,145.8,31,6,5,17,-1,-43
Green Bay,2025-11-07,Buffalo,116.5,127.3,27,11,2,20,-1,-7
Green Bay,2025-11-10,Ripon,114.2,86.7,19,9,8,29,1,20
Green Bay,2025-11-13,St. Thomas,85.7,112.4,20,15,7,25,-1,-19
Green Bay,2025-11-15,Minnesota,88.5,98.0,22,13,4,26,-1,-7
Green Bay,2025-11-21,Yale,106.0,115.5,29,8,11,19,0,-6
Green Bay,2025-11-22,Massachusetts,115.3,109.5,13,8,6,16,0,4
Green Bay,2025-11-24,Iona,115.6,108.4,28,4,10,24,0,5
Green Bay,2025-11-29,Haskell (KS),124.4,72.0,24,13,10,33,1,40
Green Bay,2025-12-04,Robert Morris,114.5,117.4,16,10,3,19,1,-2
Green Bay,2025-12-07,Wright State,83.2,123.4,12,18,5,19,-1,-28
Green Bay,2025-12-11,IU Indy,116.4,102.7,21,11,7,29,-1,10
Green Bay,2025-12-17,UC Santa Barbara,117.3,112.0,21,5,1,15,1,3
Green Bay,2025-12-23,Campbell,120.8,156.0,11,11,8,15,-1,-23
Green Bay,2026-01-01,Purdue Fort Wayne,114.6,85.9,19,9,5,27,-1,18
Green Bay,2026-01-05,Milwaukee,123.6,118.9,9,7,3,20,1,3
Green Bay,2026-01-09,IU Indy,102.7,80.8,17,14,7,38,1,16
Green Bay,2026-01-11,Northern Kentucky,131.6,128.3,19,7,8,22,1,2
Green Bay,2026-01-15,Cleveland State,144.9,120.2,30,7,5,21,-1,15
Green Bay,2026-01-18,Oakland,94.0,131.3,24,10,6,14,1,-25
Green Bay,2026-01-22,Youngstown State,120.5,130.9,18,11,5,18,-1,-7
Green Bay,2026-01-24,Robert Morris,113.7,107.3,20,8,7,24,-1,4
Green Bay,2026-01-30,Cleveland State,123.4,134.0,27,8,11,15,1,-7
Green Bay,2026-02-01,Wright State,114.8,127.1,16,9,6,17,1,-8
Green Bay,2026-02-04,Northern Kentucky,113.1,109.2,23,16,9,27,-1,3
Green Bay,2026-02-07,Detroit Mercy,113.4,94.0,18,7,13,22,1,13
Green Bay,2026-02-12,Purdue Fort Wayne,132.3,102.7,8,7,5,18,1,17
Green Bay,2026-02-15,Milwaukee,117.0,121.8,19,10,6,20,-1,-3
Green Bay,2026-02-20,Oakland,113.0,105.3,22,7,5,18,-1,5
Green Bay,2026-02-22,Detroit Mercy,100.7,106.5,19,12,4,17,-1,-4
Green Bay,2026-02-28,Youngstown State,130.0,96.4,10,5,5,31,1,22
Green Bay,2026-03-03,Purdue Fort Wayne,106.9,93.5,18,7,6,21,1,8
Green Bay,2026-03-08,Northern Kentucky,111.8,141.2,14,8,3,19,0,-20
Hampton,2025-11-03,Milwaukee,105.5,110.4,24,17,14,27,-1,-4
Hampton,2025-11-06,Mid-Atl Christian,139.9,58.4,30,9,10,44,1,60
Hampton,2025-11-11,Virginia,78.9,135.5,26,10,10,14,-1,-38
Hampton,2025-11-14,Brown,107.9,94.4,13,11,14,18,-1,9
Hampton,2025-11-16,Holy Cross,100.7,110.6,20,11,12,16,0,-6
Hampton,2025-11-18,Boston College,77.8,94.3,23,13,12,21,-1,-11
Hampton,2025-11-21,Norfolk State,97.9,101.2,27,10,9,25,-1,-2
Hampton,2025-11-25,Maryland Eastern Shore,118.8,109.1,13,7,6,22,-1,6
Hampton,2025-12-01,Newport News,120.5,74.3,36,9,18,25,1,36
Hampton,2025-12-03,Loyola (MD),122.5,93.6,17,12,5,20,1,22
Hampton,2025-12-13,Howard,82.0,87.7,21,12,12,26,0,-4
Hampton,2025-12-18,Jackson State,116.4,106.7,21,13,9,26,0,7
Hampton,2025-12-19,Grambling State,108.1,121.6,19,13,11,15,0,-9
Hampton,2025-12-29,Stony Brook,98.0,93.3,20,9,8,21,1,3
Hampton,2025-12-31,Towson,102.6,100.9,16,9,7,19,1,1
Hampton,2026-01-03,UNC Wilmington,73.0,79.5,18,8,4,26,-1,-4
Hampton,2026-01-08,Campbell,92.7,110.7,14,20,9,24,-1,-14
Hampton,2026-01-10,College of Charleston,110.3,116.6,23,6,18,18,-1,-4
Hampton,2026-01-19,North Carolina A&T,119.9,89.2,26,3,8,27,1,21
Hampton,2026-01-22,Monmouth,98.4,95.3,17,12,8,17,1,2
Hampton,2026-01-24,UNC Wilmington,107.5,120.4,25,7,7,18,1,-8
Hampton,2026-01-29,Drexel,79.6,90.5,16,11,9,21,-1,-7
Hampton,2026-01-31,Towson,74.4,122.0,22,8,8,21,-1,-32
Hampton,2026-02-05,Elon,107.5,97.6,26,9,14,24,1,8
Hampton,2026-02-07,William & Mary,107.7,103.6,21,10,11,23,1,3
Hampton,2026-02-13,North Carolina A&T,102.5,104.0,17,14,7,22,0,-1
Hampton,2026-02-19,Hofstra,68.2,125.4,23,11,11,16,-1,-36
Hampton,2026-02-21,Stony Brook,99.4,109.1,21,13,8,18,-1,-7
Hampton,2026-02-26,College of Charleston,103.0,123.4,29,9,5,19,1,-14
Hampton,2026-02-28,Northeastern,113.5,97.1,15,3,2,27,1,11
Hampton,2026-03-03,William & Mary,112.4,124.3,34,7,8,13,-1,-9
Hampton,2026-03-07,Towson,97.2,105.8,24,10,17,19,0,-6
Harvard,2025-11-07,MIT,116.8,73.9,21,7,9,31,1,29
Harvard,2025-11-09,New Hampshire,120.9,105.4,18,9,2,24,1,11
Harvard,2025-11-11,Northeastern,88.0,113.0,20,18,7,27,1,-17
Harvard,2025-11-15,Army,116.1,80.5,18,10,6,23,-1,23
Harvard,2025-11-16,Marist,88.9,85.7,16,14,8,24,-1,2
Harvard,2025-11-19,Penn State,122.4,128.6,27,12,8,15,-1,-4
Harvard,2025-11-22,Boston University,115.6,117.1,23,10,3,13,0,-1
Harvard,2025-11-26,Boston College,92.6,112.7,19,8,5,26,-1,-13
Harvard,2025-11-29,Bryant,94.7,89.6,19,10,11,26,1,3
Harvard,2025-12-03,Massachusetts,96.5,106.1,19,12,11,18,-1,-7
Harvard,2025-12-06,Furman,100.2,114.7,18,8,6,14,-1,-10
Harvard,2025-12-20,Holy Cross,131.3,85.9,14,11,7,29,1,28
Harvard,2025-12-23,St. John's (NY),85.6,123.4,20,12,4,15,-1,-26
Harvard,2025-12-28,Colgate,111.0,98.2,24,10,3,21,-1,9
Harvard,2026-01-05,Dartmouth,103.9,116.1,25,8,12,16,1,-8
Harvard,2026-01-10,Columbia,125.0,85.4,21,9,9,22,-1,25
Harvard,2026-01-17,Princeton,124.8,114.8,26,4,11,22,1,7
Harvard,2026-01-19,Pennsylvania,101.7,100.1,24,11,7,21,1,1
Harvard,2026-01-24,Cornell,119.8,130.4,28,8,7,19,1,-7
Harvard,2026-01-30,Brown,111.4,95.3,17,14,2,23,-1,10
Harvard,2026-01-31,Yale,114.8,111.3,17,8,4,20,-1,2
Harvard,2026-02-07,Dartmouth,109.5,89.4,23,9,4,30,-1,13
Harvard,2026-02-13,Brown,89.1,84.3,22,13,8,18,1,3
Harvard,2026-02-14,Yale,111.7,113.2,22,8,7,23,1,-1
Harvard,2026-02-21,Cornell,115.7,85.6,28,6,9,23,-1,19
Harvard,2026-02-27,Princeton,97.4,94.1,30,9,11,17,-1,2
Harvard,2026-02-28,Pennsylvania,84.7,88.9,25,18,7,27,-1,-3
Harvard,2026-03-06,Columbia,118.4,103.8,23,11,5,30,1,10
Harvard,2026-03-14,Pennsylvania,86.5,89.4,31,15,9,31,0,-2
Hawaii,2025-11-04,Oregon,77.4,78.8,27,15,13,23,-1,-1
Hawaii,2025-11-10,East Texas A&M,128.3,95.0,16,14,10,25,1,26
Hawaii,2025-11-13,Mississippi Valley State,127.6,81.2,23,11,9,28,1,32
Hawaii,2025-11-15,Manhattan,115.6,75.2,20,10,12,34,1,30
Hawaii,2025-11-16,Utah Tech,97.8,89.2,14,18,9,26,1,6
Hawaii,2025-11-21,Arizona State,98.7,107.8,23,17,6,22,1,-7
Hawaii,2025-11-25,Hawaii Pacific,123.1,106.3,21,11,13,30,1,12
Hawaii,2025-11-29,North Dakota,118.7,71.0,20,15,8,29,1,37
Hawaii,2025-12-05,UC Davis,102.2,94.1,16,15,3,28,1,6
Hawaii,2025-12-07,Cal State Fullerton,91.6,78.3,35,15,11,34,1,10
Hawaii,2025-12-11,Hawaii Hilo,141.2,66.3,35,6,15,28,1,52
Hawaii,2025-12-14,UTEP,102.2,94.4,19,8,6,25,1,5
Hawaii,2026-01-01,UC Riverside,136.7,69.9,27,11,14,30,-1,43
Hawaii,2026-01-03,UC San Diego,107.2,121.9,23,11,7,22,-1,-10
Hawaii,2026-01-11,UC Irvine,89.8,88.4,24,13,9,20,1,1
Hawaii,2026-01-15,Cal Poly,107.0,82.1,23,15,8,23,-1,20
Hawaii,2026-01-17,UC Santa Barbara,99.8,123.9,22,13,11,16,-1,-15
Hawaii,2026-01-23,Cal State Bakersfield,125.1,90.6,26,13,16,35,1,27
Hawaii,2026-01-25,Cal State Northridge,108.7,83.0,30,16,10,26,1,21
Hawaii,2026-01-29,UC Irvine,88.0,100.7,32,15,7,28,-1,-11
Hawaii,2026-01-31,Long Beach State,121.7,112.1,14,11,3,19,-1,7
Hawaii,2026-02-08,UC San Diego,96.3,89.6,26,14,10,34,1,5
Hawaii,2026-02-12,Cal State Bakersfield,121.3,100.9,21,12,10,26,-1,15
Hawaii,2026-02-14,Cal State Northridge,83.1,116.3,26,18,11,24,-1,-24
Hawaii,2026-02-20,Cal Poly,91.0,104.3,23,16,12,30,1,-11
Hawaii,2026-02-21,UC Santa Barbara,104.6,100.6,18,9,8,23,1,3
Hawaii,2026-02-26,UC Davis,108.8,103.2,22,13,5,19,-1,4
Hawaii,2026-02-28,Cal State Fullerton,118.5,115.8,39,13,7,26,-1,2
Hawaii,2026-03-06,UC Riverside,128.6,102.4,10,10,6,26,1,19
Hawaii,2026-03-08,Long Beach State,97.9,109.6,26,8,5,20,1,-9
Hawaii,2026-03-13,Cal State Fullerton,103.2,83.4,22,16,13,35,0,15
Hawaii,2026-03-14,UC Irvine,99.2,89.4,26,13,15,24,0,7
Hawaii,2026-03-19,Arkansas,101.1,125.7,30,11,9,18,0,-19
High Point,2025-11-03,Furman,131.8,96.5,20,6,9,19,0,26
High Point,2025-11-08,Averett,150.4,61.6,17,11,10,29,1,75
High Point,2025-11-11,Jacksonville,120.7,90.9,24,3,9,26,1,21
High Point,2025-11-14,UAB,91.2,112.1,23,15,8,25,-1,-17
High Point,2025-11-17,Canisius,136.1,73.2,32,6,6,22,1,43
High Point,2025-11-20,Illinois–Chicago,122.5,108.9,28,9,8,15,0,10
High Point,2025-11-22,Incarnate Word,134.6,118.4,18,8,13,21,0,11
High Point,2025-11-29,Western Carolina,125.2,98.3,25,14,8,20,1,20
High Point,2025-12-03,Southern Illinois,111.2,113.9,26,11,12,20,1,-2
High Point,2025-12-05,NJIT,120.7,97.6,30,8,13,24,1,17
High Point,2025-12-14,Appalachian State,100.5,110.8,44,8,15,23,0,-8
High Point,2025-12-16,Mary Baldwin,162.9,59.3,31,7,13,33,1,82
High Point,2025-12-19,La Salle,125.8,107.9,27,8,7,21,1,12
High Point,2025-12-22,Bryant,141.6,71.6,20,13,14,21,1,46
High Point,2025-12-28,Pfeiffer,154.2,80.2,21,10,15,31,1,59
High Point,2025-12-31,UNC Asheville,133.1,105.5,19,11,4,21,-1,18
High Point,2026-01-03,Longwood,122.0,102.2,23,10,6,21,1,13
High Point,2026-01-07,Gardner-Webb,126.7,59.7,29,9,12,34,1,55
High Point,2026-01-10,Charleston Southern,101.1,98.7,18,8,11,25,-1,2
High Point,2026-01-14,Winthrop,104.9,128.7,30,10,11,18,-1,-17
High Point,2026-01-17,USC Upstate,129.4,100.3,26,5,11,25,1,20
High Point,2026-01-23,Radford,123.0,109.8,29,7,5,20,-1,10
High Point,2026-01-29,Presbyterian,116.9,112.7,26,4,11,17,1,3
High Point,2026-01-31,Longwood,114.3,95.0,21,7,5,18,-1,12
High Point,2026-02-04,Charleston Southern,112.0,77.0,17,8,10,17,1,25
High Point,2026-02-07,Radford,106.9,95.7,25,14,12,25,1,9
High Point,2026-02-12,USC Upstate,127.4,93.9,36,7,13,16,-1,25
High Point,2026-02-14,Gardner-Webb,142.6,110.7,37,15,13,25,-1,25
High Point,2026-02-19,UNC Asheville,113.2,73.4,29,7,12,26,1,26
High Point,2026-02-21,Winthrop,118.1,115.4,31,13,7,23,1,2
High Point,2026-02-26,Presbyterian,111.5,103.1,26,8,8,21,-1,6
High Point,2026-03-06,Gardner-Webb,111.3,81.1,26,11,16,26,0,22
High Point,2026-03-07,UNC Asheville,109.6,103.8,27,9,9,21,0,4
High Point,2026-03-08,Winthrop,114.5,95.6,22,9,5,31,0,15
High Point,2026-03-19,Wisconsin,111.4,110.1,40,6,10,24,0,1
High Point,2026-03-21,Arkansas,110.2,117.7,38,9,8,24,0,-6
Hofstra,2025-11-03,UCF,102.3,107.5,22,11,11,15,-1,-4
Hofstra,2025-11-07,Iona,97.7,108.5,25,15,13,24,-1,-8
Hofstra,2025-11-10,Molloy,119.9,77.0,38,11,13,36,1,34
Hofstra,2025-11-14,Bucknell,109.8,101.9,24,12,10,22,-1,6
Hofstra,2025-11-19,Temple,107.9,115.0,28,9,7,20,-1,-5
Hofstra,2025-11-28,La Salle,94.1,86.6,26,12,8,20,0,5
Hofstra,2025-11-29,Merrimack,112.9,84.0,21,12,10,27,0,20
Hofstra,2025-11-30,Pennsylvania,115.2,89.8,17,15,7,29,-1,17
Hofstra,2025-12-03,Columbia,104.4,107.4,17,10,8,22,-1,-2
Hofstra,2025-12-07,Pittsburgh,129.0,117.7,20,6,7,17,-1,7
Hofstra,2025-12-10,Old Westbury,145.0,36.2,32,10,18,37,1,69
Hofstra,2025-12-13,Syracuse,118.2,116.5,18,9,8,18,-1,1
Hofstra,2025-12-21,Quinnipiac,102.5,91.4,29,13,13,27,1,8
Hofstra,2025-12-29,Campbell,127.9,107.1,24,12,12,25,1,14
Hofstra,2026-01-03,Drexel,116.1,111.1,19,8,9,25,-1,3
Hofstra,2026-01-08,Towson,114.6,98.5,23,8,9,25,-1,11
Hofstra,2026-01-10,Monmouth,93.3,89.1,26,11,14,29,1,3
Hofstra,2026-01-15,Stony Brook,112.4,120.3,31,6,10,19,-1,-5
Hofstra,2026-01-17,Elon,126.1,132.0,30,11,12,18,1,-4
Hofstra,2026-01-22,North Carolina A&T,113.8,115.2,33,6,7,18,-1,-1
Hofstra,2026-01-24,William & Mary,119.4,129.6,32,7,14,22,-1,-7
Hofstra,2026-01-29,College of Charleston,91.5,94.4,32,8,19,27,1,-2
Hofstra,2026-01-31,Monmouth,113.2,88.4,26,16,9,25,-1,16
Hofstra,2026-02-05,Northeastern,121.4,95.6,23,9,12,26,1,17
Hofstra,2026-02-07,Towson,115.8,79.9,20,6,10,30,1,22
Hofstra,2026-02-12,College of Charleston,92.7,87.1,33,9,10,32,-1,4
Hofstra,2026-02-14,UNC Wilmington,106.4,112.9,24,7,9,21,-1,-4
Hofstra,2026-02-19,Hampton,125.4,68.2,20,6,7,29,1,36
Hofstra,2026-02-21,Northeastern,127.0,105.3,26,6,7,25,-1,14
Hofstra,2026-02-28,Stony Brook,95.4,82.6,29,13,5,32,1,9
Hofstra,2026-03-03,Drexel,103.9,85.4,20,13,12,24,1,11
Hofstra,2026-03-08,William & Mary,141.1,93.6,36,5,15,23,0,31
Hofstra,2026-03-09,Towson,113.5,108.5,30,5,15,19,0,3
Hofstra,2026-03-10,Monmouth,111.3,102.4,22,11,15,27,0,6
Hofstra,2026-03-20,Alabama,97.0,124.7,24,11,10,19,0,-20
Holy Cross,2025-11-03,Providence,98.9,111.4,33,13,6,27,-1,-10
Holy Cross,2025-11-08,Brigham Young,72.7,134.4,22,15,8,20,-1,-45
Holy Cross,2025-11-10,Utah,100.0,126.1,26,8,5,21,-1,-18
Holy Cross,2025-11-16,Hampton,110.6,100.7,17,11,3,19,0,6
Holy Cross,2025-11-18,Brown,80.0,111.1,25,11,8,17,-1,-19
Holy Cross,2025-11-21,Sacred Heart,100.9,120.8,26,14,7,23,-1,-13
Holy Cross,2025-11-24,Siena,105.3,111.4,19,12,3,21,1,-4
Holy Cross,2025-11-26,Worcester St.,102.0,70.2,26,13,13,30,1,24
Holy Cross,2025-12-03,Northeastern,112.6,87.4,16,10,4,29,1,17
Holy Cross,2025-12-06,Fordham,108.2,106.6,27,12,7,18,-1,1
Holy Cross,2025-12-09,Regis (MA),106.3,72.4,24,8,17,23,1,22
Holy Cross,2025-12-16,Dartmouth,93.8,130.4,20,7,5,15,1,-25
Holy Cross,2025-12-20,Harvard,85.9,131.3,30,6,10,12,-1,-28
Holy Cross,2025-12-31,Bucknell,102.6,91.5,9,11,6,25,1,7
Holy Cross,2026-01-03,Navy,92.7,103.8,24,12,8,17,1,-7
Holy Cross,2026-01-07,Lehigh,91.3,103.9,13,9,5,19,-1,-8
Holy Cross,2026-01-10,American,117.5,102.1,16,10,5,24,-1,11
Holy Cross,2026-01-14,Army,119.4,109.2,22,8,4,25,1,7
Holy Cross,2026-01-17,Lafayette,84.7,113.9,20,11,6,19,-1,-19
Holy Cross,2026-01-21,Navy,101.9,127.3,19,13,6,19,-1,-17
Holy Cross,2026-01-24,American,100.5,114.0,20,12,4,21,1,-9
Holy Cross,2026-01-28,Colgate,110.9,118.4,21,7,2,25,-1,-5
Holy Cross,2026-01-31,Army,97.4,98.8,18,9,8,25,-1,-1
Holy Cross,2026-02-02,Boston University,108.2,121.8,21,3,6,23,1,-8
Holy Cross,2026-02-07,Lehigh,115.4,101.8,12,5,4,26,1,9
Holy Cross,2026-02-11,Colgate,100.8,106.6,24,12,13,25,1,-4
Holy Cross,2026-02-15,Loyola (MD),110.5,125.6,21,5,5,23,-1,-10
Holy Cross,2026-02-18,Lafayette,114.5,118.7,15,10,2,18,1,-3
Holy Cross,2026-02-22,Bucknell,108.5,95.0,19,11,5,22,-1,9
Holy Cross,2026-02-25,Boston University,97.4,120.6,23,8,5,15,-1,-15
Holy Cross,2026-02-28,Loyola (MD),93.5,114.6,15,9,6,24,1,-14
Holy Cross,2026-03-03,Lafayette,121.4,114.0,24,7,8,24,-1,5
Holy Cross,2026-03-05,Lehigh,96.2,100.6,16,10,4,22,-1,-3
Houston,2025-11-03,Lehigh,108.4,82.4,21,13,12,25,1,18
Houston,2025-11-08,Towson,97.8,72.2,32,12,10,20,1,17
Houston,2025-11-12,Oakland,118.2,68.2,31,6,14,27,1,33
Houston,2025-11-16,Auburn,103.3,101.9,24,9,9,25,0,1
Houston,2025-11-20,Rider,131.3,64.9,26,7,9,24,1,46
Houston,2025-11-24,Syracuse,98.4,93.3,27,12,14,31,0,4
Houston,2025-11-25,Tennessee,115.9,120.6,24,9,11,16,0,-3
Houston,2025-11-26,Notre Dame,104.8,89.0,27,5,12,24,0,10
Houston,2025-12-06,Florida State,111.7,91.3,29,13,9,21,0,15
Houston,2025-12-10,Jackson State,123.5,58.7,33,11,18,20,1,42
Houston,2025-12-13,New Orleans,148.1,85.3,23,6,10,20,1,42
Houston,2025-12-20,Arkansas,125.8,113.7,25,7,9,20,0,9
Houston,2025-12-29,Middle Tennessee,113.2,98.4,20,6,11,16,1,9
Houston,2026-01-03,Cincinnati,102.4,91.7,25,7,9,22,-1,7
Houston,2026-01-06,Texas Tech,103.2,97.3,17,5,9,20,1,4
Houston,2026-01-10,Baylor,120.4,86.0,39,4,21,21,-1,22
Houston,2026-01-13,West Virginia,125.5,78.2,35,6,12,24,1,29
Houston,2026-01-18,Arizona State,140.0,99.3,25,10,14,18,1,30
Houston,2026-01-24,Texas Tech,129.1,135.1,28,6,9,16,-1,-4
Houston,2026-01-28,TCU,112.6,99.8,23,10,6,22,-1,9
Houston,2026-01-31,Cincinnati,127.0,90.2,26,4,12,16,1,22
Houston,2026-02-04,UCF,125.1,87.1,19,5,12,26,1,24
Houston,2026-02-07,Brigham Young,124.8,106.9,20,4,10,23,-1,11
Houston,2026-02-10,Utah,111.5,87.8,26,5,11,18,-1,14
Houston,2026-02-14,Kansas State,102.5,84.1,21,15,11,26,1,14
Houston,2026-02-16,Iowa State,114.8,120.0,34,5,7,26,-1,-3
Houston,2026-02-21,Arizona,99.1,109.6,26,12,9,25,1,-7
Houston,2026-02-23,Kansas,86.3,106.3,24,6,10,18,-1,-13
Houston,2026-02-28,Colorado,146.5,89.0,17,4,7,24,1,40
Houston,2026-03-04,Baylor,113.8,94.6,25,8,8,16,1,13
Houston,2026-03-07,Oklahoma State,121.7,111.3,28,8,8,23,-1,7
Houston,2026-03-12,Brigham Young,106.2,96.0,17,14,13,23,0,7
Houston,2026-03-13,Kansas,117.4,79.9,18,5,10,30,0,22
Houston,2026-03-14,Arizona,111.7,119.3,21,8,13,18,0,-5
Houston,2026-03-19,Idaho,116.1,70.0,15,6,5,39,0,31
Houston,2026-03-21,Texas A&M,133.4,86.4,31,5,16,26,0,31
Houston,2026-03-26,Illinois,89.5,105.8,32,4,6,19,0,-10
Houston Christian,2025-11-03,Southern Ark.,94.9,89.8,19,16,9,30,1,4
Houston Christian,2025-11-08,UC San Diego,85.8,111.6,22,15,7,22,-1,-18
Houston Christian,2025-11-13,Louisiana–Monroe,103.5,87.7,28,9,9,27,1,11
Houston Christian,2025-11-20,College of Biblical Studies,111.0,87.5,26,16,17,23,1,18
Houston Christian,2025-11-25,Bellarmine,113.2,121.4,23,8,9,16,0,-5
Houston Christian,2025-11-26,The Citadel,121.6,109.8,23,9,7,20,-1,7
Houston Christian,2025-11-29,Georgia Southern,89.4,115.4,21,14,8,22,-1,-18
Houston Christian,2025-12-02,North Texas,119.8,123.0,20,4,6,15,-1,-2
Houston Christian,2025-12-06,New Orleans,125.2,112.0,18,5,10,21,-1,9
Houston Christian,2025-12-13,Southeastern Louisiana,99.0,103.2,22,16,10,25,1,-3
Houston Christian,2025-12-15,McNeese State,111.2,127.5,23,10,10,13,1,-10
Houston Christian,2025-12-17,Nicholls State,92.0,113.6,9,18,4,26,-1,-15
Houston Christian,2025-12-29,Iowa State,91.0,132.7,17,13,2,15,-1,-28
Houston Christian,2026-01-03,Incarnate Word,83.0,108.2,16,13,10,24,-1,-17
Houston Christian,2026-01-05,Texas A&M–Corpus Christi,92.1,114.8,23,15,9,18,1,-16
Houston Christian,2026-01-10,Stephen F. Austin,106.5,135.2,17,12,6,17,-1,-18
Houston Christian,2026-01-12,Lamar,89.0,101.7,20,12,12,20,-1,-8
Houston Christian,2026-01-17,East Texas A&M,116.7,100.8,22,13,12,24,1,11
Houston Christian,2026-01-19,Northwestern State,150.7,147.0,20,8,10,10,1,2
Houston Christian,2026-01-24,Texas–Rio Grande Valley,83.1,110.8,16,18,9,17,1,-17
Houston Christian,2026-01-27,Incarnate Word,107.3,99.3,12,14,10,20,1,6
Houston Christian,2026-01-31,Texas A&M–Corpus Christi,116.9,120.2,21,10,8,16,-1,-2
Houston Christian,2026-02-02,Texas–Rio Grande Valley,85.9,111.5,25,7,5,16,-1,-17
Houston Christian,2026-02-07,Southeastern Louisiana,81.8,95.7,16,12,12,17,-1,-8
Houston Christian,2026-02-09,McNeese State,100.7,106.5,20,12,6,20,-1,-4
Houston Christian,2026-02-14,New Orleans,96.6,95.0,20,12,8,18,1,1
Houston Christian,2026-02-16,Nicholls State,105.3,99.5,14,6,8,25,1,4
Houston Christian,2026-02-21,Northwestern State,81.7,109.5,18,14,7,21,-1,-18
Houston Christian,2026-02-23,East Texas A&M,106.0,104.5,19,11,13,18,-1,1
Houston Christian,2026-02-28,Stephen F. Austin,87.3,120.0,17,10,9,17,1,-21
Houston Christian,2026-03-02,Lamar,109.8,77.6,16,13,6,28,1,22
Houston Christian,2026-03-08,New Orleans,84.3,102.6,25,12,3,20,0,-13
Howard,2025-11-03,Missouri,91.4,120.1,29,13,8,18,1,-21
Howard,2025-11-06,Dist. Columbia,138.4,95.4,19,11,10,23,1,32
Howard,2025-11-09,Grambling State,108.0,112.6,15,16,7,16,1,-3
Howard,2025-11-13,Alcorn State,107.7,95.7,11,17,10,21,1,8
Howard,2025-11-19,Stetson,89.6,95.6,23,6,12,24,-1,-4
Howard,2025-11-22,Niagara,104.4,91.4,21,14,10,20,0,10
Howard,2025-11-23,Duke,77.0,127.9,21,12,6,16,-1,-37
Howard,2025-11-26,St. Mary's (MD),141.6,75.1,19,11,14,30,1,54
Howard,2025-11-29,Mount St. Mary's,103.8,109.3,29,6,13,18,-1,-4
Howard,2025-12-06,Bowie St.,105.1,85.4,20,19,12,27,1,16
Howard,2025-12-09,North Carolina A&T,104.0,98.3,14,13,9,21,0,4
Howard,2025-12-13,Hampton,87.7,82.0,12,11,5,29,0,4
Howard,2025-12-16,Drexel,110.5,98.6,10,15,9,26,-1,8
Howard,2025-12-20,UNC Wilmington,101.4,99.8,16,12,11,25,-1,1
Howard,2025-12-30,Northwestern,91.4,121.8,22,13,8,22,-1,-20
Howard,2026-01-03,South Carolina State,82.5,84.0,23,12,8,18,-1,-1
Howard,2026-01-10,Maryland Eastern Shore,77.2,93.4,17,22,11,24,-1,-12
Howard,2026-01-12,Delaware State,132.5,91.5,15,7,10,18,1,26
Howard,2026-01-17,North Carolina Central,118.4,98.4,23,12,14,23,-1,14
Howard,2026-01-19,Morehouse,112.7,99.7,23,6,15,24,1,9
Howard,2026-01-24,Morgan State,85.2,86.3,18,15,14,24,1,-1
Howard,2026-01-31,Norfolk State,124.6,85.0,19,16,10,27,1,28
Howard,2026-02-02,Coppin State,112.0,82.5,25,12,10,18,-1,19
Howard,2026-02-07,South Carolina State,110.3,74.0,12,16,7,28,1,28
Howard,2026-02-09,Yale,108.6,116.6,22,11,7,18,1,-6
Howard,2026-02-14,Maryland Eastern Shore,117.3,78.7,21,8,11,19,1,26
Howard,2026-02-16,Delaware State,124.8,80.9,17,14,10,27,-1,32
Howard,2026-02-21,North Carolina Central,139.3,93.4,22,13,12,21,1,33
Howard,2026-02-28,Morgan State,109.8,77.1,17,13,15,31,-1,25
Howard,2026-03-02,Coppin State,124.5,96.9,25,14,10,20,1,20
Howard,2026-03-05,Norfolk State,118.0,106.7,22,13,5,18,-1,8
Howard,2026-03-13,South Carolina State,105.2,82.3,16,13,10,23,0,17
Howard,2026-03-14,North Carolina Central,110.6,99.6,19,9,14,22,0,7
Howard,2026-03-17,UMBC,122.6,118.3,21,8,11,26,0,3
Howard,2026-03-19,Michigan,113.0,142.7,29,6,6,15,0,-21
IU Indy,2025-11-03,Ohio State,119.5,138.3,38,12,11,13,-1,-16
IU Indy,2025-11-06,LIU,101.1,105.6,30,14,11,16,1,-4
IU Indy,2025-11-08,Butler,85.8,120.1,23,17,11,18,-1,-32
IU Indy,2025-11-11,IU Columbus,118.1,75.2,45,19,16,29,1,44
IU Indy,2025-11-14,Eastern Michigan,113.8,105.0,21,18,8,24,-1,7
IU Indy,2025-11-18,Charleston Southern,106.6,120.6,34,4,8,22,-1,-12
IU Indy,2025-11-21,Alabama State,97.4,123.0,44,18,5,18,0,-21
IU Indy,2025-11-23,Air Force,107.2,123.6,31,13,10,18,-1,-13
IU Indy,2025-11-29,Morehead State,102.7,96.7,42,13,7,22,1,5
IU Indy,2025-12-03,Detroit Mercy,107.5,126.8,35,9,12,19,-1,-14
IU Indy,2025-12-06,Youngstown State,81.1,115.1,25,12,12,15,1,-23
IU Indy,2025-12-11,Green Bay,102.7,116.4,27,9,7,23,1,-10
IU Indy,2025-12-16,Miami Middletown,139.5,80.8,50,7,13,21,1,53
IU Indy,2025-12-22,Grand Canyon,105.1,122.7,33,15,10,15,-1,-13
IU Indy,2025-12-29,Cleveland State,113.1,130.2,36,10,12,18,-1,-13
IU Indy,2026-01-01,Northern Kentucky,101.6,114.3,31,14,8,22,-1,-9
IU Indy,2026-01-04,Wright State,112.3,118.2,20,10,8,12,1,-4
IU Indy,2026-01-09,Green Bay,80.8,102.7,34,9,8,20,-1,-16
IU Indy,2026-01-11,Milwaukee,119.0,136.2,25,8,7,12,-1,-12
IU Indy,2026-01-15,Robert Morris,122.7,118.9,18,8,11,16,1,3
IU Indy,2026-01-17,Detroit Mercy,102.0,106.0,29,13,10,21,1,-3
IU Indy,2026-01-21,Oakland,140.4,115.9,22,10,14,23,-1,18
IU Indy,2026-01-28,Robert Morris,94.9,121.1,24,10,6,15,-1,-16
IU Indy,2026-01-30,Youngstown State,103.7,116.0,23,12,8,17,-1,-9
IU Indy,2026-02-07,Cleveland State,108.6,98.0,23,13,7,27,1,8
IU Indy,2026-02-10,Milwaukee,112.1,117.2,29,7,9,21,1,-4
IU Indy,2026-02-12,Northern Kentucky,115.4,119.7,17,11,14,21,1,-3
IU Indy,2026-02-15,Purdue Fort Wayne,104.8,111.5,35,13,11,30,-1,-5
IU Indy,2026-02-19,Wright State,100.4,116.9,20,9,4,15,-1,-12
IU Indy,2026-02-25,Oakland,101.2,117.6,28,14,7,18,1,-12
IU Indy,2026-02-28,Purdue Fort Wayne,117.3,126.0,30,12,10,21,1,-6
Idaho,2025-11-03,Washington State,116.8,113.9,28,10,7,24,-1,2
Idaho,2025-11-07,Whitman,127.3,66.4,25,16,11,41,1,45
Idaho,2025-11-12,San Diego,107.2,113.0,25,15,16,21,-1,-4
Idaho,2025-11-15,UC San Diego,94.5,105.8,32,11,10,26,-1,-8
Idaho,2025-11-22,Eastern Ore.,128.3,89.9,31,8,7,26,1,29
Idaho,2025-11-26,Cal State Northridge,105.6,86.7,41,9,8,25,0,14
Idaho,2025-11-28,Sam Houston State,101.9,140.9,37,9,5,16,0,-26
Idaho,2025-12-03,North Dakota,127.8,82.3,29,14,9,22,1,32
Idaho,2025-12-06,South Dakota State,121.3,117.0,28,9,6,26,-1,3
Idaho,2025-12-10,Notre Dame,102.8,126.5,24,6,6,20,-1,-15
Idaho,2025-12-14,Evergreen St.,142.7,72.0,36,12,15,34,1,54
Idaho,2025-12-21,Cal Poly,97.7,94.2,34,14,9,30,-1,3
Idaho,2025-12-23,Cal State Bakersfield,96.2,97.8,25,8,8,23,-1,-1
Idaho,2026-01-03,Eastern Washington,118.6,114.4,29,13,10,19,1,3
Idaho,2026-01-08,Montana,101.2,109.6,23,8,15,21,1,-6
Idaho,2026-01-10,Montana State,126.4,122.2,29,5,7,16,1,3
Idaho,2026-01-15,Idaho State,102.6,114.6,26,9,8,23,-1,-8
Idaho,2026-01-17,Weber State,97.5,87.1,25,16,6,25,-1,8
Idaho,2026-01-22,Sacramento State,118.1,104.3,32,11,7,26,1,10
Idaho,2026-01-24,Portland State,97.4,101.9,24,12,6,26,1,-3
Idaho,2026-01-29,Northern Colorado,106.4,116.7,32,6,6,24,-1,-8
Idaho,2026-01-31,Northern Arizona,120.8,94.8,25,8,4,26,-1,17
Idaho,2026-02-05,Montana State,91.3,101.0,19,14,7,26,-1,-7
Idaho,2026-02-07,Montana,93.0,99.9,34,12,9,22,-1,-5
Idaho,2026-02-12,Weber State,105.4,121.5,30,5,5,21,1,-11
Idaho,2026-02-14,Idaho State,133.7,93.2,27,12,8,30,1,30
Idaho,2026-02-19,Portland State,93.6,107.6,27,13,8,25,-1,-10
Idaho,2026-02-21,Sacramento State,115.1,107.0,34,16,15,26,-1,6
Idaho,2026-02-26,Northern Arizona,124.5,92.5,21,8,8,27,1,20
Idaho,2026-02-28,Northern Colorado,93.7,106.3,29,6,10,24,1,-9
Idaho,2026-03-02,Eastern Washington,121.6,115.8,29,10,11,15,-1,4
Idaho,2026-03-07,Sacramento State,94.8,62.7,33,11,9,36,0,23
Idaho,2026-03-08,Montana State,112.4,106.6,16,8,2,26,0,4
Idaho,2026-03-10,Eastern Washington,110.1,92.5,21,6,3,25,0,13
Idaho,2026-03-11,Montana,106.8,91.6,21,8,11,27,0,11
Idaho,2026-03-19,Houston,70.0,116.1,30,9,6,23,0,-31
Idaho State,2025-11-04,Park (AZ),125.9,110.4,29,7,20,19,1,10
Idaho State,2025-11-07,San Diego,106.2,101.7,24,9,9,23,-1,3
Idaho State,2025-11-09,San Diego State,90.2,115.6,21,17,5,15,-1,-16
Idaho State,2025-11-15,Seattle,115.8,129.9,24,13,13,13,-1,-9
Idaho State,2025-11-18,Santa Clara,85.2,99.2,24,15,7,23,-1,-9
Idaho State,2025-11-21,Justice,137.7,78.9,19,4,14,29,1,38
Idaho State,2025-11-26,Sam Houston State,111.1,115.2,24,16,7,10,0,-3
Idaho State,2025-11-28,Cal State Northridge,105.8,64.5,29,14,7,32,0,32
Idaho State,2025-12-03,Kansas City,111.2,96.5,28,12,13,21,-1,9
Idaho State,2025-12-06,Denver,137.4,116.7,29,6,11,20,1,14
Idaho State,2025-12-10,Utah Valley,100.6,106.5,23,13,8,17,-1,-4
Idaho State,2025-12-18,Montana Western,118.1,94.4,17,10,10,25,1,16
Idaho State,2025-12-21,UC Davis,127.1,142.4,26,10,11,17,1,-10
Idaho State,2026-01-01,Sacramento State,120.9,104.7,30,9,9,27,1,13
Idaho State,2026-01-03,Portland State,117.1,125.2,32,10,10,21,1,-6
Idaho State,2026-01-08,Northern Colorado,108.2,127.8,17,9,10,23,-1,-13
Idaho State,2026-01-10,Northern Arizona,124.3,121.2,17,13,10,15,-1,2
Idaho State,2026-01-15,Idaho,114.6,102.6,19,8,7,26,1,8
Idaho State,2026-01-17,Eastern Washington,98.4,125.3,25,7,11,19,1,-18
Idaho State,2026-01-22,Montana State,98.2,117.2,25,9,9,22,-1,-12
Idaho State,2026-01-24,Montana,88.0,101.2,25,13,10,24,-1,-9
Idaho State,2026-01-31,Weber State,118.2,121.2,22,11,5,20,-1,-2
Idaho State,2026-02-02,Portland State,99.4,134.5,16,15,12,16,-1,-23
Idaho State,2026-02-05,Northern Arizona,123.0,133.1,20,7,5,20,1,-6
Idaho State,2026-02-07,Northern Colorado,96.5,109.2,19,5,9,20,1,-8
Idaho State,2026-02-12,Eastern Washington,114.0,133.7,21,12,12,15,-1,-13
Idaho State,2026-02-14,Idaho,93.2,133.7,27,9,9,16,-1,-30
Idaho State,2026-02-19,Montana,107.7,101.8,21,12,10,22,1,4
Idaho State,2026-02-21,Montana State,125.6,104.9,23,13,7,28,1,15
Idaho State,2026-02-28,Weber State,108.1,122.9,21,6,14,21,1,-10
Idaho State,2026-03-02,Sacramento State,92.3,117.8,29,12,9,19,-1,-18
Idaho State,2026-03-07,Northern Arizona,109.5,97.5,18,11,19,23,0,8
Idaho State,2026-03-08,Portland State,103.9,113.3,23,12,8,25,0,-7
Illinois,2025-11-03,Jackson State,149.6,72.8,37,12,21,39,1,58
Illinois,2025-11-07,Florida Gulf Coast,151.8,94.1,31,6,11,40,1,43
Illinois,2025-11-11,Texas Tech,111.1,105.6,22,13,9,21,1,4
Illinois,2025-11-14,Colgate,123.8,95.8,37,7,19,26,1,19
Illinois,2025-11-19,Alabama,107.9,112.9,32,10,12,21,0,-4
Illinois,2025-11-22,LIU,136.6,80.9,16,12,13,25,1,40
Illinois,2025-11-24,Texas–Rio Grande Valley,123.4,103.5,30,10,9,32,1,14
Illinois,2025-11-28,Connecticut,92.0,111.6,29,10,12,23,0,-13
Illinois,2025-12-06,Tennessee,120.8,99.8,28,6,10,20,0,13
Illinois,2025-12-09,Ohio State,122.9,111.8,27,9,8,25,-1,8
Illinois,2025-12-13,Nebraska,122.8,127.4,29,8,9,21,1,-3
Illinois,2025-12-22,Missouri,142.6,75.2,33,11,14,27,0,43
Illinois,2025-12-29,Southern,139.2,85.0,34,13,15,27,1,35
Illinois,2026-01-03,Penn State,105.1,93.6,27,9,11,30,-1,8
Illinois,2026-01-08,Rutgers,122.9,83.5,31,7,9,32,1,26
Illinois,2026-01-11,Iowa,111.9,102.9,28,12,8,26,-1,6
Illinois,2026-01-14,Northwestern,131.8,113.5,30,7,13,19,-1,11
Illinois,2026-01-17,Minnesota,122.8,106.8,35,10,15,23,1,10
Illinois,2026-01-21,Maryland,131.0,103.0,40,6,14,31,1,19
Illinois,2026-01-24,Purdue,137.9,128.5,38,10,12,20,-1,6
Illinois,2026-01-29,Washington,119.6,105.3,33,5,12,19,1,9
Illinois,2026-02-01,Nebraska,122.1,108.0,30,7,9,27,-1,9
Illinois,2026-02-04,Northwestern,130.7,68.5,38,11,10,38,1,40
Illinois,2026-02-07,Michigan State,113.6,117.8,36,4,14,22,-1,-3
Illinois,2026-02-10,Wisconsin,121.9,124.6,33,13,8,28,1,-2
Illinois,2026-02-15,Indiana,124.4,89.3,31,2,15,21,1,20
Illinois,2026-02-18,Southern California,141.4,91.0,29,9,11,24,-1,36
Illinois,2026-02-21,UCLA,128.1,129.5,42,9,20,20,-1,-1
Illinois,2026-02-27,Michigan,104.7,125.6,29,9,11,13,1,-14
Illinois,2026-03-03,Oregon,116.9,78.9,36,4,13,32,1,26
Illinois,2026-03-08,Maryland,119.6,110.4,24,7,9,18,-1,6
Illinois,2026-03-13,Wisconsin,117.0,121.0,31,6,7,27,0,-3
Illinois,2026-03-19,Pennsylvania,154.5,103.0,36,2,18,28,0,35
Illinois,2026-03-21,VCU,112.7,81.5,24,11,9,31,0,21
Illinois,2026-03-26,Houston,105.8,89.5,23,8,9,28,0,10
Illinois,2026-03-28,Iowa,123.9,102.9,17,8,12,20,0,12
Illinois,2026-04-04,Connecticut,96.9,110.9,26,8,11,31,0,-9
Illinois St.,2026-03-25,Dayton,96.4,86.9,16,15,2,34,-1,6
Illinois St.,2026-04-02,Auburn,102.7,136.9,25,17,9,15,0,-22
Illinois State,2025-11-06,Ohio,95.7,101.4,26,9,6,25,-1,-4
Illinois State,2025-11-09,Cornell,100.6,86.0,19,14,10,31,1,11
Illinois State,2025-11-14,Southern California,95.9,124.5,32,10,15,19,0,-20
Illinois State,2025-11-16,Long Beach State,118.8,115.9,16,6,5,23,-1,2
Illinois State,2025-11-20,Rockford,148.8,76.8,25,9,16,31,1,45
Illinois State,2025-11-23,Coastal Carolina,126.3,56.4,29,6,6,42,1,52
Illinois State,2025-11-27,Charlotte,119.1,104.0,23,6,7,23,0,10
Illinois State,2025-11-28,Furman,106.1,95.7,24,10,7,25,0,7
Illinois State,2025-12-03,Eastern Kentucky,122.4,107.3,23,12,7,26,1,11
Illinois State,2025-12-06,Chicago State,137.4,76.7,40,11,18,25,1,42
Illinois State,2025-12-13,Utah State,116.7,124.1,14,16,7,9,0,-5
Illinois State,2025-12-18,Southern Illinois,105.6,95.8,29,13,10,23,-1,7
Illinois State,2025-12-21,Indiana State,123.2,94.2,16,4,6,29,1,20
Illinois State,2025-12-29,Drake,111.2,85.3,23,23,4,31,-1,17
Illinois State,2026-01-01,Evansville,100.6,64.7,22,9,5,29,1,26
Illinois State,2026-01-07,Valparaiso,107.9,117.1,16,8,14,19,-1,-6
Illinois State,2026-01-10,Illinois–Chicago,83.9,89.6,35,11,14,23,1,-4
Illinois State,2026-01-14,Indiana State,125.7,132.7,21,8,6,20,-1,-5
Illinois State,2026-01-17,Bradley,132.2,93.2,23,6,12,26,1,26
Illinois State,2026-01-21,Northern Iowa,91.3,83.6,25,15,9,31,1,5
Illinois State,2026-01-24,Belmont,99.7,115.5,28,13,13,22,-1,-11
Illinois State,2026-01-28,Murray State,100.9,93.7,16,12,6,30,-1,5
Illinois State,2026-02-03,Southern Illinois,72.0,77.8,22,12,7,24,1,-4
Illinois State,2026-02-06,Drake,118.2,104.5,27,10,8,29,1,10
Illinois State,2026-02-09,Evansville,119.7,131.7,29,7,5,21,-1,-8
Illinois State,2026-02-12,Valparaiso,124.0,92.3,26,10,7,31,1,22
Illinois State,2026-02-15,Illinois–Chicago,77.4,114.8,35,17,4,19,-1,-27
Illinois State,2026-02-18,Murray State,117.4,91.8,21,14,10,22,1,17
Illinois State,2026-02-21,Bradley,95.0,117.1,22,13,6,20,-1,-14
Illinois State,2026-02-25,Northern Iowa,115.2,112.0,27,11,7,24,-1,2
Illinois State,2026-03-01,Belmont,130.1,118.9,27,8,10,16,1,7
Illinois State,2026-03-06,Northern Iowa,82.9,117.9,20,10,7,18,0,-22
Illinois State,2026-03-18,Kent State,111.1,81.5,35,4,6,31,1,21
Illinois State,2026-03-22,Wake Forest,111.5,107.2,33,9,9,21,-1,3
Illinois–Chicago,2025-11-03,Detroit Mercy,113.3,88.4,26,15,10,31,1,20
Illinois–Chicago,2025-11-07,Oregon State,105.9,110.3,31,14,10,13,-1,-3
Illinois–Chicago,2025-11-11,St. Francis (IL),135.6,76.1,12,14,10,21,1,43
Illinois–Chicago,2025-11-15,Chicago State,106.4,100.1,18,10,10,19,-1,4
Illinois–Chicago,2025-11-20,High Point,108.9,122.5,23,18,15,19,0,-10
Illinois–Chicago,2025-11-22,Southern Indiana,109.7,95.3,14,14,6,25,0,11
Illinois–Chicago,2025-11-26,Robert Morris,108.6,129.2,18,12,19,13,-1,-14
Illinois–Chicago,2025-12-03,Arkansas–Pine Bluff,84.3,85.6,16,16,15,24,1,-1
Illinois–Chicago,2025-12-07,Yale,100.5,121.8,23,7,14,19,-1,-14
Illinois–Chicago,2025-12-13,Belmont,128.6,133.2,32,8,13,13,-1,-3
Illinois–Chicago,2025-12-17,Northern Iowa,86.1,95.7,19,8,8,18,1,-6
Illinois–Chicago,2025-12-21,Charlotte,104.4,120.9,24,11,11,16,-1,-12
Illinois–Chicago,2025-12-29,Illinois Tech,139.6,87.6,21,11,13,29,1,38
Illinois–Chicago,2026-01-01,Murray State,101.4,106.7,12,15,14,23,1,-4
Illinois–Chicago,2026-01-04,Valparaiso,93.6,104.7,12,15,9,20,-1,-7
Illinois–Chicago,2026-01-07,Southern Illinois,105.0,85.5,18,6,8,24,1,13
Illinois–Chicago,2026-01-10,Illinois State,89.6,83.9,14,14,9,28,-1,4
Illinois–Chicago,2026-01-13,Northern Iowa,110.3,97.5,14,5,5,20,-1,8
Illinois–Chicago,2026-01-17,Drake,107.6,97.4,25,8,10,26,1,7
Illinois–Chicago,2026-01-20,Evansville,114.1,73.6,15,8,10,23,1,27
Illinois–Chicago,2026-01-24,Bradley,130.7,107.7,24,9,11,24,-1,15
Illinois–Chicago,2026-01-27,Indiana State,114.0,111.0,17,9,12,13,1,2
Illinois–Chicago,2026-01-31,Southern Illinois,100.1,97.2,20,17,15,23,-1,2
Illinois–Chicago,2026-02-03,Murray State,98.5,107.8,20,12,12,25,-1,-7
Illinois–Chicago,2026-02-06,Belmont,95.7,104.9,18,11,8,16,1,-6
Illinois–Chicago,2026-02-12,Drake,120.2,105.1,21,7,11,23,-1,10
Illinois–Chicago,2026-02-15,Illinois State,114.8,77.4,13,9,12,29,1,27
Illinois–Chicago,2026-02-18,Evansville,131.1,71.8,27,14,12,30,-1,38
Illinois–Chicago,2026-02-21,Valparaiso,103.5,109.7,17,11,10,22,1,-4
Illinois–Chicago,2026-02-24,Bradley,117.3,108.4,23,11,5,31,1,7
Illinois–Chicago,2026-03-01,Indiana State,93.3,117.0,15,14,14,17,-1,-16
Illinois–Chicago,2026-03-06,Murray State,115.2,98.9,13,12,8,27,0,13
Illinois–Chicago,2026-03-07,Drake,113.2,80.2,22,8,10,29,0,21
Illinois–Chicago,2026-03-08,Northern Iowa,115.5,140.6,17,5,9,10,0,-15
Illinois–Chicago,2026-03-18,California,100.5,125.3,15,14,7,17,-1,-18
Incarnate Word,2025-11-03,Colorado State,99.1,151.7,26,5,7,13,-1,-34
Incarnate Word,2025-11-07,Jarvis Christian,138.0,79.6,38,15,19,28,1,44
Incarnate Word,2025-11-11,SW Christian,141.0,90.5,24,7,20,34,1,39
Incarnate Word,2025-11-16,Indiana,95.6,108.1,21,7,6,21,-1,-8
Incarnate Word,2025-11-20,Southern Indiana,118.6,110.4,10,10,11,26,0,6
Incarnate Word,2025-11-22,High Point,118.4,134.6,29,9,11,12,0,-11
Incarnate Word,2025-11-26,Texas Lutheran,156.9,73.8,26,9,15,34,1,62
Incarnate Word,2025-12-01,McNeese State,109.2,103.0,21,15,11,18,1,4
Incarnate Word,2025-12-06,Nicholls State,101.3,111.9,14,11,14,18,-1,-7
Incarnate Word,2025-12-08,New Orleans,115.0,116.4,27,11,6,13,-1,-1
Incarnate Word,2025-12-15,TCU,99.9,106.0,23,11,5,19,-1,-4
Incarnate Word,2025-12-21,Northern Arizona,132.1,96.9,28,7,12,24,1,24
Incarnate Word,2025-12-30,Southeastern Louisiana,109.6,97.2,29,11,10,26,1,9
Incarnate Word,2026-01-03,Houston Christian,108.2,83.0,28,6,7,28,1,17
Incarnate Word,2026-01-05,Texas–Rio Grande Valley,99.5,118.8,23,8,13,18,-1,-13
Incarnate Word,2026-01-10,Lamar,80.2,99.1,16,12,9,19,-1,-12
Incarnate Word,2026-01-12,Stephen F. Austin,67.9,82.6,13,12,7,25,-1,-10
Incarnate Word,2026-01-17,Northwestern State,116.3,113.2,19,13,8,19,1,2
Incarnate Word,2026-01-19,East Texas A&M,97.7,134.8,21,5,14,15,1,-22
Incarnate Word,2026-01-24,Texas A&M–Corpus Christi,101.3,112.7,27,17,11,19,1,-8
Incarnate Word,2026-01-27,Houston Christian,99.3,107.3,24,20,13,17,-1,-6
Incarnate Word,2026-01-31,Texas–Rio Grande Valley,129.3,147.3,22,13,9,16,1,-13
Incarnate Word,2026-02-02,Texas A&M–Corpus Christi,105.7,102.7,15,12,4,24,-1,2
Incarnate Word,2026-02-07,McNeese State,101.5,128.4,22,21,13,18,-1,-17
Incarnate Word,2026-02-09,Southeastern Louisiana,101.5,121.1,19,8,11,22,-1,-12
Incarnate Word,2026-02-14,Nicholls State,124.6,136.6,29,6,13,18,1,-8
Incarnate Word,2026-02-16,New Orleans,93.4,113.8,24,10,8,20,1,-14
Incarnate Word,2026-02-21,East Texas A&M,139.7,124.4,26,6,7,18,-1,9
Incarnate Word,2026-02-23,Northwestern State,78.9,87.0,19,9,6,26,-1,-5
Incarnate Word,2026-02-28,Lamar,113.3,94.4,18,12,4,19,1,12
Incarnate Word,2026-03-02,Stephen F. Austin,109.3,122.2,25,4,5,20,1,-8
Indiana,2025-11-05,Alabama A&M,139.4,72.5,24,11,6,33,1,47
Indiana,2025-11-09,Marquette,129.0,99.3,28,7,9,21,0,23
Indiana,2025-11-12,Milwaukee,138.0,95.6,28,7,8,23,1,31
Indiana,2025-11-16,Incarnate Word,108.1,95.6,24,9,12,25,1,8
Indiana,2025-11-20,Lindenwood,98.4,71.5,28,7,8,28,1,20
Indiana,2025-11-25,Kansas State,112.5,90.3,33,16,9,23,1,17
Indiana,2025-11-29,Bethune-Cookman,138.9,77.8,31,7,8,33,1,44
Indiana,2025-12-03,Minnesota,95.3,108.7,27,7,5,17,-1,-9
Indiana,2025-12-06,Louisville,103.8,115.7,34,12,7,20,0,-9
Indiana,2025-12-09,Penn State,149.1,95.0,31,10,3,24,1,41
Indiana,2025-12-13,Kentucky,90.3,108.4,24,17,7,26,-1,-12
Indiana,2025-12-20,Chicago State,110.3,82.0,46,13,12,28,1,20
Indiana,2025-12-22,Siena,117.8,87.2,24,11,8,30,1,21
Indiana,2026-01-04,Washington,139.1,123.7,28,4,9,20,1,10
Indiana,2026-01-07,Maryland,120.5,94.7,25,10,12,24,-1,18
Indiana,2026-01-10,Nebraska,115.2,124.1,30,13,9,19,1,-6
Indiana,2026-01-13,Michigan State,91.2,123.1,31,12,3,13,-1,-21
Indiana,2026-01-17,Iowa,97.4,126.4,24,8,8,14,1,-17
Indiana,2026-01-20,Michigan,102.0,121.8,34,10,5,17,-1,-14
Indiana,2026-01-23,Rutgers,135.6,97.5,35,4,8,28,-1,23
Indiana,2026-01-27,Purdue,116.0,107.9,33,8,5,21,1,5
Indiana,2026-01-31,UCLA,109.4,108.3,34,11,7,32,-1,1
Indiana,2026-02-03,Southern California,101.8,110.0,35,8,5,15,-1,-6
Indiana,2026-02-07,Wisconsin,109.2,107.8,22,8,9,24,1,1
Indiana,2026-02-09,Oregon,138.7,111.5,27,9,5,23,1,18
Indiana,2026-02-15,Illinois,89.3,124.4,24,8,2,20,-1,-20
Indiana,2026-02-20,Purdue,101.6,147.6,20,11,1,14,-1,-29
Indiana,2026-02-24,Northwestern,106.1,112.3,28,9,2,14,1,-4
Indiana,2026-03-01,Michigan State,104.7,126.0,35,6,6,18,1,-13
Indiana,2026-03-04,Minnesota,125.7,76.7,24,9,7,30,1,30
Indiana,2026-03-07,Ohio State,115.7,135.0,18,12,4,13,-1,-13
Indiana,2026-03-11,Northwestern,99.7,120.9,17,10,6,22,0,-13
Indiana State,2025-11-03,Charlotte,106.1,128.5,26,9,6,16,-1,-16
Indiana State,2025-11-06,Illinois Tech,129.4,90.8,22,16,18,29,1,31
Indiana State,2025-11-10,SIU Edwardsville,89.4,76.8,30,14,13,26,-1,9
Indiana State,2025-11-14,Duke,79.9,128.9,30,18,8,14,-1,-38
Indiana State,2025-11-19,Louisiana Tech,81.0,68.8,38,11,4,31,1,9
Indiana State,2025-11-22,Ball State,106.3,79.0,26,13,11,28,1,18
Indiana State,2025-11-26,Louisiana Tech,109.7,112.7,22,8,2,18,-1,-2
Indiana State,2025-11-28,Alcorn State,90.6,99.1,29,17,7,18,0,-7
Indiana State,2025-12-02,Eureka,127.8,73.6,32,15,11,37,1,42
Indiana State,2025-12-07,Southern Indiana,115.9,82.8,22,9,7,24,1,22
Indiana State,2025-12-14,Milwaukee,105.4,102.4,24,14,5,25,-1,2
Indiana State,2025-12-18,Bradley,100.4,109.5,38,14,8,34,1,-9
Indiana State,2025-12-21,Illinois State,94.2,123.2,24,11,2,23,-1,-20
Indiana State,2025-12-29,Belmont,103.6,102.3,30,12,6,22,1,1
Indiana State,2026-01-01,Northern Iowa,100.0,113.6,26,11,2,19,-1,-9
Indiana State,2026-01-04,Drake,112.2,115.4,27,14,9,22,-1,-2
Indiana State,2026-01-10,Evansville,92.6,96.7,28,11,9,26,1,-3
Indiana State,2026-01-14,Illinois State,132.7,125.7,24,6,5,20,1,5
Indiana State,2026-01-17,Murray State,112.5,118.0,16,10,11,22,-1,-4
Indiana State,2026-01-21,Bradley,96.1,106.0,22,19,3,30,-1,-7
Indiana State,2026-01-24,Drake,83.5,102.4,27,17,6,27,1,-14
Indiana State,2026-01-27,Illinois–Chicago,111.0,114.0,27,20,13,20,-1,-2
Indiana State,2026-01-31,Valparaiso,97.1,102.5,25,11,4,22,1,-4
Indiana State,2026-02-03,Evansville,130.9,98.2,27,8,7,26,-1,21
Indiana State,2026-02-09,Southern Illinois,83.7,103.0,25,17,5,24,1,-15
Indiana State,2026-02-12,Murray State,106.8,109.8,25,12,8,16,1,-2
Indiana State,2026-02-15,Valparaiso,123.8,125.5,15,6,8,18,-1,-1
Indiana State,2026-02-18,Northern Iowa,90.9,122.7,21,15,10,25,1,-21
Indiana State,2026-02-21,Belmont,94.0,116.8,30,13,5,23,-1,-17
Indiana State,2026-02-25,Southern Illinois,78.4,94.1,27,16,8,27,-1,-11
Indiana State,2026-03-01,Illinois–Chicago,117.0,93.3,29,17,6,19,1,16
Indiana State,2026-03-05,Valparaiso,101.3,103.0,23,13,10,23,0,-1
Iona,2025-11-07,Hofstra,108.5,97.7,26,13,10,24,1,8
Iona,2025-11-11,Kansas City,120.3,104.2,26,18,10,25,-1,14
Iona,2025-11-14,Fordham,106.8,99.8,21,7,4,22,1,5
Iona,2025-11-18,Princeton,113.6,88.0,29,12,6,30,1,20
Iona,2025-11-21,Akron,96.5,123.6,25,16,9,20,0,-21
Iona,2025-11-22,Oregon State,102.5,94.6,37,13,10,30,0,7
Iona,2025-11-24,Green Bay,108.4,115.6,28,8,11,29,0,-5
Iona,2025-12-01,Delaware,127.3,94.4,26,9,2,28,-1,23
Iona,2025-12-05,Quinnipiac,91.8,120.2,23,12,14,20,1,-21
Iona,2025-12-07,Sacred Heart,112.3,95.7,31,9,7,22,-1,12
Iona,2025-12-10,Bryant,102.1,93.2,25,7,4,23,1,6
Iona,2025-12-13,St. John's (NY),81.9,116.5,19,13,8,18,-1,-27
Iona,2025-12-20,Vermont,121.1,113.8,17,6,5,31,-1,5
Iona,2025-12-29,Mount St. Mary's,78.2,87.5,34,15,9,26,-1,-7
Iona,2026-01-02,Siena,103.2,99.0,28,14,5,27,1,3
Iona,2026-01-04,Marist,52.3,114.3,14,24,3,27,-1,-45
Iona,2026-01-09,Niagara,114.1,85.2,27,9,11,29,1,18
Iona,2026-01-11,Canisius,118.7,77.0,28,13,7,33,1,26
Iona,2026-01-14,Rider,108.8,115.2,35,3,7,16,-1,-4
Iona,2026-01-19,Saint Peter's,89.6,109.6,32,7,6,22,-1,-14
Iona,2026-01-22,Merrimack,98.5,96.9,28,8,7,19,1,1
Iona,2026-01-24,Manhattan,99.5,85.9,28,10,8,28,1,9
Iona,2026-01-30,Fairfield,109.6,111.2,26,10,9,16,1,-1
Iona,2026-02-05,Siena,107.4,117.8,31,12,8,14,-1,-7
Iona,2026-02-07,Mount St. Mary's,119.1,130.0,33,4,10,17,1,-7
Iona,2026-02-13,Canisius,104.1,95.0,19,10,5,21,-1,6
Iona,2026-02-15,Niagara,115.1,118.4,30,7,6,21,-1,-2
Iona,2026-02-20,Saint Peter's,95.5,84.9,24,16,14,27,1,8
Iona,2026-02-22,Merrimack,113.2,115.9,34,11,10,30,-1,-2
Iona,2026-02-27,Rider,110.0,79.7,28,17,8,31,1,22
Iona,2026-03-01,Manhattan,91.4,86.1,28,22,13,30,-1,4
Iona,2026-03-05,Sacred Heart,114.3,130.0,31,7,9,22,0,-11
Iowa,2025-11-04,Robert Morris,146.0,99.7,15,11,9,14,1,32
Iowa,2025-11-07,Western Illinois,124.1,93.5,25,6,4,21,1,19
Iowa,2025-11-14,Xavier,115.3,88.3,11,13,8,32,1,19
Iowa,2025-11-18,Southeast Missouri State,145.1,102.6,23,11,9,19,1,29
Iowa,2025-11-20,Chicago State,148.6,86.3,31,6,10,25,1,39
Iowa,2025-11-25,Ole Miss,114.8,107.1,22,6,9,17,0,5
Iowa,2025-11-26,Grand Canyon,98.6,76.8,19,10,8,19,0,13
Iowa,2025-12-02,Michigan State,86.7,118.4,23,11,4,11,-1,-19
Iowa,2025-12-06,Maryland,117.9,90.9,18,10,8,22,1,19
Iowa,2025-12-11,Iowa State,99.0,105.3,15,15,7,20,-1,-4
Iowa,2025-12-14,Western Michigan,135.3,75.8,31,6,9,27,1,40
Iowa,2025-12-20,Bucknell,139.7,58.0,21,9,10,22,0,55
Iowa,2025-12-29,UMass Lowell,135.4,93.3,14,7,6,20,1,28
Iowa,2026-01-03,UCLA,117.4,96.8,26,13,11,19,1,13
Iowa,2026-01-06,Minnesota,96.1,100.4,26,13,10,24,-1,-3
Iowa,2026-01-11,Illinois,102.9,111.9,29,8,9,19,1,-6
Iowa,2026-01-14,Purdue,111.5,122.3,25,13,4,16,-1,-7
Iowa,2026-01-17,Indiana,126.4,97.4,19,6,5,21,-1,17
Iowa,2026-01-20,Rutgers,105.4,96.1,19,12,5,14,1,6
Iowa,2026-01-28,Southern California,105.8,104.3,25,14,9,19,1,1
Iowa,2026-02-01,Oregon,140.8,110.6,22,4,6,17,-1,18
Iowa,2026-02-04,Washington,137.5,121.1,19,3,4,15,-1,10
Iowa,2026-02-08,Northwestern,119.5,110.0,16,7,9,20,1,6
Iowa,2026-02-11,Maryland,115.3,126.9,28,2,9,13,-1,-7
Iowa,2026-02-14,Purdue,97.0,132.7,22,6,8,20,1,-21
Iowa,2026-02-17,Nebraska,94.8,86.5,23,11,11,22,1,5
Iowa,2026-02-22,Wisconsin,109.5,129.5,26,9,9,18,-1,-13
Iowa,2026-02-25,Ohio State,126.4,97.4,18,7,4,22,1,17
Iowa,2026-02-28,Penn State,117.1,120.5,28,7,10,13,-1,-2
Iowa,2026-03-05,Michigan,104.5,109.1,26,5,10,15,1,-3
Iowa,2026-03-08,Nebraska,100.7,112.8,30,19,7,24,-1,-9
Iowa,2026-03-11,Maryland,111.5,95.2,23,10,5,18,0,11
Iowa,2026-03-12,Ohio State,118.9,124.1,21,8,5,17,0,-3
Iowa,2026-03-20,Clemson,121.3,110.5,25,7,13,23,0,6
Iowa,2026-03-22,Florida,114.7,113.1,24,9,8,16,0,1
Iowa,2026-03-26,Nebraska,128.4,118.4,30,4,3,18,0,6
Iowa,2026-03-28,Illinois,102.9,123.9,30,8,6,12,0,-12
Iowa St.,2026-03-27,Tennessee,90.5,110.9,23,11,5,13,0,-14
Iowa State,2025-11-03,FDU,121.1,68.8,27,9,7,32,1,38
Iowa State,2025-11-06,Grambling State,134.5,81.7,31,12,15,25,1,40
Iowa State,2025-11-10,Mississippi State,123.5,102.9,22,9,12,15,0,16
Iowa State,2025-11-17,Stonehill,134.1,79.6,21,7,8,26,1,39
Iowa State,2025-11-24,St. John's (NY),115.2,113.8,22,10,11,17,0,1
Iowa State,2025-11-25,Creighton,113.1,87.0,14,8,11,23,0,18
Iowa State,2025-11-26,Syracuse,128.4,86.5,20,8,7,23,0,31
Iowa State,2025-12-03,Alcorn State,162.3,83.6,30,14,8,21,1,64
Iowa State,2025-12-06,Purdue,121.3,86.9,23,12,8,20,-1,23
Iowa State,2025-12-11,Iowa,105.3,99.0,15,8,7,17,1,4
Iowa State,2025-12-14,Eastern Illinois,110.2,74.9,23,12,10,25,1,25
Iowa State,2025-12-21,Long Beach State,120.3,79.3,21,12,10,31,1,31
Iowa State,2025-12-29,Houston Christian,132.7,91.0,19,9,16,27,1,28
Iowa State,2026-01-02,West Virginia,131.3,96.9,25,10,10,21,1,21
Iowa State,2026-01-07,Baylor,100.5,86.2,19,12,16,26,-1,10
Iowa State,2026-01-10,Oklahoma State,113.2,96.9,16,9,8,26,1,12
Iowa State,2026-01-13,Kansas,94.1,125.4,27,12,13,18,-1,-21
Iowa State,2026-01-17,Cincinnati,104.8,118.3,21,12,10,19,-1,-9
Iowa State,2026-01-20,UCF,129.1,84.6,25,5,13,22,1,30
Iowa State,2026-01-24,Oklahoma State,120.2,101.6,26,17,11,25,-1,13
Iowa State,2026-01-29,Colorado,141.2,97.5,21,9,8,28,1,30
Iowa State,2026-02-01,Kansas State,131.6,84.5,27,12,10,28,-1,34
Iowa State,2026-02-07,Baylor,114.0,109.3,21,13,12,21,1,3
Iowa State,2026-02-10,TCU,82.3,92.7,22,15,10,20,-1,-7
Iowa State,2026-02-14,Kansas,112.8,85.4,30,6,8,22,1,18
Iowa State,2026-02-16,Houston,120.0,114.8,22,3,8,22,1,3
Iowa State,2026-02-21,Brigham Young,102.6,117.5,24,10,5,20,-1,-10
Iowa State,2026-02-24,Utah,107.8,84.8,23,7,4,22,-1,16
Iowa State,2026-02-28,Texas Tech,113.1,127.1,24,7,13,13,1,-9
Iowa State,2026-03-02,Arizona,86.0,110.2,30,11,15,17,-1,-16
Iowa State,2026-03-07,Arizona State,115.5,87.3,29,9,9,20,1,21
Iowa State,2026-03-11,Arizona State,133.3,61.5,25,8,14,23,0,49
Iowa State,2026-03-12,Texas Tech,115.0,81.3,18,9,6,27,0,22
Iowa State,2026-03-13,Arizona,116.4,119.4,31,11,10,16,0,-2
Iowa State,2026-03-20,Tennessee State,135.1,92.6,24,11,15,22,0,34
Iowa State,2026-03-22,Kentucky,119.3,91.7,28,7,9,17,0,19
Jackson State,2025-11-03,Illinois,72.8,149.6,29,10,3,13,-1,-58
Jackson State,2025-11-06,Louisville,90.8,137.5,27,12,7,20,-1,-36
Jackson State,2025-11-15,Louisiana Tech,72.4,96.6,33,12,9,24,-1,-17
Jackson State,2025-11-19,Auburn,86.8,147.3,18,19,7,15,-1,-46
Jackson State,2025-11-21,Arkansas,78.0,147.1,27,19,9,15,-1,-54
Jackson State,2025-11-23,Winthrop,96.5,124.5,27,12,7,19,1,-18
Jackson State,2025-11-28,Louisiana,77.9,68.7,21,12,3,21,-1,6
Jackson State,2025-12-02,Kennesaw State,97.1,117.1,25,13,7,24,-1,-15
Jackson State,2025-12-10,Houston,58.7,123.5,28,24,5,18,-1,-42
Jackson State,2025-12-13,Northwestern,72.4,127.0,25,13,8,21,-1,-40
Jackson State,2025-12-18,Hampton,106.7,116.4,26,12,4,16,0,-7
Jackson State,2025-12-19,Norfolk State,96.6,110.1,26,16,10,22,0,-10
Jackson State,2025-12-29,TCU,84.9,152.5,21,17,8,14,-1,-51
Jackson State,2026-01-03,Alcorn State,124.2,120.0,27,10,6,23,1,3
Jackson State,2026-01-10,Alabama State,96.7,82.5,19,14,9,26,-1,11
Jackson State,2026-01-12,Alabama A&M,110.9,121.8,35,9,6,23,-1,-9
Jackson State,2026-01-17,Prairie View A&M,110.7,105.3,28,14,14,25,1,4
Jackson State,2026-01-19,Texas Southern,126.4,119.7,21,10,7,24,1,5
Jackson State,2026-01-24,Bethune-Cookman,62.7,111.0,29,13,6,24,-1,-37
Jackson State,2026-01-26,Florida A&M,102.3,100.7,19,10,10,21,-1,1
Jackson State,2026-01-31,Grambling State,98.6,103.1,21,11,8,23,1,-3
Jackson State,2026-02-02,Southern,110.4,116.5,31,12,10,26,1,-5
Jackson State,2026-02-07,Mississippi Valley State,123.5,103.2,35,15,18,26,-1,16
Jackson State,2026-02-09,Arkansas–Pine Bluff,95.4,127.2,27,12,15,19,-1,-21
Jackson State,2026-02-14,Florida A&M,112.8,84.6,16,12,11,27,1,20
Jackson State,2026-02-16,Bethune-Cookman,115.0,108.7,20,13,8,23,1,5
Jackson State,2026-02-21,Alcorn State,91.9,117.4,21,17,12,20,-1,-18
Jackson State,2026-02-26,Prairie View A&M,102.1,114.2,26,15,14,24,-1,-9
Jackson State,2026-02-28,Texas Southern,79.7,114.6,34,11,12,15,-1,-25
Jackson State,2026-03-03,Arkansas–Pine Bluff,115.2,110.9,27,9,15,18,1,3
Jackson State,2026-03-05,Mississippi Valley State,126.9,114.9,18,7,12,19,1,8
Jackson State,2026-03-10,Grambling State,97.0,92.7,26,11,12,24,0,3
Jackson State,2026-03-11,Florida A&M,83.9,97.9,25,19,14,18,0,-10
Jacksonville,2025-11-03,Miami (FL),94.4,117.6,27,12,5,14,-1,-17
Jacksonville,2025-11-06,Trinity (FL),155.6,53.1,39,9,23,34,1,87
Jacksonville,2025-11-11,High Point,90.9,120.7,34,14,11,27,-1,-21
Jacksonville,2025-11-15,VMI,103.8,100.8,25,19,12,19,-1,2
Jacksonville,2025-11-18,George Mason,85.2,118.1,17,17,9,16,-1,-22
Jacksonville,2025-11-24,Bethune-Cookman,103.5,96.0,17,9,8,24,0,5
Jacksonville,2025-11-25,Pacific,85.2,109.3,14,8,5,17,0,-15
Jacksonville,2025-12-02,Florida A&M,113.4,109.4,31,9,12,22,1,3
Jacksonville,2025-12-06,Florida International,91.6,124.0,33,19,18,20,-1,-23
Jacksonville,2025-12-11,Trinity Christian,163.0,65.5,26,9,16,33,1,73
Jacksonville,2025-12-14,Texas A&M,96.2,143.6,27,19,8,16,-1,-37
Jacksonville,2025-12-17,Florida A&M,97.5,108.0,21,12,7,19,-1,-7
Jacksonville,2025-12-22,Florida State,94.7,130.8,31,7,8,18,-1,-24
Jacksonville,2026-01-01,Lipscomb,95.9,127.8,24,15,11,20,-1,-19
Jacksonville,2026-01-03,Austin Peay,95.8,100.0,21,17,7,29,-1,-3
Jacksonville,2026-01-08,Queens (NC),80.0,120.7,19,11,11,21,1,-26
Jacksonville,2026-01-10,West Georgia,126.5,72.5,15,5,3,21,1,32
Jacksonville,2026-01-15,Central Arkansas,96.0,99.2,34,6,14,21,-1,-2
Jacksonville,2026-01-17,North Alabama,130.6,98.7,14,10,8,24,-1,22
Jacksonville,2026-01-22,Bellarmine,113.2,124.5,21,8,5,18,1,-7
Jacksonville,2026-01-24,Eastern Kentucky,115.3,108.1,14,12,7,18,1,5
Jacksonville,2026-01-29,Lipscomb,115.8,107.5,18,7,8,21,1,5
Jacksonville,2026-01-31,Florida Gulf Coast,72.6,100.7,17,16,8,25,1,-19
Jacksonville,2026-02-05,Queens (NC),118.2,130.9,16,12,5,22,-1,-9
Jacksonville,2026-02-07,West Georgia,105.0,125.1,16,11,11,18,-1,-14
Jacksonville,2026-02-11,Stetson,97.5,105.3,22,9,12,25,-1,-5
Jacksonville,2026-02-14,North Florida,109.1,97.0,23,7,7,18,1,7
Jacksonville,2026-02-18,Florida Gulf Coast,125.7,128.7,15,8,5,15,-1,-2
Jacksonville,2026-02-21,Austin Peay,100.1,106.7,13,8,12,23,1,-4
Jacksonville,2026-02-26,Stetson,132.3,126.3,12,6,14,23,1,4
Jacksonville,2026-02-28,North Florida,119.6,85.8,20,12,11,28,-1,24
Jacksonville,2026-03-04,Bellarmine,122.9,127.6,19,4,12,20,0,-3
Jacksonville State,2025-11-03,Oakwood,136.4,73.4,40,10,18,37,1,54
Jacksonville State,2025-11-10,Reinhardt,156.2,53.4,37,8,21,32,1,75
Jacksonville State,2025-11-14,Coastal Carolina,109.2,98.9,21,7,9,25,1,7
Jacksonville State,2025-11-19,South Alabama,97.5,106.5,38,12,9,27,1,-6
Jacksonville State,2025-11-24,Arkansas State,87.2,102.4,25,15,12,21,-1,-11
Jacksonville State,2025-11-26,North Dakota State,68.3,88.9,21,14,9,27,0,-13
Jacksonville State,2025-12-01,North Alabama,97.0,107.3,25,9,11,26,1,-7
Jacksonville State,2025-12-07,Auburn Montgomery,90.6,53.6,18,20,7,39,1,27
Jacksonville State,2025-12-13,Georgia State,112.6,118.7,22,4,13,22,-1,-4
Jacksonville State,2025-12-17,Eastern Kentucky,96.2,101.1,18,6,8,16,1,-3
Jacksonville State,2025-12-20,East Tennessee State,130.0,120.4,22,11,8,19,-1,6
Jacksonville State,2025-12-29,Western Kentucky,105.1,90.2,18,16,4,28,1,11
Jacksonville State,2026-01-02,Delaware,113.4,108.3,20,9,7,24,-1,3
Jacksonville State,2026-01-04,Liberty,105.1,118.8,19,8,10,20,-1,-9
Jacksonville State,2026-01-07,Florida International,105.6,95.1,19,15,6,20,1,7
Jacksonville State,2026-01-10,Kennesaw State,108.6,116.6,23,12,6,22,-1,-6
Jacksonville State,2026-01-14,Sam Houston State,97.4,120.9,20,9,8,14,1,-15
Jacksonville State,2026-01-17,Louisiana Tech,109.7,102.8,23,9,9,19,1,4
Jacksonville State,2026-01-23,Middle Tennessee,120.3,93.0,15,8,6,25,1,17
Jacksonville State,2026-01-28,Florida International,98.3,93.3,18,15,6,26,-1,4
Jacksonville State,2026-01-31,Missouri State,95.2,105.1,14,17,12,22,-1,-7
Jacksonville State,2026-02-05,Western Kentucky,96.5,89.7,9,16,11,31,-1,5
Jacksonville State,2026-02-07,Kennesaw State,110.5,83.2,26,10,6,28,1,19
Jacksonville State,2026-02-11,UTEP,107.0,115.3,18,11,6,19,1,-5
Jacksonville State,2026-02-14,New Mexico State,104.7,118.1,26,2,7,21,1,-9
Jacksonville State,2026-02-18,Louisiana Tech,101.8,110.4,24,11,7,16,-1,-6
Jacksonville State,2026-02-21,Sam Houston State,115.7,121.6,21,4,7,20,-1,-4
Jacksonville State,2026-02-26,Delaware,119.8,104.8,24,9,8,27,1,10
Jacksonville State,2026-02-28,Liberty,117.2,121.8,18,7,4,22,1,-3
Jacksonville State,2026-03-05,New Mexico State,97.5,100.1,17,8,22,29,-1,-2
Jacksonville State,2026-03-07,UTEP,95.6,91.1,16,15,9,22,-1,3
Jacksonville State,2026-03-10,New Mexico State,96.6,104.3,20,12,4,27,0,-5
James Madison,2025-11-03,Akron,96.0,114.9,29,17,9,21,-1,-14
James Madison,2025-11-05,Wash. & Lee,109.4,87.6,24,9,14,29,1,14
James Madison,2025-11-09,Coppin State,116.2,96.8,35,12,8,22,1,14
James Madison,2025-11-12,Longwood,100.7,114.7,24,10,7,23,-1,-10
James Madison,2025-11-15,LIU,103.4,115.2,16,14,10,22,-1,-9
James Madison,2025-11-18,Towson,131.8,122.1,24,7,2,18,1,6
James Madison,2025-11-24,Florida International,110.3,99.3,34,9,19,28,-1,8
James Madison,2025-11-25,Omaha,130.8,114.5,30,9,4,21,0,11
James Madison,2025-11-29,George Mason,100.2,124.5,31,5,9,21,-1,-16
James Madison,2025-12-03,North Carolina Central,103.6,95.9,24,10,11,24,1,5
James Madison,2025-12-06,Norfolk State,103.4,101.9,29,6,6,22,1,1
James Madison,2025-12-17,Old Dominion,99.8,113.0,23,12,6,25,-1,-9
James Madison,2025-12-20,Georgia Southern,113.2,118.1,24,13,15,30,-1,-4
James Madison,2025-12-29,Arkansas,107.4,149.5,32,12,12,17,-1,-29
James Madison,2026-01-03,Arkansas State,109.7,104.1,17,14,7,29,-1,4
James Madison,2026-01-07,Marshall,101.0,104.1,23,10,12,26,1,-2
James Madison,2026-01-10,Old Dominion,99.7,98.3,11,15,7,33,1,1
James Madison,2026-01-15,Appalachian State,107.1,131.8,30,5,12,14,-1,-15
James Madison,2026-01-17,Marshall,104.5,111.8,28,13,13,20,-1,-5
James Madison,2026-01-22,South Alabama,108.9,118.1,42,17,7,29,1,-7
James Madison,2026-01-24,Texas State,128.9,89.6,32,9,10,26,1,25
James Madison,2026-01-29,Troy,108.1,94.8,19,12,9,32,-1,9
James Madison,2026-01-31,Southern Mississippi,94.5,106.2,20,10,5,19,-1,-8
James Madison,2026-02-04,Louisiana,106.7,112.0,20,10,10,23,1,-3
James Madison,2026-02-07,Toledo,106.4,103.5,27,12,9,26,1,2
James Madison,2026-02-12,Georgia State,105.9,103.3,24,15,8,29,1,2
James Madison,2026-02-14,Appalachian State,111.8,93.9,22,5,9,23,1,11
James Madison,2026-02-18,Coastal Carolina,100.6,97.6,17,5,6,28,-1,2
James Madison,2026-02-21,Georgia State,119.4,97.0,15,13,12,24,-1,15
James Madison,2026-02-25,Georgia Southern,114.8,92.4,18,16,4,28,1,16
James Madison,2026-02-27,Coastal Carolina,105.3,106.9,23,7,9,25,1,-1
James Madison,2026-03-04,Louisiana,122.3,101.2,13,14,8,30,0,15
James Madison,2026-03-05,Southern Mississippi,111.1,119.4,16,10,7,24,0,-6
Kansas,2025-11-03,Green Bay,145.8,79.1,27,3,9,35,1,43
Kansas,2025-11-07,North Carolina,101.2,119.0,25,12,6,17,-1,-13
Kansas,2025-11-11,Texas A&M–Corpus Christi,105.8,63.2,23,17,5,34,1,31
Kansas,2025-11-15,Princeton,104.9,78.7,21,14,9,33,1,19
Kansas,2025-11-18,Duke,98.5,116.4,21,7,8,21,0,-12
Kansas,2025-11-24,Notre Dame,105.0,90.2,20,9,7,28,0,10
Kansas,2025-11-25,Syracuse,107.2,90.6,16,14,11,33,0,11
Kansas,2025-11-26,Tennessee,111.2,104.3,17,9,7,25,0,5
Kansas,2025-12-02,Connecticut,90.5,98.6,18,10,9,20,1,-5
Kansas,2025-12-07,Missouri,117.4,88.0,21,9,10,28,1,20
Kansas,2025-12-13,NC State,101.4,100.1,30,8,8,33,-1,1
Kansas,2025-12-16,Towson,111.2,74.6,24,9,11,30,1,24
Kansas,2025-12-22,Davidson,122.3,82.9,21,15,8,33,1,29
Kansas,2026-01-03,UCF,104.7,113.1,23,11,9,25,-1,-6
Kansas,2026-01-06,TCU,121.4,116.7,20,13,8,28,1,4
Kansas,2026-01-10,West Virginia,110.0,126.2,27,6,9,22,-1,-11
Kansas,2026-01-13,Iowa State,125.4,94.1,24,8,10,26,1,21
Kansas,2026-01-16,Baylor,118.6,91.9,17,4,6,29,1,18
Kansas,2026-01-20,Colorado,111.9,103.0,19,11,9,35,-1,6
Kansas,2026-01-24,Kansas State,135.4,97.6,16,9,11,24,-1,24
Kansas,2026-01-31,Brigham Young,127.2,115.9,22,6,4,28,1,8
Kansas,2026-02-02,Texas Tech,91.1,86.8,20,15,5,31,-1,3
Kansas,2026-02-07,Utah,105.8,87.9,18,10,6,29,1,12
Kansas,2026-02-09,Arizona,107.5,102.3,15,11,15,21,1,4
Kansas,2026-02-14,Iowa State,85.4,112.8,18,13,8,23,-1,-18
Kansas,2026-02-18,Oklahoma State,112.8,96.1,24,12,9,27,-1,12
Kansas,2026-02-21,Cincinnati,100.5,124.2,18,9,9,19,1,-16
Kansas,2026-02-23,Houston,106.3,86.3,17,11,7,28,1,13
Kansas,2026-02-28,Arizona,85.7,118.0,20,9,6,16,-1,-23
Kansas,2026-03-03,Arizona State,82.3,96.0,27,16,23,28,-1,-10
Kansas,2026-03-07,Kansas State,132.4,108.2,26,12,12,31,1,19
Kansas,2026-03-12,TCU,103.2,96.6,17,9,9,29,0,5
Kansas,2026-03-13,Houston,79.9,117.4,23,8,13,20,0,-22
Kansas,2026-03-20,California Baptist,96.7,85.3,19,8,10,27,0,8
Kansas,2026-03-22,St. John's (NY),91.4,94.2,14,16,8,31,0,-2
Kansas City,2025-11-03,Evangel,112.6,104.2,27,11,10,25,1,6
Kansas City,2025-11-07,Southern Illinois,100.5,130.1,21,12,13,15,-1,-23
Kansas City,2025-11-11,Iona,104.2,120.3,25,18,14,22,1,-14
Kansas City,2025-11-15,Texas,83.9,108.3,14,5,8,23,-1,-16
Kansas City,2025-11-19,TCU,60.3,108.6,32,18,8,20,-1,-36
Kansas City,2025-11-24,Lindenwood,85.8,102.4,11,18,4,23,-1,-13
Kansas City,2025-11-29,Weber State,88.3,118.7,20,13,7,16,-1,-21
Kansas City,2025-12-03,Idaho State,96.5,111.2,13,12,9,16,1,-9
Kansas City,2025-12-06,Eastern Washington,86.1,117.4,12,20,8,21,-1,-24
Kansas City,2025-12-10,Weber State,79.7,85.0,25,15,10,25,1,-4
Kansas City,2025-12-13,Spurgeon College,117.0,86.0,18,20,10,34,1,27
Kansas City,2025-12-16,Oklahoma,96.1,127.6,20,15,9,24,-1,-22
Kansas City,2025-12-18,Oklahoma State,101.6,117.1,30,12,11,17,-1,-12
Kansas City,2025-12-28,McPherson,121.1,103.8,24,9,14,25,1,13
Kansas City,2025-12-31,Denver,102.6,120.6,21,10,11,26,-1,-13
Kansas City,2026-01-03,Omaha,106.8,96.6,18,7,5,22,-1,7
Kansas City,2026-01-08,North Dakota State,104.2,138.5,22,17,10,18,1,-24
Kansas City,2026-01-10,North Dakota,118.8,121.8,19,16,8,25,1,-2
Kansas City,2026-01-15,South Dakota,107.5,128.2,22,8,10,15,-1,-16
Kansas City,2026-01-17,South Dakota State,94.4,137.1,23,11,9,17,-1,-28
Kansas City,2026-01-24,Omaha,81.9,105.1,31,15,9,18,1,-17
Kansas City,2026-01-28,Denver,87.4,98.8,25,8,7,25,1,-8
Kansas City,2026-02-01,St. Thomas,82.1,126.9,24,14,12,19,-1,-35
Kansas City,2026-02-04,South Dakota,92.1,100.7,12,17,5,26,1,-7
Kansas City,2026-02-12,Oral Roberts,88.1,101.3,25,9,13,22,-1,-9
Kansas City,2026-02-14,St. Thomas,88.6,143.9,25,11,6,18,1,-40
Kansas City,2026-02-19,North Dakota,89.0,108.1,23,14,10,26,-1,-15
Kansas City,2026-02-21,North Dakota State,75.9,122.2,31,14,5,20,-1,-36
Kansas City,2026-02-26,South Dakota State,90.6,112.1,28,4,5,13,1,-14
Kansas City,2026-02-28,Oral Roberts,92.6,124.3,27,11,4,18,1,-24
Kansas City,2026-03-04,Oral Roberts,88.3,119.6,24,8,11,17,0,-22
Kansas State,2025-11-04,UNC Greensboro,112.0,77.1,27,16,8,31,1,29
Kansas State,2025-11-08,Bellarmine,141.0,102.2,23,17,11,21,1,27
Kansas State,2025-11-13,California,123.3,119.5,18,17,3,17,1,3
Kansas State,2025-11-17,Tulsa,111.4,110.1,24,10,12,26,1,1
Kansas State,2025-11-20,Mississippi State,128.0,100.6,30,8,9,24,0,21
Kansas State,2025-11-21,Nebraska,110.4,111.7,35,13,6,21,0,-1
Kansas State,2025-11-25,Indiana,90.3,112.5,20,19,8,17,-1,-17
Kansas State,2025-12-01,Bowling Green,102.0,126.7,23,6,12,18,1,-16
Kansas State,2025-12-06,Seton Hall,83.7,97.5,30,15,16,26,1,-11
Kansas State,2025-12-08,Mississippi Valley State,139.2,63.1,36,14,11,30,1,59
Kansas State,2025-12-13,Creighton,123.6,113.2,28,7,13,24,-1,7
Kansas State,2025-12-20,South Dakota,135.8,97.4,24,12,9,31,1,30
Kansas State,2025-12-28,Louisiana–Monroe,118.6,107.2,35,13,15,26,1,9
Kansas State,2026-01-03,Brigham Young,92.5,105.2,21,12,10,22,1,-10
Kansas State,2026-01-07,Arizona,90.7,120.6,36,10,9,17,-1,-25
Kansas State,2026-01-10,Arizona State,106.2,110.0,31,12,12,16,-1,-3
Kansas State,2026-01-14,UCF,96.9,108.8,30,10,6,25,1,-9
Kansas State,2026-01-17,Oklahoma State,113.1,114.5,33,16,10,24,-1,-1
Kansas State,2026-01-20,Utah,115.3,111.0,23,10,5,22,1,3
Kansas State,2026-01-24,Kansas,97.6,135.4,29,5,13,15,1,-24
Kansas State,2026-01-27,West Virginia,88.4,96.6,25,9,6,22,-1,-5
Kansas State,2026-02-01,Iowa State,84.5,131.6,23,14,6,15,1,-34
Kansas State,2026-02-07,TCU,110.1,112.8,26,12,7,12,-1,-2
Kansas State,2026-02-11,Cincinnati,86.8,127.4,25,14,8,18,1,-29
Kansas State,2026-02-14,Houston,84.1,102.5,26,17,11,24,-1,-14
Kansas State,2026-02-17,Baylor,107.8,88.6,17,18,3,21,1,16
Kansas State,2026-02-21,Texas Tech,102.9,142.9,20,5,7,17,-1,-28
Kansas State,2026-02-25,Colorado,84.9,95.8,23,14,6,26,-1,-9
Kansas State,2026-02-28,TCU,94.3,106.8,23,18,5,25,1,-9
Kansas State,2026-03-03,West Virginia,95.3,92.3,20,16,8,21,1,2
Kansas State,2026-03-07,Kansas,108.2,132.4,22,8,6,20,-1,-19
Kansas State,2026-03-10,Brigham Young,117.8,135.9,23,13,9,18,0,-14
Kennesaw State,2025-11-03,Paine,131.0,36.2,36,11,11,49,1,76
Kennesaw State,2025-11-08,Florida A&M,113.6,88.9,20,14,5,29,-1,20
Kennesaw State,2025-11-12,Point,137.1,74.1,31,9,24,36,1,51
Kennesaw State,2025-11-16,South Florida,103.3,125.3,33,14,15,19,1,-19
Kennesaw State,2025-11-24,Rice,105.8,99.8,29,13,13,24,0,5
Kennesaw State,2025-11-25,Oral Roberts,108.5,119.0,20,15,13,18,0,-8
Kennesaw State,2025-11-26,Florida Gulf Coast,114.2,112.0,25,19,11,28,-1,2
Kennesaw State,2025-12-02,Jackson State,117.1,97.1,37,9,23,25,1,15
Kennesaw State,2025-12-06,Georgia State,107.3,80.5,22,19,8,41,1,23
Kennesaw State,2025-12-08,S Wesleyan,157.4,85.9,42,7,18,23,1,55
Kennesaw State,2025-12-17,Middle Tennessee,91.4,92.7,20,13,13,25,-1,-1
Kennesaw State,2025-12-21,Alabama,101.6,115.4,23,16,15,29,0,-11
Kennesaw State,2026-01-02,Liberty,97.0,107.6,36,13,21,22,-1,-8
Kennesaw State,2026-01-04,Delaware,80.8,104.1,35,13,15,24,-1,-15
Kennesaw State,2026-01-07,Missouri State,115.4,102.6,27,17,8,25,1,10
Kennesaw State,2026-01-10,Jacksonville State,116.6,108.6,24,10,9,21,1,6
Kennesaw State,2026-01-14,Florida International,118.2,114.2,35,11,16,21,1,3
Kennesaw State,2026-01-17,Western Kentucky,108.2,86.8,30,9,9,34,-1,16
Kennesaw State,2026-01-21,Sam Houston State,114.4,122.3,34,8,14,25,-1,-6
Kennesaw State,2026-01-23,Louisiana Tech,113.4,122.3,20,7,11,15,-1,-6
Kennesaw State,2026-01-28,Western Kentucky,99.2,95.1,16,13,10,27,1,3
Kennesaw State,2026-01-31,New Mexico State,112.0,78.1,24,8,8,26,1,23
Kennesaw State,2026-02-07,Jacksonville State,83.2,110.5,34,11,10,16,-1,-19
Kennesaw State,2026-02-12,Middle Tennessee,121.4,125.6,31,8,9,18,1,-3
Kennesaw State,2026-02-14,Sam Houston State,115.8,121.7,24,9,9,15,1,-4
Kennesaw State,2026-02-18,Missouri State,124.1,118.6,26,7,9,21,-1,4
Kennesaw State,2026-02-21,Louisiana Tech,80.8,76.6,30,13,5,19,1,3
Kennesaw State,2026-02-26,Liberty,115.1,101.1,18,12,8,20,1,9
Kennesaw State,2026-02-28,Delaware,127.6,116.3,23,12,8,20,1,8
Kennesaw State,2026-03-05,UTEP,94.1,103.4,23,13,17,33,-1,-7
Kennesaw State,2026-03-07,New Mexico State,112.5,116.9,28,7,10,18,-1,-3
Kennesaw State,2026-03-12,Western Kentucky,122.3,110.8,18,10,9,22,0,9
Kennesaw State,2026-03-13,Sam Houston State,111.8,103.3,22,16,10,20,0,6
Kennesaw State,2026-03-14,Louisiana Tech,106.0,89.6,19,8,11,26,0,11
Kennesaw State,2026-03-19,Gonzaga,91.9,104.8,17,11,11,21,0,-9
Kent State,2025-11-03,Troy,113.2,120.2,31,14,21,23,1,-6
Kent State,2025-11-07,Cornell,134.0,124.3,38,11,9,18,1,8
Kent State,2025-11-10,UNC Wilmington,119.5,107.0,34,11,7,29,1,9
Kent State,2025-11-15,Cleveland State,131.5,122.5,23,11,12,16,0,7
Kent State,2025-11-16,Wright State,101.1,95.8,23,17,14,27,0,4
Kent State,2025-11-18,Eastern Kentucky,110.1,92.3,22,16,7,29,1,15
Kent State,2025-11-22,Cleveland State,114.9,89.7,42,19,11,28,1,20
Kent State,2025-11-29,Penn St. Shenango,143.5,68.8,36,6,12,43,1,64
Kent State,2025-12-03,Austin Peay,124.0,108.5,24,13,4,22,1,12
Kent State,2025-12-06,Roberts Wesleyan,129.6,79.4,26,17,9,37,1,43
Kent State,2025-12-14,Portland,94.4,106.5,20,24,12,20,-1,-10
Kent State,2025-12-20,Massachusetts,96.9,82.8,28,13,7,30,-1,10
Kent State,2025-12-29,Purdue,79.6,134.1,27,14,6,21,-1,-41
Kent State,2026-01-03,Northern Illinois,102.5,97.2,24,14,8,16,1,4
Kent State,2026-01-06,Bowling Green,131.7,127.6,25,10,8,14,1,3
Kent State,2026-01-10,Central Michigan,116.4,119.2,34,15,21,26,-1,-2
Kent State,2026-01-13,Buffalo,121.4,113.0,28,12,11,33,-1,6
Kent State,2026-01-16,Toledo,119.3,115.2,24,9,12,24,1,3
Kent State,2026-01-20,Miami (OH),119.6,126.7,30,16,14,23,1,-6
Kent State,2026-01-24,Eastern Michigan,94.2,93.0,23,17,8,33,-1,1
Kent State,2026-01-27,Ohio,96.8,76.7,20,19,12,34,1,15
Kent State,2026-01-30,Akron,74.5,98.8,23,15,22,26,-1,-17
Kent State,2026-02-03,Toledo,108.6,104.3,29,12,18,25,-1,3
Kent State,2026-02-07,Southern Mississippi,97.8,99.3,28,9,10,22,-1,-1
Kent State,2026-02-11,Eastern Michigan,132.5,126.9,24,8,9,16,1,4
Kent State,2026-02-14,Ball State,101.2,91.8,26,15,9,31,-1,7
Kent State,2026-02-17,Bowling Green,106.8,97.2,27,10,9,29,-1,7
Kent State,2026-02-24,Central Michigan,120.5,117.6,24,13,10,20,1,2
Kent State,2026-02-27,Akron,98.1,128.9,32,14,9,16,1,-22
Kent State,2026-03-03,Northern Illinois,129.3,96.4,33,9,10,26,-1,26
Kent State,2026-03-06,Western Michigan,117.5,106.6,34,13,11,20,1,8
Kent State,2026-03-12,Ohio,119.5,104.2,20,5,8,21,0,11
Kent State,2026-03-13,Akron,96.0,105.9,27,8,17,25,0,-7
Kent State,2026-03-18,Illinois State,81.5,111.1,28,10,8,32,-1,-21
Kentucky,2025-11-04,Nicholls State,105.6,69.9,27,13,10,31,1,26
Kentucky,2025-11-07,Valparaiso,142.8,78.7,28,6,10,35,1,48
Kentucky,2025-11-11,Louisville,112.6,122.8,34,14,11,29,-1,-8
Kentucky,2025-11-14,Eastern Illinois,142.8,76.5,25,13,13,33,1,46
Kentucky,2025-11-18,Michigan State,90.9,114.3,30,9,5,19,0,-17
Kentucky,2025-11-21,Loyola (MD),122.2,63.9,27,9,17,36,1,42
Kentucky,2025-11-26,Tennessee Tech,141.0,73.2,30,10,10,37,1,50
Kentucky,2025-12-02,North Carolina,100.3,105.0,13,6,8,19,1,-3
Kentucky,2025-12-05,Gonzaga,82.5,131.5,34,11,10,17,0,-35
Kentucky,2025-12-09,North Carolina Central,140.4,91.3,29,9,7,28,1,36
Kentucky,2025-12-13,Indiana,108.4,90.3,15,3,14,19,1,12
Kentucky,2025-12-20,St. John's (NY),108.6,91.9,16,15,13,23,0,12
Kentucky,2025-12-23,Bellarmine,147.0,126.3,30,10,11,18,1,14
Kentucky,2026-01-03,Alabama,103.2,124.1,19,11,11,23,-1,-15
Kentucky,2026-01-07,Missouri,98.6,105.8,18,12,6,21,1,-5
Kentucky,2026-01-10,Mississippi State,132.1,97.6,22,9,13,19,1,24
Kentucky,2026-01-14,Louisiana State,113.0,111.5,23,7,6,21,-1,1
Kentucky,2026-01-17,Tennessee,119.6,116.6,24,8,10,14,-1,2
Kentucky,2026-01-21,Texas,120.5,113.4,18,8,12,22,1,5
Kentucky,2026-01-24,Ole Miss,103.6,90.6,27,12,13,26,1,9
Kentucky,2026-01-27,Vanderbilt,77.5,112.8,24,14,10,23,-1,-25
Kentucky,2026-01-31,Arkansas,127.2,115.3,13,4,10,23,-1,8
Kentucky,2026-02-04,Oklahoma,140.5,116.5,26,6,11,24,1,16
Kentucky,2026-02-07,Tennessee,110.2,105.7,19,9,7,20,1,3
Kentucky,2026-02-14,Florida,107.7,119.4,20,14,13,21,-1,-9
Kentucky,2026-02-17,Georgia,111.0,122.4,30,12,11,25,1,-8
Kentucky,2026-02-21,Auburn,103.2,104.5,23,13,16,21,-1,-1
Kentucky,2026-02-24,South Carolina,98.9,86.5,25,14,15,26,-1,9
Kentucky,2026-02-28,Vanderbilt,132.7,112.3,22,10,5,19,1,14
Kentucky,2026-03-03,Texas A&M,112.0,126.5,26,12,12,26,-1,-11
Kentucky,2026-03-07,Florida,104.6,114.1,23,9,12,20,1,-7
Kentucky,2026-03-11,Louisiana State,122.2,115.1,22,5,9,22,0,5
Kentucky,2026-03-12,Missouri,110.8,102.2,21,9,5,19,0,6
Kentucky,2026-03-13,Florida,86.8,97.8,23,11,8,21,0,-8
Kentucky,2026-03-20,Santa Clara,117.0,110.4,28,11,8,31,0,5
Kentucky,2026-03-22,Iowa State,91.7,119.3,25,19,5,25,0,-19
LIU,2025-11-03,Notre Dame,93.7,124.5,18,14,12,16,-1,-22
LIU,2025-11-06,IU Indy,105.6,101.1,11,23,11,28,-1,4
LIU,2025-11-11,Air Force,107.4,101.8,10,14,15,19,-1,4
LIU,2025-11-15,James Madison,115.2,103.4,15,13,5,27,1,9
LIU,2025-11-20,Fordham,79.4,103.4,15,11,8,24,-1,-16
LIU,2025-11-22,Illinois,80.9,136.6,22,16,7,13,-1,-40
LIU,2025-11-24,Missouri State,116.8,95.0,15,12,6,23,-1,14
LIU,2025-12-02,Winthrop,117.5,120.0,17,14,10,22,1,-2
LIU,2025-12-06,Lehigh,116.5,109.8,15,14,20,18,-1,5
LIU,2025-12-13,La Salle,102.8,88.1,17,15,7,19,1,10
LIU,2025-12-16,Mississippi State,112.6,118.0,30,5,6,24,-1,-4
LIU,2025-12-20,Florida International,101.6,110.6,24,19,15,21,-1,-7
LIU,2025-12-29,Georgia,96.6,116.2,13,14,11,22,-1,-15
LIU,2026-01-02,Central Connecticut State,143.5,133.2,25,5,19,17,1,6
LIU,2026-01-04,Chicago State,111.0,82.5,26,16,8,26,-1,19
LIU,2026-01-08,Mercyhurst,98.9,95.6,11,11,13,20,1,2
LIU,2026-01-10,Saint Francis (PA),95.4,89.7,12,19,21,25,1,4
LIU,2026-01-17,FDU,99.9,89.3,10,14,10,23,-1,7
LIU,2026-01-19,Le Moyne,108.9,117.4,18,11,18,20,-1,-6
LIU,2026-01-23,Stonehill,101.7,97.1,22,5,7,19,-1,3
LIU,2026-01-29,Le Moyne,109.1,80.2,22,14,7,30,1,22
LIU,2026-01-31,Central Connecticut State,115.5,85.2,15,9,8,26,-1,21
LIU,2026-02-05,New Haven,94.3,86.4,23,13,12,26,1,5
LIU,2026-02-07,Stonehill,100.5,89.0,9,12,12,19,1,7
LIU,2026-02-12,Wagner,95.5,81.2,12,13,8,27,-1,10
LIU,2026-02-14,New Haven,84.1,88.9,14,14,7,27,-1,-3
LIU,2026-02-16,Wagner,125.2,98.0,19,11,8,20,1,18
LIU,2026-02-19,Saint Francis (PA),116.0,113.4,11,12,10,18,-1,2
LIU,2026-02-21,Mercyhurst,116.5,127.7,16,13,6,18,-1,-8
LIU,2026-02-26,Chicago State,107.7,82.6,17,16,8,28,1,17
LIU,2026-02-28,FDU,114.0,92.4,20,9,4,16,1,14
LIU,2026-03-04,Chicago State,128.7,122.2,14,10,12,17,1,4
LIU,2026-03-07,Wagner,98.6,86.3,15,8,9,23,1,8
LIU,2026-03-10,Mercyhurst,117.5,104.1,9,6,6,27,1,9
LIU,2026-03-20,Arizona,80.3,127.4,27,11,10,17,0,-34
La Salle,2025-11-05,Coppin State,115.1,78.1,16,14,10,32,1,28
La Salle,2025-11-08,Monmouth,104.0,85.5,18,12,14,22,1,13
La Salle,2025-11-11,Temple,90.0,128.5,13,10,6,18,-1,-27
La Salle,2025-11-15,Penn State,107.5,129.3,16,15,8,18,0,-14
La Salle,2025-11-19,Villanova,91.7,116.7,13,15,11,15,1,-15
La Salle,2025-11-22,Lancaster Bible,105.5,64.7,20,12,9,39,1,29
La Salle,2025-11-28,Hofstra,86.6,94.1,15,13,11,25,0,-5
La Salle,2025-11-29,Pennsylvania,108.5,111.6,23,9,13,20,-1,-2
La Salle,2025-11-30,Merrimack,91.8,100.9,15,17,13,18,0,-6
La Salle,2025-12-06,Drexel,103.4,95.9,15,10,11,25,0,5
La Salle,2025-12-13,LIU,88.1,102.8,14,18,15,18,-1,-10
La Salle,2025-12-19,High Point,107.9,125.8,11,12,8,19,-1,-12
La Salle,2025-12-21,Michigan,66.5,135.7,21,19,11,20,-1,-52
La Salle,2025-12-31,George Mason,115.3,123.0,25,4,11,23,1,-5
La Salle,2026-01-03,George Washington,84.7,118.6,17,8,7,20,-1,-22
La Salle,2026-01-07,Rhode Island,120.4,109.7,13,12,7,20,-1,7
La Salle,2026-01-10,Saint Louis,102.1,119.2,15,7,10,15,1,-12
La Salle,2026-01-14,Richmond,79.7,111.3,23,8,6,24,-1,-21
La Salle,2026-01-17,St. Bonaventure,120.2,114.0,14,17,7,18,1,4
La Salle,2026-01-21,Dayton,102.4,97.8,22,13,8,21,1,3
La Salle,2026-01-28,Fordham,89.7,99.0,18,9,8,21,-1,-6
La Salle,2026-01-31,Saint Joseph's,87.5,101.1,19,8,11,20,1,-9
La Salle,2026-02-03,Loyola Chicago,89.8,104.5,18,12,5,22,-1,-10
La Salle,2026-02-07,Saint Louis,80.8,114.3,17,13,12,23,-1,-24
La Salle,2026-02-11,VCU,98.6,111.6,19,5,7,20,1,-9
La Salle,2026-02-18,Duquesne,87.5,88.9,20,18,13,19,-1,-1
La Salle,2026-02-21,Rhode Island,92.0,71.7,16,13,14,29,1,13
La Salle,2026-02-24,George Washington,107.8,145.6,26,13,11,15,1,-27
La Salle,2026-03-01,Davidson,92.9,103.0,15,8,6,22,-1,-7
La Salle,2026-03-04,Fordham,127.8,123.3,25,10,14,19,1,3
La Salle,2026-03-07,Saint Joseph's,105.9,122.6,25,5,11,20,-1,-12
La Salle,2026-03-11,St. Bonaventure,106.3,131.5,16,11,12,13,0,-19
Lafayette,2025-11-03,Saint Joseph's,106.0,118.6,21,7,10,19,-1,-9
Lafayette,2025-11-05,Dickinson College,101.1,56.3,29,13,13,33,1,35
Lafayette,2025-11-08,Texas,83.4,134.9,20,15,6,14,-1,-37
Lafayette,2025-11-13,Cornell,104.4,129.8,15,9,9,22,1,-19
Lafayette,2025-11-17,West Virginia,88.9,122.1,22,18,6,18,-1,-22
Lafayette,2025-11-21,Stonehill,96.0,101.5,20,10,11,21,-1,-4
Lafayette,2025-11-28,Le Moyne,92.6,111.7,28,12,9,19,1,-13
Lafayette,2025-11-29,Ball State,87.9,59.1,14,5,6,32,1,18
Lafayette,2025-11-30,Monmouth,104.1,123.8,23,11,6,16,1,-14
Lafayette,2025-12-05,Mercyhurst,121.2,108.9,23,15,6,23,1,8
Lafayette,2025-12-08,Pennsylvania,100.6,103.4,21,12,5,26,-1,-2
Lafayette,2025-12-18,Charlotte,111.5,134.8,31,7,8,17,-1,-14
Lafayette,2025-12-20,Georgia Tech,112.3,131.7,34,7,6,20,-1,-14
Lafayette,2025-12-31,Colgate,103.4,114.1,20,11,3,27,1,-8
Lafayette,2026-01-03,Loyola (MD),120.3,97.4,22,8,8,27,-1,15
Lafayette,2026-01-07,Boston University,101.7,126.0,19,5,7,21,1,-16
Lafayette,2026-01-10,Navy,75.2,114.4,28,13,7,26,-1,-26
Lafayette,2026-01-14,Bucknell,101.6,111.9,27,11,4,18,-1,-7
Lafayette,2026-01-17,Holy Cross,113.9,84.7,20,5,15,29,1,19
Lafayette,2026-01-21,Boston University,98.7,104.1,29,8,7,25,-1,-4
Lafayette,2026-01-24,Lehigh,91.3,99.1,21,8,10,18,-1,-5
Lafayette,2026-01-28,Bucknell,122.8,119.8,24,8,11,20,1,2
Lafayette,2026-01-31,American,104.6,101.4,27,9,10,22,-1,2
Lafayette,2026-02-04,Navy,78.7,102.3,30,13,6,24,1,-15
Lafayette,2026-02-07,Army,94.3,89.8,20,11,12,24,-1,3
Lafayette,2026-02-11,Loyola (MD),81.2,102.3,33,4,11,27,1,-14
Lafayette,2026-02-14,Lehigh,108.5,122.6,19,12,7,21,1,-9
Lafayette,2026-02-18,Holy Cross,118.7,114.5,17,13,6,19,-1,3
Lafayette,2026-02-22,American,102.7,126.2,12,7,4,20,1,-14
Lafayette,2026-02-25,Colgate,109.6,108.0,26,5,10,25,-1,1
Lafayette,2026-02-28,Army,113.0,104.8,19,9,4,24,1,6
Lafayette,2026-03-03,Holy Cross,114.0,121.4,21,8,2,24,1,-5
Lamar,2025-11-03,Texas A&M–San Antonio,127.0,72.4,28,14,12,29,1,40
Lamar,2025-11-10,TCU,97.7,117.2,19,9,8,16,-1,-13
Lamar,2025-11-17,Louisiana–Monroe,108.3,90.4,26,9,14,26,-1,13
Lamar,2025-11-23,Montana,91.9,85.1,12,13,17,29,-1,5
Lamar,2025-11-24,Oakland,92.6,113.1,25,16,13,22,0,-15
Lamar,2025-11-29,Our Lady,117.6,60.1,29,12,13,31,1,44
Lamar,2025-12-03,Louisiana,107.3,90.8,7,5,11,21,1,10
Lamar,2025-12-06,Texas A&M–Corpus Christi,80.8,94.0,16,11,7,19,1,-8
Lamar,2025-12-10,San Diego State,93.3,116.9,35,15,8,21,-1,-18
Lamar,2025-12-16,Texas–Rio Grande Valley,102.0,117.6,28,13,10,22,1,-11
Lamar,2025-12-20,Omaha,109.8,113.8,16,11,13,21,1,-3
Lamar,2025-12-29,Northwestern State,112.6,90.3,18,13,6,28,-1,15
Lamar,2025-12-31,East Texas A&M,101.7,91.4,16,9,13,24,-1,7
Lamar,2026-01-02,McNeese State,113.2,132.6,29,10,18,14,-1,-12
Lamar,2026-01-05,Southeastern Louisiana,87.6,101.1,19,11,13,22,-1,-8
Lamar,2026-01-10,Incarnate Word,99.1,80.2,16,11,9,24,1,12
Lamar,2026-01-12,Houston Christian,101.7,89.0,18,15,8,22,1,8
Lamar,2026-01-17,Nicholls State,131.4,116.8,16,15,7,20,-1,10
Lamar,2026-01-19,New Orleans,103.3,121.0,27,9,17,14,-1,-13
Lamar,2026-01-24,Stephen F. Austin,115.6,125.6,26,11,7,21,1,-7
Lamar,2026-01-27,East Texas A&M,114.9,85.5,24,13,13,33,1,21
Lamar,2026-01-31,McNeese State,104.4,106.0,21,9,14,21,1,-1
Lamar,2026-02-02,Southeastern Louisiana,118.4,87.6,23,6,12,24,1,19
Lamar,2026-02-07,Stephen F. Austin,108.7,123.4,16,10,9,21,-1,-10
Lamar,2026-02-09,Northwestern State,100.0,103.0,16,11,8,28,1,-2
Lamar,2026-02-14,Texas A&M–Corpus Christi,91.0,109.8,11,15,6,22,-1,-13
Lamar,2026-02-16,Texas–Rio Grande Valley,104.4,112.4,11,6,10,27,-1,-5
Lamar,2026-02-21,New Orleans,102.0,110.6,31,13,19,17,1,-6
Lamar,2026-02-23,Nicholls State,79.1,80.6,23,12,10,25,1,-1
Lamar,2026-02-28,Incarnate Word,94.4,113.3,17,15,11,16,-1,-12
Lamar,2026-03-02,Houston Christian,77.6,109.8,22,14,15,16,-1,-22
Le Moyne,2025-11-03,SUNY Cobleskill,124.1,66.0,24,10,12,28,1,44
Le Moyne,2025-11-06,Xavier,99.8,107.0,21,16,4,24,-1,-5
Le Moyne,2025-11-09,Bowling Green,84.6,117.1,25,21,8,26,-1,-23
Le Moyne,2025-11-13,Massachusetts,104.7,123.0,28,7,7,18,-1,-14
Le Moyne,2025-11-17,Niagara,112.0,103.0,24,13,6,27,1,6
Le Moyne,2025-11-22,Fairfield,116.8,136.5,23,15,13,18,1,-14
Le Moyne,2025-11-28,Lafayette,111.7,92.6,16,10,10,30,-1,13
Le Moyne,2025-11-29,Monmouth,122.3,116.4,23,12,6,22,0,4
Le Moyne,2025-11-30,Ball State,117.4,132.6,30,11,4,19,0,-11
Le Moyne,2025-12-06,Binghamton,114.3,92.3,13,9,4,28,-1,15
Le Moyne,2025-12-16,Texas,71.2,127.6,18,12,9,15,-1,-42
Le Moyne,2025-12-20,St. Bonaventure,117.4,133.3,27,11,9,19,-1,-11
Le Moyne,2025-12-28,Boston College,84.8,95.4,25,14,10,29,-1,-8
Le Moyne,2026-01-02,Saint Francis (PA),123.4,85.2,23,14,10,29,-1,26
Le Moyne,2026-01-04,Mercyhurst,90.4,111.6,20,11,11,20,-1,-14
Le Moyne,2026-01-08,New Haven,118.3,76.2,22,8,7,29,1,26
Le Moyne,2026-01-10,Central Connecticut State,81.4,95.2,27,13,9,23,1,-10
Le Moyne,2026-01-17,Chicago State,103.8,82.2,26,13,3,28,-1,15
Le Moyne,2026-01-19,LIU,117.4,108.9,16,14,2,23,1,6
Le Moyne,2026-01-23,Wagner,111.4,108.2,21,8,14,19,1,2
Le Moyne,2026-01-26,FDU,128.9,109.6,21,11,2,28,-1,13
Le Moyne,2026-01-29,LIU,80.2,109.1,21,16,8,22,-1,-22
Le Moyne,2026-01-31,Stonehill,74.1,89.2,24,12,5,31,1,-11
Le Moyne,2026-02-05,Wagner,113.9,115.3,16,13,4,15,-1,-1
Le Moyne,2026-02-07,Saint Francis (PA),113.5,110.9,17,19,5,27,1,2
Le Moyne,2026-02-12,Mercyhurst,83.6,82.1,16,18,9,35,1,1
Le Moyne,2026-02-14,Chicago State,116.8,90.8,27,11,3,31,1,18
Le Moyne,2026-02-19,Central Connecticut State,108.8,110.2,19,12,6,27,-1,-1
Le Moyne,2026-02-21,Stonehill,99.4,112.6,27,12,8,24,-1,-9
Le Moyne,2026-02-26,FDU,118.7,92.2,20,9,4,28,1,17
Le Moyne,2026-02-28,New Haven,85.9,96.1,22,10,3,28,-1,-7
Le Moyne,2026-03-04,Stonehill,99.9,114.0,27,11,14,30,1,-10
Lehigh,2025-11-03,Houston,82.4,108.4,15,14,9,21,-1,-18
Lehigh,2025-11-06,Valley Forge,114.7,65.5,31,14,11,33,1,39
Lehigh,2025-11-09,West Virginia,71.7,105.3,21,16,2,19,-1,-22
Lehigh,2025-11-14,Rutgers,99.0,115.5,25,9,4,17,-1,-12
Lehigh,2025-11-18,Saint Francis (PA),105.7,82.9,24,15,9,25,1,17
Lehigh,2025-11-21,Columbia,97.8,119.7,25,9,6,15,1,-15
Lehigh,2025-11-25,Marist,80.5,114.2,19,9,7,22,-1,-23
Lehigh,2025-11-28,UC Santa Barbara,108.4,111.5,27,12,4,20,0,-2
Lehigh,2025-11-29,Texas State,107.9,102.3,25,13,6,18,0,4
Lehigh,2025-12-02,Binghamton,97.7,110.1,31,11,10,21,-1,-9
Lehigh,2025-12-06,LIU,109.8,116.5,21,19,10,17,1,-5
Lehigh,2025-12-18,Penn St. Hazleton,107.7,96.0,32,13,10,33,1,9
Lehigh,2025-12-21,Monmouth,89.4,109.6,28,20,7,21,-1,-14
Lehigh,2025-12-31,Army,100.3,109.3,22,9,2,22,1,-7
Lehigh,2026-01-03,Bucknell,85.8,95.0,16,21,3,29,-1,-7
Lehigh,2026-01-07,Holy Cross,103.9,91.3,15,12,6,25,1,8
Lehigh,2026-01-10,Colgate,117.9,116.4,19,6,12,19,-1,1
Lehigh,2026-01-14,Boston University,121.4,118.7,24,5,3,23,-1,2
Lehigh,2026-01-17,Navy,100.6,104.4,29,8,5,22,1,-3
Lehigh,2026-01-19,Loyola (MD),129.3,119.0,19,9,4,23,1,7
Lehigh,2026-01-24,Lafayette,99.1,91.3,17,14,8,26,1,5
Lehigh,2026-01-28,Army,94.2,98.6,19,11,7,28,-1,-3
Lehigh,2026-01-31,Colgate,109.5,108.1,25,16,5,17,1,1
Lehigh,2026-02-04,Loyola (MD),101.5,107.5,33,13,8,25,-1,-5
Lehigh,2026-02-07,Holy Cross,101.8,115.4,20,7,4,23,-1,-9
Lehigh,2026-02-11,American,120.5,109.8,21,14,3,26,1,8
Lehigh,2026-02-14,Lafayette,122.6,108.5,16,7,7,20,-1,9
Lehigh,2026-02-18,Navy,75.4,110.8,18,11,8,20,-1,-23
Lehigh,2026-02-22,Boston University,118.1,113.0,19,10,7,17,1,3
Lehigh,2026-02-25,American,118.4,110.8,18,8,5,24,-1,5
Lehigh,2026-02-28,Bucknell,131.1,116.3,21,14,7,21,1,10
Lehigh,2026-03-05,Holy Cross,100.6,96.2,13,12,4,26,1,3
Lehigh,2026-03-08,Colgate,109.3,99.2,16,11,2,28,1,7
Lehigh,2026-03-11,Boston University,117.2,95.0,19,6,11,21,1,14
Lehigh,2026-03-18,Prairie View A&M,83.7,102.0,24,15,12,25,0,-12
Liberty,2025-11-03,Kentucky Christian,138.5,80.6,33,10,7,37,1,41
Liberty,2025-11-07,College of Charleston,141.6,118.0,29,5,8,18,1,15
Liberty,2025-11-09,Florida Atlantic,127.9,98.9,28,8,2,22,1,20
Liberty,2025-11-17,Carolina,149.9,70.3,35,7,6,33,1,52
Liberty,2025-11-24,Vermont,117.3,108.4,24,7,3,21,0,6
Liberty,2025-11-25,Towson,106.6,111.3,30,6,5,19,0,-3
Liberty,2025-11-26,Bradley,99.5,115.1,23,11,5,15,0,-10
Liberty,2025-12-06,Coppin State,131.5,71.5,30,11,8,28,1,42
Liberty,2025-12-10,NC State,65.8,124.3,28,16,4,21,-1,-40
Liberty,2025-12-16,Midway,139.8,83.9,28,5,4,26,1,38
Liberty,2025-12-20,Dayton,104.6,99.7,18,6,3,24,-1,3
Liberty,2025-12-28,Florida International,123.9,120.1,40,9,8,18,-1,3
Liberty,2026-01-02,Kennesaw State,107.6,97.0,21,11,3,25,1,8
Liberty,2026-01-04,Jacksonville State,118.8,105.1,22,6,6,21,1,9
Liberty,2026-01-08,Louisiana Tech,116.3,90.5,24,7,8,28,-1,16
Liberty,2026-01-10,Sam Houston State,112.7,101.7,18,11,1,19,-1,8
Liberty,2026-01-15,New Mexico State,126.5,123.0,15,5,4,21,1,2
Liberty,2026-01-17,UTEP,127.9,110.3,20,6,4,17,1,11
Liberty,2026-01-21,Western Kentucky,117.4,106.6,29,10,2,22,-1,7
Liberty,2026-01-24,Delaware,112.3,85.5,30,6,5,23,1,16
Liberty,2026-01-29,Middle Tennessee,130.3,104.5,21,5,0,22,-1,16
Liberty,2026-02-04,Delaware,124.2,114.3,27,9,2,23,-1,6
Liberty,2026-02-07,Missouri State,114.0,109.6,20,11,3,22,1,3
Liberty,2026-02-11,New Mexico State,114.4,111.4,32,5,8,22,-1,2
Liberty,2026-02-14,UTEP,118.0,103.4,27,7,7,18,-1,9
Liberty,2026-02-19,Florida International,109.4,108.2,28,15,3,18,1,1
Liberty,2026-02-21,Western Kentucky,106.8,137.5,21,11,1,18,1,-21
Liberty,2026-02-26,Kennesaw State,101.1,115.1,22,11,0,18,-1,-9
Liberty,2026-02-28,Jacksonville State,121.8,117.2,25,8,1,20,-1,3
Liberty,2026-03-05,Louisiana Tech,118.8,127.1,39,7,8,17,1,-5
Liberty,2026-03-07,Sam Houston State,127.1,115.8,36,8,6,24,1,7
Liberty,2026-03-11,Missouri State,104.0,116.0,31,8,9,17,0,-8
Liberty,2026-03-17,George Mason,120.4,111.0,17,5,6,23,-1,6
Liberty,2026-03-21,Nevada,100.7,116.7,22,4,6,15,-1,-10
Lindenwood,2025-11-04,Texas Tech,77.3,126.2,21,14,10,32,-1,-38
Lindenwood,2025-11-06,Stl Pharmacy,141.2,62.1,26,10,10,30,1,65
Lindenwood,2025-11-10,Saint Louis,81.9,135.3,16,20,8,9,-1,-43
Lindenwood,2025-11-14,Charleston Southern,103.5,96.1,18,11,10,27,0,6
Lindenwood,2025-11-16,Alabama A&M,94.3,107.4,22,13,7,19,-1,-9
Lindenwood,2025-11-20,Indiana,71.5,98.4,18,14,16,27,-1,-20
Lindenwood,2025-11-24,Kansas City,102.4,85.8,19,14,8,24,1,13
Lindenwood,2025-12-02,Northern Illinois,124.9,80.7,20,9,17,26,-1,35
Lindenwood,2025-12-06,Eastern Illinois,110.5,99.7,18,12,12,26,-1,8
Lindenwood,2025-12-09,Culver-Stockton,140.7,56.3,19,17,10,36,1,66
Lindenwood,2025-12-18,Western Illinois,118.4,97.8,19,12,13,26,1,16
Lindenwood,2025-12-20,Harris-Stowe,121.0,57.7,23,9,13,40,1,57
Lindenwood,2025-12-23,Missouri State,91.8,98.8,22,9,11,26,-1,-5
Lindenwood,2026-01-01,Morehead State,108.8,90.4,20,9,3,26,1,13
Lindenwood,2026-01-03,Southern Indiana,114.2,110.1,9,11,17,20,1,3
Lindenwood,2026-01-06,SIU Edwardsville,87.0,92.6,21,13,13,22,-1,-4
Lindenwood,2026-01-10,Little Rock,107.8,119.4,25,16,9,14,1,-8
Lindenwood,2026-01-15,Southeast Missouri State,109.3,94.4,19,14,13,27,-1,12
Lindenwood,2026-01-17,UT Martin,72.8,91.4,19,17,7,23,-1,-14
Lindenwood,2026-01-22,Tennessee Tech,115.0,87.9,20,17,9,25,1,21
Lindenwood,2026-01-24,Tennessee State,108.7,121.4,19,15,6,18,1,-10
Lindenwood,2026-01-29,Southern Indiana,88.9,73.0,11,15,11,27,-1,13
Lindenwood,2026-01-31,Morehead State,109.7,108.3,24,16,8,23,-1,1
Lindenwood,2026-02-03,SIU Edwardsville,96.6,104.7,19,13,18,24,1,-6
Lindenwood,2026-02-05,Little Rock,113.2,106.1,17,11,13,24,-1,5
Lindenwood,2026-02-12,UT Martin,106.7,105.2,17,16,7,20,1,1
Lindenwood,2026-02-14,Southeast Missouri State,82.5,98.7,16,10,5,21,1,-12
Lindenwood,2026-02-19,Tennessee State,99.0,110.1,16,19,8,26,-1,-9
Lindenwood,2026-02-21,Tennessee Tech,86.8,109.6,24,12,6,22,-1,-15
Lindenwood,2026-02-26,Eastern Illinois,96.2,101.9,24,14,17,22,1,-4
Lindenwood,2026-02-28,Western Illinois,129.0,97.8,20,6,14,27,-1,22
Lindenwood,2026-03-04,Little Rock,90.1,77.6,15,8,12,30,0,10
Lindenwood,2026-03-05,Southeast Missouri State,93.8,96.6,13,12,14,25,0,-2
Lipscomb,2025-11-03,Vanderbilt,81.0,139.5,26,17,7,23,-1,-44
Lipscomb,2025-11-09,Mercer,111.2,132.9,32,10,11,18,-1,-15
Lipscomb,2025-11-11,UNC Asheville,95.9,103.4,31,10,14,20,-1,-5
Lipscomb,2025-11-15,Bryan,129.5,70.1,36,8,14,30,1,45
Lipscomb,2025-11-19,Belmont,85.3,94.0,45,19,15,23,-1,-7
Lipscomb,2025-11-22,Western Carolina,110.0,82.1,37,11,8,26,1,21
Lipscomb,2025-11-26,Marshall,115.5,86.0,26,14,6,24,-1,23
Lipscomb,2025-11-29,Southeast Missouri State,113.1,99.0,25,12,6,26,-1,11
Lipscomb,2025-12-03,Tennessee Tech,110.2,106.3,32,10,9,25,1,3
Lipscomb,2025-12-07,Alabama A&M,138.2,87.1,26,4,6,26,1,34
Lipscomb,2025-12-16,Duke,86.9,115.5,23,16,2,17,-1,-24
Lipscomb,2025-12-20,Blue Mountain,155.3,75.8,40,12,15,35,1,63
Lipscomb,2025-12-29,Cincinnati,87.0,125.0,34,13,6,24,-1,-27
Lipscomb,2026-01-01,Jacksonville,127.8,95.9,23,4,6,19,1,19
Lipscomb,2026-01-03,North Florida,112.8,101.8,36,5,16,27,1,8
Lipscomb,2026-01-08,Stetson,107.7,118.0,21,13,3,28,-1,-8
Lipscomb,2026-01-10,Florida Gulf Coast,116.7,106.9,27,13,7,19,-1,7
Lipscomb,2026-01-15,Bellarmine,117.2,102.8,30,12,12,28,1,10
Lipscomb,2026-01-17,Austin Peay,107.4,102.1,18,12,7,27,1,4
Lipscomb,2026-01-22,Stetson,99.9,93.6,28,8,8,24,1,5
Lipscomb,2026-01-23,Florida Gulf Coast,133.2,110.0,37,8,7,21,1,15
Lipscomb,2026-01-29,Jacksonville,107.5,115.8,20,7,5,20,-1,-5
Lipscomb,2026-01-31,North Florida,135.3,127.2,23,6,5,20,-1,6
Lipscomb,2026-02-04,Austin Peay,105.6,120.9,24,12,6,22,-1,-11
Lipscomb,2026-02-07,Central Arkansas,107.3,118.3,33,15,9,25,1,-8
Lipscomb,2026-02-11,Eastern Kentucky,115.5,93.9,34,9,9,23,1,14
Lipscomb,2026-02-14,Queens (NC),102.6,110.2,27,15,13,20,-1,-6
Lipscomb,2026-02-18,Bellarmine,116.3,111.6,36,10,3,24,-1,3
Lipscomb,2026-02-21,North Alabama,116.8,81.6,25,11,4,27,1,22
Lipscomb,2026-02-25,West Georgia,108.3,116.6,24,8,8,26,-1,-6
Lipscomb,2026-02-28,Eastern Kentucky,120.4,115.9,42,5,13,21,-1,3
Lipscomb,2026-03-06,Florida Gulf Coast,82.8,120.3,29,11,1,14,0,-24
Little Rock,2025-11-04,Arkansas Baptist,118.9,81.4,17,13,15,25,1,29
Little Rock,2025-11-10,Milwaukee,102.1,130.5,16,14,7,16,-1,-20
Little Rock,2025-11-12,Marquette,73.8,134.1,16,16,10,19,-1,-40
Little Rock,2025-11-15,Ball State,100.6,91.7,12,22,10,22,-1,6
Little Rock,2025-11-18,Murray State,101.1,132.3,6,13,14,19,-1,-21
Little Rock,2025-11-21,Texas State,84.8,98.4,14,14,11,17,-1,-9
Little Rock,2025-11-29,Southern Illinois,99.4,113.2,23,16,7,13,-1,-9
Little Rock,2025-12-03,Central Arkansas,65.3,118.1,20,20,11,22,-1,-38
Little Rock,2025-12-06,Arkansas State,108.1,124.7,20,8,3,15,1,-12
Little Rock,2025-12-09,West Virginia,88.8,137.7,18,11,10,14,-1,-32
Little Rock,2025-12-16,Morehead State,86.1,104.9,16,14,5,17,-1,-14
Little Rock,2025-12-18,Southern Indiana,115.3,92.8,22,15,10,28,-1,15
Little Rock,2025-12-22,William Baptist,112.7,96.6,24,20,12,24,1,14
Little Rock,2026-01-01,Tennessee Tech,113.6,85.6,20,11,7,25,1,19
Little Rock,2026-01-03,Tennessee State,102.8,109.3,18,14,12,22,1,-5
Little Rock,2026-01-08,SIU Edwardsville,114.5,109.8,18,7,13,15,-1,3
Little Rock,2026-01-10,Lindenwood,119.4,107.8,16,11,13,17,-1,8
Little Rock,2026-01-15,Eastern Illinois,115.8,98.6,20,12,15,20,1,11
Little Rock,2026-01-17,Western Illinois,121.9,112.0,24,7,8,21,1,7
Little Rock,2026-01-22,Southeast Missouri State,96.3,103.7,21,8,8,23,-1,-5
Little Rock,2026-01-29,Tennessee State,89.2,99.2,26,12,11,23,-1,-7
Little Rock,2026-01-31,Tennessee Tech,112.3,126.9,14,8,4,9,-1,-10
Little Rock,2026-02-03,UT Martin,83.8,88.6,15,16,7,22,-1,-3
Little Rock,2026-02-05,Lindenwood,106.1,113.2,24,8,12,21,1,-5
Little Rock,2026-02-07,SIU Edwardsville,88.5,103.0,21,7,14,23,1,-10
Little Rock,2026-02-12,Western Illinois,110.2,83.0,19,6,12,33,-1,19
Little Rock,2026-02-14,Eastern Illinois,105.3,114.0,18,10,10,19,-1,-6
Little Rock,2026-02-19,UT Martin,111.4,108.1,14,11,9,21,1,2
Little Rock,2026-02-21,Southeast Missouri State,98.9,106.5,15,8,9,20,1,-5
Little Rock,2026-02-26,Morehead State,106.0,115.1,21,8,9,16,1,-6
Little Rock,2026-02-28,Southern Indiana,130.9,102.9,23,7,5,29,1,19
Little Rock,2026-03-04,Lindenwood,77.6,90.1,14,15,13,29,0,-10
Long Beach State,2025-11-04,San Diego State,62.3,106.6,24,20,7,19,-1,-32
Long Beach State,2025-11-08,Fresno State,85.4,112.9,21,16,6,17,-1,-20
Long Beach State,2025-11-12,Pacific,92.2,96.4,24,12,7,21,-1,-3
Long Beach State,2025-11-16,Illinois State,115.9,118.8,24,6,8,25,1,-2
Long Beach State,2025-11-19,Nobel,112.0,69.5,19,12,13,26,1,33
Long Beach State,2025-11-21,Montana State,100.6,109.0,14,11,7,24,1,-6
Long Beach State,2025-11-26,Portland,100.3,127.8,26,13,9,13,-1,-20
Long Beach State,2025-11-30,San Diego,119.6,113.3,25,7,11,11,1,4
Long Beach State,2025-12-04,UC Santa Barbara,103.0,112.4,24,12,15,16,-1,-7
Long Beach State,2025-12-06,UC San Diego,107.5,116.3,28,9,7,21,1,-6
Long Beach State,2025-12-09,San Jose State,112.6,120.7,24,14,14,19,-1,-6
Long Beach State,2025-12-18,Pepperdine,116.7,112.4,10,9,3,15,1,3
Long Beach State,2025-12-21,Iowa State,79.3,120.3,22,13,5,20,-1,-31
Long Beach State,2025-12-30,Lincoln (CA),136.6,79.8,21,10,10,29,1,47
Long Beach State,2026-01-03,Cal Poly,104.3,93.0,17,10,6,24,1,8
Long Beach State,2026-01-08,UC Irvine,89.2,103.2,14,13,6,24,-1,-10
Long Beach State,2026-01-10,Cal State Bakersfield,105.7,97.9,17,15,5,27,1,6
Long Beach State,2026-01-15,UC Riverside,126.7,105.1,14,7,6,26,1,15
Long Beach State,2026-01-17,Cal State Northridge,106.7,98.1,30,12,4,23,-1,7
Long Beach State,2026-01-22,Cal State Fullerton,90.3,105.1,26,14,8,19,-1,-10
Long Beach State,2026-01-24,UC Santa Barbara,114.3,119.2,19,8,4,20,1,-3
Long Beach State,2026-01-29,UC Riverside,84.5,98.4,15,16,10,23,-1,-10
Long Beach State,2026-01-31,Hawaii,112.1,121.7,20,11,14,19,1,-7
Long Beach State,2026-02-05,UC San Diego,99.8,103.9,19,11,1,25,-1,-3
Long Beach State,2026-02-12,Cal State Fullerton,109.1,114.4,22,14,3,24,1,-4
Long Beach State,2026-02-14,UC Davis,76.1,100.1,14,16,8,17,-1,-17
Long Beach State,2026-02-19,UC Irvine,78.2,93.0,18,16,15,18,1,-11
Long Beach State,2026-02-21,Cal State Northridge,100.9,103.6,26,13,7,24,1,-2
Long Beach State,2026-02-26,Cal Poly,111.2,123.2,27,7,5,24,-1,-10
Long Beach State,2026-02-28,Cal State Bakersfield,117.0,115.7,16,17,5,25,-1,1
Long Beach State,2026-03-05,UC Davis,87.6,95.1,20,14,10,30,1,-6
Long Beach State,2026-03-08,Hawaii,109.6,97.9,18,14,3,29,-1,9
Longwood,2025-11-03,Mary Baldwin,118.5,70.8,9,20,19,29,1,37
Longwood,2025-11-07,Pittsburgh,82.6,107.4,20,7,9,21,-1,-18
Longwood,2025-11-12,James Madison,114.7,100.7,19,7,10,27,1,10
Longwood,2025-11-15,Binghamton,114.5,104.3,32,10,10,15,1,8
Longwood,2025-11-18,Maryland Eastern Shore,98.6,99.8,17,19,11,19,1,-1
Longwood,2025-11-23,Columbia,96.7,131.2,15,15,5,20,-1,-25
Longwood,2025-11-28,Siena,94.0,104.4,21,18,11,22,0,-7
Longwood,2025-11-29,Maine,100.7,94.5,12,19,9,24,0,4
Longwood,2025-11-30,American,91.5,127.6,17,8,10,19,-1,-26
Longwood,2025-12-03,Pfeiffer,127.4,69.4,13,13,6,30,1,46
Longwood,2025-12-06,Morgan State,111.0,105.7,15,15,9,25,-1,4
Longwood,2025-12-13,Delaware State,114.0,121.5,24,15,10,20,1,-5
Longwood,2025-12-17,Wake Forest,92.4,96.5,31,13,10,27,-1,-3
Longwood,2025-12-20,North Carolina Central,102.3,99.6,24,18,14,23,-1,2
Longwood,2025-12-28,Averett,122.0,65.0,17,16,8,32,1,43
Longwood,2025-12-31,Winthrop,119.6,102.1,18,12,14,23,1,12
Longwood,2026-01-03,High Point,102.2,122.0,20,14,11,20,-1,-13
Longwood,2026-01-07,UNC Asheville,96.5,113.9,22,9,8,15,-1,-11
Longwood,2026-01-10,Presbyterian,121.0,110.0,19,9,11,21,1,7
Longwood,2026-01-17,Radford,120.1,122.9,23,12,13,24,-1,-2
Longwood,2026-01-21,Gardner-Webb,126.5,77.9,24,12,14,26,1,35
Longwood,2026-01-23,Charleston Southern,96.1,93.7,9,17,6,24,1,2
Longwood,2026-01-29,USC Upstate,81.1,87.9,20,17,10,26,-1,-5
Longwood,2026-01-31,High Point,95.0,114.3,24,17,12,23,1,-12
Longwood,2026-02-04,Gardner-Webb,120.3,92.3,15,11,6,24,-1,20
Longwood,2026-02-07,Winthrop,93.9,100.2,25,11,8,28,-1,-5
Longwood,2026-02-12,UNC Asheville,111.3,118.8,26,9,12,21,1,-5
Longwood,2026-02-14,USC Upstate,97.4,89.1,16,14,12,24,1,7
Longwood,2026-02-19,Presbyterian,97.8,108.3,9,19,8,19,-1,-7
Longwood,2026-02-21,Charleston Southern,122.2,109.7,27,8,18,21,-1,11
Longwood,2026-02-28,Radford,120.3,98.9,22,16,13,28,1,16
Longwood,2026-03-06,UNC Asheville,106.4,110.3,23,9,17,25,0,-3
Louisiana,2025-11-03,Ball State,96.5,113.1,28,12,8,19,-1,-11
Louisiana,2025-11-07,Southeastern Louisiana,97.1,87.1,14,10,3,26,1,6
Louisiana,2025-11-11,Tulane,95.5,101.7,30,8,10,20,1,-4
Louisiana,2025-11-14,McNeese State,94.3,133.9,22,10,10,15,-1,-26
Louisiana,2025-11-18,Stanford,90.6,127.7,9,14,3,20,-1,-27
Louisiana,2025-11-21,Santa Clara,63.3,117.7,9,15,7,18,-1,-37
Louisiana,2025-11-24,UC Davis,83.9,115.4,28,13,10,19,-1,-21
Louisiana,2025-11-28,Jackson State,68.7,77.9,27,16,10,27,1,-6
Louisiana,2025-12-03,Lamar,90.8,107.3,24,17,6,20,-1,-10
Louisiana,2025-12-06,UNC Wilmington,101.1,112.4,29,7,7,19,1,-7
Louisiana,2025-12-13,Louisiana Tech,73.8,109.1,23,14,11,14,-1,-21
Louisiana,2025-12-18,Southern Mississippi,80.2,92.1,17,9,5,32,-1,-8
Louisiana,2025-12-20,Louisiana–Monroe,115.8,94.5,21,6,4,21,-1,14
Louisiana,2025-12-28,Norfolk State,101.8,87.3,27,7,7,22,1,9
Louisiana,2025-12-31,South Alabama,101.0,109.7,40,7,9,17,1,-5
Louisiana,2026-01-03,Southern Mississippi,98.6,108.9,20,14,7,15,1,-7
Louisiana,2026-01-08,Louisiana–Monroe,115.2,107.1,33,15,14,22,1,6
Louisiana,2026-01-10,Troy,108.2,139.1,25,9,5,11,1,-20
Louisiana,2026-01-14,Texas State,88.7,96.9,19,9,4,15,-1,-5
Louisiana,2026-01-17,South Alabama,100.3,95.2,42,6,5,22,-1,3
Louisiana,2026-01-22,Appalachian State,96.3,119.6,25,5,5,15,-1,-14
Louisiana,2026-01-29,Georgia State,124.6,109.4,18,10,11,22,1,10
Louisiana,2026-01-31,Georgia Southern,109.7,95.4,18,9,5,22,1,9
Louisiana,2026-02-04,James Madison,112.0,106.7,25,6,12,20,-1,3
Louisiana,2026-02-07,Central Michigan,131.8,124.0,18,11,13,15,1,5
Louisiana,2026-02-12,Coastal Carolina,93.0,98.7,20,9,7,20,1,-4
Louisiana,2026-02-16,Old Dominion,105.7,121.9,17,8,12,20,-1,-11
Louisiana,2026-02-19,Arkansas State,86.4,110.1,23,3,10,11,1,-17
Louisiana,2026-02-21,Texas State,108.4,87.4,13,11,6,18,1,13
Louisiana,2026-02-24,Troy,99.0,130.9,24,9,9,11,-1,-19
Louisiana,2026-02-27,Arkansas State,75.7,105.7,22,8,8,33,-1,-23
Louisiana,2026-03-03,Georgia State,120.4,107.5,17,9,17,22,0,9
Louisiana,2026-03-04,James Madison,101.2,122.3,16,6,8,11,0,-15
Louisiana State,2025-11-05,Tarleton State,140.8,88.0,18,16,7,32,1,36
Louisiana State,2025-11-10,New Orleans,125.4,78.2,27,7,16,35,1,35
Louisiana State,2025-11-13,Florida International,124.7,103.1,16,14,11,30,1,17
Louisiana State,2025-11-18,Alcorn State,142.9,108.2,21,11,17,20,1,26
Louisiana State,2025-11-21,Omaha,123.5,91.1,33,11,7,34,1,26
Louisiana State,2025-11-28,Drake,101.7,88.8,19,7,5,35,0,9
Louisiana State,2025-11-29,DePaul,136.9,89.8,13,15,7,27,0,33
Louisiana State,2025-12-03,Boston College,101.6,89.9,19,10,14,31,-1,9
Louisiana State,2025-12-07,Texas Tech,81.4,115.0,24,9,9,23,0,-24
Louisiana State,2025-12-13,SMU,138.2,119.6,15,11,10,19,0,12
Louisiana State,2025-12-19,Southeastern Louisiana,125.9,104.9,22,8,5,23,1,13
Louisiana State,2025-12-22,Prairie View A&M,140.0,121.2,20,10,15,21,1,14
Louisiana State,2025-12-29,Southern Mississippi,127.1,87.5,26,5,9,33,1,28
Louisiana State,2026-01-03,Texas A&M,100.4,104.5,19,14,7,23,-1,-3
Louisiana State,2026-01-06,South Carolina,105.7,121.3,25,14,16,24,1,-10
Louisiana State,2026-01-10,Vanderbilt,100.8,116.0,20,14,9,25,-1,-11
Louisiana State,2026-01-14,Kentucky,111.5,113.0,19,12,7,23,1,-1
Louisiana State,2026-01-17,Missouri,124.6,111.8,26,6,14,16,1,8
Louisiana State,2026-01-20,Florida,89.7,116.2,11,11,6,20,-1,-18
Louisiana State,2026-01-24,Arkansas,115.4,121.1,15,9,10,22,-1,-4
Louisiana State,2026-01-28,Mississippi State,95.4,115.6,20,7,6,12,1,-14
Louisiana State,2026-01-31,South Carolina,118.3,111.8,22,11,8,26,-1,5
Louisiana State,2026-02-07,Georgia,107.7,125.9,23,13,14,19,1,-12
Louisiana State,2026-02-10,Arkansas,82.5,121.2,21,12,18,22,1,-29
Louisiana State,2026-02-14,Tennessee,106.8,123.8,23,3,8,14,-1,-10
Louisiana State,2026-02-17,Texas,121.3,125.6,12,5,4,18,-1,-3
Louisiana State,2026-02-21,Alabama,113.7,123.3,20,10,16,21,1,-7
Louisiana State,2026-02-25,Ole Miss,122.9,114.7,21,10,9,26,-1,7
Louisiana State,2026-02-28,Oklahoma,99.6,123.4,23,9,13,19,1,-16
Louisiana State,2026-03-03,Auburn,109.0,129.6,15,16,5,21,-1,-14
Louisiana State,2026-03-07,Texas A&M,96.1,99.2,28,21,11,38,1,-3
Louisiana State,2026-03-11,Kentucky,115.1,122.2,20,9,11,22,0,-5
Louisiana Tech,2025-11-04,Nevada,76.7,118.1,22,12,7,13,-1,-27
Louisiana Tech,2025-11-09,Lyon,128.0,48.2,21,12,15,35,1,58
Louisiana Tech,2025-11-15,Jackson State,96.6,72.4,16,13,18,33,1,17
Louisiana Tech,2025-11-19,Indiana State,68.8,81.0,16,12,12,33,-1,-9
Louisiana Tech,2025-11-26,Indiana State,112.7,109.7,15,10,12,23,1,2
Louisiana Tech,2025-11-29,Alcorn State,127.4,89.1,21,7,14,25,1,25
Louisiana Tech,2025-12-03,Georgia Southern,103.3,115.2,21,9,5,19,-1,-8
Louisiana Tech,2025-12-07,Ecclesia,138.6,57.6,24,15,9,35,1,52
Louisiana Tech,2025-12-13,Louisiana,109.1,73.8,17,12,10,25,1,21
Louisiana Tech,2025-12-17,Tulane,88.9,102.3,18,11,14,23,-1,-8
Louisiana Tech,2025-12-22,Dallas Christian,122.3,50.3,18,16,16,37,1,53
Louisiana Tech,2025-12-29,UTEP,119.3,100.2,24,9,12,20,1,12
Louisiana Tech,2026-01-02,Middle Tennessee,83.7,144.5,18,13,6,21,-1,-37
Louisiana Tech,2026-01-04,Western Kentucky,91.1,98.6,20,9,14,26,-1,-5
Louisiana Tech,2026-01-08,Liberty,90.5,116.3,24,8,10,21,1,-16
Louisiana Tech,2026-01-10,Delaware,104.2,101.2,17,10,10,23,1,2
Louisiana Tech,2026-01-14,Middle Tennessee,90.4,88.9,12,7,9,21,1,1
Louisiana Tech,2026-01-17,Jacksonville State,102.8,109.7,17,8,11,17,-1,-4
Louisiana Tech,2026-01-23,Kennesaw State,122.3,113.4,16,10,7,23,1,6
Louisiana Tech,2026-01-28,UTEP,107.3,91.8,16,13,13,25,-1,10
Louisiana Tech,2026-01-31,Sam Houston State,98.4,121.9,18,12,14,20,-1,-16
Louisiana Tech,2026-02-04,New Mexico State,98.4,112.5,27,11,20,18,1,-9
Louisiana Tech,2026-02-07,Sam Houston State,112.5,100.9,17,12,16,27,1,9
Louisiana Tech,2026-02-12,Missouri State,92.5,91.3,20,18,12,28,-1,1
Louisiana Tech,2026-02-14,Florida International,94.0,113.1,19,15,7,14,-1,-13
Louisiana Tech,2026-02-18,Jacksonville State,110.4,101.8,20,13,7,27,1,6
Louisiana Tech,2026-02-21,Kennesaw State,76.6,80.8,20,17,13,27,-1,-3
Louisiana Tech,2026-02-26,Missouri State,107.6,104.6,25,14,8,21,1,2
Louisiana Tech,2026-02-28,Florida International,106.2,117.3,18,16,11,17,1,-8
Louisiana Tech,2026-03-05,Liberty,127.1,118.8,23,6,10,23,-1,5
Louisiana Tech,2026-03-07,Delaware,128.5,60.3,23,10,10,29,-1,43
Louisiana Tech,2026-03-12,Middle Tennessee,116.2,100.2,16,8,9,19,0,11
Louisiana Tech,2026-03-13,Missouri State,117.3,112.2,15,5,10,21,0,3
Louisiana Tech,2026-03-14,Kennesaw State,89.6,106.0,28,8,21,20,0,-11
Louisiana–Monroe,2025-11-03,Northern Illinois,110.2,137.1,20,12,6,9,-1,-20
Louisiana–Monroe,2025-11-07,Ole Miss,83.7,110.8,31,14,3,25,-1,-21
Louisiana–Monroe,2025-11-10,Rust,114.0,71.3,23,13,7,31,1,33
Louisiana–Monroe,2025-11-13,Houston Christian,87.7,103.5,23,14,4,23,-1,-11
Louisiana–Monroe,2025-11-17,Lamar,90.4,108.3,18,13,8,18,1,-13
Louisiana–Monroe,2025-11-22,Morehead State,110.5,114.6,30,10,12,21,0,-3
Louisiana–Monroe,2025-11-23,East Tennessee State,79.5,140.2,27,12,7,17,-1,-42
Louisiana–Monroe,2025-12-03,Mississippi Valley State,99.3,78.2,20,12,5,29,1,14
Louisiana–Monroe,2025-12-07,Stephen F. Austin,102.3,129.2,22,9,11,17,-1,-20
Louisiana–Monroe,2025-12-09,Arkansas Baptist,98.1,85.7,20,13,9,30,1,10
Louisiana–Monroe,2025-12-13,Miami (FL),109.9,144.7,32,10,9,16,-1,-25
Louisiana–Monroe,2025-12-17,South Alabama,105.7,110.3,45,22,10,28,1,-4
Louisiana–Monroe,2025-12-20,Louisiana,94.5,115.8,15,13,4,20,1,-14
Louisiana–Monroe,2025-12-28,Kansas State,107.2,118.6,18,15,7,20,-1,-9
Louisiana–Monroe,2026-01-01,Southern Mississippi,94.5,112.6,22,12,5,18,1,-14
Louisiana–Monroe,2026-01-03,Texas State,106.5,113.3,24,14,3,21,1,-5
Louisiana–Monroe,2026-01-08,Louisiana,107.1,115.2,13,12,3,17,-1,-6
Louisiana–Monroe,2026-01-10,Southern Mississippi,88.2,102.9,27,14,12,28,-1,-10
Louisiana–Monroe,2026-01-17,Georgia State,82.3,111.2,26,9,5,26,1,-20
Louisiana–Monroe,2026-01-22,Marshall,78.9,151.3,27,11,8,13,-1,-55
Louisiana–Monroe,2026-01-23,Appalachian State,60.8,83.5,25,11,8,30,-1,-16
Louisiana–Monroe,2026-01-30,Georgia Southern,101.4,105.4,20,14,9,23,1,-3
Louisiana–Monroe,2026-02-01,Coastal Carolina,115.8,121.7,30,7,8,19,1,-4
Louisiana–Monroe,2026-02-04,Old Dominion,110.5,102.7,20,12,13,26,-1,6
Louisiana–Monroe,2026-02-07,Ball State,96.7,103.8,18,12,8,24,1,-5
Louisiana–Monroe,2026-02-11,Arkansas State,93.4,137.4,28,12,9,18,-1,-33
Louisiana–Monroe,2026-02-14,Texas State,127.0,143.7,18,9,6,9,-1,-11
Louisiana–Monroe,2026-02-18,Troy,106.1,107.5,25,4,8,22,1,-1
Louisiana–Monroe,2026-02-21,Arkansas State,117.9,127.9,22,15,10,20,1,-8
Louisiana–Monroe,2026-02-25,South Alabama,80.3,132.3,36,6,5,19,-1,-35
Louisiana–Monroe,2026-02-27,Troy,102.7,126.4,20,9,11,14,-1,-15
Louisiana–Monroe,2026-03-03,Old Dominion,113.8,123.8,27,5,4,25,0,-7
Louisville,2025-11-03,South Carolina State,126.0,54.5,32,16,11,34,1,59
Louisville,2025-11-06,Jackson State,137.5,90.8,33,10,15,32,1,36
Louisville,2025-11-11,Kentucky,122.8,112.6,40,6,12,25,1,8
Louisville,2025-11-15,Ohio,138.9,106.2,35,11,16,23,1,25
Louisville,2025-11-21,Cincinnati,101.4,87.7,28,13,9,26,0,10
Louisville,2025-11-24,Eastern Michigan,127.8,67.6,33,8,12,32,1,41
Louisville,2025-11-26,NJIT,150.8,68.1,48,9,20,38,1,57
Louisville,2025-12-03,Arkansas,102.4,114.0,37,9,10,24,-1,-9
Louisville,2025-12-06,Indiana,115.7,103.8,31,13,7,27,0,9
Louisville,2025-12-13,Memphis,138.1,101.8,35,13,8,24,1,26
Louisville,2025-12-16,Tennessee,86.8,116.2,34,13,6,16,-1,-21
Louisville,2025-12-20,Montana,124.4,71.5,34,14,12,34,1,40
Louisville,2025-12-30,California,125.5,97.6,37,10,13,33,-1,20
Louisville,2026-01-02,Stanford,113.7,119.7,27,12,18,18,-1,-4
Louisville,2026-01-06,Duke,96.7,111.3,38,14,10,27,1,-11
Louisville,2026-01-10,Boston College,108.3,89.5,21,13,6,36,1,13
Louisville,2026-01-13,Virginia,101.9,115.1,38,8,14,19,1,-9
Louisville,2026-01-17,Pittsburgh,151.8,89.6,29,8,5,28,-1,41
Louisville,2026-01-24,Virginia Tech,118.1,98.6,33,15,12,29,1,14
Louisville,2026-01-26,Duke,79.0,126.0,34,12,5,16,-1,-31
Louisville,2026-01-31,SMU,118.0,99.2,35,11,9,26,1,14
Louisville,2026-02-04,Notre Dame,108.4,92.7,31,12,15,29,1,11
Louisville,2026-02-07,Wake Forest,123.4,112.2,25,11,6,26,-1,8
Louisville,2026-02-09,NC State,146.7,95.7,30,10,8,34,1,41
Louisville,2026-02-14,Baylor,115.7,100.2,18,14,4,23,0,11
Louisville,2026-02-17,SMU,109.8,122.7,34,17,13,23,-1,-10
Louisville,2026-02-21,Georgia Tech,119.0,95.8,31,18,6,22,1,17
Louisville,2026-02-23,North Carolina,108.6,113.0,39,9,13,24,-1,-3
Louisville,2026-02-28,Clemson,105.7,112.8,36,11,9,24,-1,-5
Louisville,2026-03-03,Syracuse,114.7,92.3,35,7,7,28,1,15
Louisville,2026-03-07,Miami (FL),141.6,137.0,24,6,5,14,-1,3
Louisville,2026-03-11,SMU,99.3,92.9,26,9,6,22,0,4
Louisville,2026-03-12,Miami (FL),105.9,113.2,24,12,9,25,0,-5
Louisville,2026-03-19,South Florida,111.1,105.7,25,20,11,27,0,4
Louisville,2026-03-21,Michigan State,101.6,113.3,37,10,10,19,0,-8
Loyola (MD),2025-11-03,Towson,83.3,99.7,22,11,5,22,0,-11
Loyola (MD),2025-11-06,Penn St. Abington,132.0,82.5,26,8,16,37,1,36
Loyola (MD),2025-11-11,NJIT,90.2,93.1,25,13,10,22,1,-2
Loyola (MD),2025-11-15,Stonehill,112.4,95.7,24,7,7,18,0,11
Loyola (MD),2025-11-16,Fairfield,112.6,116.7,21,12,4,23,-1,-3
Loyola (MD),2025-11-19,Duquesne,102.4,120.8,25,12,5,18,-1,-14
Loyola (MD),2025-11-21,Kentucky,63.9,122.2,33,13,7,22,-1,-42
Loyola (MD),2025-11-25,Washington Col.,128.3,64.8,34,19,20,36,1,50
Loyola (MD),2025-11-30,Coppin State,129.1,114.2,29,15,8,14,1,11
Loyola (MD),2025-12-03,Hampton,93.6,122.5,27,17,12,15,-1,-22
Loyola (MD),2025-12-09,VMI,106.4,130.8,21,11,11,20,-1,-16
Loyola (MD),2025-12-13,Mount St. Mary's,97.7,108.4,39,11,9,17,1,-8
Loyola (MD),2025-12-21,George Mason,111.9,121.8,29,9,7,21,-1,-7
Loyola (MD),2025-12-31,American,102.0,124.2,23,18,10,20,-1,-15
Loyola (MD),2026-01-03,Lafayette,97.4,120.3,28,8,8,22,1,-15
Loyola (MD),2026-01-07,Army,110.8,100.3,31,11,13,32,-1,8
Loyola (MD),2026-01-10,Bucknell,97.9,102.3,37,14,11,20,-1,-3
Loyola (MD),2026-01-14,Colgate,110.1,118.3,35,6,10,24,1,-6
Loyola (MD),2026-01-17,Boston University,102.7,79.1,25,7,7,25,1,17
Loyola (MD),2026-01-19,Lehigh,119.0,129.3,32,8,10,17,-1,-7
Loyola (MD),2026-01-24,Bucknell,103.3,95.6,25,14,7,26,1,5
Loyola (MD),2026-01-28,American,103.8,91.7,21,11,8,28,1,9
Loyola (MD),2026-01-31,Navy,104.8,128.4,30,12,9,10,-1,-16
Loyola (MD),2026-02-04,Lehigh,107.5,101.5,29,11,11,32,1,5
Loyola (MD),2026-02-07,Boston University,99.1,112.0,35,8,4,17,-1,-9
Loyola (MD),2026-02-11,Lafayette,102.3,81.2,29,10,6,34,-1,14
Loyola (MD),2026-02-15,Holy Cross,125.6,110.5,32,4,7,29,1,10
Loyola (MD),2026-02-18,Army,106.2,120.0,25,10,6,22,1,-10
Loyola (MD),2026-02-21,Colgate,109.8,113.1,36,8,10,28,-1,-3
Loyola (MD),2026-02-25,Navy,85.2,130.2,32,9,13,18,1,-27
Loyola (MD),2026-02-28,Holy Cross,114.6,93.5,26,3,9,23,-1,14
Loyola (MD),2026-03-05,Colgate,118.5,138.5,28,6,6,13,-1,-13
Loyola Chicago,2025-11-03,Cleveland State,119.1,115.2,37,7,10,15,1,3
Loyola Chicago,2025-11-06,Mercyhurst,95.0,106.6,26,13,6,19,1,-8
Loyola Chicago,2025-11-09,North Texas,91.5,94.4,26,12,13,17,0,-2
Loyola Chicago,2025-11-13,Wichita State,108.4,139.1,25,11,6,19,-1,-21
Loyola Chicago,2025-11-16,Colorado State,106.8,127.5,27,13,6,18,1,-13
Loyola Chicago,2025-11-21,Northern Illinois,95.1,122.5,25,13,7,20,1,-17
Loyola Chicago,2025-11-25,Northern Iowa,83.4,117.8,25,10,12,29,0,-21
Loyola Chicago,2025-11-26,San Jose State,88.8,109.7,18,19,7,22,0,-12
Loyola Chicago,2025-12-02,Central Michigan,123.2,106.9,21,7,8,20,1,11
Loyola Chicago,2025-12-06,Princeton,113.2,105.5,22,9,5,27,1,5
Loyola Chicago,2025-12-14,Chicago State,102.6,114.9,45,16,20,21,1,-9
Loyola Chicago,2025-12-17,San Francisco,112.7,134.9,18,5,8,19,0,-14
Loyola Chicago,2025-12-20,Santa Clara,118.1,115.2,27,9,8,22,0,2
Loyola Chicago,2025-12-31,Rhode Island,92.5,86.5,20,22,7,22,-1,4
Loyola Chicago,2026-01-03,Dayton,99.1,102.0,30,15,13,24,1,-2
Loyola Chicago,2026-01-07,Davidson,94.8,117.0,23,12,11,21,1,-15
Loyola Chicago,2026-01-10,George Washington,84.2,128.9,36,20,12,23,-1,-35
Loyola Chicago,2026-01-13,George Mason,112.2,124.3,21,9,8,16,1,-8
Loyola Chicago,2026-01-16,Dayton,73.4,112.3,17,18,13,26,-1,-27
Loyola Chicago,2026-01-20,St. Bonaventure,100.3,120.3,29,16,8,29,-1,-14
Loyola Chicago,2026-01-24,Duquesne,87.1,104.8,26,10,6,26,1,-12
Loyola Chicago,2026-01-27,Saint Joseph's,96.9,128.7,33,10,14,16,1,-21
Loyola Chicago,2026-01-30,VCU,106.9,126.8,23,13,11,22,-1,-14
Loyola Chicago,2026-02-03,La Salle,104.5,89.8,30,11,7,28,1,10
Loyola Chicago,2026-02-06,Davidson,104.3,136.9,16,14,10,18,-1,-20
Loyola Chicago,2026-02-13,Saint Louis,80.6,117.5,38,10,5,20,1,-27
Loyola Chicago,2026-02-18,Fordham,87.9,92.3,26,14,4,25,-1,-3
Loyola Chicago,2026-02-21,Saint Joseph's,92.6,113.9,26,10,9,20,-1,-14
Loyola Chicago,2026-02-28,Richmond,97.2,93.0,16,14,4,33,1,3
Loyola Chicago,2026-03-04,Saint Louis,108.4,131.8,25,9,4,16,-1,-14
Loyola Chicago,2026-03-07,George Washington,102.8,93.7,27,12,5,27,1,6
Loyola Chicago,2026-03-11,Richmond,121.0,108.1,28,12,6,26,0,8
Loyola Chicago,2026-03-12,Davidson,87.1,94.4,23,13,11,27,0,-5
Loyola Marymount,2025-11-03,Lincoln (CA),161.2,63.5,22,9,11,39,1,83
Loyola Marymount,2025-11-05,Eastern Washington,99.4,88.0,26,13,8,26,1,8
Loyola Marymount,2025-11-08,Arkansas–Pine Bluff,133.8,102.5,39,6,11,23,1,22
Loyola Marymount,2025-11-11,UTEP,112.6,92.0,24,14,6,26,-1,13
Loyola Marymount,2025-11-14,Troy,105.9,90.2,20,10,6,20,1,11
Loyola Marymount,2025-11-17,UC Santa Barbara,105.5,100.1,25,11,11,27,-1,4
Loyola Marymount,2025-11-24,Florida Atlantic,100.5,117.5,20,10,10,17,0,-11
Loyola Marymount,2025-11-25,Ohio,94.7,78.5,26,15,15,30,0,12
Loyola Marymount,2025-11-28,Stony Brook,99.3,103.7,29,13,11,25,1,-3
Loyola Marymount,2025-12-02,Saint Louis,87.9,114.3,27,13,6,16,1,-21
Loyola Marymount,2025-12-16,UC San Diego,79.3,93.2,30,16,7,21,1,-10
Loyola Marymount,2025-12-19,North Alabama,126.4,79.2,32,9,8,30,1,34
Loyola Marymount,2025-12-23,Morgan State,111.2,75.0,23,13,9,23,1,27
Loyola Marymount,2025-12-28,St. Mary's (CA),123.0,131.5,19,5,9,16,1,-5
Loyola Marymount,2025-12-30,Pacific,111.7,99.1,24,9,3,23,1,9
Loyola Marymount,2026-01-02,Washington State,108.1,110.9,22,8,6,20,-1,-2
Loyola Marymount,2026-01-04,Gonzaga,67.6,117.9,23,11,8,20,-1,-35
Loyola Marymount,2026-01-08,San Francisco,102.3,99.9,21,8,4,26,1,2
Loyola Marymount,2026-01-10,Santa Clara,93.2,133.4,24,15,7,23,-1,-31
Loyola Marymount,2026-01-14,Oregon State,97.5,105.8,20,15,10,24,-1,-6
Loyola Marymount,2026-01-17,Portland,81.7,100.0,28,15,8,24,1,-13
Loyola Marymount,2026-01-21,Seattle,85.1,99.5,21,20,4,28,-1,-10
Loyola Marymount,2026-01-28,Oregon State,102.3,106.8,23,9,8,16,1,-3
Loyola Marymount,2026-01-31,Santa Clara,93.5,133.3,17,20,8,20,1,-31
Loyola Marymount,2026-02-04,San Francisco,119.2,106.4,24,9,6,23,-1,9
Loyola Marymount,2026-02-07,San Diego,129.5,98.3,22,7,8,25,1,20
Loyola Marymount,2026-02-11,Pacific,96.0,105.7,23,9,4,21,-1,-6
Loyola Marymount,2026-02-14,Pepperdine,124.1,125.5,23,7,9,21,-1,-1
Loyola Marymount,2026-02-21,San Diego,121.1,102.2,17,11,2,20,-1,12
Loyola Marymount,2026-02-25,Washington State,97.9,96.4,19,6,10,19,1,1
Loyola Marymount,2026-02-28,Seattle,106.5,114.6,15,11,5,26,1,-5
Loyola Marymount,2026-03-05,San Diego,101.1,107.6,16,7,10,19,0,-4
Maine,2025-11-03,George Washington,69.7,99.4,22,14,4,17,-1,-20
Maine,2025-11-08,Stony Brook,84.6,100.1,15,11,4,27,-1,-11
Maine,2025-11-10,Rutgers,92.3,110.8,20,18,6,14,-1,-12
Maine,2025-11-16,Quinnipiac,89.1,97.4,21,11,7,22,1,-6
Maine,2025-11-19,Merrimack,102.4,113.4,15,15,11,21,-1,-7
Maine,2025-11-23,Brown,81.0,88.7,20,15,4,21,1,-5
Maine,2025-11-28,American,90.3,109.5,13,18,7,21,-1,-13
Maine,2025-11-29,Longwood,94.5,100.7,23,13,9,16,0,-4
Maine,2025-11-30,Siena,98.7,105.3,16,10,6,16,0,-4
Maine,2025-12-03,Ohio,83.2,115.3,16,15,7,14,-1,-22
Maine,2025-12-06,Miami (OH),82.8,126.2,18,20,7,17,-1,-32
Maine,2025-12-10,Boston University,112.4,96.1,12,13,5,20,-1,10
Maine,2025-12-13,Canisius,64.3,104.7,19,16,7,19,1,-27
Maine,2025-12-21,Drexel,95.3,125.9,13,12,6,15,-1,-18
Maine,2025-12-30,Maine-Fort Kent,124.3,78.9,32,13,5,30,1,38
Maine,2026-01-03,Bryant,71.9,78.9,18,15,13,22,1,-5
Maine,2026-01-08,UMBC,92.4,102.9,18,9,5,22,-1,-7
Maine,2026-01-10,NJIT,114.1,107.9,20,12,4,25,-1,4
Maine,2026-01-15,Vermont,98.0,105.9,22,2,4,23,-1,-5
Maine,2026-01-19,New Hampshire,75.0,101.5,14,13,1,22,1,-17
Maine,2026-01-22,Albany (NY),88.6,83.5,14,7,2,19,1,3
Maine,2026-01-24,Binghamton,124.1,99.0,22,7,2,15,1,16
Maine,2026-01-31,UMass Lowell,107.6,127.1,17,7,0,10,-1,-14
Maine,2026-02-05,Vermont,114.4,105.3,18,11,2,18,1,6
Maine,2026-02-07,Bryant,96.7,105.3,22,11,2,19,-1,-6
Maine,2026-02-12,UMBC,89.0,112.0,22,9,3,20,1,-16
Maine,2026-02-14,NJIT,83.2,96.1,28,14,4,22,1,-9
Maine,2026-02-21,New Hampshire,93.1,88.5,19,9,2,22,-1,3
Maine,2026-02-26,Albany (NY),117.3,98.8,20,8,3,15,-1,11
Maine,2026-02-28,Binghamton,101.0,111.6,20,9,3,22,-1,-7
Maine,2026-03-03,UMass Lowell,82.7,98.9,16,12,5,26,1,-11
Maine,2026-03-07,NJIT,86.8,89.8,14,13,3,22,-1,-2
Manhattan,2025-11-04,St. Joseph's–Brk,159.3,75.2,31,7,17,35,1,66
Manhattan,2025-11-09,Southern California,100.4,137.9,22,12,10,20,-1,-31
Manhattan,2025-11-12,Utah Tech,120.0,114.0,19,11,10,23,0,4
Manhattan,2025-11-15,Hawaii,75.2,115.6,11,12,5,22,-1,-30
Manhattan,2025-11-15,Mississippi Valley State,122.7,111.9,27,12,11,14,0,7
Manhattan,2025-11-21,Texas A&M,90.0,144.3,20,15,5,17,-1,-41
Manhattan,2025-11-26,Wagner,126.7,129.2,27,9,11,15,1,-2
Manhattan,2025-11-29,Army,102.7,106.6,28,10,8,23,-1,-3
Manhattan,2025-12-05,Fairfield,95.7,90.2,19,12,4,23,1,4
Manhattan,2025-12-07,Marist,88.0,103.5,19,14,7,28,-1,-12
Manhattan,2025-12-13,Fordham,81.4,126.0,19,9,6,12,-1,-29
Manhattan,2025-12-18,Furman,96.3,106.2,26,12,13,22,1,-7
Manhattan,2025-12-21,Presbyterian,123.6,115.1,24,7,9,23,1,6
Manhattan,2025-12-29,Rider,108.8,104.4,20,10,13,21,-1,3
Manhattan,2026-01-02,Quinnipiac,109.3,108.0,21,11,6,20,1,1
Manhattan,2026-01-04,Merrimack,98.3,108.7,12,9,10,22,-1,-7
Manhattan,2026-01-09,Canisius,96.7,105.8,23,10,8,25,1,-6
Manhattan,2026-01-11,Niagara,132.4,117.4,15,4,11,20,1,9
Manhattan,2026-01-14,Fairfield,83.9,132.6,18,13,6,17,-1,-36
Manhattan,2026-01-17,Siena,94.3,118.3,28,8,9,18,1,-15
Manhattan,2026-01-19,Quinnipiac,117.1,124.7,20,8,12,19,-1,-6
Manhattan,2026-01-24,Iona,85.9,99.5,26,10,10,21,-1,-9
Manhattan,2026-01-30,Rider,137.0,129.8,32,8,7,18,1,5
Manhattan,2026-02-01,Mount St. Mary's,98.6,109.2,32,8,10,21,-1,-7
Manhattan,2026-02-05,Saint Peter's,117.3,125.1,22,10,12,21,1,-5
Manhattan,2026-02-07,Sacred Heart,113.4,96.4,24,6,6,28,1,12
Manhattan,2026-02-13,Niagara,118.0,107.2,23,9,7,21,-1,7
Manhattan,2026-02-15,Canisius,104.1,98.1,16,8,6,20,-1,4
Manhattan,2026-02-20,Marist,108.5,130.2,21,11,11,16,1,-14
Manhattan,2026-02-27,Saint Peter's,102.7,118.6,21,9,11,17,-1,-10
Manhattan,2026-03-01,Iona,86.1,91.4,26,12,9,24,1,-4
Manhattan,2026-03-05,Fairfield,88.3,104.5,17,15,8,20,0,-11
Marist,2025-11-03,Xavier,89.8,95.6,10,17,6,25,-1,-4
Marist,2025-11-09,Dartmouth,103.0,76.9,27,10,7,24,-1,19
Marist,2025-11-12,Vassar,138.3,90.7,26,7,11,28,1,32
Marist,2025-11-16,Harvard,85.7,88.9,19,15,8,23,1,-2
Marist,2025-11-21,Army,113.2,96.8,24,8,14,24,1,11
Marist,2025-11-25,Lehigh,114.2,80.5,26,9,10,31,1,23
Marist,2025-12-05,Mount St. Mary's,89.4,78.2,19,18,6,22,1,8
Marist,2025-12-07,Manhattan,103.5,88.0,32,12,13,30,1,12
Marist,2025-12-13,Bryant,118.3,106.8,16,10,7,22,-1,8
Marist,2025-12-16,Georgia Tech,109.6,125.4,27,10,9,14,-1,-11
Marist,2025-12-21,Stony Brook,104.3,76.0,25,8,9,29,1,19
Marist,2025-12-29,Quinnipiac,83.6,92.2,16,15,11,23,-1,-6
Marist,2026-01-02,Saint Peter's,85.4,99.8,17,11,9,26,-1,-10
Marist,2026-01-04,Iona,114.3,52.3,29,6,9,31,1,45
Marist,2026-01-09,Sacred Heart,120.5,114.2,19,9,9,19,-1,4
Marist,2026-01-11,Rider,107.7,74.3,21,7,7,31,-1,22
Marist,2026-01-17,Fairfield,122.6,100.1,18,11,9,27,1,15
Marist,2026-01-19,Merrimack,84.4,104.4,16,13,10,19,1,-13
Marist,2026-01-22,Siena,82.0,113.1,20,8,3,19,-1,-19
Marist,2026-01-24,Quinnipiac,103.5,93.3,15,12,2,28,1,7
Marist,2026-01-30,Canisius,120.0,117.3,16,11,6,22,-1,2
Marist,2026-02-01,Niagara,91.8,72.8,12,8,3,29,-1,12
Marist,2026-02-05,Rider,138.4,88.8,18,8,8,25,1,29
Marist,2026-02-07,Fairfield,95.0,99.7,19,12,8,25,-1,-3
Marist,2026-02-12,Merrimack,84.5,122.2,16,13,12,23,-1,-25
Marist,2026-02-15,Siena,94.4,100.4,23,7,11,18,1,-4
Marist,2026-02-20,Manhattan,130.2,108.5,17,9,9,17,-1,14
Marist,2026-02-22,Sacred Heart,94.6,91.7,37,4,5,28,1,2
Marist,2026-03-01,Saint Peter's,86.9,97.8,19,11,14,18,1,-7
Marist,2026-03-07,Quinnipiac,103.9,101.2,18,10,14,28,0,2
Marist,2026-03-08,Merrimack,86.5,88.0,11,18,9,24,0,-1
Marquette,2025-11-03,Albany (NY),102.4,67.9,24,14,14,27,1,27
Marquette,2025-11-05,Southern,125.6,103.0,38,10,10,29,1,18
Marquette,2025-11-09,Indiana,99.3,129.0,16,15,10,24,0,-23
Marquette,2025-11-12,Little Rock,134.1,73.8,23,9,14,22,1,40
Marquette,2025-11-15,Maryland,104.3,113.2,40,11,18,21,1,-7
Marquette,2025-11-19,Dayton,88.8,96.3,31,20,12,21,1,-6
Marquette,2025-11-22,Central Michigan,119.5,99.8,21,9,8,28,1,14
Marquette,2025-11-28,Oklahoma,114.4,115.9,27,5,12,18,0,-1
Marquette,2025-12-02,Valparaiso,95.6,91.8,21,14,12,23,1,3
Marquette,2025-12-06,Wisconsin,95.7,120.9,29,8,6,23,-1,-20
Marquette,2025-12-13,Purdue,87.9,117.7,31,12,13,14,-1,-20
Marquette,2025-12-17,Georgetown,106.5,120.3,26,6,11,18,1,-9
Marquette,2025-12-20,Creighton,81.8,109.1,24,12,8,25,-1,-21
Marquette,2025-12-30,Seton Hall,102.4,110.8,27,7,9,20,1,-6
Marquette,2026-01-04,Connecticut,80.3,102.8,24,10,10,24,-1,-16
Marquette,2026-01-07,Xavier,89.7,88.3,22,15,15,27,1,1
Marquette,2026-01-10,Villanova,112.8,117.4,31,9,8,14,1,-3
Marquette,2026-01-13,St. John's (NY),89.3,120.9,15,19,5,17,-1,-24
Marquette,2026-01-16,DePaul,110.8,118.2,29,7,4,21,-1,-5
Marquette,2026-01-19,Providence,125.1,123.9,23,6,10,16,1,1
Marquette,2026-01-23,Butler,99.1,113.4,27,14,6,18,-1,-11
Marquette,2026-01-27,Creighton,125.6,90.6,21,6,6,27,1,24
Marquette,2026-01-31,Seton Hall,102.8,110.8,19,15,8,14,-1,-5
Marquette,2026-02-07,Butler,103.0,81.0,31,12,3,25,1,15
Marquette,2026-02-10,Villanova,102.6,106.8,23,18,5,22,-1,-3
Marquette,2026-02-14,Xavier,118.0,128.7,25,9,9,23,-1,-8
Marquette,2026-02-18,St. John's (NY),100.0,108.6,21,10,9,23,1,-6
Marquette,2026-02-24,Georgetown,113.1,89.3,24,9,9,20,-1,16
Marquette,2026-03-01,DePaul,79.4,96.5,22,13,6,21,1,-11
Marquette,2026-03-04,Providence,106.2,76.2,28,14,7,26,-1,22
Marquette,2026-03-07,Connecticut,101.9,92.9,21,12,4,20,1,6
Marquette,2026-03-11,Xavier,115.2,117.8,40,8,14,25,0,-2
Marshall,2025-11-03,Massachusetts,93.3,86.2,30,25,8,27,-1,6
Marshall,2025-11-08,Toledo,120.0,103.0,37,14,11,23,-1,12
Marshall,2025-11-12,Elon,123.2,114.2,32,14,7,24,1,7
Marshall,2025-11-15,Virginia,99.0,132.1,24,15,9,23,-1,-26
Marshall,2025-11-20,Arkansas–Pine Bluff,123.0,87.9,28,11,7,27,1,28
Marshall,2025-11-23,Mercyhurst,105.2,91.5,29,11,9,27,1,9
Marshall,2025-11-26,Lipscomb,86.0,115.5,26,17,11,27,1,-23
Marshall,2025-12-03,UNC Wilmington,111.5,113.1,25,10,9,22,-1,-1
Marshall,2025-12-06,Ohio,109.3,118.7,24,12,10,26,-1,-7
Marshall,2025-12-10,Western Kentucky,107.6,85.3,23,8,10,32,1,16
Marshall,2025-12-13,Wright State,119.3,116.1,24,10,11,21,1,2
Marshall,2025-12-20,Troy,90.3,100.3,33,14,16,25,-1,-7
Marshall,2025-12-23,West Va. Tech,140.5,71.6,33,10,16,34,1,50
Marshall,2025-12-31,Georgia State,111.7,106.4,30,15,9,23,1,4
Marshall,2026-01-03,Appalachian State,123.4,113.6,24,8,4,24,1,7
Marshall,2026-01-07,James Madison,104.1,101.0,26,4,9,20,-1,2
Marshall,2026-01-10,Georgia State,98.7,109.5,30,16,13,20,-1,-8
Marshall,2026-01-14,Coastal Carolina,118.8,121.7,17,6,10,19,1,-2
Marshall,2026-01-17,James Madison,111.8,104.5,20,11,16,25,1,5
Marshall,2026-01-22,Louisiana–Monroe,151.3,78.9,52,12,16,35,1,55
Marshall,2026-01-28,Texas State,99.5,105.3,22,7,6,22,-1,-4
Marshall,2026-01-31,Arkansas State,110.2,96.1,20,11,11,22,-1,9
Marshall,2026-02-04,Southern Mississippi,117.6,111.8,23,11,7,17,1,4
Marshall,2026-02-07,Miami (OH),102.0,124.1,29,11,16,16,1,-16
Marshall,2026-02-11,Old Dominion,113.9,111.1,21,8,2,26,-1,2
Marshall,2026-02-14,Georgia Southern,108.7,126.2,29,12,9,19,-1,-14
Marshall,2026-02-16,South Alabama,126.8,120.8,46,7,9,18,1,4
Marshall,2026-02-19,Appalachian State,134.3,132.9,25,5,5,19,-1,1
Marshall,2026-02-21,Coastal Carolina,95.7,100.8,20,10,10,28,-1,-4
Marshall,2026-02-24,Old Dominion,128.3,116.4,28,7,5,21,1,9
Marshall,2026-02-27,Georgia Southern,112.9,136.2,20,13,5,18,1,-17
Marshall,2026-03-08,Georgia Southern,104.8,110.2,26,14,11,23,0,-4
Maryland,2025-11-03,Coppin State,119.0,87.5,29,12,9,22,0,22
Maryland,2025-11-07,Georgetown,87.4,102.0,21,11,10,27,1,-10
Maryland,2025-11-11,Alcorn State,113.5,86.5,28,15,10,21,1,20
Maryland,2025-11-15,Marquette,113.2,104.3,22,13,3,28,-1,7
Maryland,2025-11-19,Mount St. Mary's,121.1,114.7,27,11,11,22,1,5
Maryland,2025-11-25,UNLV,98.4,89.1,31,20,13,28,0,7
Maryland,2025-11-25,Gonzaga,84.7,138.8,21,18,12,14,0,-39
Maryland,2025-11-27,Alabama,89.0,129.8,27,9,8,16,0,-33
Maryland,2025-12-02,Wagner,117.9,83.5,20,8,18,26,1,26
Maryland,2025-12-06,Iowa,90.9,117.9,18,18,13,25,-1,-19
Maryland,2025-12-13,Michigan,116.4,141.6,27,12,9,18,1,-18
Maryland,2025-12-20,Virginia,107.1,119.0,29,16,15,22,-1,-8
Maryland,2025-12-28,Old Dominion,106.5,84.6,29,7,6,27,1,15
Maryland,2026-01-02,Oregon,80.8,95.8,35,9,11,19,1,-10
Maryland,2026-01-07,Indiana,94.7,120.5,26,11,11,20,1,-18
Maryland,2026-01-10,UCLA,84.6,103.1,33,11,18,25,-1,-12
Maryland,2026-01-13,Southern California,101.8,126.2,22,12,2,19,-1,-17
Maryland,2026-01-18,Penn State,145.4,110.6,34,9,11,23,1,23
Maryland,2026-01-21,Illinois,103.0,131.0,32,4,8,22,-1,-19
Maryland,2026-01-24,Michigan State,77.3,146.5,26,8,7,14,-1,-43
Maryland,2026-02-01,Purdue,94.9,140.1,17,12,6,18,1,-30
Maryland,2026-02-05,Ohio State,96.6,127.8,26,16,9,16,1,-20
Maryland,2026-02-08,Minnesota,115.8,107.2,24,10,7,19,-1,5
Maryland,2026-02-11,Iowa,126.9,115.3,23,11,10,24,1,7
Maryland,2026-02-15,Rutgers,86.6,103.4,30,9,15,22,-1,-11
Maryland,2026-02-18,Northwestern,108.9,114.8,24,14,12,23,-1,-4
Maryland,2026-02-21,Washington,113.7,106.6,23,7,13,21,1,4
Maryland,2026-02-25,Nebraska,93.7,113.7,36,11,5,25,-1,-13
Maryland,2026-03-01,Rutgers,89.9,95.5,28,18,12,33,1,-4
Maryland,2026-03-04,Wisconsin,76.6,132.7,31,9,11,24,-1,-33
Maryland,2026-03-08,Illinois,110.4,119.6,30,8,6,17,1,-6
Maryland,2026-03-10,Oregon,110.7,94.8,30,8,11,24,0,10
Maryland,2026-03-11,Iowa,95.2,111.5,21,16,10,20,0,-11
Maryland Eastern Shore,2025-11-03,Georgia Tech,71.3,76.8,23,18,6,29,-1,-4
Maryland Eastern Shore,2025-11-05,Georgia,38.9,126.2,18,29,17,18,-1,-65
Maryland Eastern Shore,2025-11-08,Cheyney,142.0,80.5,13,15,4,25,1,45
Maryland Eastern Shore,2025-11-11,Nebraska,74.7,103.1,22,14,8,25,-1,-19
Maryland Eastern Shore,2025-11-14,Creighton,67.6,126.2,15,18,4,18,-1,-39
Maryland Eastern Shore,2025-11-18,Longwood,99.8,98.6,27,22,14,20,-1,1
Maryland Eastern Shore,2025-11-21,Canisius,99.6,104.8,27,10,11,21,-1,-3
Maryland Eastern Shore,2025-11-22,Binghamton,99.9,82.5,20,11,12,20,0,11
Maryland Eastern Shore,2025-11-25,Hampton,109.1,118.8,14,7,7,21,1,-6
Maryland Eastern Shore,2025-11-29,Gwynedd-Mercy,119.0,85.0,23,15,13,33,1,24
Maryland Eastern Shore,2025-12-02,East Carolina,95.5,116.0,17,11,6,16,-1,-12
Maryland Eastern Shore,2025-12-06,American,96.3,125.2,8,17,2,22,-1,-18
Maryland Eastern Shore,2025-12-09,Virginia,90.3,126.4,12,13,5,21,-1,-24
Maryland Eastern Shore,2025-12-12,North Carolina A&T,108.1,112.2,23,7,9,18,-1,-3
Maryland Eastern Shore,2025-12-14,Virginia Tech,82.3,127.3,27,14,13,23,-1,-29
Maryland Eastern Shore,2025-12-17,Wagner,97.0,118.2,17,15,8,22,-1,-14
Maryland Eastern Shore,2025-12-22,Texas,100.8,133.4,15,13,6,16,-1,-23
Maryland Eastern Shore,2026-01-03,Morgan State,98.2,72.9,17,9,10,25,1,17
Maryland Eastern Shore,2026-01-10,Howard,93.4,77.2,19,17,4,27,1,12
Maryland Eastern Shore,2026-01-12,Norfolk State,115.4,109.2,21,9,10,18,-1,4
Maryland Eastern Shore,2026-01-17,Coppin State,112.9,108.1,17,11,8,11,1,3
Maryland Eastern Shore,2026-01-31,Delaware State,93.0,106.1,6,12,3,24,-1,-8
Maryland Eastern Shore,2026-02-02,North Carolina Central,103.4,106.7,16,19,12,20,-1,-2
Maryland Eastern Shore,2026-02-04,South Carolina State,86.4,100.8,18,19,9,17,-1,-9
Maryland Eastern Shore,2026-02-07,Morgan State,102.3,113.8,17,9,11,23,-1,-8
Maryland Eastern Shore,2026-02-14,Howard,78.7,117.3,9,19,6,17,-1,-26
Maryland Eastern Shore,2026-02-16,Norfolk State,114.6,121.6,24,12,11,14,1,-4
Maryland Eastern Shore,2026-02-21,Coppin State,87.7,95.8,21,19,4,21,-1,-6
Maryland Eastern Shore,2026-02-28,South Carolina State,105.6,87.3,16,14,15,17,1,12
Maryland Eastern Shore,2026-03-02,North Carolina Central,105.4,111.1,17,23,17,24,1,-4
Maryland Eastern Shore,2026-03-05,Delaware State,94.2,95.9,13,13,13,19,1,-1
Maryland Eastern Shore,2026-03-12,North Carolina Central,108.7,118.7,22,14,14,13,0,-7
Massachusetts,2025-11-03,Marshall,86.2,93.3,18,20,7,17,1,-6
Massachusetts,2025-11-08,Albany (NY),111.3,83.1,23,13,13,25,1,21
Massachusetts,2025-11-13,Le Moyne,123.0,104.7,23,13,10,27,1,14
Massachusetts,2025-11-16,Central Connecticut State,105.3,96.5,26,17,13,26,1,7
Massachusetts,2025-11-21,College of Charleston,92.2,97.9,24,15,5,22,0,-4
Massachusetts,2025-11-22,Green Bay,109.5,115.3,26,9,7,18,0,-4
Massachusetts,2025-11-24,Oregon State,108.0,96.2,19,10,15,21,0,8
Massachusetts,2025-12-03,Harvard,106.1,96.5,16,15,6,23,1,7
Massachusetts,2025-12-06,UMass Lowell,104.6,78.5,18,12,12,25,1,20
Massachusetts,2025-12-10,Boston College,104.1,101.4,16,14,14,24,0,2
Massachusetts,2025-12-13,Florida State,124.9,115.2,22,13,11,20,0,8
Massachusetts,2025-12-20,Kent State,82.8,96.9,18,14,9,26,1,-10
Massachusetts,2025-12-22,Mass.-Boston,121.5,53.4,26,13,22,40,1,51
Massachusetts,2025-12-30,Eastern Michigan,99.9,108.1,25,7,11,26,-1,-6
Massachusetts,2026-01-03,Bowling Green,114.3,115.4,22,18,6,29,1,-1
Massachusetts,2026-01-06,Ohio,107.8,111.7,21,12,8,25,-1,-3
Massachusetts,2026-01-10,Ball State,113.4,101.9,24,12,9,26,1,8
Massachusetts,2026-01-13,Western Michigan,121.3,117.1,29,10,9,21,-1,3
Massachusetts,2026-01-17,Northern Illinois,87.5,90.0,19,18,6,24,-1,-2
Massachusetts,2026-01-20,Toledo,116.4,113.6,22,14,13,20,1,2
Massachusetts,2026-01-23,Buffalo,105.2,103.7,20,10,12,20,-1,1
Massachusetts,2026-01-27,Miami (OH),125.3,128.2,21,10,12,21,-1,-2
Massachusetts,2026-01-31,Eastern Michigan,105.1,100.6,13,7,6,21,1,3
Massachusetts,2026-02-03,Central Michigan,133.1,124.7,25,9,9,13,1,6
Massachusetts,2026-02-07,Coastal Carolina,107.4,110.9,26,12,21,35,-1,-3
Massachusetts,2026-02-13,Akron,116.1,124.9,24,15,3,19,-1,-7
Massachusetts,2026-02-17,Miami (OH),106.0,118.4,20,13,5,24,1,-9
Massachusetts,2026-02-21,Buffalo,114.1,119.7,25,14,11,22,1,-4
Massachusetts,2026-02-24,Ball State,96.7,98.0,27,12,14,31,-1,-1
Massachusetts,2026-02-28,Bowling Green,94.5,123.5,20,10,5,21,-1,-19
Massachusetts,2026-03-03,Ohio,121.0,105.5,22,11,8,25,1,12
Massachusetts,2026-03-12,Miami (OH),124.2,118.5,15,10,15,22,0,4
Massachusetts,2026-03-13,Toledo,94.0,108.0,21,12,12,24,0,-10
McNeese State,2025-11-03,Champion Christian,147.2,75.4,29,7,22,32,1,62
McNeese State,2025-11-07,Santa Clara,98.7,116.3,16,13,9,17,-1,-12
McNeese State,2025-11-10,College of Biblical Studies,165.9,62.9,18,12,14,30,1,82
McNeese State,2025-11-14,Louisiana,133.9,94.3,21,11,8,22,1,26
McNeese State,2025-11-23,George Washington,120.6,112.7,16,8,14,13,0,6
McNeese State,2025-11-24,Murray State,94.0,77.2,23,8,9,26,0,13
McNeese State,2025-11-25,Middle Tennessee,121.5,104.6,19,5,14,19,0,10
McNeese State,2025-12-01,Incarnate Word,103.0,109.2,15,13,7,15,-1,-4
McNeese State,2025-12-05,Northwestern State,133.5,78.4,17,10,12,25,1,38
McNeese State,2025-12-09,Rhode Island,97.2,94.2,21,9,11,15,-1,2
McNeese State,2025-12-12,East Texas A&M,127.5,82.5,24,15,10,28,1,36
McNeese State,2025-12-15,Houston Christian,127.5,111.2,21,8,7,23,-1,10
McNeese State,2025-12-29,Michigan,83.6,131.9,34,8,13,15,-1,-41
McNeese State,2026-01-02,Lamar,132.6,113.2,18,8,12,22,1,12
McNeese State,2026-01-05,Stephen F. Austin,106.9,103.6,29,7,16,22,1,2
McNeese State,2026-01-10,Southeastern Louisiana,117.3,98.1,18,9,13,18,1,12
McNeese State,2026-01-12,Nicholls State,125.2,90.6,23,11,8,28,1,26
McNeese State,2026-01-17,Texas–Rio Grande Valley,114.3,118.8,26,7,13,17,-1,-3
McNeese State,2026-01-19,Texas A&M–Corpus Christi,117.2,90.0,13,11,13,24,-1,16
McNeese State,2026-01-24,New Orleans,117.9,90.6,21,8,16,21,1,19
McNeese State,2026-01-27,Southeastern Louisiana,112.7,97.9,15,12,8,19,-1,10
McNeese State,2026-01-31,Lamar,106.0,104.4,17,7,11,20,-1,1
McNeese State,2026-02-02,Stephen F. Austin,85.7,95.6,27,16,12,19,-1,-7
McNeese State,2026-02-07,Incarnate Word,128.4,101.5,17,6,7,15,1,17
McNeese State,2026-02-09,Houston Christian,106.5,100.7,10,11,4,20,1,4
McNeese State,2026-02-14,East Texas A&M,140.3,78.1,31,3,8,27,-1,43
McNeese State,2026-02-16,Northwestern State,112.0,95.6,25,4,12,17,-1,11
McNeese State,2026-02-21,Texas A&M–Corpus Christi,109.2,84.2,18,10,10,22,1,16
McNeese State,2026-02-23,Texas–Rio Grande Valley,106.5,96.6,18,10,11,21,1,7
McNeese State,2026-02-28,New Orleans,97.6,93.2,22,7,7,19,-1,3
McNeese State,2026-03-02,Nicholls State,112.3,97.3,24,5,6,16,-1,10
McNeese State,2026-03-10,Texas–Rio Grande Valley,99.0,94.3,25,10,18,27,0,4
McNeese State,2026-03-11,Stephen F. Austin,121.9,94.6,18,10,8,26,0,17
McNeese State,2026-03-19,Vanderbilt,102.4,117.5,26,5,12,17,0,-10
Memphis,2025-11-08,San Francisco,97.9,90.2,27,14,12,24,1,6
Memphis,2025-11-11,Ole Miss,110.7,119.3,21,7,6,21,-1,-6
Memphis,2025-11-16,UNLV,94.8,111.8,17,18,8,18,1,-14
Memphis,2025-11-20,Purdue,105.1,118.4,19,11,15,17,0,-9
Memphis,2025-11-21,Wake Forest,97.4,98.9,29,17,13,20,0,-1
Memphis,2025-11-26,Southern Illinois,103.4,81.0,22,14,10,21,1,16
Memphis,2025-12-03,New Orleans,120.6,98.2,25,12,15,24,1,16
Memphis,2025-12-06,Baylor,106.3,96.8,16,9,15,22,1,7
Memphis,2025-12-13,Louisville,101.8,138.1,11,9,14,16,-1,-26
Memphis,2025-12-17,Vanderbilt,80.3,88.3,20,19,10,27,1,-7
Memphis,2025-12-20,Mississippi State,92.6,99.7,31,17,16,24,-1,-5
Memphis,2025-12-22,Alabama State,123.1,93.7,30,14,15,24,1,21
Memphis,2025-12-31,North Texas,85.1,71.7,18,19,12,20,1,9
Memphis,2026-01-03,Rice,111.4,102.6,13,14,9,23,-1,6
Memphis,2026-01-11,Florida Atlantic,99.2,113.2,28,14,5,22,-1,-11
Memphis,2026-01-14,Temple,82.0,79.0,24,10,9,24,1,2
Memphis,2026-01-18,UTSA,128.5,93.4,22,12,10,24,1,26
Memphis,2026-01-21,Tulsa,99.4,125.0,27,14,13,20,-1,-17
Memphis,2026-01-24,Wichita State,79.7,100.0,19,17,6,27,-1,-15
Memphis,2026-01-29,Florida Atlantic,114.6,81.0,17,13,8,22,1,27
Memphis,2026-02-01,Tulane,109.8,112.7,20,11,16,24,1,-2
Memphis,2026-02-05,UAB,112.1,99.6,20,15,9,28,-1,10
Memphis,2026-02-08,Charlotte,108.6,76.2,20,10,11,27,1,23
Memphis,2026-02-12,North Texas,100.3,110.5,19,14,9,14,-1,-7
Memphis,2026-02-14,Utah State,101.9,134.5,18,11,15,17,-1,-24
Memphis,2026-02-19,South Florida,91.6,120.7,24,11,15,18,-1,-21
Memphis,2026-02-22,UAB,92.1,107.2,18,15,7,20,1,-11
Memphis,2026-02-26,Wichita State,114.1,122.4,14,6,6,20,1,-6
Memphis,2026-03-01,East Carolina,90.1,111.3,16,12,11,14,-1,-16
Memphis,2026-03-05,South Florida,114.8,123.8,16,9,14,22,1,-7
Memphis,2026-03-08,Tulane,115.2,114.0,19,13,9,24,-1,1
Memphis,2026-03-11,Tulane,92.6,108.7,22,12,12,29,0,-12
Mercer,2025-11-03,Tennessee,82.9,103.3,29,5,9,16,-1,-15
Mercer,2025-11-05,LaGrange,115.7,71.0,33,11,17,25,1,39
Mercer,2025-11-09,Lipscomb,132.9,111.2,20,8,10,24,1,15
Mercer,2025-11-15,Winthrop,84.7,128.9,24,19,6,20,-1,-36
Mercer,2025-11-22,Eastern Kentucky,128.7,112.4,23,14,11,24,-1,12
Mercer,2025-11-26,Appalachian State,117.0,104.5,28,9,13,23,1,8
Mercer,2025-11-29,Elon,116.2,107.3,30,9,7,21,-1,7
Mercer,2025-12-02,Georgia State,106.6,91.5,25,11,12,25,1,11
Mercer,2025-12-07,Oglethorpe,129.9,64.9,46,8,19,34,1,50
Mercer,2025-12-13,Clemson,98.2,109.1,22,9,3,21,-1,-7
Mercer,2025-12-17,UCF,87.2,112.1,18,16,8,24,-1,-18
Mercer,2025-12-20,Washington State,101.2,109.0,27,9,12,23,-1,-6
Mercer,2025-12-28,Baptist (FL),125.2,50.3,49,11,19,49,1,73
Mercer,2025-12-31,Furman,104.6,107.5,20,7,14,21,-1,-2
Mercer,2026-01-03,East Tennessee State,101.5,110.1,28,13,9,20,-1,-6
Mercer,2026-01-07,The Citadel,148.3,92.5,28,11,10,13,1,38
Mercer,2026-01-10,Wofford,141.4,125.8,19,13,7,26,1,12
Mercer,2026-01-15,VMI,113.8,99.0,21,14,19,25,-1,10
Mercer,2026-01-17,UNC Greensboro,133.0,119.9,20,15,8,20,-1,10
Mercer,2026-01-21,Western Carolina,125.3,108.2,26,6,18,22,1,12
Mercer,2026-01-24,Wofford,108.0,112.2,24,9,6,20,-1,-3
Mercer,2026-01-29,UNC Greensboro,127.1,103.0,40,8,13,27,1,18
Mercer,2026-01-31,VMI,127.2,108.5,31,10,11,29,1,14
Mercer,2026-02-05,Chattanooga,104.7,110.3,24,10,15,17,-1,-4
Mercer,2026-02-07,Samford,74.5,104.9,17,8,8,24,-1,-20
Mercer,2026-02-11,Furman,99.2,92.0,20,7,12,26,1,5
Mercer,2026-02-14,The Citadel,113.6,87.6,17,12,7,19,-1,16
Mercer,2026-02-19,Chattanooga,139.6,145.8,23,6,8,13,1,-4
Mercer,2026-02-21,Samford,125.5,121.3,17,12,5,26,1,3
Mercer,2026-02-25,Western Carolina,106.3,112.0,12,12,7,18,-1,-4
Mercer,2026-02-28,East Tennessee State,126.4,117.1,21,9,7,23,1,6
Mercer,2026-03-07,Western Carolina,107.7,113.6,21,5,10,16,0,-4
Mercyhurst,2025-11-03,Northwestern,68.5,102.0,18,9,6,22,-1,-23
Mercyhurst,2025-11-06,Loyola Chicago,106.6,95.0,18,10,8,23,-1,8
Mercyhurst,2025-11-08,Penn St. New Kensington,127.3,58.2,31,12,8,34,1,51
Mercyhurst,2025-11-12,Canisius,88.6,93.4,24,10,4,21,-1,-3
Mercyhurst,2025-11-15,Morgan State,123.4,103.3,21,10,11,16,1,14
Mercyhurst,2025-11-20,Miami (OH),108.5,116.1,23,11,10,19,-1,-5
Mercyhurst,2025-11-23,Marshall,91.5,105.2,16,9,8,21,-1,-9
Mercyhurst,2025-11-30,West Virginia,61.6,113.5,13,14,4,19,-1,-32
Mercyhurst,2025-12-05,Lafayette,108.9,121.2,17,5,13,14,-1,-8
Mercyhurst,2025-12-07,Bethany (WV),117.9,75.2,17,7,9,26,1,29
Mercyhurst,2025-12-13,Davidson,80.6,137.1,13,8,3,14,-1,-33
Mercyhurst,2025-12-17,Syracuse,87.7,107.5,18,13,11,20,-1,-14
Mercyhurst,2025-12-20,Binghamton,116.8,86.9,17,7,8,25,1,21
Mercyhurst,2026-01-02,FDU,102.2,112.9,19,12,7,13,1,-7
Mercyhurst,2026-01-04,Le Moyne,111.6,90.4,20,9,10,26,1,14
Mercyhurst,2026-01-08,LIU,95.6,98.9,13,10,8,22,-1,-2
Mercyhurst,2026-01-10,Wagner,108.0,106.5,13,4,1,27,-1,1
Mercyhurst,2026-01-17,Stonehill,78.9,85.8,11,7,9,21,1,-5
Mercyhurst,2026-01-19,Central Connecticut State,122.5,94.6,17,8,8,24,1,18
Mercyhurst,2026-01-23,New Haven,101.3,94.7,14,9,2,18,-1,4
Mercyhurst,2026-01-25,Chicago State,101.2,97.9,25,12,5,24,1,2
Mercyhurst,2026-01-29,New Haven,112.9,82.2,17,4,9,26,1,19
Mercyhurst,2026-01-31,Chicago State,108.9,114.8,22,10,8,21,-1,-4
Mercyhurst,2026-02-05,Saint Francis (PA),124.3,112.9,23,13,19,20,1,9
Mercyhurst,2026-02-07,FDU,97.7,103.3,19,6,5,16,-1,-3
Mercyhurst,2026-02-12,Le Moyne,82.1,83.6,26,6,7,24,-1,-1
Mercyhurst,2026-02-14,Saint Francis (PA),136.0,114.3,21,8,7,26,-1,15
Mercyhurst,2026-02-19,Wagner,105.9,109.9,20,9,11,18,1,-3
Mercyhurst,2026-02-21,LIU,127.7,116.5,18,7,8,17,1,8
Mercyhurst,2026-02-26,Central Connecticut State,115.6,118.6,17,6,6,21,-1,-2
Mercyhurst,2026-02-28,Stonehill,96.0,92.2,17,5,10,29,-1,3
Mercyhurst,2026-03-04,FDU,106.4,92.7,17,10,3,28,1,9
Mercyhurst,2026-03-07,Stonehill,83.5,76.0,18,7,5,29,1,5
Mercyhurst,2026-03-10,LIU,104.1,117.5,11,8,4,22,-1,-9
Merrimack,2025-11-03,South Dakota State,89.1,101.2,29,11,3,21,0,-9
Merrimack,2025-11-06,Auburn,82.0,136.7,32,11,8,14,-1,-38
Merrimack,2025-11-11,Tarleton State,83.1,101.8,28,20,13,13,-1,-14
Merrimack,2025-11-15,Boston University,142.6,123.8,30,10,9,23,-1,12
Merrimack,2025-11-19,Maine,113.4,102.4,22,10,8,15,1,7
Merrimack,2025-11-21,Florida,67.1,119.3,25,11,6,13,-1,-35
Merrimack,2025-11-28,Pennsylvania,92.8,110.0,28,4,6,20,-1,-12
Merrimack,2025-11-29,Hofstra,84.0,112.9,33,8,3,17,0,-20
Merrimack,2025-11-30,La Salle,100.9,91.8,28,10,6,12,0,6
Merrimack,2025-12-04,Rider,108.1,104.9,29,8,4,13,1,2
Merrimack,2025-12-07,Fairfield,115.2,98.1,20,9,4,20,1,11
Merrimack,2025-12-10,Princeton,101.3,96.2,19,5,3,21,-1,3
Merrimack,2025-12-14,Vermont,102.6,114.8,22,9,9,19,-1,-7
Merrimack,2025-12-29,Sacred Heart,119.4,107.5,30,8,5,20,-1,8
Merrimack,2026-01-02,Mount St. Mary's,106.9,92.7,22,10,5,13,1,10
Merrimack,2026-01-04,Manhattan,108.7,98.3,26,7,5,27,1,7
Merrimack,2026-01-09,Siena,114.1,106.8,20,7,9,12,-1,4
Merrimack,2026-01-11,Saint Peter's,101.4,122.4,18,12,11,14,-1,-13
Merrimack,2026-01-17,Quinnipiac,124.6,106.6,24,10,8,21,1,12
Merrimack,2026-01-19,Marist,104.4,84.4,17,10,2,25,-1,13
Merrimack,2026-01-22,Iona,96.9,98.5,18,13,11,22,-1,-1
Merrimack,2026-01-24,Saint Peter's,106.1,93.4,16,9,5,16,1,8
Merrimack,2026-02-01,Sacred Heart,117.6,90.9,30,5,13,20,1,17
Merrimack,2026-02-05,Mount St. Mary's,122.8,98.8,30,10,4,24,-1,17
Merrimack,2026-02-07,Rider,127.1,81.8,13,10,8,23,-1,26
Merrimack,2026-02-12,Marist,122.2,84.5,23,8,4,27,1,25
Merrimack,2026-02-15,Quinnipiac,86.5,75.7,16,10,3,20,-1,7
Merrimack,2026-02-20,Siena,123.7,112.7,25,8,8,18,1,7
Merrimack,2026-02-22,Iona,115.9,113.2,33,4,5,24,1,2
Merrimack,2026-02-27,Canisius,100.4,108.5,27,7,5,18,-1,-5
Merrimack,2026-03-01,Niagara,120.5,108.9,27,11,8,15,-1,7
Merrimack,2026-03-06,Sacred Heart,114.6,78.6,29,5,12,21,0,22
Merrimack,2026-03-08,Marist,88.0,86.5,17,8,6,16,0,1
Merrimack,2026-03-10,Siena,86.3,102.3,31,4,5,17,0,-10
Miami (FL),2025-11-03,Jacksonville,117.6,94.4,14,15,7,23,1,17
Miami (FL),2025-11-06,Bethune-Cookman,136.0,82.2,17,6,10,34,1,40
Miami (FL),2025-11-10,Stetson,127.7,76.4,23,12,9,33,1,41
Miami (FL),2025-11-16,Florida,85.2,102.8,17,10,12,23,0,-14
Miami (FL),2025-11-20,Elon,134.3,97.6,24,9,13,21,1,27
Miami (FL),2025-11-23,Delaware State,135.6,57.3,23,11,10,32,1,56
Miami (FL),2025-11-27,Brigham Young,88.8,103.2,22,10,15,22,0,-10
Miami (FL),2025-11-28,Georgetown,119.1,99.2,10,15,8,25,0,13
Miami (FL),2025-12-02,Ole Miss,106.1,93.4,25,18,11,25,-1,9
Miami (FL),2025-12-06,Southern Mississippi,115.5,84.0,20,12,12,19,1,24
Miami (FL),2025-12-13,Louisiana–Monroe,144.7,109.9,25,8,13,29,1,25
Miami (FL),2025-12-16,Florida International,126.7,104.7,23,11,12,22,1,17
Miami (FL),2025-12-21,North Florida,137.8,87.9,25,10,15,28,1,38
Miami (FL),2025-12-30,Pittsburgh,113.9,103.4,22,10,14,27,1,7
Miami (FL),2026-01-07,Wake Forest,116.6,110.9,18,13,11,23,-1,4
Miami (FL),2026-01-10,Georgia Tech,123.0,109.4,25,7,7,23,1,10
Miami (FL),2026-01-13,Notre Dame,116.9,99.6,22,8,5,20,-1,12
Miami (FL),2026-01-17,Clemson,91.2,106.6,24,16,10,22,-1,-10
Miami (FL),2026-01-20,Florida State,89.8,92.7,16,14,5,23,1,-2
Miami (FL),2026-01-24,Syracuse,120.4,107.6,13,15,5,27,-1,9
Miami (FL),2026-01-28,Stanford,114.1,101.1,15,8,11,21,1,9
Miami (FL),2026-01-31,California,123.3,124.8,12,7,7,25,1,-1
Miami (FL),2026-02-07,Boston College,106.0,97.4,15,13,9,32,-1,6
Miami (FL),2026-02-10,North Carolina,103.0,90.6,13,8,8,27,1,9
Miami (FL),2026-02-14,NC State,115.2,113.8,17,9,17,20,-1,1
Miami (FL),2026-02-17,Virginia Tech,108.4,106.8,16,9,11,20,1,1
Miami (FL),2026-02-21,Virginia,125.2,129.7,18,9,10,15,-1,-3
Miami (FL),2026-02-24,Florida State,115.6,101.7,21,17,15,26,-1,10
Miami (FL),2026-02-28,Boston College,114.9,81.7,20,11,12,19,1,22
Miami (FL),2026-03-04,SMU,109.4,98.0,18,15,10,24,-1,8
Miami (FL),2026-03-07,Louisville,137.0,141.6,19,8,8,17,1,-3
Miami (FL),2026-03-12,Louisville,113.2,105.9,13,8,9,20,0,5
Miami (FL),2026-03-13,Virginia,97.0,131.4,20,7,7,14,0,-22
Miami (FL),2026-03-20,Missouri,115.7,95.4,24,9,13,29,0,14
Miami (FL),2026-03-22,Purdue,103.6,118.6,19,12,12,18,0,-10
Miami (OH),2025-11-03,Old Dominion,115.7,95.7,24,12,8,23,1,15
Miami (OH),2025-11-07,Trinity Christian,155.4,59.0,30,14,11,38,1,80
Miami (OH),2025-11-15,Air Force,111.1,89.2,31,11,8,28,-1,15
Miami (OH),2025-11-20,Mercyhurst,116.1,108.5,22,11,7,22,1,5
Miami (OH),2025-11-23,Arkansas–Pine Bluff,134.5,101.8,23,9,6,31,1,27
Miami (OH),2025-11-26,UNC Greensboro,114.4,99.0,34,8,6,22,0,11
Miami (OH),2025-12-02,IU East,132.9,79.2,33,10,15,36,1,44
Miami (OH),2025-12-06,Maine,126.2,82.8,32,15,12,25,1,32
Miami (OH),2025-12-10,UNC Asheville,117.0,113.1,26,3,4,25,-1,3
Miami (OH),2025-12-13,Eastern Kentucky,115.6,100.9,25,9,6,24,-1,10
Miami (OH),2025-12-16,Wright State,112.4,102.9,19,11,1,26,-1,7
Miami (OH),2025-12-20,Ball State,123.7,110.8,24,12,3,27,-1,9
Miami (OH),2025-12-22,Milligan,170.5,102.3,30,6,2,30,1,54
Miami (OH),2025-12-30,Bowling Green,122.1,109.0,23,15,7,25,-1,10
Miami (OH),2026-01-03,Akron,104.8,100.7,35,13,9,23,1,3
Miami (OH),2026-01-06,Western Michigan,114.0,99.6,26,14,8,29,1,11
Miami (OH),2026-01-09,Toledo,123.1,103.3,31,8,7,27,-1,14
Miami (OH),2026-01-13,Central Michigan,142.9,87.1,23,9,5,27,1,39
Miami (OH),2026-01-17,Buffalo,124.1,120.5,29,11,4,25,1,3
Miami (OH),2026-01-20,Kent State,126.7,119.6,31,6,8,21,-1,6
Miami (OH),2026-01-27,Massachusetts,128.2,125.3,29,8,10,19,1,2
Miami (OH),2026-01-31,Northern Illinois,114.4,82.1,28,9,9,28,1,24
Miami (OH),2026-02-03,Buffalo,103.3,100.4,22,13,4,22,-1,2
Miami (OH),2026-02-07,Marshall,124.1,102.0,18,13,10,25,-1,16
Miami (OH),2026-02-13,Ohio,123.5,101.5,18,9,6,28,1,16
Miami (OH),2026-02-17,Massachusetts,118.4,106.0,23,6,1,21,-1,9
Miami (OH),2026-02-20,Bowling Green,121.4,102.7,30,11,7,26,1,14
Miami (OH),2026-02-24,Eastern Michigan,100.7,87.1,28,4,9,31,-1,10
Miami (OH),2026-02-27,Western Michigan,100.5,97.5,15,8,2,24,-1,2
Miami (OH),2026-03-03,Toledo,104.5,101.7,32,15,5,21,1,2
Miami (OH),2026-03-06,Ohio,129.1,126.8,26,8,10,26,-1,2
Miami (OH),2026-03-12,Massachusetts,118.5,124.2,33,8,7,12,0,-4
Miami (OH),2026-03-18,SMU,131.3,116.5,41,4,11,21,0,10
Miami (OH),2026-03-20,Tennessee,84.0,116.9,29,11,8,14,0,-22
Michigan,2025-11-03,Oakland,154.8,99.8,35,8,4,34,1,43
Michigan,2025-11-11,Wake Forest,95.7,94.6,25,17,12,33,0,1
Michigan,2025-11-14,TCU,94.6,89.0,16,21,14,28,-1,4
Michigan,2025-11-19,Middle Tennessee,108.1,76.7,25,12,11,34,1,25
Michigan,2025-11-24,San Diego State,122.8,70.6,33,12,14,33,0,40
Michigan,2025-11-25,Auburn,138.7,97.9,35,9,13,35,0,30
Michigan,2025-11-26,Gonzaga,123.9,74.8,27,14,5,37,0,40
Michigan,2025-12-06,Rutgers,136.1,80.9,29,11,10,27,1,41
Michigan,2025-12-09,Villanova,112.3,77.0,33,12,12,35,1,28
Michigan,2025-12-13,Maryland,141.6,116.4,19,9,5,20,-1,18
Michigan,2025-12-21,La Salle,135.7,66.5,29,9,11,29,1,52
Michigan,2025-12-29,McNeese State,131.9,83.6,23,14,13,40,1,41
Michigan,2026-01-02,Southern California,112.1,77.1,30,11,10,28,1,30
Michigan,2026-01-06,Penn State,104.3,101.4,27,12,7,26,-1,2
Michigan,2026-01-10,Wisconsin,116.3,120.3,25,9,6,21,1,-3
Michigan,2026-01-14,Washington,112.1,98.4,23,8,12,25,-1,10
Michigan,2026-01-17,Oregon,113.4,99.4,23,14,8,21,-1,10
Michigan,2026-01-20,Indiana,121.8,102.0,25,13,11,29,1,14
Michigan,2026-01-23,Ohio State,109.5,91.7,23,14,12,23,1,12
Michigan,2026-01-27,Nebraska,102.9,98.7,26,19,8,24,1,3
Michigan,2026-01-30,Michigan State,112.8,96.5,21,12,8,22,-1,12
Michigan,2026-02-05,Penn State,151.3,94.9,29,9,9,30,1,41
Michigan,2026-02-08,Ohio State,122.5,91.1,23,7,15,26,-1,21
Michigan,2026-02-11,Northwestern,110.5,95.3,29,12,12,26,-1,12
Michigan,2026-02-14,UCLA,131.2,85.5,19,8,6,22,1,30
Michigan,2026-02-17,Purdue,126.9,111.6,23,14,12,24,-1,11
Michigan,2026-02-21,Duke,101.1,109.1,25,7,7,18,0,-5
Michigan,2026-02-24,Minnesota,118.3,102.9,33,14,9,28,1,10
Michigan,2026-02-27,Illinois,125.6,104.7,22,10,10,20,-1,14
Michigan,2026-03-05,Iowa,109.1,104.5,12,16,6,30,-1,3
Michigan,2026-03-08,Michigan State,124.8,110.9,22,10,7,22,1,10
Michigan,2026-03-13,Ohio State,105.2,99.3,17,9,6,25,0,4
Michigan,2026-03-14,Wisconsin,99.9,95.5,25,14,9,28,0,3
Michigan,2026-03-15,Purdue,114.0,126.7,24,7,10,21,0,-8
Michigan,2026-03-19,Howard,142.7,113.0,24,10,4,30,0,21
Michigan,2026-03-21,Saint Louis,131.9,100.0,23,9,9,31,0,23
Michigan,2026-03-27,Alabama,121.5,103.9,27,8,10,30,0,13
Michigan,2026-03-29,Tennessee,125.3,81.8,27,10,7,31,0,33
Michigan,2026-04-04,Arizona,115.2,92.4,27,13,10,28,0,18
Michigan St.,2026-03-27,Connecticut,96.8,103.0,16,9,9,25,0,-4
Michigan State,2025-11-03,Colgate,116.4,100.4,21,9,19,27,1,11
Michigan State,2025-11-08,Arkansas,97.7,93.4,14,14,16,23,1,3
Michigan State,2025-11-13,San Jose State,119.3,90.6,25,9,12,30,1,19
Michigan State,2025-11-18,Kentucky,114.3,90.9,22,12,7,30,0,17
Michigan State,2025-11-21,Detroit Mercy,119.9,79.9,27,12,15,24,1,28
Michigan State,2025-11-25,East Carolina,117.8,74.1,28,11,12,25,0,33
Michigan State,2025-11-27,North Carolina,116.2,91.1,10,10,9,24,0,16
Michigan State,2025-12-02,Iowa,118.4,86.7,12,14,12,21,1,19
Michigan State,2025-12-06,Duke,90.5,99.6,22,5,11,30,1,-6
Michigan State,2025-12-13,Penn State,108.4,102.7,18,16,8,27,-1,4
Michigan State,2025-12-16,Toledo,125.9,94.5,23,15,16,35,1,23
Michigan State,2025-12-20,Oakland,113.6,100.6,22,11,15,25,0,9
Michigan State,2025-12-29,Cornell,136.2,115.9,28,12,13,30,1,17
Michigan State,2026-01-02,Nebraska,86.6,89.7,28,19,11,32,-1,-2
Michigan State,2026-01-05,Southern California,113.4,72.3,22,11,10,28,1,29
Michigan State,2026-01-08,Northwestern,115.0,99.9,18,12,11,30,1,10
Michigan State,2026-01-13,Indiana,123.1,91.2,26,14,10,23,1,21
Michigan State,2026-01-17,Washington,114.5,90.2,19,5,8,25,-1,17
Michigan State,2026-01-20,Oregon,116.7,89.3,20,9,6,23,-1,16
Michigan State,2026-01-24,Maryland,146.5,77.3,19,7,8,26,1,43
Michigan State,2026-01-27,Rutgers,123.7,111.1,22,14,13,31,-1,9
Michigan State,2026-01-30,Michigan,96.5,112.8,23,12,13,19,1,-12
Michigan State,2026-02-04,Minnesota,113.4,118.0,24,8,9,25,-1,-3
Michigan State,2026-02-07,Illinois,117.8,113.6,24,8,14,33,1,3
Michigan State,2026-02-13,Wisconsin,102.5,132.8,27,9,12,23,-1,-21
Michigan State,2026-02-17,UCLA,126.2,90.8,27,13,7,27,1,23
Michigan State,2026-02-22,Ohio State,107.4,97.6,15,8,12,28,1,6
Michigan State,2026-02-26,Purdue,123.7,120.4,19,4,6,17,-1,2
Michigan State,2026-03-01,Indiana,126.0,104.7,24,9,9,21,-1,13
Michigan State,2026-03-05,Rutgers,125.3,119.8,12,15,10,25,1,4
Michigan State,2026-03-08,Michigan,110.9,124.8,18,7,9,19,-1,-10
Michigan State,2026-03-13,UCLA,124.0,129.9,23,12,14,18,0,-4
Michigan State,2026-03-19,North Dakota State,123.0,89.6,20,12,3,31,0,25
Michigan State,2026-03-21,Louisville,113.3,101.6,26,14,8,26,0,8
Middle Tennessee,2025-11-05,Milligan,128.9,65.7,41,6,11,34,1,49
Middle Tennessee,2025-11-08,Webster,133.5,68.6,40,9,18,26,1,53
Middle Tennessee,2025-11-12,Evansville,107.3,100.4,26,11,9,23,-1,5
Middle Tennessee,2025-11-19,Michigan,76.7,108.1,37,14,10,24,-1,-25
Middle Tennessee,2025-11-23,Murray State,118.2,114.2,16,9,15,26,0,3
Middle Tennessee,2025-11-24,George Washington,109.5,127.5,19,14,4,22,0,-13
Middle Tennessee,2025-11-25,McNeese State,104.6,121.5,22,9,10,15,0,-10
Middle Tennessee,2025-12-01,UAB,112.3,90.1,20,8,9,25,1,15
Middle Tennessee,2025-12-07,Belmont,88.7,118.8,38,7,11,26,1,-21
Middle Tennessee,2025-12-17,Kennesaw State,92.7,91.4,22,13,11,21,1,1
Middle Tennessee,2025-12-21,Cumberland (TN),111.6,87.5,26,13,12,22,1,16
Middle Tennessee,2025-12-29,Houston,98.4,113.2,28,18,10,18,-1,-9
Middle Tennessee,2026-01-02,Louisiana Tech,144.5,83.7,44,7,7,22,1,37
Middle Tennessee,2026-01-04,Sam Houston State,97.5,96.1,29,10,6,22,1,1
Middle Tennessee,2026-01-08,UTEP,111.8,115.9,25,9,5,23,-1,-3
Middle Tennessee,2026-01-10,New Mexico State,91.6,85.4,19,7,5,28,-1,4
Middle Tennessee,2026-01-14,Louisiana Tech,88.9,90.4,20,12,10,29,-1,-1
Middle Tennessee,2026-01-17,Missouri State,118.2,114.3,28,15,8,26,1,3
Middle Tennessee,2026-01-23,Jacksonville State,93.0,120.3,23,7,6,19,-1,-17
Middle Tennessee,2026-01-29,Liberty,104.5,130.3,27,11,10,21,1,-16
Middle Tennessee,2026-01-31,Western Kentucky,89.2,96.6,19,12,8,31,1,-5
Middle Tennessee,2026-02-04,Florida International,100.4,105.2,44,11,7,29,1,-4
Middle Tennessee,2026-02-07,Delaware,130.4,131.9,33,8,14,15,-1,-1
Middle Tennessee,2026-02-12,Kennesaw State,125.6,121.4,22,12,6,20,-1,3
Middle Tennessee,2026-02-14,Western Kentucky,113.2,116.0,27,10,11,20,-1,-2
Middle Tennessee,2026-02-18,Sam Houston State,98.4,109.7,25,6,7,22,-1,-8
Middle Tennessee,2026-02-21,Delaware,124.8,105.6,29,5,13,22,1,12
Middle Tennessee,2026-02-26,UTEP,113.6,98.9,24,13,11,22,1,10
Middle Tennessee,2026-02-28,New Mexico State,115.1,113.8,22,14,9,25,1,1
Middle Tennessee,2026-03-05,Florida International,104.6,96.0,30,13,12,22,-1,6
Middle Tennessee,2026-03-07,Missouri State,111.4,93.6,21,8,3,28,-1,12
Middle Tennessee,2026-03-12,Louisiana Tech,100.2,116.2,27,16,7,15,0,-11
Milwaukee,2025-11-03,Hampton,110.4,105.5,29,9,18,27,1,4
Milwaukee,2025-11-08,Wofford,101.8,115.2,18,7,6,20,-1,-10
Milwaukee,2025-11-10,Little Rock,130.5,102.1,30,11,7,21,1,20
Milwaukee,2025-11-12,Indiana,95.6,138.0,17,14,10,17,-1,-31
Milwaukee,2025-11-14,Texas Tech,97.1,123.3,17,11,8,20,-1,-17
Milwaukee,2025-11-22,Wichita State,86.6,112.0,23,11,10,24,-1,-17
Milwaukee,2025-11-25,Dominican (IL),150.1,84.0,19,7,18,34,1,55
Milwaukee,2025-11-29,Akron,102.8,133.2,38,12,18,12,-1,-24
Milwaukee,2025-12-06,Robert Morris,101.1,98.4,29,8,8,23,1,2
Milwaukee,2025-12-14,Indiana State,102.4,105.4,26,6,13,20,1,-2
Milwaukee,2025-12-19,South Dakota State,129.2,127.7,26,9,19,22,0,1
Milwaukee,2025-12-21,Cleveland State,121.6,106.6,32,5,14,28,-1,10
Milwaukee,2025-12-29,Purdue Fort Wayne,112.5,80.4,25,15,16,32,1,22
Milwaukee,2025-12-30,Wisconsin,79.4,105.8,22,15,12,25,-1,-20
Milwaukee,2026-01-01,Wright State,103.6,112.5,14,6,8,20,-1,-6
Milwaukee,2026-01-05,Green Bay,118.9,123.6,22,10,7,17,-1,-3
Milwaukee,2026-01-09,Northern Kentucky,103.4,131.1,24,8,7,18,1,-18
Milwaukee,2026-01-11,IU Indy,136.2,119.0,24,12,14,23,1,12
Milwaukee,2026-01-15,Oakland,79.0,96.1,20,13,15,25,1,-13
Milwaukee,2026-01-18,Purdue Fort Wayne,111.6,136.1,17,13,9,23,-1,-18
Milwaukee,2026-01-22,Robert Morris,107.6,124.5,27,10,8,16,-1,-12
Milwaukee,2026-01-24,Youngstown State,93.5,92.0,20,11,7,22,-1,1
Milwaukee,2026-01-30,Wright State,95.4,105.1,25,9,13,25,1,-7
Milwaukee,2026-02-01,Cleveland State,121.2,124.0,29,10,9,21,1,-2
Milwaukee,2026-02-04,Detroit Mercy,98.6,119.0,20,10,9,18,1,-13
Milwaukee,2026-02-07,Northern Kentucky,96.8,104.6,19,11,5,19,-1,-5
Milwaukee,2026-02-10,IU Indy,117.2,112.1,19,11,11,28,-1,4
Milwaukee,2026-02-15,Green Bay,121.8,117.0,15,6,6,20,1,3
Milwaukee,2026-02-20,Detroit Mercy,120.0,126.9,26,10,12,17,-1,-5
Milwaukee,2026-02-22,Oakland,100.9,116.7,29,15,11,21,-1,-11
Milwaukee,2026-02-25,Youngstown State,112.3,93.6,21,11,4,27,1,13
Milwaukee,2026-03-04,Detroit Mercy,91.0,121.3,22,6,8,20,-1,-21
Minnesota,2025-11-03,Gardner-Webb,116.7,80.5,21,14,11,30,1,27
Minnesota,2025-11-08,Alcorn State,134.1,70.6,16,11,18,30,1,45
Minnesota,2025-11-12,Missouri,95.6,132.2,23,10,11,20,-1,-23
Minnesota,2025-11-15,Green Bay,98.0,88.5,22,8,9,29,1,7
Minnesota,2025-11-18,Chicago State,101.1,82.7,28,11,10,25,1,12
Minnesota,2025-11-22,San Francisco,102.1,121.0,14,12,9,17,0,-12
Minnesota,2025-11-27,Stanford,104.5,110.7,20,14,5,17,0,-4
Minnesota,2025-11-28,Santa Clara,110.3,126.4,24,11,10,20,0,-11
Minnesota,2025-12-03,Indiana,108.7,95.3,21,16,8,28,1,9
Minnesota,2025-12-10,Purdue,88.0,131.2,25,8,5,17,-1,-28
Minnesota,2025-12-14,Texas Southern,128.0,76.2,34,10,9,26,1,36
Minnesota,2025-12-21,Campbell,127.6,81.8,20,11,7,21,1,28
Minnesota,2025-12-29,FDU,93.5,67.0,32,11,8,23,1,17
Minnesota,2026-01-03,Northwestern,126.5,117.4,18,9,5,23,-1,6
Minnesota,2026-01-06,Iowa,100.4,96.1,20,10,3,22,1,3
Minnesota,2026-01-09,Southern California,99.1,100.6,35,10,10,18,1,-1
Minnesota,2026-01-13,Wisconsin,118.2,122.9,18,5,4,22,1,-3
Minnesota,2026-01-17,Illinois,106.8,122.8,35,7,11,18,-1,-10
Minnesota,2026-01-20,Ohio State,103.9,115.1,27,7,8,22,-1,-8
Minnesota,2026-01-24,Nebraska,86.4,115.2,31,12,3,23,1,-19
Minnesota,2026-01-28,Wisconsin,101.1,107.5,27,8,5,23,-1,-4
Minnesota,2026-02-01,Penn State,112.5,115.5,27,12,8,20,-1,-2
Minnesota,2026-02-04,Michigan State,118.0,113.4,21,5,2,20,1,3
Minnesota,2026-02-08,Maryland,107.2,115.8,33,9,6,17,1,-5
Minnesota,2026-02-14,Washington,92.8,112.3,28,12,5,13,-1,-12
Minnesota,2026-02-17,Oregon,104.5,75.4,29,11,12,21,-1,17
Minnesota,2026-02-21,Rutgers,135.4,103.3,26,9,4,25,1,19
Minnesota,2026-02-24,Michigan,102.9,118.3,34,8,1,15,-1,-10
Minnesota,2026-02-28,UCLA,136.7,127.9,23,3,2,17,1,5
Minnesota,2026-03-04,Indiana,76.7,125.7,21,9,6,16,-1,-30
Minnesota,2026-03-07,Northwestern,120.4,118.7,17,8,4,18,1,1
Minnesota,2026-03-11,Rutgers,103.3,111.0,21,15,4,19,0,-5
Minnesota,2026-04-01,Baylor,79.4,110.8,23,8,4,24,0,-19
Mississippi State,2025-11-05,North Alabama,116.9,84.3,27,7,17,33,1,24
Mississippi State,2025-11-10,Iowa State,102.9,123.5,27,26,14,22,0,-16
Mississippi State,2025-11-15,Southeastern Louisiana,101.0,91.6,24,15,7,33,1,7
Mississippi State,2025-11-20,Kansas State,100.6,128.0,25,13,8,24,0,-21
Mississippi State,2025-11-21,New Mexico,107.5,110.3,29,7,7,28,0,-2
Mississippi State,2025-11-24,New Orleans,100.7,97.0,31,14,12,26,1,3
Mississippi State,2025-11-28,SMU,100.1,107.5,28,7,7,31,1,-6
Mississippi State,2025-12-03,Georgia Tech,109.7,94.2,22,13,9,33,-1,12
Mississippi State,2025-12-07,San Francisco,99.6,104.4,28,5,12,27,0,-3
Mississippi State,2025-12-13,Utah,114.1,103.0,25,8,5,22,0,8
Mississippi State,2025-12-16,LIU,118.0,112.6,20,9,8,28,1,4
Mississippi State,2025-12-20,Memphis,99.7,92.6,21,15,9,23,1,5
Mississippi State,2025-12-29,Alabama State,134.5,80.1,25,10,16,29,1,38
Mississippi State,2026-01-03,Texas,120.4,116.9,33,10,17,24,-1,3
Mississippi State,2026-01-07,Oklahoma,105.0,77.3,15,9,15,27,1,19
Mississippi State,2026-01-10,Kentucky,97.6,132.1,20,15,8,19,-1,-24
Mississippi State,2026-01-13,Alabama,105.4,124.7,28,4,14,25,1,-15
Mississippi State,2026-01-17,Ole Miss,95.3,96.7,27,7,12,32,1,-1
Mississippi State,2026-01-21,Texas A&M,96.1,124.4,23,11,9,26,-1,-20
Mississippi State,2026-01-24,Vanderbilt,75.0,117.9,26,16,7,24,1,-32
Mississippi State,2026-01-28,Louisiana State,115.6,95.4,21,15,11,28,-1,14
Mississippi State,2026-01-31,Missouri,107.3,114.1,28,13,10,23,-1,-5
Mississippi State,2026-02-07,Arkansas,94.2,121.9,15,10,7,23,1,-20
Mississippi State,2026-02-11,Tennessee,91.0,103.7,22,11,7,23,1,-9
Mississippi State,2026-02-14,Ole Miss,124.6,108.0,24,9,5,32,-1,12
Mississippi State,2026-02-18,Auburn,131.1,122.5,30,6,7,25,1,6
Mississippi State,2026-02-21,South Carolina,121.0,131.9,33,6,13,21,-1,-8
Mississippi State,2026-02-25,Alabama,97.5,130.0,41,12,10,23,-1,-25
Mississippi State,2026-02-28,Missouri,90.4,124.3,19,17,6,16,1,-24
Mississippi State,2026-03-03,Florida,97.3,142.0,26,13,5,17,-1,-34
Mississippi State,2026-03-07,Georgia,122.7,130.3,23,15,7,24,1,-6
Mississippi State,2026-03-11,Auburn,83.2,107.8,23,11,8,26,0,-18
Mississippi Valley State,2025-11-03,UAB,64.1,123.5,21,26,4,22,-1,-51
Mississippi Valley State,2025-11-05,MUW,120.1,75.5,33,15,12,29,1,36
Mississippi Valley State,2025-11-07,Murray State,74.1,133.5,15,22,12,23,-1,-48
Mississippi Valley State,2025-11-13,Hawaii,81.2,127.6,16,8,8,14,-1,-32
Mississippi Valley State,2025-11-14,Utah Tech,103.8,112.1,24,8,7,25,0,-6
Mississippi Valley State,2025-11-15,Manhattan,111.9,122.7,16,13,7,14,0,-7
Mississippi Valley State,2025-11-22,Cal State Bakersfield,92.3,113.4,10,12,8,24,-1,-16
Mississippi Valley State,2025-11-25,Texas A&M,96.1,137.3,22,29,10,21,-1,-36
Mississippi Valley State,2025-12-03,Louisiana–Monroe,78.2,99.3,17,10,10,17,-1,-14
Mississippi Valley State,2025-12-08,Kansas State,63.1,139.2,18,18,9,16,-1,-59
Mississippi Valley State,2025-12-16,Tarleton State,83.6,114.9,13,26,5,18,1,-24
Mississippi Valley State,2025-12-19,Florida State,65.0,127.3,18,25,7,16,-1,-47
Mississippi Valley State,2025-12-22,West Virginia,84.9,143.1,9,8,9,14,-1,-35
Mississippi Valley State,2025-12-29,Oklahoma,111.6,150.4,16,10,5,10,-1,-24
Mississippi Valley State,2026-01-03,Alabama State,95.1,122.7,15,17,6,14,1,-20
Mississippi Valley State,2026-01-05,Alabama A&M,71.4,99.4,19,18,7,19,1,-20
Mississippi Valley State,2026-01-10,Prairie View A&M,97.1,98.5,18,16,11,31,-1,-1
Mississippi Valley State,2026-01-12,Texas Southern,75.4,124.2,10,17,10,18,-1,-33
Mississippi Valley State,2026-01-17,Bethune-Cookman,94.8,118.8,22,6,4,13,1,-16
Mississippi Valley State,2026-01-19,Florida A&M,73.4,94.8,20,11,5,18,1,-14
Mississippi Valley State,2026-01-28,Southern,98.2,113.8,24,13,8,22,-1,-11
Mississippi Valley State,2026-01-31,Arkansas–Pine Bluff,96.9,108.0,10,15,4,25,1,-8
Mississippi Valley State,2026-02-07,Jackson State,103.2,123.5,19,9,8,19,1,-16
Mississippi Valley State,2026-02-09,Alcorn State,108.7,121.9,14,11,11,22,1,-8
Mississippi Valley State,2026-02-14,Alabama A&M,101.8,112.7,10,10,7,19,-1,-7
Mississippi Valley State,2026-02-16,Alabama State,75.1,125.6,15,10,5,18,-1,-37
Mississippi Valley State,2026-02-19,Prairie View A&M,90.6,105.2,19,11,7,21,1,-10
Mississippi Valley State,2026-02-21,Texas Southern,103.7,102.3,18,11,7,20,1,1
Mississippi Valley State,2026-02-23,Grambling State,79.1,105.8,24,16,9,23,-1,-21
Mississippi Valley State,2026-02-28,Arkansas–Pine Bluff,98.3,96.9,17,17,10,23,-1,1
Mississippi Valley State,2026-03-03,Alcorn State,97.5,102.1,11,15,6,18,-1,-3
Mississippi Valley State,2026-03-05,Jackson State,114.9,126.9,18,12,3,18,-1,-8
Mississippi Valley State,2026-03-09,Grambling State,76.2,112.8,15,17,11,21,0,-25
Missouri,2025-11-03,Howard,120.1,91.4,19,16,15,29,-1,21
Missouri,2025-11-07,Southeast Missouri State,110.8,104.5,15,19,8,19,1,5
Missouri,2025-11-09,VMI,140.3,90.0,21,11,17,32,1,38
Missouri,2025-11-12,Minnesota,132.2,95.6,22,8,2,22,1,23
Missouri,2025-11-17,Prairie View A&M,117.8,94.5,23,13,11,34,1,18
Missouri,2025-11-20,South Dakota,133.1,88.8,11,17,10,26,1,34
Missouri,2025-11-25,South Carolina State,136.0,91.6,25,9,17,26,1,32
Missouri,2025-11-28,Cleveland State,115.9,79.5,38,16,13,28,1,27
Missouri,2025-12-02,Notre Dame,99.7,106.7,21,11,4,19,-1,-5
Missouri,2025-12-07,Kansas,88.0,117.4,27,10,13,19,-1,-20
Missouri,2025-12-11,Alabama State,133.5,121.0,16,10,6,16,1,8
Missouri,2025-12-14,Bethune-Cookman,122.2,89.4,19,15,10,20,1,22
Missouri,2025-12-22,Illinois,75.2,142.6,22,8,8,12,0,-43
Missouri,2026-01-03,Florida,112.8,109.8,22,7,10,21,1,2
Missouri,2026-01-07,Kentucky,105.8,98.6,17,11,2,24,-1,5
Missouri,2026-01-10,Ole Miss,101.9,112.2,24,12,7,25,-1,-7
Missouri,2026-01-14,Auburn,119.1,104.9,19,13,4,24,1,10
Missouri,2026-01-17,Louisiana State,111.8,124.6,18,12,9,20,-1,-8
Missouri,2026-01-20,Georgia,101.6,104.5,25,11,11,23,1,-2
Missouri,2026-01-24,Oklahoma,115.1,113.8,21,12,15,23,1,1
Missouri,2026-01-27,Alabama,86.3,121.4,21,12,14,27,-1,-26
Missouri,2026-01-31,Mississippi State,114.1,107.3,26,9,12,24,1,5
Missouri,2026-02-07,South Carolina,118.1,89.3,19,12,16,27,-1,19
Missouri,2026-02-11,Texas A&M,131.0,129.5,21,8,15,21,-1,1
Missouri,2026-02-14,Texas,101.5,126.9,10,9,4,16,1,-17
Missouri,2026-02-18,Vanderbilt,112.7,111.3,20,13,6,23,1,1
Missouri,2026-02-21,Arkansas,123.0,134.5,21,9,4,17,-1,-8
Missouri,2026-02-24,Tennessee,108.9,102.9,17,8,6,21,1,4
Missouri,2026-02-28,Mississippi State,124.3,90.4,20,12,11,23,-1,24
Missouri,2026-03-03,Oklahoma,99.1,123.9,24,15,8,14,-1,-16
Missouri,2026-03-07,Arkansas,107.1,112.2,20,12,7,24,1,-4
Missouri,2026-03-12,Kentucky,102.2,110.8,13,15,10,24,0,-6
Missouri,2026-03-20,Miami (FL),95.4,115.7,28,9,6,23,0,-14
Missouri State,2025-11-04,Mo. Southern St.,111.6,88.8,31,8,19,30,1,18
Missouri State,2025-11-08,Northwestern Oklahoma St.,137.3,73.8,25,12,12,37,1,49
Missouri State,2025-11-11,Arkansas State,107.4,108.6,21,11,7,24,1,-1
Missouri State,2025-11-15,UT Arlington,68.8,94.1,14,16,4,23,-1,-18
Missouri State,2025-11-22,Texas–Rio Grande Valley,112.7,102.0,32,6,7,16,1,7
Missouri State,2025-11-24,LIU,95.0,116.8,22,9,11,12,1,-14
Missouri State,2025-11-30,Northeastern St.,135.0,104.2,24,10,15,24,1,21
Missouri State,2025-12-06,Tulsa,103.3,136.8,26,14,4,16,-1,-24
Missouri State,2025-12-12,Xavier,87.8,115.5,14,13,8,24,-1,-18
Missouri State,2025-12-16,Oral Roberts,99.3,97.7,24,10,8,19,1,1
Missouri State,2025-12-23,Lindenwood,98.8,91.8,27,7,10,28,1,5
Missouri State,2025-12-29,Delaware,101.1,71.3,22,8,7,25,-1,18
Missouri State,2026-01-02,UTEP,135.2,94.1,19,10,12,16,1,24
Missouri State,2026-01-04,New Mexico State,121.5,112.0,21,11,10,17,1,7
Missouri State,2026-01-07,Kennesaw State,102.6,115.4,23,13,13,18,-1,-10
Missouri State,2026-01-10,Florida International,107.7,96.8,31,16,10,26,1,8
Missouri State,2026-01-14,Western Kentucky,109.7,132.5,35,11,11,15,-1,-15
Missouri State,2026-01-17,Middle Tennessee,114.3,118.2,25,10,12,14,-1,-3
Missouri State,2026-01-22,New Mexico State,126.0,112.5,23,10,10,23,-1,9
Missouri State,2026-01-24,UTEP,93.9,86.3,18,15,5,29,-1,5
Missouri State,2026-01-28,Sam Houston State,103.2,116.3,15,12,9,16,1,-9
Missouri State,2026-01-31,Jacksonville State,105.1,95.2,24,11,10,14,1,7
Missouri State,2026-02-07,Liberty,109.6,114.0,17,10,10,21,-1,-3
Missouri State,2026-02-12,Louisiana Tech,91.3,92.5,31,16,18,24,1,-1
Missouri State,2026-02-14,Delaware,105.0,119.1,28,7,10,20,1,-9
Missouri State,2026-02-18,Kennesaw State,118.6,124.1,24,9,6,19,1,-4
Missouri State,2026-02-21,Florida International,95.5,99.7,24,14,7,20,-1,-3
Missouri State,2026-02-26,Louisiana Tech,104.6,107.6,17,13,12,18,-1,-2
Missouri State,2026-02-28,Sam Houston State,113.1,120.0,21,8,8,17,-1,-5
Missouri State,2026-03-05,Western Kentucky,128.9,109.6,21,7,7,22,1,13
Missouri State,2026-03-07,Middle Tennessee,93.6,111.4,23,9,6,23,1,-12
Missouri State,2026-03-10,Florida International,113.4,108.9,26,12,5,16,0,3
Missouri State,2026-03-11,Liberty,116.0,104.0,16,10,4,25,0,8
Missouri State,2026-03-13,Louisiana Tech,112.2,117.3,26,6,8,13,0,-3
Monmouth,2025-11-04,Caldwell,118.8,84.1,23,14,17,35,1,28
Monmouth,2025-11-08,La Salle,85.5,104.0,21,16,9,21,-1,-13
Monmouth,2025-11-13,Seton Hall,84.3,101.7,13,20,6,26,-1,-12
Monmouth,2025-11-18,Syracuse,102.4,109.4,24,11,8,23,-1,-5
Monmouth,2025-11-23,Robert Morris,101.8,100.3,20,11,13,23,1,1
Monmouth,2025-11-28,Ball State,118.6,108.2,21,9,11,25,0,7
Monmouth,2025-11-29,Le Moyne,116.4,122.3,20,8,15,21,0,-4
Monmouth,2025-11-30,Lafayette,123.8,104.1,14,11,4,24,-1,14
Monmouth,2025-12-03,Princeton,93.8,86.4,14,9,5,22,1,5
Monmouth,2025-12-06,Georgia Tech,94.7,111.7,22,4,14,18,-1,-12
Monmouth,2025-12-14,Fairfield,100.2,112.5,17,9,8,18,-1,-8
Monmouth,2025-12-17,Quinnipiac,102.7,116.4,15,12,11,17,1,-10
Monmouth,2025-12-21,Lehigh,109.6,89.4,13,14,9,19,1,14
Monmouth,2025-12-31,Campbell,99.5,104.1,14,7,9,23,1,-3
Monmouth,2026-01-03,Towson,96.2,74.5,17,14,7,25,-1,14
Monmouth,2026-01-08,William & Mary,111.6,96.4,25,10,12,25,1,11
Monmouth,2026-01-10,Hofstra,89.1,93.3,23,11,7,27,-1,-3
Monmouth,2026-01-15,Drexel,84.9,121.5,14,14,12,17,1,-22
Monmouth,2026-01-19,Northeastern,110.7,92.9,27,9,13,23,1,13
Monmouth,2026-01-22,Hampton,95.3,98.4,21,15,9,23,-1,-2
Monmouth,2026-01-24,Campbell,122.0,101.2,15,16,11,31,-1,15
Monmouth,2026-01-29,North Carolina A&T,112.3,109.6,20,7,9,16,1,2
Monmouth,2026-01-31,Hofstra,88.4,113.2,18,6,6,15,1,-16
Monmouth,2026-02-05,Stony Brook,105.2,103.8,24,9,11,23,-1,1
Monmouth,2026-02-12,Drexel,127.0,99.7,24,9,11,21,-1,20
Monmouth,2026-02-15,Towson,107.4,105.9,28,7,18,17,1,1
Monmouth,2026-02-19,UNC Wilmington,95.1,108.9,21,18,7,28,-1,-10
Monmouth,2026-02-21,College of Charleston,92.8,109.0,23,13,6,26,-1,-11
Monmouth,2026-02-26,Stony Brook,119.6,100.7,30,10,5,25,1,13
Monmouth,2026-02-28,Elon,115.7,90.3,24,12,12,23,1,16
Monmouth,2026-03-03,Northeastern,130.0,121.2,20,6,8,18,-1,6
Monmouth,2026-03-08,Drexel,97.6,85.6,17,14,7,23,0,8
Monmouth,2026-03-09,Campbell,108.5,93.8,18,6,9,12,0,10
Monmouth,2026-03-10,Hofstra,102.4,111.3,23,9,6,21,0,-6
Montana,2025-11-03,Northwest Indian,140.4,54.3,29,9,13,40,1,65
Montana,2025-11-05,Ottawa (AZ),100.8,53.9,24,17,10,41,1,34
Montana,2025-11-08,Stanford,91.2,122.0,20,20,5,28,-1,-23
Montana,2025-11-11,UNLV,125.4,114.4,16,13,8,24,-1,9
Montana,2025-11-14,Cal Poly,107.9,98.4,30,12,7,26,1,8
Montana,2025-11-18,Texas A&M,116.6,123.8,31,12,3,24,-1,-5
Montana,2025-11-23,Lamar,85.1,91.9,22,16,8,25,1,-5
Montana,2025-11-25,Oakland,108.0,117.9,23,14,10,19,1,-8
Montana,2025-12-03,North Dakota State,99.6,112.0,25,14,5,21,1,-9
Montana,2025-12-06,North Dakota,112.1,106.4,24,17,7,23,-1,4
Montana,2025-12-10,Salish Kootenai,136.5,61.5,25,12,2,43,1,56
Montana,2025-12-17,Montana Tech,108.7,118.9,21,10,8,26,1,-7
Montana,2025-12-20,Louisville,71.5,124.4,24,19,4,20,-1,-40
Montana,2026-01-01,Northern Arizona,117.5,96.4,24,13,4,23,1,14
Montana,2026-01-03,Northern Colorado,110.0,98.7,24,11,4,30,1,9
Montana,2026-01-08,Idaho,109.6,101.2,24,13,2,23,-1,6
Montana,2026-01-10,Eastern Washington,102.5,104.0,14,10,7,23,-1,-1
Montana,2026-01-17,Montana State,94.3,107.0,21,15,3,27,-1,-9
Montana,2026-01-19,Northern Arizona,156.5,115.0,22,7,5,24,-1,26
Montana,2026-01-22,Weber State,124.4,99.8,21,15,5,18,1,16
Montana,2026-01-24,Idaho State,101.2,88.0,22,11,4,25,1,9
Montana,2026-01-29,Portland State,90.7,85.0,12,16,3,23,-1,4
Montana,2026-01-31,Sacramento State,108.7,118.3,19,15,10,26,-1,-7
Montana,2026-02-05,Eastern Washington,103.2,114.3,20,17,6,22,1,-8
Montana,2026-02-07,Idaho,99.9,93.0,25,15,5,28,1,5
Montana,2026-02-14,Montana State,104.4,120.5,26,10,3,26,1,-11
Montana,2026-02-19,Idaho State,101.8,107.7,21,14,5,24,-1,-4
Montana,2026-02-21,Weber State,105.1,134.3,24,10,4,13,-1,-20
Montana,2026-02-26,Sacramento State,110.2,99.3,29,13,3,30,1,8
Montana,2026-02-28,Portland State,101.3,93.1,22,14,5,25,1,6
Montana,2026-03-02,Northern Colorado,75.7,113.0,22,13,2,28,-1,-28
Montana,2026-03-09,Northern Colorado,125.7,117.7,21,9,6,26,0,6
Montana,2026-03-10,Portland State,100.5,96.5,25,15,2,29,0,3
Montana,2026-03-11,Idaho,91.6,106.8,25,12,3,22,0,-11
Montana State,2025-11-03,Colorado,112.6,121.2,20,10,5,17,-1,-6
Montana State,2025-11-05,Northwest Indian,166.2,64.1,40,11,13,25,1,70
Montana State,2025-11-09,Denver,113.1,116.2,28,8,8,14,1,-2
Montana State,2025-11-12,Stanford,90.6,102.6,23,14,5,26,-1,-9
Montana State,2025-11-15,Boise State,91.6,97.9,26,7,7,22,-1,-4
Montana State,2025-11-20,Nobel,132.6,79.3,21,10,5,19,0,37
Montana State,2025-11-21,Long Beach State,109.0,100.6,22,8,4,21,-1,6
Montana State,2025-11-29,Utah State,103.9,107.8,36,15,12,27,-1,-3
Montana State,2025-12-03,St. Thomas,118.5,107.0,32,7,7,20,1,8
Montana State,2025-12-06,Oral Roberts,102.6,108.7,30,14,10,18,-1,-4
Montana State,2025-12-13,Oregon State,88.8,104.3,25,10,11,22,-1,-10
Montana State,2025-12-16,Cal Poly,111.7,107.7,36,8,13,22,-1,3
Montana State,2025-12-22,Nw University,123.8,71.9,37,9,12,39,1,39
Montana State,2026-01-01,Northern Colorado,123.8,104.4,28,7,7,23,1,14
Montana State,2026-01-03,Northern Arizona,122.3,108.0,31,8,10,20,1,9
Montana State,2026-01-08,Eastern Washington,104.6,98.4,20,15,8,24,-1,4
Montana State,2026-01-10,Idaho,122.2,126.4,14,11,3,23,-1,-3
Montana State,2026-01-17,Montana,107.0,94.3,20,10,10,26,1,9
Montana State,2026-01-19,Northern Colorado,109.4,101.9,26,5,4,20,-1,5
Montana State,2026-01-22,Idaho State,117.2,98.2,27,6,11,19,1,12
Montana State,2026-01-24,Weber State,130.0,125.7,29,12,9,21,1,3
Montana State,2026-01-29,Sacramento State,112.1,116.3,35,12,14,25,-1,-3
Montana State,2026-01-31,Portland State,85.1,99.3,25,13,12,18,-1,-9
Montana State,2026-02-05,Idaho,101.0,91.3,11,8,4,25,1,7
Montana State,2026-02-07,Eastern Washington,109.5,111.0,25,5,7,17,1,-1
Montana State,2026-02-14,Montana,120.5,104.4,22,5,5,24,-1,11
Montana State,2026-02-19,Weber State,106.3,110.4,24,12,5,25,-1,-3
Montana State,2026-02-21,Idaho State,104.9,125.6,23,8,6,13,-1,-15
Montana State,2026-02-26,Portland State,119.3,98.0,30,11,3,21,1,15
Montana State,2026-02-28,Sacramento State,123.5,91.9,33,13,14,36,1,21
Montana State,2026-03-02,Northern Arizona,120.7,103.2,31,7,5,24,-1,11
Montana State,2026-03-08,Idaho,106.6,112.4,24,6,6,22,0,-4
Morehead State,2025-11-03,Midway,132.0,124.6,9,7,7,20,1,5
Morehead State,2025-11-07,Wake Forest,79.6,99.2,31,19,10,22,-1,-16
Morehead State,2025-11-09,Georgia,100.1,148.3,25,15,19,20,-1,-39
Morehead State,2025-11-11,Clemson,90.5,134.1,25,11,16,21,-1,-27
Morehead State,2025-11-16,Kentucky Christian,155.6,65.6,24,9,15,27,1,70
Morehead State,2025-11-21,East Tennessee State,92.5,114.9,16,18,8,18,-1,-15
Morehead State,2025-11-22,Louisiana–Monroe,114.6,110.5,18,11,16,26,0,3
Morehead State,2025-11-29,IU Indy,96.7,102.7,19,22,13,32,-1,-5
Morehead State,2025-12-02,Murray State,75.6,122.2,12,10,8,20,-1,-32
Morehead State,2025-12-06,Presbyterian,101.9,113.2,21,10,6,14,-1,-8
Morehead State,2025-12-16,Little Rock,104.9,86.1,16,17,13,28,1,14
Morehead State,2025-12-20,Southern Indiana,98.5,92.4,11,7,7,23,-1,4
Morehead State,2025-12-28,Alice Lloyd,150.0,84.8,31,7,14,33,1,50
Morehead State,2026-01-01,Lindenwood,90.4,108.8,19,13,10,25,-1,-13
Morehead State,2026-01-03,SIU Edwardsville,111.4,109.9,17,14,6,18,-1,1
Morehead State,2026-01-08,UT Martin,108.9,121.7,22,11,16,15,1,-8
Morehead State,2026-01-10,Southeast Missouri State,115.0,111.7,11,12,6,22,1,2
Morehead State,2026-01-15,Tennessee State,127.0,133.3,22,8,11,21,-1,-5
Morehead State,2026-01-17,Tennessee Tech,118.8,109.4,21,6,16,21,-1,6
Morehead State,2026-01-22,Western Illinois,107.0,99.5,16,10,21,27,1,5
Morehead State,2026-01-24,Eastern Illinois,114.2,106.4,8,17,11,17,1,5
Morehead State,2026-01-29,SIU Edwardsville,103.8,100.7,12,8,9,26,1,2
Morehead State,2026-01-31,Lindenwood,108.3,109.7,16,8,9,20,1,-1
Morehead State,2026-02-05,Southeast Missouri State,102.1,119.6,14,13,6,19,-1,-12
Morehead State,2026-02-07,UT Martin,98.8,89.1,18,12,11,26,-1,6
Morehead State,2026-02-12,Tennessee Tech,115.3,104.2,14,9,9,22,1,7
Morehead State,2026-02-14,Tennessee State,131.1,119.9,18,12,7,21,1,8
Morehead State,2026-02-19,Eastern Illinois,107.6,103.2,20,14,5,21,-1,3
Morehead State,2026-02-21,Western Illinois,128.6,93.7,17,8,14,20,-1,22
Morehead State,2026-02-24,Southern Indiana,104.8,103.2,12,6,11,22,1,1
Morehead State,2026-02-26,Little Rock,115.1,106.0,19,10,13,19,-1,6
Morehead State,2026-03-06,Southeast Missouri State,98.3,90.9,12,8,11,30,0,5
Morehead State,2026-03-07,Tennessee State,94.6,131.3,20,10,8,20,0,-26
Morgan State,2025-11-03,Georgetown,91.5,113.8,18,15,9,19,-1,-17
Morgan State,2025-11-06,Central Penn,120.5,91.9,21,17,10,22,1,24
Morgan State,2025-11-11,UMBC,108.5,111.3,19,9,12,18,1,-2
Morgan State,2025-11-15,Mercyhurst,103.3,123.4,9,15,14,17,-1,-14
Morgan State,2025-11-18,North Carolina A&T,103.6,112.1,21,5,4,17,1,-6
Morgan State,2025-11-21,Old Dominion,83.4,131.0,18,10,12,20,-1,-32
Morgan State,2025-11-25,Drexel,102.1,109.8,13,7,6,18,1,-5
Morgan State,2025-12-06,Longwood,105.7,111.0,23,14,6,18,1,-4
Morgan State,2025-12-09,DePaul,69.9,131.1,16,18,14,17,-1,-43
Morgan State,2025-12-13,Niagara,116.5,105.0,20,23,6,23,1,8
Morgan State,2025-12-19,California,70.9,137.6,17,13,3,18,-1,-47
Morgan State,2025-12-21,San Francisco,91.2,133.9,24,12,4,11,-1,-30
Morgan State,2025-12-23,Loyola Marymount,75.0,111.2,18,16,12,19,-1,-27
Morgan State,2025-12-30,Penn St. Brandywine,134.3,80.3,28,9,8,27,1,37
Morgan State,2026-01-03,Maryland Eastern Shore,72.9,98.2,21,14,4,23,-1,-17
Morgan State,2026-01-10,South Carolina State,102.6,95.5,20,8,7,17,1,5
Morgan State,2026-01-12,North Carolina Central,112.8,128.7,22,11,12,17,1,-11
Morgan State,2026-01-17,Delaware State,109.3,108.0,24,11,8,20,-1,1
Morgan State,2026-01-20,VU Lynchburg,151.6,62.8,31,9,10,42,1,75
Morgan State,2026-01-24,Howard,86.3,85.2,21,16,7,21,-1,1
Morgan State,2026-01-26,Norfolk State,101.8,100.5,24,13,3,30,-1,1
Morgan State,2026-01-31,Coppin State,117.4,105.5,21,12,11,25,-1,9
Morgan State,2026-02-07,Maryland Eastern Shore,113.8,102.3,17,6,9,23,1,8
Morgan State,2026-02-16,North Carolina Central,103.5,109.0,24,14,21,22,-1,-4
Morgan State,2026-02-21,Delaware State,107.4,89.0,23,14,9,27,1,14
Morgan State,2026-02-25,South Carolina State,125.1,115.3,20,14,7,18,-1,7
Morgan State,2026-02-28,Howard,77.1,109.8,24,9,14,22,1,-25
Morgan State,2026-03-02,Norfolk State,116.3,108.6,28,9,3,28,1,6
Morgan State,2026-03-05,Coppin State,94.8,89.4,26,11,7,24,1,4
Morgan State,2026-03-11,Delaware State,91.3,97.8,21,9,10,23,0,-5
Mount St. Mary's,2025-11-04,West Virginia,78.5,101.7,17,18,4,29,-1,-16
Mount St. Mary's,2025-11-07,Bucknell,93.4,109.9,25,14,10,26,1,-11
Mount St. Mary's,2025-11-11,Saint Francis (PA),106.4,94.9,30,15,6,26,-1,8
Mount St. Mary's,2025-11-16,Cincinnati,74.3,97.3,27,19,6,28,-1,-17
Mount St. Mary's,2025-11-19,Maryland,114.7,121.1,36,17,12,23,-1,-5
Mount St. Mary's,2025-11-23,Western Michigan,87.7,121.3,26,17,7,20,-1,-23
Mount St. Mary's,2025-11-25,Ohio State,80.2,151.1,32,13,6,14,-1,-53
Mount St. Mary's,2025-11-29,Howard,109.3,103.8,18,15,5,32,1,4
Mount St. Mary's,2025-12-03,Sacred Heart,114.3,124.3,27,10,8,19,1,-7
Mount St. Mary's,2025-12-05,Marist,78.2,89.4,22,21,14,22,-1,-8
Mount St. Mary's,2025-12-13,Loyola (MD),108.4,97.7,22,17,8,30,-1,8
Mount St. Mary's,2025-12-19,Drexel,94.1,105.3,24,23,8,18,-1,-8
Mount St. Mary's,2025-12-21,Penn St. Brandywine,112.1,64.5,35,12,14,24,1,31
Mount St. Mary's,2025-12-29,Iona,87.5,78.2,17,16,6,34,1,7
Mount St. Mary's,2026-01-02,Merrimack,92.7,106.9,18,15,15,23,-1,-10
Mount St. Mary's,2026-01-04,Quinnipiac,98.2,113.8,34,12,14,16,-1,-11
Mount St. Mary's,2026-01-09,Saint Peter's,99.3,92.2,18,14,8,30,1,5
Mount St. Mary's,2026-01-11,Siena,79.4,106.3,27,15,13,20,1,-17
Mount St. Mary's,2026-01-17,Canisius,113.5,99.0,19,14,5,30,-1,10
Mount St. Mary's,2026-01-19,Niagara,107.9,92.0,20,10,9,23,-1,10
Mount St. Mary's,2026-01-22,Quinnipiac,88.6,110.0,20,16,5,28,1,-15
Mount St. Mary's,2026-01-24,Rider,115.5,99.2,21,12,8,23,1,10
Mount St. Mary's,2026-01-30,Saint Peter's,92.8,105.6,23,15,11,23,-1,-8
Mount St. Mary's,2026-02-01,Manhattan,109.2,98.6,24,13,13,27,1,7
Mount St. Mary's,2026-02-05,Merrimack,98.8,122.8,16,14,14,25,1,-17
Mount St. Mary's,2026-02-07,Iona,130.0,119.1,28,10,11,24,-1,7
Mount St. Mary's,2026-02-13,Rider,97.8,82.8,24,18,8,27,-1,10
Mount St. Mary's,2026-02-20,Niagara,106.4,88.2,13,15,9,24,1,13
Mount St. Mary's,2026-02-22,Canisius,108.5,75.0,22,11,11,21,1,21
Mount St. Mary's,2026-02-27,Sacred Heart,102.4,114.3,34,11,18,26,-1,-8
Mount St. Mary's,2026-03-01,Fairfield,102.5,69.8,21,17,8,28,-1,22
Mount St. Mary's,2026-03-07,Siena,92.3,100.3,20,10,17,23,0,-5
Murray State,2025-11-03,Omaha,104.8,94.9,32,14,8,24,0,8
Murray State,2025-11-07,Mississippi Valley State,133.5,74.1,43,5,14,26,1,48
Murray State,2025-11-11,SMU,110.5,123.9,26,15,7,22,-1,-11
Murray State,2025-11-15,Nicholls State,129.1,103.0,22,20,12,25,1,20
Murray State,2025-11-18,Little Rock,132.3,101.1,30,9,10,19,1,21
Murray State,2025-11-23,Middle Tennessee,114.2,118.2,22,7,7,25,0,-3
Murray State,2025-11-24,McNeese State,77.2,94.0,33,20,12,30,0,-13
Murray State,2025-11-25,George Washington,130.9,129.5,25,9,15,23,0,1
Murray State,2025-12-02,Morehead State,122.2,75.6,31,11,16,29,1,32
Murray State,2025-12-06,Bellarmine,122.0,102.4,30,13,9,24,1,13
Murray State,2025-12-13,Akron,137.9,119.9,32,16,14,23,0,15
Murray State,2025-12-18,Drake,117.7,104.6,26,4,10,22,1,9
Murray State,2025-12-21,Valparaiso,115.3,107.2,18,11,9,24,-1,6
Murray State,2025-12-29,Southern Illinois,112.0,108.0,27,13,7,25,1,3
Murray State,2026-01-01,Illinois–Chicago,106.7,101.4,24,14,17,21,-1,4
Murray State,2026-01-04,Bradley,125.3,96.2,30,11,8,35,1,20
Murray State,2026-01-07,Evansville,113.0,98.7,25,8,9,25,-1,10
Murray State,2026-01-10,Valparaiso,120.0,103.0,31,11,9,23,1,13
Murray State,2026-01-17,Indiana State,118.0,112.5,29,11,12,25,1,4
Murray State,2026-01-21,Drake,109.9,123.4,32,11,11,26,-1,-11
Murray State,2026-01-24,Northern Iowa,112.2,119.6,26,9,12,21,-1,-5
Murray State,2026-01-28,Illinois State,93.7,100.9,22,8,6,25,1,-5
Murray State,2026-01-31,Belmont,118.4,141.8,23,13,15,15,-1,-17
Murray State,2026-02-03,Illinois–Chicago,107.8,98.5,28,16,12,32,1,7
Murray State,2026-02-06,Southern Illinois,123.6,110.0,23,15,5,27,-1,10
Murray State,2026-02-09,Northern Iowa,91.1,135.2,25,8,7,15,1,-29
Murray State,2026-02-12,Indiana State,109.8,106.8,21,13,10,20,-1,2
Murray State,2026-02-15,Belmont,95.6,118.8,32,14,12,21,1,-17
Murray State,2026-02-18,Illinois State,91.8,117.4,20,12,10,14,-1,-17
Murray State,2026-02-21,Evansville,122.9,104.7,36,7,8,26,1,13
Murray State,2026-03-01,Bradley,114.3,127.5,26,7,10,16,-1,-9
Murray State,2026-03-06,Illinois–Chicago,98.9,115.2,21,7,10,22,0,-13
Murray State,2026-03-18,Nevada,102.4,121.5,27,15,6,23,-1,-14
NC State,2025-11-03,North Carolina Central,155.6,90.1,40,9,13,26,1,48
NC State,2025-11-07,UAB,124.4,92.7,30,14,10,25,1,24
NC State,2025-11-12,UNC Greensboro,146.3,85.1,32,4,9,31,1,46
NC State,2025-11-17,VCU,113.2,105.2,21,17,12,31,1,6
NC State,2025-11-24,Seton Hall,101.5,116.6,24,12,8,18,0,-11
NC State,2025-11-25,Boise State,113.2,97.8,21,9,6,27,0,11
NC State,2025-11-26,Texas,132.9,139.7,19,6,6,19,0,-5
NC State,2025-12-03,Auburn,103.1,117.2,30,9,7,12,-1,-10
NC State,2025-12-06,UNC Asheville,112.6,94.6,24,11,8,27,1,12
NC State,2025-12-10,Liberty,124.3,65.8,24,8,8,31,1,40
NC State,2025-12-13,Kansas,100.1,101.4,34,7,11,29,1,-1
NC State,2025-12-17,Texas Southern,150.7,100.5,40,6,16,28,1,36
NC State,2025-12-21,Ole Miss,108.8,88.7,32,16,6,26,0,14
NC State,2025-12-31,Wake Forest,96.4,78.5,21,15,8,28,1,13
NC State,2026-01-03,Virginia,93.8,116.9,20,10,5,15,1,-15
NC State,2026-01-06,Boston College,129.3,116.3,22,4,11,14,-1,8
NC State,2026-01-10,Florida State,144.2,88.1,35,9,11,25,-1,44
NC State,2026-01-17,Georgia Tech,97.9,103.2,33,9,7,25,1,-4
NC State,2026-01-20,Clemson,113.3,107.6,23,5,6,20,-1,4
NC State,2026-01-24,Pittsburgh,115.1,102.3,20,8,7,22,-1,9
NC State,2026-01-27,Syracuse,126.5,97.7,24,11,15,29,1,20
NC State,2026-01-31,Wake Forest,138.2,112.3,28,8,6,20,-1,18
NC State,2026-02-03,SMU,119.0,117.6,36,7,6,24,-1,1
NC State,2026-02-07,Virginia Tech,112.7,100.3,21,10,4,24,1,9
NC State,2026-02-09,Louisville,95.7,146.7,22,10,6,22,-1,-41
NC State,2026-02-14,Miami (FL),113.8,115.2,24,10,7,20,1,-1
NC State,2026-02-17,North Carolina,125.6,88.8,20,4,12,26,1,24
NC State,2026-02-24,Virginia,84.9,125.3,33,10,12,18,-1,-29
NC State,2026-02-28,Notre Dame,122.7,130.8,34,6,9,18,-1,-6
NC State,2026-03-02,Duke,97.8,142.1,29,6,14,17,1,-29
NC State,2026-03-07,Stanford,119.7,121.1,20,12,10,21,1,-1
NC State,2026-03-11,Pittsburgh,146.6,131.6,23,6,4,16,0,10
NC State,2026-03-12,Virginia,106.4,116.5,22,9,7,18,0,-7
NC State,2026-03-17,Texas,92.7,95.6,16,7,2,23,0,-2
NJIT,2025-11-04,Fordham,108.8,92.2,22,10,7,28,-1,11
NJIT,2025-11-08,Fairfield,69.7,97.3,30,15,6,27,1,-21
NJIT,2025-11-11,Loyola (MD),93.1,90.2,22,13,10,23,-1,2
NJIT,2025-11-15,FDU,123.2,107.3,26,15,6,29,1,12
NJIT,2025-11-18,Drexel,59.9,104.5,24,16,9,24,-1,-32
NJIT,2025-11-22,Navy,100.3,123.3,28,10,11,21,-1,-16
NJIT,2025-11-24,Cincinnati,86.4,121.2,31,19,11,25,-1,-27
NJIT,2025-11-26,Louisville,68.1,150.8,27,11,3,17,-1,-57
NJIT,2025-11-28,Eastern Michigan,79.8,105.9,23,19,6,20,-1,-18
NJIT,2025-12-05,High Point,97.6,120.7,39,17,6,26,-1,-17
NJIT,2025-12-10,New Haven,103.1,94.3,24,11,3,27,1,6
NJIT,2025-12-13,Sacred Heart,77.0,102.1,29,10,11,21,1,-16
NJIT,2025-12-22,Butler,71.0,138.0,19,13,2,17,-1,-49
NJIT,2025-12-29,SUNY Canton,117.9,74.5,43,10,22,29,1,35
NJIT,2025-12-31,Pennsylvania,87.3,114.5,20,12,11,23,-1,-19
NJIT,2026-01-03,Binghamton,115.1,102.5,16,10,7,21,-1,8
NJIT,2026-01-08,New Hampshire,111.8,106.2,20,7,12,22,1,4
NJIT,2026-01-10,Maine,107.9,114.1,14,6,9,21,1,-4
NJIT,2026-01-15,UMass Lowell,102.6,90.0,24,7,8,26,-1,9
NJIT,2026-01-19,Bryant,125.5,87.4,27,7,7,22,1,24
NJIT,2026-01-22,UMBC,103.4,121.5,20,10,12,25,-1,-13
NJIT,2026-01-29,Albany (NY),111.4,98.4,22,9,8,26,-1,9
NJIT,2026-01-31,Vermont,112.1,109.3,18,7,6,26,-1,2
NJIT,2026-02-05,UMass Lowell,115.3,79.7,27,5,11,29,1,25
NJIT,2026-02-07,Binghamton,108.1,94.8,22,5,9,30,1,9
NJIT,2026-02-12,New Hampshire,112.2,103.3,19,8,5,21,-1,6
NJIT,2026-02-14,Maine,96.1,83.2,15,15,4,22,-1,9
NJIT,2026-02-19,Albany (NY),103.2,132.6,21,7,11,14,1,-18
NJIT,2026-02-21,Vermont,100.0,109.4,16,6,4,22,1,-6
NJIT,2026-02-28,Bryant,77.8,103.3,15,10,7,21,-1,-17
NJIT,2026-03-03,UMBC,74.2,129.9,26,16,9,18,1,-39
NJIT,2026-03-07,Maine,89.8,86.8,19,16,5,26,1,2
NJIT,2026-03-10,Vermont,85.4,99.6,22,11,10,22,-1,-9
Navy,2025-11-03,Presbyterian,117.1,84.7,15,8,9,21,-1,21
Navy,2025-11-07,Yale,88.8,126.6,14,19,6,22,1,-29
Navy,2025-11-11,Penn State,102.7,115.8,17,16,6,21,-1,-9
Navy,2025-11-14,Washington Col.,134.2,88.5,18,14,13,29,1,33
Navy,2025-11-18,North Carolina,83.5,100.0,21,6,8,23,-1,-12
Navy,2025-11-22,NJIT,123.3,100.3,13,8,10,29,1,16
Navy,2025-11-26,Gardner-Webb,125.1,76.0,24,14,12,26,0,33
Navy,2025-11-28,UNC Wilmington,88.2,134.6,25,10,13,12,-1,-30
Navy,2025-11-29,Southeastern Louisiana,100.4,106.6,14,11,8,17,0,-4
Navy,2025-12-03,Delaware State,92.8,83.0,16,18,9,34,-1,7
Navy,2025-12-07,Air Force,94.7,87.0,15,8,5,28,1,5
Navy,2025-12-19,Coppin State,129.5,80.9,22,12,13,27,1,33
Navy,2025-12-21,Rosemont,119.1,39.1,24,14,18,32,1,47
Navy,2025-12-31,Boston University,123.4,115.8,25,7,10,26,1,5
Navy,2026-01-03,Holy Cross,103.8,92.7,12,9,8,23,-1,7
Navy,2026-01-07,Bucknell,111.6,80.8,23,14,9,29,1,21
Navy,2026-01-10,Lafayette,114.4,75.2,21,9,7,31,1,26
Navy,2026-01-12,American,81.2,103.4,19,14,9,23,-1,-14
Navy,2026-01-17,Lehigh,104.4,100.6,19,16,17,31,-1,3
Navy,2026-01-21,Holy Cross,127.3,101.9,17,6,4,19,1,17
Navy,2026-01-24,Army,129.0,86.0,20,12,8,26,1,28
Navy,2026-01-28,Boston University,103.4,89.1,18,9,7,19,-1,8
Navy,2026-01-31,Loyola (MD),128.4,104.8,15,11,8,24,1,16
Navy,2026-02-04,Lafayette,102.3,78.7,12,8,8,26,-1,15
Navy,2026-02-07,American,124.2,110.6,13,9,7,22,1,9
Navy,2026-02-09,Bucknell,110.7,87.4,14,12,13,30,-1,16
Navy,2026-02-14,Colgate,115.0,109.5,21,10,7,23,-1,4
Navy,2026-02-18,Lehigh,110.8,75.4,18,10,12,29,1,23
Navy,2026-02-21,Army,125.5,97.6,15,9,8,21,-1,18
Navy,2026-02-25,Loyola (MD),130.2,85.2,22,7,7,29,-1,27
Navy,2026-02-28,Colgate,121.4,98.5,25,10,9,23,1,16
Navy,2026-03-05,Bucknell,117.1,109.2,23,12,6,21,1,5
Navy,2026-03-08,Boston University,114.6,116.2,13,4,14,17,1,-1
Navy,2026-03-18,Wake Forest,105.0,119.6,22,11,12,14,-1,-10
Nebraska,2025-11-03,West Georgia,119.4,73.6,32,9,13,33,1,33
Nebraska,2025-11-08,Florida International,124.2,85.4,34,15,9,26,1,30
Nebraska,2025-11-11,Maryland Eastern Shore,103.1,74.7,32,7,11,27,1,19
Nebraska,2025-11-15,Oklahoma,144.6,136.3,27,5,7,22,0,6
Nebraska,2025-11-20,New Mexico,103.0,88.3,35,18,4,32,0,12
Nebraska,2025-11-21,Kansas State,111.7,110.4,32,12,8,23,0,1
Nebraska,2025-11-25,Winthrop,113.5,103.6,38,5,9,27,1,7
Nebraska,2025-11-29,USC Upstate,95.1,83.3,30,13,6,34,1,9
Nebraska,2025-12-07,Creighton,109.6,77.2,27,8,7,31,1,21
Nebraska,2025-12-10,Wisconsin,129.2,86.1,30,8,8,27,1,30
Nebraska,2025-12-13,Illinois,127.4,122.8,26,6,8,18,-1,3
Nebraska,2025-12-21,North Dakota,117.9,83.1,27,6,11,30,1,23
Nebraska,2025-12-30,New Hampshire,122.2,78.2,23,10,14,27,1,31
Nebraska,2026-01-02,Michigan State,89.7,86.6,37,8,7,21,1,2
Nebraska,2026-01-05,Ohio State,106.5,102.0,29,10,8,27,-1,3
Nebraska,2026-01-10,Indiana,124.1,115.2,34,7,8,19,-1,6
Nebraska,2026-01-13,Oregon,137.1,83.8,36,6,6,23,1,35
Nebraska,2026-01-17,Northwestern,129.5,97.6,26,5,6,20,-1,19
Nebraska,2026-01-21,Washington,119.3,103.6,29,8,4,27,1,10
Nebraska,2026-01-24,Minnesota,115.2,86.4,28,7,8,28,-1,19
Nebraska,2026-01-27,Michigan,98.7,102.9,32,11,5,16,-1,-3
Nebraska,2026-02-01,Illinois,108.0,122.1,35,7,5,20,1,-9
Nebraska,2026-02-07,Rutgers,117.3,99.7,27,6,8,25,-1,12
Nebraska,2026-02-10,Purdue,99.4,103.2,32,14,4,29,1,-3
Nebraska,2026-02-14,Northwestern,104.7,75.4,25,16,11,26,1,19
Nebraska,2026-02-17,Iowa,86.5,94.8,24,12,2,20,-1,-5
Nebraska,2026-02-21,Penn State,126.3,92.9,35,11,10,25,1,23
Nebraska,2026-02-25,Maryland,113.7,93.7,29,6,6,26,1,13
Nebraska,2026-02-28,Southern California,118.3,96.6,23,10,15,23,-1,15
Nebraska,2026-03-03,UCLA,84.3,116.8,24,13,8,21,-1,-20
Nebraska,2026-03-08,Iowa,112.8,100.7,27,12,5,23,1,9
Nebraska,2026-03-13,Purdue,94.4,120.4,31,10,9,16,0,-16
Nebraska,2026-03-19,Troy,120.2,74.3,39,6,11,23,0,29
Nebraska,2026-03-21,Vanderbilt,114.9,111.8,19,10,2,24,0,2
Nebraska,2026-03-26,Iowa,118.4,128.4,38,8,10,21,0,-6
Nevada,2025-11-04,Louisiana Tech,118.1,76.7,20,10,12,26,1,27
Nevada,2025-11-08,Pacific,114.2,112.7,15,9,17,26,1,1
Nevada,2025-11-12,Southern Illinois,107.2,101.0,33,4,15,30,1,5
Nevada,2025-11-15,Santa Clara,116.2,137.2,14,12,11,14,-1,-15
Nevada,2025-11-18,UC Davis,94.9,100.3,20,15,6,22,1,-4
Nevada,2025-11-22,UC Santa Barbara,109.1,90.7,15,12,5,25,1,13
Nevada,2025-11-27,Washington,92.9,116.9,14,8,8,20,0,-17
Nevada,2025-11-28,San Francisco,121.4,97.4,14,4,9,17,0,16
Nevada,2025-12-02,UC San Diego,114.6,105.5,20,7,12,29,1,6
Nevada,2025-12-07,Washington State,119.6,98.1,20,6,11,19,-1,14
Nevada,2025-12-13,Duquesne,112.5,108.1,10,8,10,19,1,3
Nevada,2025-12-20,Boise State,125.7,102.4,9,7,5,17,1,15
Nevada,2025-12-30,Colorado State,118.6,98.0,22,8,11,24,-1,13
Nevada,2026-01-03,Fresno State,101.7,100.2,21,9,9,19,-1,1
Nevada,2026-01-06,San Diego State,105.8,113.6,28,9,12,16,1,-5
Nevada,2026-01-10,Wyoming,147.1,132.7,16,8,8,19,1,9
Nevada,2026-01-14,Utah State,94.3,108.0,16,13,14,23,-1,-9
Nevada,2026-01-17,Air Force,119.3,97.2,15,14,8,28,-1,15
Nevada,2026-01-20,San Jose State,137.0,85.0,21,5,10,29,1,33
Nevada,2026-01-24,New Mexico,102.2,112.0,23,12,11,27,-1,-7
Nevada,2026-01-27,Grand Canyon,89.5,81.4,17,8,10,26,1,6
Nevada,2026-01-30,UNLV,133.9,114.3,14,7,4,23,1,13
Nevada,2026-02-03,Boise State,115.5,120.8,24,8,4,16,-1,-4
Nevada,2026-02-07,Fresno State,108.3,92.6,24,7,12,28,1,10
Nevada,2026-02-14,San Diego State,86.7,108.0,24,14,11,18,-1,-14
Nevada,2026-02-17,San Jose State,98.5,120.6,20,14,11,17,-1,-16
Nevada,2026-02-21,Utah State,117.8,113.4,19,14,10,25,1,3
Nevada,2026-02-24,New Mexico,94.7,84.9,17,12,10,31,1,7
Nevada,2026-02-28,UNLV,109.3,111.9,14,13,11,18,-1,-2
Nevada,2026-03-03,Wyoming,107.7,122.4,15,6,6,18,-1,-10
Nevada,2026-03-07,Air Force,111.6,89.0,18,10,8,27,1,15
Nevada,2026-03-11,Air Force,110.7,62.3,20,12,12,28,0,35
Nevada,2026-03-12,Grand Canyon,118.4,112.8,10,10,6,23,0,4
Nevada,2026-03-13,Utah State,93.5,112.0,19,10,9,24,0,-13
Nevada,2026-03-18,Murray State,121.5,102.4,21,5,10,27,1,14
Nevada,2026-03-21,Liberty,116.7,100.7,17,9,10,28,1,10
Nevada,2026-03-25,Auburn,103.2,112.2,20,12,7,21,-1,-6
New Hampshire,2025-11-03,Clemson,56.4,130.6,27,8,7,20,-1,-50
New Hampshire,2025-11-06,Curry,136.7,37.5,42,10,25,41,1,82
New Hampshire,2025-11-09,Harvard,105.4,120.9,23,13,5,21,-1,-11
New Hampshire,2025-11-12,Emmanuel (MA),133.3,94.8,29,6,10,29,1,28
New Hampshire,2025-11-15,George Mason,65.1,90.3,18,17,4,22,-1,-17
New Hampshire,2025-11-18,Providence,93.1,138.3,28,14,13,19,-1,-32
New Hampshire,2025-11-26,Brown,70.7,88.7,30,14,7,25,1,-12
New Hampshire,2025-11-30,Fairfield,100.4,106.3,19,7,10,21,-1,-4
New Hampshire,2025-12-03,Dartmouth,96.0,97.4,17,8,7,23,-1,-1
New Hampshire,2025-12-06,Boston University,115.3,107.5,23,10,13,32,1,6
New Hampshire,2025-12-17,Stonehill,83.9,82.5,21,9,7,20,1,1
New Hampshire,2025-12-21,Saint Louis,102.4,120.6,30,7,2,26,-1,-14
New Hampshire,2025-12-30,Nebraska,78.2,122.2,32,15,10,20,-1,-31
New Hampshire,2026-01-03,Vermont,92.4,121.2,22,14,5,19,1,-19
New Hampshire,2026-01-08,NJIT,106.2,111.8,19,15,9,23,-1,-4
New Hampshire,2026-01-10,UMBC,119.5,121.1,19,8,10,25,-1,-1
New Hampshire,2026-01-19,Maine,101.5,75.0,18,8,10,27,-1,17
New Hampshire,2026-01-22,Binghamton,103.9,96.9,39,11,15,29,1,6
New Hampshire,2026-01-24,Albany (NY),122.1,109.9,35,10,8,13,1,8
New Hampshire,2026-01-29,UMass Lowell,92.1,85.2,21,10,6,23,1,5
New Hampshire,2026-01-31,Bryant,112.8,123.6,20,8,8,20,-1,-8
New Hampshire,2026-02-07,Vermont,82.2,115.4,17,13,5,25,-1,-23
New Hampshire,2026-02-12,NJIT,103.3,112.2,29,12,11,19,1,-6
New Hampshire,2026-02-14,UMBC,91.6,123.6,30,12,8,23,1,-22
New Hampshire,2026-02-19,UMass Lowell,77.3,107.6,29,10,11,23,-1,-22
New Hampshire,2026-02-21,Maine,88.5,93.1,32,13,7,27,1,-3
New Hampshire,2026-02-26,Binghamton,99.7,102.8,36,6,10,19,-1,-2
New Hampshire,2026-02-28,Albany (NY),91.0,125.3,31,12,14,14,-1,-23
New Hampshire,2026-03-03,Bryant,109.9,103.7,28,5,5,26,1,5
New Hampshire,2026-03-07,UMBC,105.2,128.1,25,10,6,23,-1,-15
New Haven,2025-11-03,Connecticut,83.9,120.5,14,10,4,20,-1,-24
New Haven,2025-11-07,Columbia,81.4,109.0,19,12,8,17,1,-18
New Haven,2025-11-08,Penn State,70.3,142.2,19,14,6,15,1,-44
New Haven,2025-11-10,UMass Lowell,104.3,95.7,17,13,7,24,-1,6
New Haven,2025-11-15,Delaware State,98.3,78.6,22,17,8,30,1,13
New Haven,2025-11-18,Seton Hall,72.3,109.2,21,13,3,21,-1,-23
New Haven,2025-11-22,Vermont St.–Lyndon,158.8,66.4,41,7,22,26,1,71
New Haven,2025-11-25,Salve Regina,119.0,71.7,28,8,9,26,1,31
New Haven,2025-11-30,Mitchell,130.0,97.5,23,9,13,26,1,23
New Haven,2025-12-06,Boston College,100.5,106.9,22,9,8,21,-1,-4
New Haven,2025-12-10,NJIT,94.3,103.1,17,6,14,25,-1,-6
New Haven,2025-12-22,Fordham,74.8,103.4,23,13,6,15,-1,-18
New Haven,2025-12-29,Vanderbilt,77.9,141.2,15,12,4,16,-1,-43
New Haven,2026-01-02,Stonehill,108.5,85.3,23,6,4,25,-1,15
New Haven,2026-01-04,Central Connecticut State,101.9,120.3,27,11,12,19,-1,-11
New Haven,2026-01-08,Le Moyne,76.2,118.3,22,11,6,20,-1,-26
New Haven,2026-01-10,FDU,102.4,86.7,14,11,3,28,1,10
New Haven,2026-01-17,Wagner,127.0,117.5,28,9,2,13,1,6
New Haven,2026-01-19,Chicago State,99.6,90.0,27,16,8,20,-1,6
New Haven,2026-01-23,Mercyhurst,94.7,101.3,15,14,4,22,1,-4
New Haven,2026-01-29,Mercyhurst,82.2,112.9,14,9,5,25,-1,-19
New Haven,2026-01-31,Saint Francis (PA),121.5,103.5,20,9,5,23,-1,12
New Haven,2026-02-05,LIU,86.4,94.3,14,9,2,20,-1,-5
New Haven,2026-02-07,Chicago State,97.6,107.9,28,9,2,21,1,-6
New Haven,2026-02-12,Central Connecticut State,107.9,115.0,17,11,6,19,1,-5
New Haven,2026-02-14,LIU,88.9,84.1,20,7,11,21,1,3
New Haven,2026-02-19,Stonehill,97.0,77.3,17,9,9,29,1,13
New Haven,2026-02-21,FDU,132.7,121.6,23,7,2,16,-1,7
New Haven,2026-02-24,Saint Francis (PA),106.6,116.2,31,6,3,15,1,-6
New Haven,2026-02-26,Wagner,97.9,102.7,23,6,7,22,-1,-3
New Haven,2026-02-28,Le Moyne,96.1,85.9,21,11,3,29,1,7
New Mexico,2025-11-05,East Texas A&M,99.2,70.5,20,15,12,30,1,22
New Mexico,2025-11-08,UT Arlington,99.8,75.6,26,12,7,19,1,18
New Mexico,2025-11-11,UC Riverside,123.1,102.1,18,5,9,25,1,14
New Mexico,2025-11-15,New Mexico State,104.3,116.5,28,11,9,26,-1,-8
New Mexico,2025-11-20,Nebraska,88.3,103.0,44,16,8,27,0,-12
New Mexico,2025-11-21,Mississippi State,110.3,107.5,27,9,13,33,0,2
New Mexico,2025-11-26,Alabama State,128.7,120.4,26,10,8,15,1,6
New Mexico,2025-12-01,N.M. Highlands,129.5,62.7,50,9,12,31,1,50
New Mexico,2025-12-06,Santa Clara,137.0,99.2,23,10,8,25,1,27
New Mexico,2025-12-10,VCU,115.1,110.8,18,13,6,23,-1,3
New Mexico,2025-12-14,Florida Gulf Coast,109.1,85.8,34,12,15,25,1,16
New Mexico,2025-12-20,San Jose State,129.1,95.4,30,8,3,23,1,23
New Mexico,2025-12-30,Boise State,76.5,89.5,25,7,9,27,-1,-9
New Mexico,2026-01-03,Wyoming,123.9,92.2,22,8,11,19,1,20
New Mexico,2026-01-06,Colorado State,124.8,109.2,25,9,8,22,-1,10
New Mexico,2026-01-10,Air Force,132.2,71.2,36,8,13,27,-1,42
New Mexico,2026-01-13,Grand Canyon,118.0,86.8,16,10,5,31,1,23
New Mexico,2026-01-17,San Diego State,102.4,107.6,30,16,9,26,-1,-4
New Mexico,2026-01-21,Fresno State,104.7,93.4,35,8,11,25,1,9
New Mexico,2026-01-24,Nevada,112.0,102.2,28,9,12,25,1,7
New Mexico,2026-01-27,UNLV,118.2,81.0,24,10,8,28,-1,28
New Mexico,2026-01-31,San Jose State,137.9,122.6,23,6,7,20,-1,10
New Mexico,2026-02-04,Utah State,91.2,118.9,13,14,7,21,1,-20
New Mexico,2026-02-07,Boise State,134.5,136.0,24,4,10,20,1,-1
New Mexico,2026-02-11,Grand Canyon,101.4,92.7,16,14,4,23,-1,6
New Mexico,2026-02-17,Air Force,138.6,86.3,31,11,14,32,1,37
New Mexico,2026-02-21,Fresno State,120.8,117.8,19,8,8,20,-1,2
New Mexico,2026-02-24,Nevada,84.9,94.7,21,12,6,25,-1,-7
New Mexico,2026-02-28,San Diego State,114.4,107.4,23,6,14,25,1,5
New Mexico,2026-03-04,Colorado State,101.9,112.9,25,11,10,18,1,-8
New Mexico,2026-03-07,Utah State,123.8,129.3,29,8,10,18,-1,-4
New Mexico,2026-03-12,San Jose State,133.3,110.3,21,10,11,22,0,16
New Mexico,2026-03-14,San Diego State,89.7,92.6,21,10,15,23,0,-2
New Mexico,2026-03-18,Sam Houston State,138.0,107.1,34,5,12,24,1,24
New Mexico,2026-03-22,George Washington,123.1,87.3,27,8,13,30,1,25
New Mexico,2026-03-24,Saint Joseph's,114.7,94.2,20,8,6,32,1,15
New Mexico,2026-04-02,Tulsa,95.1,102.0,33,10,11,22,0,-5
New Mexico State,2025-11-04,Adams St.,92.6,80.3,15,15,11,31,1,11
New Mexico State,2025-11-11,N.M. Highlands,111.8,87.6,20,13,10,15,1,16
New Mexico State,2025-11-15,New Mexico,116.5,104.3,32,8,11,22,1,8
New Mexico State,2025-11-21,Samford,127.0,112.9,16,6,7,27,1,9
New Mexico State,2025-11-25,UC Irvine,80.5,63.6,16,20,11,27,0,12
New Mexico State,2025-11-26,Georgia State,104.5,78.7,23,9,17,29,0,19
New Mexico State,2025-12-02,South Alabama,110.5,113.5,37,10,13,21,0,-2
New Mexico State,2025-12-06,Abilene Christian,104.1,116.2,18,12,11,15,-1,-8
New Mexico State,2025-12-13,Tulsa,100.0,118.6,18,10,8,15,0,-13
New Mexico State,2025-12-21,Sam Houston State,113.3,101.6,24,7,6,26,1,9
New Mexico State,2025-12-28,Univ of the SW,131.8,41.8,30,11,19,39,1,71
New Mexico State,2026-01-02,Florida International,103.5,124.4,28,14,4,19,-1,-15
New Mexico State,2026-01-04,Missouri State,112.0,121.5,18,11,10,22,-1,-7
New Mexico State,2026-01-08,Western Kentucky,111.8,89.5,23,11,11,29,1,16
New Mexico State,2026-01-10,Middle Tennessee,85.4,91.6,25,11,8,27,1,-4
New Mexico State,2026-01-15,Liberty,123.0,126.5,25,6,11,21,-1,-2
New Mexico State,2026-01-17,Delaware,153.0,107.3,28,4,7,24,-1,29
New Mexico State,2026-01-22,Missouri State,112.5,126.0,23,5,9,16,1,-9
New Mexico State,2026-01-24,Florida International,99.3,103.1,27,15,17,28,1,-3
New Mexico State,2026-01-28,Delaware,104.1,118.8,30,10,10,17,1,-9
New Mexico State,2026-01-31,Kennesaw State,78.1,112.0,16,12,10,19,-1,-23
New Mexico State,2026-02-04,Louisiana Tech,112.5,98.4,20,11,9,23,-1,9
New Mexico State,2026-02-07,UTEP,106.0,109.7,24,10,11,27,-1,-3
New Mexico State,2026-02-11,Liberty,111.4,114.4,27,9,8,27,1,-2
New Mexico State,2026-02-14,Jacksonville State,118.1,104.7,24,7,8,30,-1,9
New Mexico State,2026-02-21,UTEP,112.1,105.4,26,3,13,21,1,4
New Mexico State,2026-02-26,Western Kentucky,88.7,117.8,30,13,11,29,-1,-23
New Mexico State,2026-02-28,Middle Tennessee,113.8,115.1,25,7,14,18,-1,-1
New Mexico State,2026-03-05,Jacksonville State,100.1,97.5,22,8,7,29,1,2
New Mexico State,2026-03-07,Kennesaw State,116.9,112.5,13,9,14,25,1,3
New Mexico State,2026-03-10,Jacksonville State,104.3,96.6,18,9,11,21,0,5
New Mexico State,2026-03-11,Sam Houston State,84.7,95.8,19,14,12,27,0,-8
New Orleans,2025-11-03,TCU,103.1,97.8,18,18,11,27,-1,4
New Orleans,2025-11-10,Louisiana State,78.2,125.4,25,9,11,23,-1,-35
New Orleans,2025-11-14,Tulane,126.4,93.7,24,12,6,31,-1,22
New Orleans,2025-11-18,Pepperdine,102.8,117.1,29,17,11,24,-1,-11
New Orleans,2025-11-21,Fresno State,98.7,110.4,25,16,11,24,-1,-9
New Orleans,2025-11-24,Mississippi State,97.0,100.7,27,15,12,28,-1,-3
New Orleans,2025-11-26,Texas Tech,68.9,113.1,15,17,4,22,-1,-32
New Orleans,2025-12-03,Memphis,98.2,120.6,25,11,10,19,-1,-16
New Orleans,2025-12-06,Houston Christian,112.0,125.2,24,8,7,18,1,-9
New Orleans,2025-12-08,Incarnate Word,116.4,115.0,14,16,6,21,1,1
New Orleans,2025-12-13,Houston,85.3,148.1,14,18,10,18,-1,-42
New Orleans,2025-12-29,Texas–Rio Grande Valley,118.4,96.1,25,8,11,23,-1,16
New Orleans,2025-12-31,Texas A&M–Corpus Christi,97.4,117.2,13,16,11,24,-1,-14
New Orleans,2026-01-03,Northwestern State,103.4,112.5,26,11,13,23,-1,-6
New Orleans,2026-01-05,East Texas A&M,113.9,100.1,27,9,16,31,1,10
New Orleans,2026-01-10,Nicholls State,118.4,138.4,19,14,13,18,1,-13
New Orleans,2026-01-12,Southeastern Louisiana,109.7,105.5,16,14,9,30,-1,3
New Orleans,2026-01-17,Stephen F. Austin,108.6,115.5,22,12,6,18,1,-5
New Orleans,2026-01-19,Lamar,121.0,103.3,6,13,10,26,1,13
New Orleans,2026-01-24,McNeese State,90.6,117.9,17,21,7,21,-1,-19
New Orleans,2026-01-27,Nicholls State,105.6,81.9,15,18,10,29,-1,18
New Orleans,2026-01-31,Northwestern State,111.0,94.7,17,13,13,25,1,11
New Orleans,2026-02-02,East Texas A&M,119.2,107.8,15,13,8,28,-1,9
New Orleans,2026-02-07,Texas–Rio Grande Valley,101.3,126.6,18,14,7,17,1,-19
New Orleans,2026-02-09,Texas A&M–Corpus Christi,97.0,90.1,9,19,6,32,1,6
New Orleans,2026-02-14,Houston Christian,95.0,96.6,8,10,11,22,-1,-1
New Orleans,2026-02-16,Incarnate Word,113.8,93.4,21,6,9,22,-1,14
New Orleans,2026-02-21,Lamar,110.6,102.0,20,14,14,26,-1,6
New Orleans,2026-02-23,Stephen F. Austin,114.2,108.3,16,14,12,25,-1,4
New Orleans,2026-02-28,McNeese State,93.2,97.6,21,14,13,24,1,-3
New Orleans,2026-03-02,Southeastern Louisiana,104.1,109.5,17,13,9,25,1,-4
New Orleans,2026-03-08,Houston Christian,102.6,84.3,12,14,10,31,0,13
New Orleans,2026-03-09,Texas A&M–Corpus Christi,98.8,119.9,20,6,14,11,0,-13
Niagara,2025-11-03,Duquesne,89.4,117.7,14,14,5,17,-1,-20
Niagara,2025-11-08,Binghamton,102.6,90.4,22,6,8,26,-1,8
Niagara,2025-11-10,Delaware State,112.1,93.9,18,8,3,25,1,11
Niagara,2025-11-17,Le Moyne,103.0,112.0,28,8,6,23,-1,-6
Niagara,2025-11-21,Duke,64.4,153.2,29,16,6,13,-1,-58
Niagara,2025-11-22,Howard,91.4,104.4,14,21,6,23,0,-10
Niagara,2025-11-29,Detroit Mercy,97.9,103.8,28,8,3,19,1,-4
Niagara,2025-12-05,Siena,81.9,125.9,22,5,5,19,-1,-29
Niagara,2025-12-07,Saint Peter's,72.1,119.0,16,15,8,19,-1,-28
Niagara,2025-12-13,Morgan State,105.0,116.5,21,9,3,5,-1,-8
Niagara,2025-12-15,VCU,88.0,127.5,20,9,11,15,-1,-26
Niagara,2025-12-20,Houghton,126.5,90.6,20,10,13,22,1,23
Niagara,2026-01-02,Sacred Heart,110.1,104.9,24,6,5,18,1,3
Niagara,2026-01-04,Fairfield,118.2,130.8,23,9,7,16,1,-8
Niagara,2026-01-09,Iona,85.2,114.1,27,7,9,18,-1,-18
Niagara,2026-01-11,Manhattan,117.4,132.4,25,9,7,16,-1,-9
Niagara,2026-01-14,Canisius,96.6,88.4,15,10,4,22,-1,5
Niagara,2026-01-19,Mount St. Mary's,92.0,107.9,23,11,14,20,1,-10
Niagara,2026-01-22,Fairfield,92.4,93.9,21,11,5,25,-1,-1
Niagara,2026-01-24,Sacred Heart,105.3,106.8,18,13,5,27,-1,-1
Niagara,2026-01-30,Siena,126.3,131.1,26,10,7,13,1,-3
Niagara,2026-02-01,Marist,72.8,91.8,18,13,8,22,1,-12
Niagara,2026-02-03,Canisius,115.0,99.0,21,10,5,26,1,9
Niagara,2026-02-07,Quinnipiac,92.2,93.8,25,12,9,25,-1,-1
Niagara,2026-02-13,Manhattan,107.2,118.0,19,11,3,19,1,-7
Niagara,2026-02-15,Iona,118.4,115.1,18,7,3,19,1,2
Niagara,2026-02-20,Mount St. Mary's,88.2,106.4,25,15,8,17,-1,-13
Niagara,2026-02-22,Rider,95.5,103.3,16,16,2,18,-1,-5
Niagara,2026-02-27,Quinnipiac,113.8,110.9,24,8,9,24,1,2
Niagara,2026-03-01,Merrimack,108.9,120.5,18,13,7,18,1,-7
Nicholls State,2025-11-04,Kentucky,69.9,105.6,24,11,4,23,-1,-26
Nicholls State,2025-11-07,Eastern Illinois,78.8,89.9,26,11,10,23,-1,-8
Nicholls State,2025-11-12,Valparaiso,97.6,105.3,30,15,7,20,-1,-5
Nicholls State,2025-11-15,Murray State,103.0,129.1,24,15,15,10,-1,-20
Nicholls State,2025-11-22,Oklahoma State,97.6,114.5,37,16,10,22,-1,-14
Nicholls State,2025-11-28,Tulane,102.7,117.0,21,10,7,22,-1,-10
Nicholls State,2025-12-02,Creighton,110.2,139.2,17,6,5,17,-1,-20
Nicholls State,2025-12-06,Incarnate Word,111.9,101.3,17,7,5,21,1,7
Nicholls State,2025-12-10,College of Biblical Studies,144.2,60.4,42,11,23,27,1,68
Nicholls State,2025-12-17,Houston Christian,113.6,92.0,29,7,9,19,1,15
Nicholls State,2025-12-21,Pacific,111.5,129.2,24,14,6,12,-1,-13
Nicholls State,2025-12-29,Texas A&M–Corpus Christi,118.5,110.7,23,12,6,16,-1,5
Nicholls State,2025-12-31,Texas–Rio Grande Valley,102.1,99.2,23,16,8,18,-1,2
Nicholls State,2026-01-03,East Texas A&M,112.9,81.9,34,12,15,22,1,22
Nicholls State,2026-01-05,Northwestern State,107.5,104.6,21,9,9,19,1,2
Nicholls State,2026-01-10,New Orleans,138.4,118.4,37,7,11,9,-1,13
Nicholls State,2026-01-12,McNeese State,90.6,125.2,33,19,10,18,-1,-26
Nicholls State,2026-01-17,Lamar,116.8,131.4,23,12,9,12,1,-10
Nicholls State,2026-01-19,Stephen F. Austin,91.5,116.5,28,10,13,16,1,-17
Nicholls State,2026-01-24,Southeastern Louisiana,86.4,94.9,28,12,10,17,-1,-6
Nicholls State,2026-01-27,New Orleans,81.9,105.6,33,14,8,16,1,-18
Nicholls State,2026-01-31,East Texas A&M,101.1,95.5,18,10,6,23,-1,4
Nicholls State,2026-02-02,Northwestern State,96.4,91.6,18,10,11,23,-1,3
Nicholls State,2026-02-07,Texas A&M–Corpus Christi,110.6,120.8,24,10,6,18,1,-7
Nicholls State,2026-02-09,Texas–Rio Grande Valley,104.4,133.4,28,8,6,11,1,-20
Nicholls State,2026-02-14,Incarnate Word,136.6,124.6,15,5,4,18,-1,8
Nicholls State,2026-02-16,Houston Christian,99.5,105.3,18,10,6,24,-1,-4
Nicholls State,2026-02-21,Stephen F. Austin,114.9,119.3,26,12,3,19,-1,-3
Nicholls State,2026-02-23,Lamar,80.6,79.1,28,13,9,23,-1,1
Nicholls State,2026-02-28,Southeastern Louisiana,102.4,90.4,26,9,11,22,1,8
Nicholls State,2026-03-02,McNeese State,97.3,112.3,31,15,17,20,1,-10
Nicholls State,2026-03-08,Northwestern State,100.1,77.2,19,12,9,23,0,14
Nicholls State,2026-03-09,Texas–Rio Grande Valley,104.0,131.5,20,12,9,16,0,-18
Norfolk State,2025-11-03,Wash. Adventist,124.2,96.3,17,12,12,27,1,22
Norfolk State,2025-11-05,Regent,146.7,67.8,23,7,18,27,1,64
Norfolk State,2025-11-08,William & Mary,100.1,103.9,27,18,13,21,1,-3
Norfolk State,2025-11-11,Old Dominion,91.1,95.8,17,11,10,19,-1,-3
Norfolk State,2025-11-14,Towson,63.7,79.2,16,6,11,23,-1,-10
Norfolk State,2025-11-21,Hampton,101.2,97.9,13,9,9,21,1,2
Norfolk State,2025-11-23,Wyoming,96.8,108.3,17,12,7,17,-1,-8
Norfolk State,2025-11-25,VU Lynchburg,170.3,99.0,26,4,15,29,1,57
Norfolk State,2025-11-29,Arizona,78.6,126.3,16,14,4,18,-1,-37
Norfolk State,2025-12-06,James Madison,101.9,103.4,8,15,8,27,-1,-1
Norfolk State,2025-12-10,Baylor,86.8,125.7,12,11,5,19,-1,-30
Norfolk State,2025-12-18,Grambling State,89.9,105.7,15,13,14,27,0,-12
Norfolk State,2025-12-19,Jackson State,110.1,96.6,23,14,9,24,0,10
Norfolk State,2025-12-21,UTEP,103.5,102.1,20,14,8,22,-1,1
Norfolk State,2025-12-22,UC Irvine,102.2,129.9,15,15,7,17,0,-19
Norfolk State,2025-12-28,Louisiana,87.3,101.8,23,9,5,21,-1,-9
Norfolk State,2026-01-03,North Carolina Central,96.8,99.7,17,12,16,21,-1,-2
Norfolk State,2026-01-10,Delaware State,94.8,92.0,12,20,5,15,-1,2
Norfolk State,2026-01-12,Maryland Eastern Shore,109.2,115.4,13,8,9,17,1,-4
Norfolk State,2026-01-17,South Carolina State,122.9,113.3,11,13,7,20,-1,7
Norfolk State,2026-01-19,Elizabeth City St.,123.4,87.5,14,9,7,24,1,25
Norfolk State,2026-01-24,Coppin State,126.0,93.0,26,19,9,24,1,27
Norfolk State,2026-01-26,Morgan State,100.5,101.8,21,9,13,25,1,-1
Norfolk State,2026-01-31,Howard,85.0,124.6,16,13,7,7,-1,-28
Norfolk State,2026-02-07,North Carolina Central,106.8,96.8,18,18,11,22,1,7
Norfolk State,2026-02-14,Delaware State,117.3,90.7,15,12,11,25,1,17
Norfolk State,2026-02-16,Maryland Eastern Shore,121.6,114.6,18,7,8,20,-1,4
Norfolk State,2026-02-21,South Carolina State,123.5,97.4,18,13,6,15,1,19
Norfolk State,2026-02-28,Coppin State,114.4,105.3,19,8,6,22,-1,6
Norfolk State,2026-03-02,Morgan State,108.6,116.3,19,7,18,27,-1,-6
Norfolk State,2026-03-05,Howard,106.7,118.0,14,8,7,18,1,-8
Norfolk State,2026-03-12,South Carolina State,107.9,115.8,20,17,14,18,0,-6
North Alabama,2025-11-05,Mississippi State,84.3,116.9,19,13,9,24,-1,-24
North Alabama,2025-11-07,Lane,125.7,117.3,25,9,15,22,1,6
North Alabama,2025-11-11,Northwestern State,115.0,109.7,17,13,13,23,1,4
North Alabama,2025-11-15,East Tennessee State,105.2,110.9,22,14,7,27,1,-4
North Alabama,2025-11-17,Clemson,97.1,129.0,28,7,13,15,-1,-20
North Alabama,2025-11-22,Chattanooga,91.4,113.9,20,12,7,16,-1,-14
North Alabama,2025-11-25,UT Southern,131.5,85.8,20,8,9,25,1,32
North Alabama,2025-12-01,Jacksonville State,107.3,97.0,22,9,10,26,-1,7
North Alabama,2025-12-03,San Francisco,95.1,92.2,15,9,11,21,-1,2
North Alabama,2025-12-15,Alabama A&M,89.7,101.6,19,12,3,27,-1,-8
North Alabama,2025-12-19,Loyola Marymount,79.2,126.4,15,7,11,20,-1,-34
North Alabama,2026-01-01,Stetson,97.4,101.7,29,12,10,20,1,-3
North Alabama,2026-01-03,Florida Gulf Coast,77.4,101.3,21,9,3,20,1,-17
North Alabama,2026-01-08,Eastern Kentucky,117.8,129.6,23,9,6,19,-1,-8
North Alabama,2026-01-10,Bellarmine,138.3,123.1,21,9,10,21,-1,9
North Alabama,2026-01-15,North Florida,130.4,150.5,16,7,12,19,1,-14
North Alabama,2026-01-17,Jacksonville,98.7,130.6,16,10,4,15,1,-22
North Alabama,2026-01-21,Queens (NC),89.6,125.8,16,15,9,13,-1,-25
North Alabama,2026-01-29,Florida Gulf Coast,95.1,107.0,15,9,6,24,-1,-8
North Alabama,2026-01-31,Stetson,106.1,103.0,21,11,8,21,-1,2
North Alabama,2026-02-04,Central Arkansas,87.7,118.4,23,13,6,21,-1,-21
North Alabama,2026-02-07,Austin Peay,98.0,143.8,14,12,15,14,-1,-29
North Alabama,2026-02-09,Central Arkansas,96.4,106.8,13,16,6,19,1,-7
North Alabama,2026-02-11,West Georgia,113.0,126.9,15,8,7,22,1,-9
North Alabama,2026-02-15,Eastern Kentucky,111.9,103.9,20,14,12,33,1,6
North Alabama,2026-02-18,Queens (NC),113.2,123.4,18,10,9,19,1,-7
North Alabama,2026-02-21,Lipscomb,81.6,116.8,16,10,14,19,-1,-22
North Alabama,2026-02-25,Bellarmine,125.1,116.5,18,11,17,17,1,5
North Alabama,2026-02-28,West Georgia,88.7,105.6,14,12,6,19,-1,-12
North Alabama,2026-03-04,Florida Gulf Coast,92.3,109.8,19,11,5,21,0,-11
North Carolina,2025-11-03,Central Arkansas,122.3,70.3,29,12,11,30,1,40
North Carolina,2025-11-07,Kansas,119.0,101.2,27,11,10,23,1,13
North Carolina,2025-11-11,Radford,102.9,85.5,31,11,13,35,1,15
North Carolina,2025-11-14,North Carolina Central,132.8,72.5,28,10,12,39,1,44
North Carolina,2025-11-18,Navy,100.0,83.5,23,13,8,35,1,12
North Carolina,2025-11-25,St. Bonaventure,117.5,96.8,18,13,10,26,0,15
North Carolina,2025-11-27,Michigan State,91.1,116.2,23,8,9,18,0,-16
North Carolina,2025-12-02,Kentucky,105.0,100.3,20,12,17,20,-1,3
North Carolina,2025-12-07,Georgetown,112.8,84.9,28,9,6,36,1,20
North Carolina,2025-12-13,USC Upstate,123.2,95.5,23,6,7,29,1,18
North Carolina,2025-12-16,East Tennessee State,126.7,95.5,25,7,7,28,1,19
North Carolina,2025-12-20,Ohio State,106.6,105.1,27,7,10,27,0,1
North Carolina,2025-12-22,East Carolina,123.5,63.6,25,12,12,31,1,48
North Carolina,2025-12-30,Florida State,111.2,92.9,29,8,14,31,1,13
North Carolina,2026-01-03,SMU,117.2,137.0,28,9,7,19,-1,-14
North Carolina,2026-01-10,Wake Forest,118.8,114.7,26,14,12,17,1,3
North Carolina,2026-01-14,Stanford,122.3,129.1,16,11,7,22,-1,-5
North Carolina,2026-01-17,California,105.5,113.6,27,11,6,23,-1,-6
North Carolina,2026-01-21,Notre Dame,129.0,97.8,34,8,8,34,1,22
North Carolina,2026-01-24,Virginia,123.2,116.0,22,4,8,17,-1,5
North Carolina,2026-01-31,Georgia Tech,123.2,101.5,31,2,12,24,-1,16
North Carolina,2026-02-02,Syracuse,119.5,105.7,18,11,11,26,1,10
North Carolina,2026-02-07,Duke,108.0,103.4,19,7,3,22,1,3
North Carolina,2026-02-10,Miami (FL),90.6,103.0,27,10,5,26,-1,-9
North Carolina,2026-02-14,Pittsburgh,120.7,99.3,25,4,5,21,1,14
North Carolina,2026-02-17,NC State,88.8,125.6,33,12,15,22,-1,-24
North Carolina,2026-02-21,Syracuse,110.1,91.5,16,10,7,28,-1,13
North Carolina,2026-02-23,Louisville,113.0,108.6,22,9,6,19,1,3
North Carolina,2026-02-28,Virginia Tech,126.7,116.7,20,12,9,21,1,7
North Carolina,2026-03-03,Clemson,100.0,94.0,27,8,6,26,1,4
North Carolina,2026-03-07,Duke,93.8,116.9,24,14,5,22,-1,-15
North Carolina,2026-03-12,Clemson,112.9,114.3,30,10,8,26,0,-1
North Carolina,2026-03-19,VCU,99.9,105.1,29,7,7,32,0,-4
North Carolina A&T,2025-11-04,South Carolina,95.1,120.2,11,11,7,21,-1,-19
North Carolina A&T,2025-11-10,South Carolina State,104.3,76.1,20,17,14,25,1,23
North Carolina A&T,2025-11-13,Wash. Adventist,110.5,103.0,13,13,14,23,1,6
North Carolina A&T,2025-11-18,Morgan State,112.1,103.6,19,14,7,29,-1,6
North Carolina A&T,2025-11-28,Davidson,109.7,133.5,17,10,5,22,-1,-16
North Carolina A&T,2025-12-02,Charlotte,89.2,115.8,18,11,6,17,-1,-17
North Carolina A&T,2025-12-06,North Carolina Central,95.9,75.1,16,18,11,36,-1,15
North Carolina A&T,2025-12-09,Howard,98.3,104.0,16,13,14,21,0,-4
North Carolina A&T,2025-12-12,Maryland Eastern Shore,112.2,108.1,21,13,8,25,1,3
North Carolina A&T,2025-12-16,UNC Greensboro,106.3,97.3,28,10,15,30,-1,6
North Carolina A&T,2025-12-20,Mid-Atl Christian,129.6,75.1,20,11,10,38,1,40
North Carolina A&T,2025-12-29,UNC Wilmington,101.3,113.0,22,8,3,25,1,-9
North Carolina A&T,2025-12-31,Northeastern,108.8,125.0,18,11,11,17,1,-11
North Carolina A&T,2026-01-03,Stony Brook,115.4,116.8,16,11,17,23,-1,-1
North Carolina A&T,2026-01-08,Elon,91.6,98.8,30,13,12,28,1,-5
North Carolina A&T,2026-01-15,William & Mary,118.2,128.8,18,17,6,24,-1,-8
North Carolina A&T,2026-01-19,Hampton,89.2,119.9,15,9,4,24,-1,-21
North Carolina A&T,2026-01-22,Hofstra,115.2,113.8,23,8,13,26,1,1
North Carolina A&T,2026-01-24,Towson,112.3,102.5,20,13,6,24,1,7
North Carolina A&T,2026-01-29,Monmouth,109.6,112.3,12,14,12,25,-1,-2
North Carolina A&T,2026-01-31,Drexel,93.7,95.3,21,9,5,25,-1,-1
North Carolina A&T,2026-02-05,College of Charleston,87.2,109.7,23,16,9,24,-1,-16
North Carolina A&T,2026-02-07,Campbell,99.8,111.0,10,9,10,21,1,-8
North Carolina A&T,2026-02-13,Hampton,104.0,102.5,9,6,5,18,0,1
North Carolina A&T,2026-02-19,College of Charleston,94.0,114.0,24,12,7,21,1,-13
North Carolina A&T,2026-02-21,Elon,149.5,120.2,15,10,8,23,-1,20
North Carolina A&T,2026-02-26,UNC Wilmington,99.0,134.1,24,9,5,21,-1,-23
North Carolina A&T,2026-02-28,William & Mary,118.6,122.7,17,14,4,27,1,-3
North Carolina A&T,2026-03-03,Campbell,99.7,124.6,15,13,10,16,-1,-18
North Carolina A&T,2026-03-06,Northeastern,99.2,121.2,12,12,9,21,0,-16
North Carolina Central,2025-11-03,NC State,90.1,155.6,18,18,7,17,-1,-48
North Carolina Central,2025-11-07,Virginia,95.0,124.2,14,9,13,17,-1,-19
North Carolina Central,2025-11-09,Appalachian State,84.2,118.5,22,11,6,21,-1,-22
North Carolina Central,2025-11-12,Bluefield St.,117.4,93.0,25,9,13,15,1,16
North Carolina Central,2025-11-14,North Carolina,72.5,132.8,26,9,8,16,-1,-44
North Carolina Central,2025-11-18,Toccoa Falls,132.4,72.1,29,14,13,33,1,56
North Carolina Central,2025-11-22,Dayton,82.0,110.3,14,17,5,26,-1,-19
North Carolina Central,2025-11-25,USC Upstate,93.3,114.2,16,9,13,19,-1,-15
North Carolina Central,2025-11-29,Carolina,127.8,71.5,12,9,6,21,1,48
North Carolina Central,2025-12-03,James Madison,95.9,103.6,21,10,7,23,-1,-5
North Carolina Central,2025-12-06,North Carolina A&T,75.1,95.9,18,11,8,21,1,-15
North Carolina Central,2025-12-09,Kentucky,91.3,140.4,19,13,4,17,-1,-36
North Carolina Central,2025-12-17,Mid-Atl Christian,117.8,76.1,25,16,18,29,1,34
North Carolina Central,2025-12-20,Longwood,99.6,102.3,17,12,6,19,1,-2
North Carolina Central,2025-12-29,Penn State,98.9,132.8,15,21,9,21,-1,-23
North Carolina Central,2026-01-03,Norfolk State,99.7,96.8,21,11,14,23,1,2
North Carolina Central,2026-01-10,Coppin State,131.5,115.1,20,9,8,17,-1,11
North Carolina Central,2026-01-12,Morgan State,128.7,112.8,9,9,3,23,-1,11
North Carolina Central,2026-01-17,Howard,98.4,118.4,26,14,10,19,1,-14
North Carolina Central,2026-02-02,Maryland Eastern Shore,106.7,103.4,22,11,7,14,1,2
North Carolina Central,2026-02-07,Norfolk State,96.8,106.8,18,14,5,16,-1,-7
North Carolina Central,2026-02-09,Delaware State,121.8,106.6,9,7,10,15,1,9
North Carolina Central,2026-02-14,Coppin State,85.5,88.6,27,9,12,25,1,-2
North Carolina Central,2026-02-16,Morgan State,109.0,103.5,15,15,10,24,1,4
North Carolina Central,2026-02-18,South Carolina State,108.7,128.3,20,11,9,18,-1,-13
North Carolina Central,2026-02-21,Howard,93.4,139.3,15,12,9,14,-1,-33
North Carolina Central,2026-02-28,Delaware State,117.4,95.2,18,8,7,19,-1,14
North Carolina Central,2026-03-02,Maryland Eastern Shore,111.1,105.4,20,10,5,11,-1,4
North Carolina Central,2026-03-05,South Carolina State,91.7,114.6,24,11,13,23,1,-16
North Carolina Central,2026-03-12,Maryland Eastern Shore,118.7,108.7,18,13,7,20,0,7
North Carolina Central,2026-03-13,Delaware State,104.5,93.9,16,6,14,18,0,6
North Carolina Central,2026-03-14,Howard,99.6,110.6,20,13,11,18,0,-7
North Dakota,2025-11-03,Alabama,80.6,118.3,20,10,4,18,-1,-29
North Dakota,2025-11-06,UC Riverside,99.1,104.8,23,9,10,19,1,-4
North Dakota,2025-11-09,Cal State Northridge,109.2,119.5,29,8,8,16,1,-8
North Dakota,2025-11-11,Mayville St,157.4,71.3,27,11,18,29,1,70
North Dakota,2025-11-15,UC Riverside,100.2,97.6,24,11,8,19,-1,2
North Dakota,2025-11-19,Creighton,90.8,113.6,18,8,7,20,-1,-15
North Dakota,2025-11-22,Coastal Carolina,80.7,104.4,25,11,15,27,0,-17
North Dakota,2025-11-23,Western Illinois,108.0,95.5,16,12,3,22,-1,9
North Dakota,2025-11-29,Hawaii,71.0,118.7,20,16,6,20,-1,-37
North Dakota,2025-12-03,Idaho,82.3,127.8,24,16,3,11,-1,-32
North Dakota,2025-12-06,Montana,106.4,112.1,21,10,15,16,1,-4
North Dakota,2025-12-10,Crown (MN),117.2,56.6,25,12,18,31,1,46
North Dakota,2025-12-13,Western Illinois,87.0,90.9,29,17,9,26,1,-3
North Dakota,2025-12-18,Winthrop,129.8,127.0,33,6,14,21,1,2
North Dakota,2025-12-21,Nebraska,83.1,117.9,29,11,6,24,-1,-23
North Dakota,2025-12-28,Dakota State,127.3,81.0,30,6,13,23,1,32
North Dakota,2026-01-01,Oral Roberts,103.5,87.7,16,14,13,28,1,11
North Dakota,2026-01-03,South Dakota State,126.3,122.1,35,10,16,21,1,3
North Dakota,2026-01-08,Omaha,113.8,129.6,31,6,11,13,-1,-11
North Dakota,2026-01-10,Kansas City,121.8,118.8,22,5,10,13,-1,2
North Dakota,2026-01-15,St. Thomas,109.3,124.3,19,13,8,19,1,-11
North Dakota,2026-01-17,South Dakota,137.4,114.5,26,5,13,22,1,16
North Dakota,2026-01-22,Oral Roberts,115.9,90.9,16,6,8,19,-1,17
North Dakota,2026-01-24,Denver,124.0,114.6,24,7,6,23,-1,7
North Dakota,2026-01-29,St. Thomas,114.0,112.6,26,8,6,20,-1,1
North Dakota,2026-02-05,Omaha,110.5,106.2,26,3,12,24,1,3
North Dakota,2026-02-07,Denver,116.8,144.9,21,3,8,16,1,-19
North Dakota,2026-02-11,South Dakota,105.4,103.9,13,7,12,23,-1,1
North Dakota,2026-02-14,North Dakota State,99.6,125.2,24,12,6,13,1,-17
North Dakota,2026-02-19,Kansas City,108.1,89.0,28,16,10,29,1,15
North Dakota,2026-02-21,South Dakota State,125.2,137.3,31,7,5,17,-1,-8
North Dakota,2026-02-28,North Dakota State,86.1,131.1,34,10,8,17,-1,-33
North Dakota,2026-03-06,Denver,120.2,97.0,23,8,9,22,0,16
North Dakota,2026-03-07,St. Thomas,105.6,104.1,19,9,1,24,0,1
North Dakota,2026-03-08,North Dakota State,95.3,107.6,26,7,6,25,0,-8
North Dakota State,2025-11-03,Oregon State,98.1,101.1,31,7,11,23,-1,-2
North Dakota State,2025-11-05,UC Davis,94.0,110.6,27,12,16,13,-1,-12
North Dakota State,2025-11-11,Cal State Northridge,107.2,81.0,39,10,13,28,1,22
North Dakota State,2025-11-12,St. Scholastica,145.3,49.7,27,8,5,30,1,73
North Dakota State,2025-11-17,Southern Illinois,116.3,107.5,35,12,7,19,1,7
North Dakota State,2025-11-19,Jamestown,115.3,94.2,12,14,6,18,1,15
North Dakota State,2025-11-26,Jacksonville State,88.9,68.3,23,10,8,28,0,13
North Dakota State,2025-11-28,Arkansas State,101.8,108.2,25,11,10,28,-1,-5
North Dakota State,2025-12-03,Montana,112.0,99.6,23,10,11,22,-1,9
North Dakota State,2025-12-06,Northern Arizona,96.3,94.9,20,16,14,25,1,1
North Dakota State,2025-12-11,Cal State Bakersfield,107.0,92.3,25,12,20,24,-1,11
North Dakota State,2025-12-13,Drake,135.4,128.6,33,5,5,19,-1,5
North Dakota State,2025-12-15,Minn.-Crookston,130.9,86.8,23,10,12,23,1,34
North Dakota State,2025-12-21,UC Irvine,106.8,108.3,25,19,15,21,0,-1
North Dakota State,2025-12-22,UTEP,97.8,112.6,16,16,6,19,-1,-10
North Dakota State,2025-12-31,South Dakota,129.0,93.7,25,8,12,22,1,23
North Dakota State,2026-01-03,Oral Roberts,103.3,100.7,23,15,21,24,1,2
North Dakota State,2026-01-08,Kansas City,138.5,104.2,29,9,14,19,-1,24
North Dakota State,2026-01-10,Omaha,122.0,118.9,24,8,5,13,-1,2
North Dakota State,2026-01-14,South Dakota State,117.5,100.5,31,8,5,25,1,11
North Dakota State,2026-01-17,St. Thomas,97.7,93.4,26,12,13,25,1,3
North Dakota State,2026-01-22,Denver,125.2,117.5,26,7,8,20,-1,5
North Dakota State,2026-01-24,Oral Roberts,141.5,95.4,24,5,9,22,-1,28
North Dakota State,2026-01-31,South Dakota,120.1,113.4,22,14,8,24,-1,5
North Dakota State,2026-02-05,Denver,100.4,110.3,20,10,10,21,1,-7
North Dakota State,2026-02-07,Omaha,133.2,121.6,25,5,6,19,1,8
North Dakota State,2026-02-14,North Dakota,125.2,99.6,25,14,10,22,-1,17
North Dakota State,2026-02-18,South Dakota State,110.4,98.5,21,5,3,27,-1,8
North Dakota State,2026-02-21,Kansas City,122.2,75.9,39,14,15,35,1,36
North Dakota State,2026-02-26,St. Thomas,94.4,127.9,25,7,9,19,-1,-22
North Dakota State,2026-02-28,North Dakota,131.1,86.1,29,13,6,29,1,33
North Dakota State,2026-03-05,Oral Roberts,110.9,94.8,26,8,14,19,0,11
North Dakota State,2026-03-07,Omaha,108.4,73.2,29,8,9,28,0,24
North Dakota State,2026-03-08,North Dakota,107.6,95.3,23,11,10,28,0,8
North Dakota State,2026-03-19,Michigan State,89.6,123.0,25,12,1,18,0,-25
North Florida,2025-11-06,Florida,79.6,129.4,28,14,5,17,-1,-40
North Florida,2025-11-12,Tennessee,85.7,128.5,35,16,10,12,-1,-33
North Florida,2025-11-15,New College (FL),142.0,78.0,37,6,19,27,1,55
North Florida,2025-11-19,Wofford,106.4,117.3,33,11,4,22,-1,-8
North Florida,2025-11-22,Southern Mississippi,115.2,127.7,30,17,2,15,0,-9
North Florida,2025-11-23,Prairie View A&M,110.0,114.0,26,20,8,24,0,-3
North Florida,2025-11-29,Trinity Baptist,139.3,84.1,37,8,13,22,1,44
North Florida,2025-12-02,SIU Edwardsville,93.1,106.4,30,12,4,20,1,-9
North Florida,2025-12-07,Gonzaga,72.6,136.5,38,18,4,17,-1,-51
North Florida,2025-12-13,Dayton,84.9,116.9,29,14,10,22,-1,-23
North Florida,2025-12-18,Charleston Southern,111.5,140.0,29,9,5,20,-1,-23
North Florida,2025-12-21,Miami (FL),87.9,137.8,31,20,7,14,-1,-38
North Florida,2025-12-28,Columbia,113.4,124.4,29,8,5,18,1,-8
North Florida,2026-01-01,Austin Peay,104.6,128.5,30,15,7,23,-1,-19
North Florida,2026-01-03,Lipscomb,101.8,112.8,46,13,10,33,-1,-8
North Florida,2026-01-08,West Georgia,100.2,116.7,33,12,7,20,1,-12
North Florida,2026-01-10,Queens (NC),110.0,119.4,32,9,6,20,1,-7
North Florida,2026-01-15,North Alabama,150.5,130.4,37,7,11,20,-1,14
North Florida,2026-01-17,Central Arkansas,92.6,131.5,34,13,4,21,-1,-29
North Florida,2026-01-22,Eastern Kentucky,120.7,117.9,27,12,11,20,1,2
North Florida,2026-01-24,Bellarmine,145.0,141.2,38,9,5,21,1,3
North Florida,2026-01-29,Stetson,108.8,118.7,28,10,8,22,1,-7
North Florida,2026-01-31,Lipscomb,127.2,135.3,39,13,11,22,1,-6
North Florida,2026-02-05,West Georgia,106.8,96.3,26,15,6,37,-1,8
North Florida,2026-02-07,Queens (NC),102.1,129.1,27,13,6,17,-1,-19
North Florida,2026-02-11,Florida Gulf Coast,108.3,120.3,36,10,9,24,-1,-9
North Florida,2026-02-14,Jacksonville,97.0,109.1,19,13,9,19,-1,-7
North Florida,2026-02-19,Austin Peay,96.8,98.1,23,15,8,28,1,-1
North Florida,2026-02-21,Stetson,112.0,119.9,27,10,10,20,-1,-5
North Florida,2026-02-26,Florida Gulf Coast,106.8,98.3,32,11,7,29,1,6
North Florida,2026-02-28,Jacksonville,85.8,119.6,25,11,7,14,1,-24
North Florida,2026-03-04,West Georgia,113.8,124.6,35,5,6,19,0,-8
North Texas,2025-11-03,N.M. Highlands,115.3,70.8,18,14,7,24,1,34
North Texas,2025-11-06,Northwestern State,134.1,88.9,21,9,11,19,1,27
North Texas,2025-11-09,Loyola Chicago,94.4,91.5,15,11,10,23,0,2
North Texas,2025-11-12,Oregon State,104.1,107.4,18,10,11,24,-1,-2
North Texas,2025-11-14,St. Mary's (CA),72.8,118.8,23,8,8,17,-1,-31
North Texas,2025-11-20,Central Arkansas,106.2,80.3,18,8,11,27,1,18
North Texas,2025-11-25,Eastern Washington,103.8,93.3,25,11,10,24,1,8
North Texas,2025-11-30,Prairie View A&M,100.1,96.0,16,18,9,26,1,3
North Texas,2025-12-02,Houston Christian,123.0,119.8,17,14,8,25,1,2
North Texas,2025-12-07,TCU,83.0,98.1,13,14,4,18,1,-10
North Texas,2025-12-14,South Alabama,89.2,87.7,40,11,10,21,-1,1
North Texas,2025-12-17,Santa Clara,88.9,93.3,13,12,10,17,0,-3
North Texas,2025-12-22,USAO,143.7,73.8,24,11,11,21,1,53
North Texas,2025-12-31,Memphis,71.7,85.1,18,18,8,21,-1,-9
North Texas,2026-01-04,Tulsa,116.7,108.6,18,3,7,15,1,5
North Texas,2026-01-07,South Florida,99.6,105.3,16,12,11,20,1,-4
North Texas,2026-01-11,Wichita State,92.3,107.4,10,12,12,15,-1,-11
North Texas,2026-01-18,Tulane,105.6,93.7,22,12,16,30,-1,8
North Texas,2026-01-21,UTSA,117.6,90.0,25,11,17,25,1,19
North Texas,2026-01-23,East Carolina,90.4,96.5,20,6,8,15,1,-4
North Texas,2026-01-28,Tulsa,94.0,116.8,18,9,11,19,-1,-16
North Texas,2026-01-31,UAB,100.4,106.3,17,6,9,19,1,-4
North Texas,2026-02-04,Rice,99.3,102.9,18,10,14,22,-1,-3
North Texas,2026-02-07,UTSA,118.7,85.0,18,11,20,23,-1,23
North Texas,2026-02-12,Memphis,110.5,100.3,15,13,12,19,1,7
North Texas,2026-02-15,Temple,101.1,96.4,13,5,11,20,-1,3
North Texas,2026-02-19,Tulane,103.5,112.3,12,11,11,23,1,-6
North Texas,2026-02-22,Florida Atlantic,107.0,105.6,18,9,9,27,1,1
North Texas,2026-02-25,Charlotte,124.8,126.4,25,6,9,15,-1,-1
North Texas,2026-03-01,UAB,95.9,89.7,17,6,8,24,-1,4
North Texas,2026-03-04,Rice,96.0,89.9,16,9,8,21,1,4
North Texas,2026-03-12,Florida Atlantic,102.7,97.2,12,5,10,24,0,4
North Texas,2026-03-13,Tulsa,90.2,96.6,32,11,9,32,0,-6
Northeastern,2025-11-03,Boston University,102.1,103.5,19,12,10,23,1,-1
Northeastern,2025-11-07,Colgate,100.4,96.0,23,7,9,22,-1,3
Northeastern,2025-11-11,Harvard,113.0,88.0,21,8,11,22,-1,17
Northeastern,2025-11-15,Vermont,103.0,118.3,15,14,6,18,1,-11
Northeastern,2025-11-20,Princeton,83.7,102.8,19,12,11,20,-1,-13
Northeastern,2025-11-22,Duquesne,110.0,101.7,19,20,8,26,0,7
Northeastern,2025-11-28,Wake Forest,97.6,115.0,18,22,5,14,-1,-13
Northeastern,2025-12-03,Holy Cross,87.4,112.6,28,13,11,21,-1,-17
Northeastern,2025-12-07,Central Connecticut State,104.5,80.2,25,10,5,37,1,17
Northeastern,2025-12-20,Syracuse,115.8,127.0,23,10,14,15,-1,-8
Northeastern,2025-12-22,Rhode Island,118.9,131.3,21,13,8,16,-1,-8
Northeastern,2025-12-29,Elon,123.0,139.2,21,13,5,12,-1,-12
Northeastern,2025-12-31,North Carolina A&T,125.0,108.8,17,7,5,13,-1,11
Northeastern,2026-01-03,Campbell,116.0,137.2,21,10,4,16,-1,-15
Northeastern,2026-01-08,UNC Wilmington,105.0,117.1,21,6,3,19,1,-9
Northeastern,2026-01-10,Towson,113.4,126.5,26,8,7,11,1,-9
Northeastern,2026-01-15,Elon,113.5,104.2,30,10,10,23,1,7
Northeastern,2026-01-19,Monmouth,92.9,110.7,24,17,10,25,-1,-13
Northeastern,2026-01-22,Stony Brook,110.7,131.5,30,7,7,16,1,-15
Northeastern,2026-01-24,Drexel,107.0,113.8,23,7,4,23,-1,-5
Northeastern,2026-01-31,College of Charleston,121.1,128.3,27,5,13,23,1,-5
Northeastern,2026-02-05,Hofstra,95.6,121.4,22,10,3,21,-1,-17
Northeastern,2026-02-07,Stony Brook,82.0,102.9,24,12,11,21,-1,-14
Northeastern,2026-02-12,William & Mary,96.2,135.0,30,10,8,21,1,-27
Northeastern,2026-02-19,Drexel,90.3,103.7,20,11,5,21,1,-9
Northeastern,2026-02-21,Hofstra,105.3,127.0,23,6,11,24,1,-14
Northeastern,2026-02-26,William & Mary,95.8,104.5,29,21,5,29,-1,-7
Northeastern,2026-02-28,Hampton,97.1,113.5,20,6,9,26,-1,-11
Northeastern,2026-03-03,Monmouth,121.2,130.0,17,12,7,22,1,-6
Northeastern,2026-03-06,North Carolina A&T,121.2,99.2,23,10,10,21,0,16
Northeastern,2026-03-07,Drexel,112.8,123.1,22,7,12,16,0,-7
Northern Arizona,2025-11-03,Drake,101.3,109.9,24,6,15,22,0,-6
Northern Arizona,2025-11-07,Justice,113.1,71.5,15,10,13,30,1,32
Northern Arizona,2025-11-11,Arizona,68.4,117.2,16,17,10,15,-1,-35
Northern Arizona,2025-11-18,Embry–Riddle (AZ),145.7,106.6,26,7,7,22,1,29
Northern Arizona,2025-11-24,Cal Poly,115.7,108.2,22,12,11,29,1,6
Northern Arizona,2025-11-26,Southeast Missouri State,109.7,100.0,13,11,5,26,1,7
Northern Arizona,2025-12-03,South Dakota State,89.3,108.0,24,13,6,23,1,-13
Northern Arizona,2025-12-06,North Dakota State,94.9,96.3,17,12,8,24,-1,-1
Northern Arizona,2025-12-09,Arizona State,72.6,110.4,26,12,3,18,-1,-25
Northern Arizona,2025-12-13,San Diego,103.7,117.2,20,17,9,16,-1,-9
Northern Arizona,2025-12-18,Southern Utah,99.4,87.2,12,7,7,25,1,8
Northern Arizona,2025-12-21,Incarnate Word,96.9,132.1,17,13,3,22,-1,-24
Northern Arizona,2025-12-29,Benedictine,136.3,73.0,32,14,10,27,1,52
Northern Arizona,2026-01-01,Montana,96.4,117.5,19,12,8,17,-1,-14
Northern Arizona,2026-01-03,Montana State,108.0,122.3,12,8,7,20,-1,-9
Northern Arizona,2026-01-08,Weber State,100.5,120.6,25,7,6,22,1,-13
Northern Arizona,2026-01-10,Idaho State,121.2,124.3,14,10,9,12,1,-2
Northern Arizona,2026-01-15,Sacramento State,102.5,123.3,22,13,9,23,-1,-14
Northern Arizona,2026-01-17,Portland State,81.8,99.1,16,12,2,21,-1,-11
Northern Arizona,2026-01-19,Montana,115.0,156.5,29,7,5,12,1,-26
Northern Arizona,2026-01-24,Northern Colorado,127.2,120.9,16,7,3,15,1,4
Northern Arizona,2026-01-29,Eastern Washington,138.8,129.7,20,5,7,17,1,6
Northern Arizona,2026-01-31,Idaho,94.8,120.8,17,11,7,19,1,-17
Northern Arizona,2026-02-05,Idaho State,133.1,123.0,20,5,2,16,-1,6
Northern Arizona,2026-02-07,Weber State,91.0,123.7,23,8,8,18,-1,-19
Northern Arizona,2026-02-12,Portland State,107.6,121.8,27,6,8,15,1,-9
Northern Arizona,2026-02-14,Sacramento State,111.2,104.2,26,12,8,22,1,5
Northern Arizona,2026-02-21,Northern Colorado,113.8,115.3,20,7,8,18,-1,-1
Northern Arizona,2026-02-26,Idaho,92.5,124.5,17,7,3,18,-1,-20
Northern Arizona,2026-02-28,Eastern Washington,89.7,138.6,23,16,5,13,-1,-31
Northern Arizona,2026-03-02,Montana State,103.2,120.7,21,9,8,20,1,-11
Northern Arizona,2026-03-07,Idaho State,97.5,109.5,20,9,4,19,0,-8
Northern Colorado,2025-11-03,Colorado Col.,130.6,81.8,30,10,15,31,1,34
Northern Colorado,2025-11-07,Colo. Christian,147.2,94.8,42,11,16,23,1,36
Northern Colorado,2025-11-15,Pepperdine,103.5,95.2,26,20,10,32,-1,7
Northern Colorado,2025-11-21,St. Thomas,98.2,99.6,24,18,6,24,0,-1
Northern Colorado,2025-11-22,Portland,106.1,98.7,28,11,5,25,-1,6
Northern Colorado,2025-11-23,Cal State Fullerton,118.5,113.6,31,9,6,32,0,4
Northern Colorado,2025-11-26,Air Force,116.9,87.3,24,8,2,27,-1,18
Northern Colorado,2025-11-29,Regis (CO),138.9,84.1,39,8,7,29,1,41
Northern Colorado,2025-12-03,Omaha,112.3,104.8,29,9,9,26,-1,5
Northern Colorado,2025-12-06,South Dakota,115.1,112.5,20,14,5,19,1,2
Northern Colorado,2025-12-16,Texas Tech,131.2,147.2,27,10,11,19,-1,-11
Northern Colorado,2025-12-20,Denver,108.8,118.4,25,9,14,23,1,-7
Northern Colorado,2025-12-28,Colorado,115.3,108.6,21,12,4,29,-1,5
Northern Colorado,2026-01-01,Montana State,104.4,123.8,25,12,10,25,-1,-14
Northern Colorado,2026-01-03,Montana,98.7,110.0,35,10,8,23,-1,-9
Northern Colorado,2026-01-08,Idaho State,127.8,108.2,35,8,5,23,1,13
Northern Colorado,2026-01-10,Weber State,102.0,109.2,14,11,10,20,1,-5
Northern Colorado,2026-01-15,Portland State,99.1,103.2,31,13,2,17,-1,-3
Northern Colorado,2026-01-17,Sacramento State,108.3,113.2,28,14,5,30,-1,-4
Northern Colorado,2026-01-19,Montana State,101.9,109.4,21,12,15,27,1,-5
Northern Colorado,2026-01-24,Northern Arizona,120.9,127.2,29,15,11,19,-1,-4
Northern Colorado,2026-01-29,Idaho,116.7,106.4,17,11,5,31,1,8
Northern Colorado,2026-01-31,Eastern Washington,108.8,104.4,35,3,11,22,1,3
Northern Colorado,2026-02-05,Weber State,127.4,107.1,24,9,6,25,-1,14
Northern Colorado,2026-02-07,Idaho State,109.2,96.5,17,12,6,29,-1,8
Northern Colorado,2026-02-12,Sacramento State,118.1,98.2,32,14,7,34,1,16
Northern Colorado,2026-02-14,Portland State,110.7,93.4,26,6,7,31,1,12
Northern Colorado,2026-02-21,Northern Arizona,115.3,113.8,15,10,6,25,1,1
Northern Colorado,2026-02-26,Eastern Washington,106.2,121.0,20,11,6,17,-1,-10
Northern Colorado,2026-02-28,Idaho,106.3,93.7,20,8,3,29,-1,9
Northern Colorado,2026-03-02,Montana,113.0,75.7,30,7,4,35,1,28
Northern Colorado,2026-03-09,Montana,117.7,125.7,26,4,10,23,0,-6
Northern Illinois,2025-11-03,Louisiana–Monroe,137.1,110.2,27,16,17,21,1,20
Northern Illinois,2025-11-07,Wisconsin,99.1,133.5,21,14,2,21,-1,-25
Northern Illinois,2025-11-10,Grand Canyon,81.9,122.2,19,20,7,12,-1,-29
Northern Illinois,2025-11-13,Benedictine (IL),149.2,79.1,28,8,9,34,1,55
Northern Illinois,2025-11-18,Northern Iowa,91.2,112.0,20,13,5,17,-1,-13
Northern Illinois,2025-11-21,Loyola Chicago,122.5,95.1,34,9,15,20,-1,17
Northern Illinois,2025-11-25,Austin Peay,89.0,116.2,22,10,8,18,-1,-18
Northern Illinois,2025-12-02,Lindenwood,80.7,124.9,21,18,8,19,1,-35
Northern Illinois,2025-12-06,Bradley,74.6,114.0,30,17,18,24,-1,-29
Northern Illinois,2025-12-13,Elon,110.9,119.3,30,12,11,21,-1,-6
Northern Illinois,2025-12-16,East-West,133.6,76.3,43,17,35,27,1,48
Northern Illinois,2025-12-20,Central Michigan,113.6,112.0,19,14,11,19,1,1
Northern Illinois,2025-12-31,Buffalo,96.0,116.1,32,14,8,18,1,-14
Northern Illinois,2026-01-03,Kent State,97.2,102.5,28,19,12,22,-1,-4
Northern Illinois,2026-01-06,Toledo,87.0,107.0,29,18,10,23,1,-14
Northern Illinois,2026-01-13,Eastern Michigan,80.7,105.4,25,12,6,27,-1,-18
Northern Illinois,2026-01-17,Massachusetts,90.0,87.5,29,14,9,20,1,2
Northern Illinois,2026-01-20,Ohio,106.4,110.6,20,16,9,19,-1,-3
Northern Illinois,2026-01-24,Ball State,90.9,99.5,28,8,9,22,-1,-5
Northern Illinois,2026-01-27,Western Michigan,137.6,105.2,30,8,15,18,1,20
Northern Illinois,2026-01-31,Miami (OH),82.1,114.4,24,16,4,23,-1,-24
Northern Illinois,2026-02-07,Georgia State,104.8,103.4,23,12,5,27,-1,1
Northern Illinois,2026-02-11,Bowling Green,73.1,95.5,27,13,6,23,1,-16
Northern Illinois,2026-02-14,Central Michigan,67.4,128.9,20,16,13,16,-1,-42
Northern Illinois,2026-02-17,Buffalo,107.3,104.3,28,16,6,24,-1,2
Northern Illinois,2026-02-21,Ohio,100.7,112.9,17,14,4,21,1,-8
Northern Illinois,2026-02-24,Toledo,103.6,118.6,23,10,8,23,-1,-10
Northern Illinois,2026-02-28,Ball State,69.5,127.8,17,9,3,19,1,-36
Northern Illinois,2026-03-03,Kent State,96.4,129.3,26,16,7,20,1,-26
Northern Illinois,2026-03-06,Akron,79.5,135.8,26,11,4,17,-1,-39
Northern Iowa,2025-11-06,Cal State Northridge,116.5,77.2,33,10,4,25,1,29
Northern Iowa,2025-11-09,South Dakota State,103.9,92.7,18,10,5,16,1,7
Northern Iowa,2025-11-14,Furman,106.6,82.3,20,7,4,25,1,16
Northern Iowa,2025-11-18,Northern Illinois,112.0,91.2,17,12,5,20,1,13
Northern Iowa,2025-11-22,UC Irvine,93.3,91.9,32,8,6,29,-1,1
Northern Iowa,2025-11-25,Loyola Chicago,117.8,83.4,28,2,4,25,0,21
Northern Iowa,2025-11-26,Tulsa,94.6,99.3,24,9,7,24,0,-3
Northern Iowa,2025-12-01,Coe,137.4,47.2,31,10,6,31,1,65
Northern Iowa,2025-12-06,Wichita State,97.5,104.6,18,8,7,23,1,-5
Northern Iowa,2025-12-13,Oakland,102.8,86.4,21,7,8,27,1,12
Northern Iowa,2025-12-17,Illinois–Chicago,95.7,86.1,23,15,8,25,-1,6
Northern Iowa,2025-12-22,St. Mary's (CA),92.3,100.2,20,8,2,20,-1,-5
Northern Iowa,2025-12-29,Valparaiso,99.0,81.9,12,9,4,25,1,10
Northern Iowa,2026-01-01,Indiana State,113.6,100.0,13,9,7,23,1,9
Northern Iowa,2026-01-04,Evansville,95.8,74.2,24,15,5,24,-1,14
Northern Iowa,2026-01-07,Belmont,109.4,131.2,36,3,6,16,1,-13
Northern Iowa,2026-01-10,Bradley,102.3,111.2,25,5,5,27,-1,-6
Northern Iowa,2026-01-13,Illinois–Chicago,97.5,110.3,24,11,11,21,1,-8
Northern Iowa,2026-01-17,Valparaiso,72.8,89.4,20,7,8,21,-1,-10
Northern Iowa,2026-01-21,Illinois State,83.6,91.3,18,9,6,21,-1,-5
Northern Iowa,2026-01-24,Murray State,119.6,112.2,15,8,5,24,1,5
Northern Iowa,2026-01-28,Southern Illinois,75.1,97.6,17,16,3,24,-1,-15
Northern Iowa,2026-01-31,Evansville,123.2,95.5,28,10,6,25,1,16
Northern Iowa,2026-02-06,Bradley,102.3,82.1,16,7,7,22,1,12
Northern Iowa,2026-02-09,Murray State,135.2,91.1,17,6,8,23,-1,29
Northern Iowa,2026-02-12,Belmont,120.3,127.3,24,10,4,19,-1,-5
Northern Iowa,2026-02-15,Drake,128.1,92.4,29,7,3,24,1,24
Northern Iowa,2026-02-18,Indiana State,122.7,90.9,27,7,2,21,-1,21
Northern Iowa,2026-02-21,Southern Illinois,92.9,96.2,17,14,7,13,1,-2
Northern Iowa,2026-02-25,Illinois State,112.0,115.2,16,8,4,22,1,-2
Northern Iowa,2026-03-01,Drake,115.5,81.6,25,6,6,22,-1,22
Northern Iowa,2026-03-05,Evansville,105.0,91.1,28,4,12,24,0,9
Northern Iowa,2026-03-06,Illinois State,117.9,82.9,19,11,7,24,0,22
Northern Iowa,2026-03-07,Bradley,115.3,108.9,9,14,1,20,0,4
Northern Iowa,2026-03-08,Illinois–Chicago,140.6,115.5,23,9,7,18,0,15
Northern Iowa,2026-03-20,St. John's (NY),82.1,122.3,14,6,4,21,0,-26
Northern Kentucky,2025-11-03,Cinci-Clermont,137.1,75.1,28,18,21,33,1,57
Northern Kentucky,2025-11-08,Tennessee,79.9,135.5,30,15,9,12,-1,-39
Northern Kentucky,2025-11-12,East Tennessee State,84.3,100.4,30,18,10,19,-1,-12
Northern Kentucky,2025-11-16,Cumberlands (KY),131.1,94.8,25,9,8,26,1,28
Northern Kentucky,2025-11-20,Central Michigan,127.9,93.8,27,11,12,18,-1,24
Northern Kentucky,2025-11-24,Eastern Kentucky,115.5,100.0,30,11,8,23,1,11
Northern Kentucky,2025-11-26,Wofford,124.4,111.0,13,9,9,24,1,10
Northern Kentucky,2025-11-29,Boston University,115.2,101.2,29,10,13,14,1,9
Northern Kentucky,2025-12-03,Cleveland State,134.3,113.1,27,13,11,15,1,15
Northern Kentucky,2025-12-06,Purdue Fort Wayne,97.5,100.0,35,18,10,22,-1,-2
Northern Kentucky,2025-12-09,Brescia,115.5,66.6,33,13,11,37,1,39
Northern Kentucky,2025-12-13,Bellarmine,110.9,105.4,25,10,9,19,-1,4
Northern Kentucky,2025-12-17,Oakland,103.0,109.7,26,10,11,24,1,-5
Northern Kentucky,2025-12-21,College of Charleston,99.1,113.8,33,16,11,19,1,-11
Northern Kentucky,2025-12-29,Robert Morris,110.1,107.3,12,12,3,23,-1,2
Northern Kentucky,2026-01-01,IU Indy,114.3,101.6,25,11,9,18,1,9
Northern Kentucky,2026-01-04,Youngstown State,115.2,96.9,20,13,6,31,1,15
Northern Kentucky,2026-01-09,Milwaukee,131.1,103.4,39,9,18,25,-1,18
Northern Kentucky,2026-01-11,Green Bay,128.3,131.6,26,3,7,15,-1,-2
Northern Kentucky,2026-01-15,Detroit Mercy,127.2,94.0,23,9,7,31,1,25
Northern Kentucky,2026-01-17,Robert Morris,104.5,108.0,26,14,10,22,1,-3
Northern Kentucky,2026-01-24,Wright State,113.7,125.1,21,14,7,17,-1,-8
Northern Kentucky,2026-01-30,Detroit Mercy,109.1,127.5,37,8,14,18,-1,-13
Northern Kentucky,2026-02-01,Oakland,84.6,99.0,40,10,13,26,-1,-11
Northern Kentucky,2026-02-04,Green Bay,109.2,113.1,36,7,8,19,1,-3
Northern Kentucky,2026-02-07,Milwaukee,104.6,96.8,28,11,7,22,1,5
Northern Kentucky,2026-02-12,IU Indy,119.7,115.4,21,12,12,18,-1,3
Northern Kentucky,2026-02-18,Purdue Fort Wayne,123.0,100.4,29,9,10,26,1,16
Northern Kentucky,2026-02-22,Youngstown State,75.9,83.7,31,18,13,23,-1,-6
Northern Kentucky,2026-02-25,Cleveland State,110.0,95.0,28,14,6,30,-1,11
Northern Kentucky,2026-02-28,Wright State,126.4,127.8,25,8,7,17,1,-1
Northern Kentucky,2026-03-04,Oakland,115.7,114.3,28,7,10,25,-1,1
Northern Kentucky,2026-03-08,Green Bay,141.2,111.8,28,4,12,22,0,20
Northern Kentucky,2026-03-09,Wright State,112.6,128.8,23,15,13,18,0,-13
Northwestern,2025-11-03,Mercyhurst,102.0,68.5,19,11,13,32,1,23
Northwestern,2025-11-07,Boston University,120.2,82.2,19,4,6,22,1,24
Northwestern,2025-11-10,Cleveland State,149.0,85.4,21,7,11,29,1,47
Northwestern,2025-11-14,DePaul,118.9,116.0,16,11,6,19,-1,2
Northwestern,2025-11-21,Virginia,105.1,111.8,16,7,4,18,0,-5
Northwestern,2025-11-23,South Carolina,121.7,118.7,14,9,4,18,0,2
Northwestern,2025-11-27,Oklahoma State,106.6,113.2,18,9,6,22,0,-5
Northwestern,2025-12-03,Wisconsin,100.8,117.3,19,12,8,24,-1,-12
Northwestern,2025-12-06,Ohio State,113.1,118.6,24,14,11,19,1,-4
Northwestern,2025-12-13,Jackson State,127.0,72.4,26,10,10,33,1,40
Northwestern,2025-12-16,Valparaiso,126.6,103.0,21,7,10,21,1,16
Northwestern,2025-12-20,Butler,84.1,88.5,23,8,5,22,0,-3
Northwestern,2025-12-30,Howard,121.8,91.4,17,5,12,21,1,20
Northwestern,2026-01-03,Minnesota,117.4,126.5,23,4,5,14,1,-6
Northwestern,2026-01-08,Michigan State,99.9,115.0,26,6,7,15,-1,-10
Northwestern,2026-01-11,Rutgers,105.2,108.0,18,6,10,28,-1,-2
Northwestern,2026-01-14,Illinois,113.5,131.8,25,7,12,14,1,-11
Northwestern,2026-01-17,Nebraska,97.6,129.5,14,10,9,19,1,-19
Northwestern,2026-01-21,Southern California,108.0,99.3,15,6,7,22,-1,6
Northwestern,2026-01-24,UCLA,99.6,110.5,23,9,8,21,-1,-7
Northwestern,2026-01-29,Penn State,135.5,105.2,22,9,7,25,1,21
Northwestern,2026-01-31,Washington,92.3,113.1,19,10,7,20,1,-14
Northwestern,2026-02-04,Illinois,68.5,130.7,25,1,5,15,-1,-40
Northwestern,2026-02-08,Iowa,110.0,119.5,14,9,2,17,-1,-6
Northwestern,2026-02-11,Michigan,95.3,110.5,25,7,8,17,1,-12
Northwestern,2026-02-14,Nebraska,75.4,104.7,15,16,5,14,-1,-19
Northwestern,2026-02-18,Maryland,114.8,108.9,21,8,2,13,1,4
Northwestern,2026-02-24,Indiana,112.3,106.1,13,8,6,21,-1,4
Northwestern,2026-02-28,Oregon,98.1,96.6,16,11,11,20,1,1
Northwestern,2026-03-04,Purdue,114.9,121.8,16,7,4,11,1,-4
Northwestern,2026-03-07,Minnesota,118.7,120.4,23,7,11,15,-1,-1
Northwestern,2026-03-10,Penn State,120.5,104.7,21,8,10,18,0,10
Northwestern,2026-03-11,Indiana,120.9,99.7,14,5,6,17,0,13
Northwestern,2026-03-12,Purdue,112.5,134.0,14,9,6,16,0,-13
Northwestern State,2025-11-03,Texas A&M,87.8,126.5,20,16,10,21,-1,-30
Northwestern State,2025-11-06,North Texas,88.9,134.1,16,14,6,11,-1,-27
Northwestern State,2025-11-11,North Alabama,109.7,115.0,15,11,5,20,-1,-4
Northwestern State,2025-11-14,Ecclesia,123.7,97.7,23,9,11,24,1,20
Northwestern State,2025-11-18,San Francisco,101.5,133.3,16,9,8,12,-1,-20
Northwestern State,2025-11-21,Grand Canyon,103.7,122.4,20,10,3,14,-1,-13
Northwestern State,2025-11-29,Southern,103.3,106.2,23,13,8,19,1,-2
Northwestern State,2025-12-05,McNeese State,78.4,133.5,33,17,5,15,-1,-38
Northwestern State,2025-12-07,Southeastern Louisiana,111.7,99.9,13,15,10,22,-1,8
Northwestern State,2025-12-13,California,103.6,117.0,24,11,4,21,-1,-9
Northwestern State,2025-12-20,Southern–New Orleans,144.3,73.5,22,6,15,31,1,53
Northwestern State,2025-12-29,Lamar,90.3,112.6,14,13,4,17,1,-15
Northwestern State,2025-12-31,Stephen F. Austin,97.4,112.7,17,6,5,20,1,-10
Northwestern State,2026-01-03,New Orleans,112.5,103.4,19,10,12,17,1,6
Northwestern State,2026-01-05,Nicholls State,104.6,107.5,22,11,8,25,-1,-2
Northwestern State,2026-01-10,Texas A&M–Corpus Christi,112.3,110.9,12,16,6,21,1,1
Northwestern State,2026-01-12,Texas–Rio Grande Valley,97.5,96.0,20,12,6,21,1,1
Northwestern State,2026-01-17,Incarnate Word,113.2,116.3,16,11,5,16,-1,-2
Northwestern State,2026-01-19,Houston Christian,147.0,150.7,19,5,9,10,-1,-2
Northwestern State,2026-01-27,Stephen F. Austin,92.6,95.4,16,8,10,25,-1,-2
Northwestern State,2026-01-31,New Orleans,94.7,111.0,18,9,6,19,-1,-11
Northwestern State,2026-02-02,Nicholls State,91.6,96.4,20,13,9,21,1,-3
Northwestern State,2026-02-04,East Texas A&M,107.6,117.1,17,8,4,21,1,-6
Northwestern State,2026-02-07,East Texas A&M,70.5,76.4,19,14,14,32,-1,-4
Northwestern State,2026-02-09,Lamar,103.0,100.0,18,8,7,23,-1,2
Northwestern State,2026-02-14,Southeastern Louisiana,109.5,104.7,16,7,4,15,1,3
Northwestern State,2026-02-16,McNeese State,95.6,112.0,14,13,6,26,1,-11
Northwestern State,2026-02-21,Houston Christian,109.5,81.7,14,7,6,26,1,18
Northwestern State,2026-02-23,Incarnate Word,87.0,78.9,14,9,4,25,1,5
Northwestern State,2026-02-28,Texas A&M–Corpus Christi,97.5,117.4,12,11,6,25,-1,-12
Northwestern State,2026-03-02,Texas–Rio Grande Valley,94.5,112.8,10,12,5,21,-1,-12
Northwestern State,2026-03-08,Nicholls State,77.2,100.1,23,13,11,19,0,-14
Notre Dame,2025-11-03,LIU,124.5,93.7,27,17,15,26,1,22
Notre Dame,2025-11-07,Detroit Mercy,134.0,92.0,32,6,10,33,1,32
Notre Dame,2025-11-11,Eastern Illinois,126.0,93.7,28,10,14,21,1,20
Notre Dame,2025-11-16,Ohio State,90.4,91.8,10,13,3,26,-1,-1
Notre Dame,2025-11-19,Bellarmine,124.6,114.5,19,13,9,21,1,7
Notre Dame,2025-11-24,Kansas,90.2,105.0,24,5,9,23,0,-10
Notre Dame,2025-11-25,Rutgers,106.0,98.2,18,14,8,23,0,5
Notre Dame,2025-11-26,Houston,89.0,104.8,28,8,5,23,0,-10
Notre Dame,2025-12-02,Missouri,106.7,99.7,33,12,5,23,1,5
Notre Dame,2025-12-05,TCU,116.4,113.8,26,13,8,27,-1,2
Notre Dame,2025-12-10,Idaho,126.5,102.8,14,8,10,26,1,15
Notre Dame,2025-12-13,Evansville,121.3,85.8,25,12,9,28,1,24
Notre Dame,2025-12-21,Purdue Fort Wayne,98.5,102.7,27,14,13,28,1,-3
Notre Dame,2025-12-30,Stanford,78.8,67.0,16,12,13,30,-1,7
Notre Dame,2026-01-02,California,109.2,110.7,31,7,10,31,-1,-1
Notre Dame,2026-01-10,Clemson,94.5,117.7,21,14,6,20,1,-15
Notre Dame,2026-01-13,Miami (FL),99.6,116.9,23,18,12,22,1,-12
Notre Dame,2026-01-17,Virginia Tech,104.7,122.6,24,12,10,16,-1,-13
Notre Dame,2026-01-21,North Carolina,97.8,129.0,25,5,17,21,-1,-22
Notre Dame,2026-01-24,Boston College,103.0,96.9,26,8,12,25,1,4
Notre Dame,2026-01-27,Virginia,119.9,123.6,27,9,6,23,1,-3
Notre Dame,2026-01-31,Syracuse,105.5,126.0,22,9,2,22,-1,-14
Notre Dame,2026-02-04,Louisville,92.7,108.4,27,11,10,23,-1,-11
Notre Dame,2026-02-07,Florida State,107.6,111.7,31,11,11,32,1,-3
Notre Dame,2026-02-10,SMU,116.3,127.8,25,11,7,15,-1,-8
Notre Dame,2026-02-14,Georgia Tech,128.4,106.7,28,11,11,22,1,15
Notre Dame,2026-02-21,Pittsburgh,105.9,113.6,38,7,14,21,-1,-5
Notre Dame,2026-02-24,Duke,79.4,141.8,26,14,5,21,1,-44
Notre Dame,2026-02-28,NC State,130.8,122.7,25,12,12,23,1,6
Notre Dame,2026-03-04,Stanford,122.9,135.5,22,9,8,19,1,-8
Notre Dame,2026-03-07,Boston College,89.3,99.7,35,11,6,27,-1,-8
Oakland,2025-11-03,Michigan,99.8,154.8,26,9,4,15,-1,-43
Oakland,2025-11-07,Purdue,107.8,121.8,26,8,10,26,-1,-10
Oakland,2025-11-12,Houston,68.2,118.2,13,13,6,18,-1,-33
Oakland,2025-11-15,Defiance,143.8,59.8,22,11,12,28,1,66
Oakland,2025-11-17,UCF,114.3,119.8,23,8,9,17,-1,-4
Oakland,2025-11-21,Eastern Michigan,121.6,129.7,22,8,9,17,-1,-6
Oakland,2025-11-24,Lamar,113.1,92.6,17,10,8,21,0,15
Oakland,2025-11-25,Montana,117.9,108.0,17,10,7,24,-1,8
Oakland,2025-12-03,Purdue Fort Wayne,127.1,115.8,29,11,10,28,1,9
Oakland,2025-12-06,Toledo,126.3,125.0,18,4,7,20,1,1
Oakland,2025-12-13,Northern Iowa,86.4,102.8,18,17,8,28,-1,-12
Oakland,2025-12-17,Northern Kentucky,109.7,103.0,18,10,10,25,-1,5
Oakland,2025-12-20,Michigan State,100.6,113.6,22,12,3,16,0,-9
Oakland,2025-12-29,Wright State,100.2,120.8,21,13,14,17,-1,-15
Oakland,2026-01-01,Youngstown State,127.2,124.2,15,9,5,23,-1,2
Oakland,2026-01-04,Robert Morris,137.5,104.5,16,5,8,24,1,23
Oakland,2026-01-09,Cleveland State,120.8,92.2,33,12,18,27,1,23
Oakland,2026-01-11,Wright State,113.3,126.7,19,6,6,11,1,-10
Oakland,2026-01-15,Milwaukee,96.1,79.0,16,16,11,32,-1,13
Oakland,2026-01-18,Green Bay,131.3,94.0,15,9,13,22,-1,25
Oakland,2026-01-21,IU Indy,115.9,140.4,22,9,9,15,1,-18
Oakland,2026-01-24,Detroit Mercy,136.5,125.0,21,4,8,20,-1,8
Oakland,2026-01-28,Purdue Fort Wayne,103.6,91.0,21,10,9,33,-1,9
Oakland,2026-02-01,Northern Kentucky,99.0,84.6,18,12,10,32,1,11
Oakland,2026-02-04,Cleveland State,106.5,124.2,21,13,9,21,-1,-13
Oakland,2026-02-12,Youngstown State,116.6,122.3,25,12,7,16,1,-4
Oakland,2026-02-15,Robert Morris,102.1,137.6,16,9,9,17,-1,-24
Oakland,2026-02-20,Green Bay,105.3,113.0,25,10,15,22,1,-5
Oakland,2026-02-22,Milwaukee,116.7,100.9,20,7,6,20,1,11
Oakland,2026-02-25,IU Indy,117.6,101.2,11,9,8,21,-1,12
Oakland,2026-02-28,Detroit Mercy,121.7,129.9,24,13,8,22,1,-6
Oakland,2026-03-04,Northern Kentucky,114.3,115.7,34,9,14,26,1,-1
Ohio,2025-11-03,Arkansas State,111.3,116.5,26,10,6,14,1,-4
Ohio,2025-11-06,Illinois State,101.4,95.7,8,8,4,27,1,4
Ohio,2025-11-11,St. Mary's (CA),87.1,130.6,24,13,11,16,-1,-30
Ohio,2025-11-15,Louisville,106.2,138.9,26,15,11,20,-1,-25
Ohio,2025-11-19,Bethune-Cookman,106.6,111.0,17,7,9,26,1,-3
Ohio,2025-11-24,George Mason,100.0,133.3,26,11,11,21,0,-23
Ohio,2025-11-25,Loyola Marymount,78.5,94.7,25,17,8,25,0,-12
Ohio,2025-12-03,Maine,115.3,83.2,22,11,16,23,1,22
Ohio,2025-12-06,Marshall,118.7,109.3,24,8,8,19,1,7
Ohio,2025-12-13,St. Bonaventure,109.2,103.0,23,16,8,22,0,5
Ohio,2025-12-16,Ohio Wesleyan,123.1,77.4,16,8,8,31,1,33
Ohio,2025-12-20,Bowling Green,82.2,96.3,28,15,7,21,1,-10
Ohio,2025-12-22,MU-Hamilton,146.2,84.6,27,11,9,22,1,43
Ohio,2025-12-30,Central Michigan,104.5,83.6,20,10,8,28,-1,16
Ohio,2026-01-03,Eastern Michigan,100.0,98.6,27,13,8,23,-1,1
Ohio,2026-01-06,Massachusetts,111.7,107.8,28,12,3,23,1,3
Ohio,2026-01-10,Buffalo,121.4,106.7,17,16,8,22,1,11
Ohio,2026-01-13,Toledo,118.8,141.2,23,11,11,13,-1,-16
Ohio,2026-01-16,Ball State,104.6,112.0,16,12,5,20,-1,-5
Ohio,2026-01-20,Northern Illinois,110.6,106.4,19,13,7,19,1,3
Ohio,2026-01-23,Akron,86.0,113.8,17,8,8,14,1,-21
Ohio,2026-01-27,Kent State,76.7,96.8,31,9,9,18,-1,-15
Ohio,2026-01-31,Buffalo,134.6,117.6,19,4,13,21,-1,12
Ohio,2026-02-03,Western Michigan,132.5,103.4,32,7,8,26,1,20
Ohio,2026-02-07,Old Dominion,107.7,116.7,25,7,9,22,-1,-6
Ohio,2026-02-13,Miami (OH),101.5,123.5,21,9,7,20,-1,-16
Ohio,2026-02-17,Ball State,111.6,92.2,21,8,6,24,1,12
Ohio,2026-02-21,Northern Illinois,112.9,100.7,16,6,8,19,-1,8
Ohio,2026-02-28,Toledo,99.7,117.6,22,6,12,23,1,-12
Ohio,2026-03-03,Massachusetts,105.5,121.0,28,8,10,18,-1,-12
Ohio,2026-03-06,Miami (OH),126.8,129.1,32,6,8,18,1,-2
Ohio,2026-03-12,Kent State,104.2,119.5,22,12,8,25,0,-11
Ohio State,2025-11-03,IU Indy,138.3,119.5,22,16,11,30,1,16
Ohio State,2025-11-07,Purdue Fort Wayne,128.5,93.0,28,19,3,29,1,26
Ohio State,2025-11-11,Appalachian State,122.0,86.2,27,4,11,25,1,22
Ohio State,2025-11-16,Notre Dame,91.8,90.4,23,9,1,23,1,1
Ohio State,2025-11-20,Western Michigan,124.6,79.4,29,11,15,30,1,33
Ohio State,2025-11-25,Mount St. Mary's,151.1,80.2,31,7,5,31,1,53
Ohio State,2025-11-28,Pittsburgh,97.3,98.7,24,12,7,28,-1,-1
Ohio State,2025-12-06,Northwestern,118.6,113.1,14,10,8,19,-1,4
Ohio State,2025-12-09,Illinois,111.8,122.9,28,6,4,20,1,-8
Ohio State,2025-12-13,West Virginia,105.3,104.1,21,12,12,28,0,1
Ohio State,2025-12-20,North Carolina,105.1,106.6,20,6,11,24,0,-1
Ohio State,2025-12-23,Grambling State,129.2,91.4,18,14,7,20,1,26
Ohio State,2026-01-02,Rutgers,128.0,116.8,16,10,10,15,-1,7
Ohio State,2026-01-05,Nebraska,102.0,106.5,26,8,3,25,1,-3
Ohio State,2026-01-08,Oregon,112.1,96.6,18,11,11,26,-1,10
Ohio State,2026-01-11,Washington,112.9,123.6,22,10,15,20,-1,-7
Ohio State,2026-01-17,UCLA,135.5,116.6,24,10,10,22,1,12
Ohio State,2026-01-20,Minnesota,115.1,103.9,24,10,10,27,1,8
Ohio State,2026-01-23,Michigan,91.7,109.5,27,12,6,14,-1,-12
Ohio State,2026-01-26,Penn State,123.6,114.7,23,9,5,15,1,6
Ohio State,2026-01-31,Wisconsin,113.5,127.3,29,6,9,21,-1,-10
Ohio State,2026-02-05,Maryland,127.8,96.6,17,8,7,15,-1,20
Ohio State,2026-02-08,Michigan,91.1,122.5,22,12,7,19,1,-21
Ohio State,2026-02-11,Southern California,115.9,106.8,22,12,6,22,1,7
Ohio State,2026-02-14,Virginia,100.4,106.5,14,7,5,19,0,-4
Ohio State,2026-02-17,Wisconsin,125.0,100.3,21,13,9,24,1,17
Ohio State,2026-02-22,Michigan State,97.6,107.4,22,3,3,21,-1,-6
Ohio State,2026-02-25,Iowa,97.4,126.4,14,11,5,17,-1,-17
Ohio State,2026-03-01,Purdue,131.3,118.4,24,7,10,23,1,8
Ohio State,2026-03-04,Penn State,151.0,99.6,23,9,5,28,-1,32
Ohio State,2026-03-07,Indiana,135.0,115.7,24,8,3,20,1,13
Ohio State,2026-03-12,Iowa,124.1,118.9,20,9,5,15,0,3
Ohio State,2026-03-13,Michigan,99.3,105.2,24,10,9,21,0,-4
Ohio State,2026-03-19,TCU,101.7,104.9,23,7,4,24,0,-2
Oklahoma,2025-11-03,Saint Francis (PA),129.7,83.9,30,11,11,28,1,36
Oklahoma,2025-11-08,Gonzaga,90.8,110.8,26,16,7,20,-1,-15
Oklahoma,2025-11-11,Arkansas–Pine Bluff,133.3,96.8,30,9,17,21,1,26
Oklahoma,2025-11-15,Nebraska,136.3,144.6,37,9,7,19,0,-6
Oklahoma,2025-11-20,Oral Roberts,131.9,98.6,24,3,11,20,1,24
Oklahoma,2025-11-23,Alcorn State,104.3,76.8,31,7,18,26,1,19
Oklahoma,2025-11-28,Marquette,115.9,114.4,28,6,9,22,0,1
Oklahoma,2025-12-02,Wake Forest,117.4,92.9,25,12,9,30,-1,18
Oklahoma,2025-12-06,Arizona State,91.8,112.8,36,13,10,19,0,-16
Oklahoma,2025-12-13,Oklahoma State,114.8,102.6,33,9,8,29,0,9
Oklahoma,2025-12-16,Kansas City,127.6,96.1,29,8,16,24,1,22
Oklahoma,2025-12-22,Stetson,153.8,77.6,24,8,8,29,1,53
Oklahoma,2025-12-29,Mississippi Valley State,150.4,111.6,32,7,12,20,1,24
Oklahoma,2026-01-03,Ole Miss,124.2,101.1,28,7,8,29,1,16
Oklahoma,2026-01-07,Mississippi State,77.3,105.0,20,13,9,21,-1,-19
Oklahoma,2026-01-10,Texas A&M,106.7,116.5,31,15,14,26,-1,-7
Oklahoma,2026-01-13,Florida,112.5,136.7,16,10,11,17,1,-17
Oklahoma,2026-01-17,Alabama,104.7,107.2,24,9,13,24,1,-2
Oklahoma,2026-01-20,South Carolina,102.9,115.1,27,11,10,22,-1,-9
Oklahoma,2026-01-24,Missouri,113.8,115.1,27,11,4,22,-1,-1
Oklahoma,2026-01-27,Arkansas,113.8,119.5,27,10,10,23,1,-4
Oklahoma,2026-01-31,Texas,102.4,117.3,28,9,8,18,1,-10
Oklahoma,2026-02-04,Kentucky,116.5,140.5,32,6,6,19,-1,-16
Oklahoma,2026-02-07,Vanderbilt,123.1,121.7,21,12,9,20,-1,1
Oklahoma,2026-02-14,Georgia,143.4,119.0,25,7,8,17,1,16
Oklahoma,2026-02-18,Tennessee,100.1,135.0,21,14,4,13,-1,-23
Oklahoma,2026-02-21,Texas A&M,109.3,115.5,30,8,17,25,1,-4
Oklahoma,2026-02-24,Auburn,132.2,114.7,19,9,9,15,1,12
Oklahoma,2026-02-28,Louisiana State,123.4,99.6,26,8,9,24,-1,16
Oklahoma,2026-03-03,Missouri,123.9,99.1,22,15,6,19,1,16
Oklahoma,2026-03-07,Texas,111.4,107.6,20,10,9,27,-1,3
Oklahoma,2026-03-11,South Carolina,131.8,113.4,25,8,5,19,0,12
Oklahoma,2026-03-12,Texas A&M,126.1,95.7,30,7,18,27,0,20
Oklahoma,2026-03-13,Arkansas,109.8,113.9,16,8,10,23,0,-3
Oklahoma,2026-04-01,Colorado,104.8,100.2,37,9,7,23,0,4
Oklahoma,2026-04-04,Baylor,115.4,97.1,22,7,5,26,0,13
Oklahoma,2026-04-05,West Virginia,111.8,121.4,20,13,7,22,0,-7
Oklahoma State,2025-11-04,Oral Roberts,110.0,82.2,25,13,12,36,1,24
Oklahoma State,2025-11-09,Texas A&M,114.1,82.6,26,9,9,27,1,24
Oklahoma State,2025-11-12,Prairie View A&M,114.3,81.5,25,14,15,32,1,27
Oklahoma State,2025-11-16,Texas A&M–Corpus Christi,107.5,87.2,24,17,9,32,1,16
Oklahoma State,2025-11-19,South Florida,121.5,112.0,22,18,7,24,1,8
Oklahoma State,2025-11-22,Nicholls State,114.5,97.6,20,15,4,29,1,14
Oklahoma State,2025-11-27,Northwestern,113.2,106.6,22,10,10,20,0,5
Oklahoma State,2025-12-02,Sam Houston State,118.1,105.4,23,13,12,27,1,10
Oklahoma State,2025-12-06,Grand Canyon,117.9,109.5,13,11,4,21,0,6
Oklahoma State,2025-12-13,Oklahoma,102.6,114.8,29,5,9,22,0,-9
Oklahoma State,2025-12-18,Kansas City,117.1,101.6,14,15,9,30,1,12
Oklahoma State,2025-12-21,Cal State Fullerton,116.7,110.5,30,17,10,24,1,5
Oklahoma State,2025-12-29,Bethune-Cookman,126.1,94.2,14,8,11,24,1,26
Oklahoma State,2026-01-03,Texas Tech,104.8,133.6,26,8,8,27,-1,-22
Oklahoma State,2026-01-06,UCF,107.7,94.1,19,15,5,34,1,11
Oklahoma State,2026-01-10,Iowa State,96.9,113.2,22,15,2,22,-1,-12
Oklahoma State,2026-01-13,Baylor,115.0,136.9,25,9,13,15,1,-15
Oklahoma State,2026-01-17,Kansas State,114.5,113.1,24,7,14,19,1,1
Oklahoma State,2026-01-20,TCU,89.4,93.5,15,13,7,20,-1,-3
Oklahoma State,2026-01-24,Iowa State,101.6,120.2,30,14,11,16,1,-13
Oklahoma State,2026-01-31,Utah,114.4,97.5,19,8,10,28,-1,12
Oklahoma State,2026-02-04,Brigham Young,125.9,117.0,21,8,9,21,1,7
Oklahoma State,2026-02-07,Arizona,63.2,112.9,28,12,10,24,-1,-37
Oklahoma State,2026-02-10,Arizona State,99.7,111.5,21,17,8,23,-1,-9
Oklahoma State,2026-02-14,TCU,118.1,122.0,25,9,7,23,1,-3
Oklahoma State,2026-02-18,Kansas,96.1,112.8,28,9,13,22,1,-12
Oklahoma State,2026-02-21,Colorado,93.6,112.6,23,13,11,23,-1,-14
Oklahoma State,2026-02-24,West Virginia,123.4,113.9,23,10,11,24,1,7
Oklahoma State,2026-02-28,Cincinnati,92.1,123.3,21,14,4,25,-1,-23
Oklahoma State,2026-03-03,UCF,124.5,116.6,23,10,11,27,-1,7
Oklahoma State,2026-03-07,Houston,111.3,121.7,30,11,12,22,1,-7
Oklahoma State,2026-03-10,Colorado,124.1,112.0,17,7,15,29,0,9
Oklahoma State,2026-03-11,TCU,121.5,131.1,19,7,10,20,0,-7
Oklahoma State,2026-03-17,Davidson,113.8,108.4,15,8,4,32,1,4
Oklahoma State,2026-03-22,Wichita State,92.6,127.0,20,11,10,24,1,-26
Old Dominion,2025-11-03,Miami (OH),95.7,115.7,21,19,4,20,-1,-15
Old Dominion,2025-11-06,Randolph,121.2,69.1,25,10,13,37,1,40
Old Dominion,2025-11-11,Norfolk State,95.8,91.1,24,9,7,21,1,3
Old Dominion,2025-11-15,George Washington,96.7,127.2,24,15,14,24,-1,-23
Old Dominion,2025-11-18,Xavier,89.6,128.6,18,13,5,16,-1,-30
Old Dominion,2025-11-21,Morgan State,131.0,83.4,27,6,11,27,1,32
Old Dominion,2025-11-23,Drexel,105.5,111.5,17,7,8,21,-1,-4
Old Dominion,2025-11-25,Villanova,111.3,132.0,23,10,6,21,-1,-14
Old Dominion,2025-11-30,William & Mary,95.9,112.5,34,11,3,19,-1,-13
Old Dominion,2025-12-06,Richmond,100.1,111.8,29,7,12,27,-1,-9
Old Dominion,2025-12-13,George Mason,85.1,101.8,16,16,5,28,-1,-12
Old Dominion,2025-12-17,James Madison,113.0,99.8,25,6,7,21,1,9
Old Dominion,2025-12-20,Coastal Carolina,101.8,104.5,16,12,5,32,1,-2
Old Dominion,2025-12-28,Maryland,84.6,106.5,18,12,10,26,-1,-15
Old Dominion,2025-12-31,Appalachian State,106.0,117.6,24,8,8,18,1,-8
Old Dominion,2026-01-03,Georgia Southern,105.4,114.0,27,8,11,24,1,-7
Old Dominion,2026-01-08,Coastal Carolina,98.8,93.1,21,12,12,28,-1,4
Old Dominion,2026-01-10,James Madison,98.3,99.7,23,6,6,21,-1,-1
Old Dominion,2026-01-15,Georgia Southern,116.3,120.5,28,11,10,23,-1,-3
Old Dominion,2026-01-17,Appalachian State,113.0,109.9,23,10,3,23,-1,2
Old Dominion,2026-01-21,Troy,92.8,100.0,18,12,7,27,1,-6
Old Dominion,2026-01-28,Arkansas State,102.2,96.8,23,9,3,27,-1,4
Old Dominion,2026-01-31,Texas State,88.1,111.5,27,14,10,21,-1,-17
Old Dominion,2026-02-04,Louisiana–Monroe,102.7,110.5,27,10,9,20,1,-6
Old Dominion,2026-02-07,Ohio,116.7,107.7,13,6,6,24,1,6
Old Dominion,2026-02-11,Marshall,111.1,113.9,20,8,5,22,1,-2
Old Dominion,2026-02-14,Georgia State,120.8,85.2,16,11,10,32,1,23
Old Dominion,2026-02-16,Louisiana,121.9,105.7,11,8,3,21,1,11
Old Dominion,2026-02-21,Southern Mississippi,100.6,106.8,21,18,8,14,-1,-5
Old Dominion,2026-02-24,Marshall,116.4,128.3,18,8,10,18,-1,-9
Old Dominion,2026-02-27,Georgia State,107.7,97.1,14,12,4,26,-1,8
Old Dominion,2026-03-03,Louisiana–Monroe,123.8,113.8,20,8,9,27,0,7
Old Dominion,2026-03-04,Georgia Southern,123.4,129.3,26,10,9,17,0,-4
Ole Miss,2025-11-03,Southeastern Louisiana,127.4,84.0,22,9,9,29,1,30
Ole Miss,2025-11-07,Louisiana–Monroe,110.8,83.7,33,13,8,29,1,21
Ole Miss,2025-11-11,Memphis,119.3,110.7,13,7,6,24,1,6
Ole Miss,2025-11-14,Cal State Bakersfield,125.4,91.8,19,4,14,22,1,22
Ole Miss,2025-11-18,Austin Peay,101.9,92.0,24,11,10,24,1,7
Ole Miss,2025-11-25,Iowa,107.1,114.8,17,12,6,21,0,-5
Ole Miss,2025-11-27,Utah,116.0,117.6,14,9,10,18,0,-1
Ole Miss,2025-12-02,Miami (FL),93.4,106.1,26,11,10,15,1,-9
Ole Miss,2025-12-06,St. John's (NY),79.9,86.8,16,18,9,23,-1,-5
Ole Miss,2025-12-13,Southern Mississippi,106.1,100.1,17,7,4,22,0,4
Ole Miss,2025-12-17,Alabama A&M,123.3,101.7,18,6,7,22,0,14
Ole Miss,2025-12-21,NC State,88.7,108.8,30,14,7,21,0,-14
Ole Miss,2025-12-29,Alcorn State,115.4,62.8,31,13,15,36,1,36
Ole Miss,2026-01-03,Oklahoma,101.1,124.2,26,7,8,19,-1,-16
Ole Miss,2026-01-07,Arkansas,116.6,126.0,26,10,7,16,1,-7
Ole Miss,2026-01-10,Missouri,112.2,101.9,22,6,8,22,1,7
Ole Miss,2026-01-14,Georgia,122.6,120.1,24,8,10,25,-1,2
Ole Miss,2026-01-17,Mississippi State,96.7,95.3,20,5,11,30,-1,1
Ole Miss,2026-01-20,Auburn,98.8,116.7,28,6,8,15,1,-12
Ole Miss,2026-01-24,Kentucky,90.6,103.6,21,10,13,24,-1,-9
Ole Miss,2026-01-31,Vanderbilt,104.7,109.4,15,10,9,20,-1,-3
Ole Miss,2026-02-03,Tennessee,99.9,127.2,25,7,5,15,-1,-18
Ole Miss,2026-02-07,Texas,104.6,121.5,24,7,7,18,-1,-11
Ole Miss,2026-02-11,Alabama,96.4,121.2,22,8,7,28,1,-19
Ole Miss,2026-02-14,Mississippi State,108.0,124.6,26,5,7,21,1,-12
Ole Miss,2026-02-18,Texas A&M,111.1,115.4,25,8,3,19,-1,-3
Ole Miss,2026-02-21,Florida,97.5,122.2,16,11,7,14,1,-19
Ole Miss,2026-02-25,Louisiana State,114.7,122.9,16,6,10,23,1,-7
Ole Miss,2026-02-28,Auburn,125.1,116.3,25,9,6,14,-1,6
Ole Miss,2026-03-03,Vanderbilt,108.2,112.0,18,16,10,28,1,-3
Ole Miss,2026-03-07,South Carolina,90.6,95.1,14,10,5,22,1,-3
Ole Miss,2026-03-11,Texas,107.5,93.4,10,3,6,25,0,10
Ole Miss,2026-03-12,Georgia,102.4,97.0,20,13,8,30,0,4
Ole Miss,2026-03-13,Alabama,107.4,106.0,19,8,7,33,0,1
Ole Miss,2026-03-14,Arkansas,113.7,117.4,29,11,8,21,0,-3
Omaha,2025-11-03,Murray State,94.9,104.8,12,17,8,25,0,-8
Omaha,2025-11-06,Abilene Christian,98.8,101.6,19,15,3,16,-1,-2
Omaha,2025-11-09,Colorado State,109.8,143.9,36,7,7,11,-1,-23
Omaha,2025-11-15,Southern Utah,118.5,111.9,19,10,5,25,1,5
Omaha,2025-11-19,Concordia (NE),132.2,110.2,31,9,8,20,1,16
Omaha,2025-11-21,Louisiana State,91.1,123.5,30,11,7,23,-1,-26
Omaha,2025-11-25,James Madison,114.5,130.8,29,11,9,19,0,-11
Omaha,2025-11-26,Florida International,83.0,100.7,27,19,10,27,-1,-13
Omaha,2025-11-29,Mid-Am Christian,131.7,97.2,31,12,6,26,1,22
Omaha,2025-12-03,Northern Colorado,104.8,112.3,19,9,8,24,1,-5
Omaha,2025-12-06,Portland State,100.3,91.9,20,8,8,23,-1,5
Omaha,2025-12-09,Doane College,113.3,100.4,20,13,11,25,1,9
Omaha,2025-12-16,York (NE),137.9,76.2,34,7,18,38,1,47
Omaha,2025-12-20,Lamar,113.8,109.8,26,13,6,21,-1,3
Omaha,2025-12-28,Oregon,85.5,120.0,26,9,5,20,-1,-23
Omaha,2026-01-01,South Dakota State,95.8,116.7,31,4,5,19,-1,-15
Omaha,2026-01-03,Kansas City,96.6,106.8,19,15,6,27,1,-7
Omaha,2026-01-08,North Dakota,129.6,113.8,17,12,4,24,1,11
Omaha,2026-01-10,North Dakota State,118.9,122.0,22,10,4,17,1,-2
Omaha,2026-01-17,Oral Roberts,109.4,92.9,18,8,4,23,-1,11
Omaha,2026-01-21,South Dakota,89.2,94.8,19,14,7,21,1,-4
Omaha,2026-01-24,Kansas City,105.1,81.9,25,16,13,28,-1,17
Omaha,2026-01-28,South Dakota State,110.9,98.4,24,8,6,26,1,9
Omaha,2026-01-31,Denver,114.6,111.8,21,8,10,29,-1,2
Omaha,2026-02-05,North Dakota,106.2,110.5,27,11,13,27,-1,-3
Omaha,2026-02-07,North Dakota State,121.6,133.2,31,10,6,20,-1,-8
Omaha,2026-02-12,St. Thomas,131.6,126.2,22,9,10,24,1,4
Omaha,2026-02-15,Denver,122.9,112.6,19,6,1,21,1,7
Omaha,2026-02-18,Oral Roberts,118.5,105.2,28,13,9,22,1,9
Omaha,2026-02-25,South Dakota,98.9,122.3,14,10,8,27,-1,-17
Omaha,2026-02-28,St. Thomas,78.9,101.2,24,7,5,26,-1,-15
Omaha,2026-03-06,South Dakota,116.5,95.0,26,5,8,30,0,14
Omaha,2026-03-07,North Dakota State,73.2,108.4,26,12,2,22,0,-24
Oral Roberts,2025-11-04,Oklahoma State,82.2,110.0,38,16,10,24,-1,-24
Oral Roberts,2025-11-08,John Brown,113.1,67.3,34,14,20,23,1,34
Oral Roberts,2025-11-12,Tulsa,117.1,118.4,33,10,5,21,1,-1
Oral Roberts,2025-11-15,Belmont,79.8,110.4,30,12,9,14,1,-23
Oral Roberts,2025-11-18,Haskell (KS),108.0,82.3,26,19,11,34,1,20
Oral Roberts,2025-11-20,Oklahoma,98.6,131.9,26,18,11,22,-1,-24
Oral Roberts,2025-11-24,Florida Gulf Coast,114.3,120.8,24,18,5,12,-1,-5
Oral Roberts,2025-11-25,Kennesaw State,119.0,108.5,21,18,4,21,0,8
Oral Roberts,2025-11-26,Rice,96.5,126.1,31,11,10,16,0,-19
Oral Roberts,2025-12-03,Weber State,88.3,123.0,29,15,5,20,-1,-26
Oral Roberts,2025-12-06,Montana State,108.7,102.6,16,11,13,17,1,4
Oral Roberts,2025-12-13,Ecclesia,126.7,67.9,29,19,12,31,1,45
Oral Roberts,2025-12-16,Missouri State,97.7,99.3,20,10,3,20,-1,-1
Oral Roberts,2025-12-18,TCU,87.0,118.3,21,13,7,14,-1,-19
Oral Roberts,2025-12-22,UT Arlington,82.4,99.7,20,13,9,20,1,-12
Oral Roberts,2026-01-01,North Dakota,87.7,103.5,24,12,8,21,-1,-11
Oral Roberts,2026-01-03,North Dakota State,100.7,103.3,39,12,9,21,-1,-2
Oral Roberts,2026-01-10,St. Thomas,107.4,124.1,26,8,6,22,1,-11
Oral Roberts,2026-01-14,Denver,120.1,135.3,26,6,11,17,-1,-11
Oral Roberts,2026-01-17,Omaha,92.9,109.4,24,11,7,24,1,-11
Oral Roberts,2026-01-22,North Dakota,90.9,115.9,19,18,10,22,1,-17
Oral Roberts,2026-01-24,North Dakota State,95.4,141.5,23,12,7,20,1,-28
Oral Roberts,2026-01-29,South Dakota,94.7,105.7,17,10,8,29,-1,-8
Oral Roberts,2026-01-31,South Dakota State,95.7,126.2,36,9,10,20,-1,-23
Oral Roberts,2026-02-07,St. Thomas,98.0,120.2,36,12,15,29,-1,-17
Oral Roberts,2026-02-12,Kansas City,101.3,88.1,26,9,8,30,1,9
Oral Roberts,2026-02-14,South Dakota State,99.8,125.8,30,15,11,18,1,-18
Oral Roberts,2026-02-18,Omaha,105.2,118.5,29,13,3,18,-1,-9
Oral Roberts,2026-02-21,South Dakota,92.2,85.4,17,11,10,27,1,5
Oral Roberts,2026-02-26,Denver,141.7,111.2,21,11,10,30,1,22
Oral Roberts,2026-02-28,Kansas City,124.3,92.6,21,8,5,32,-1,24
Oral Roberts,2026-03-04,Kansas City,119.6,88.3,27,14,12,28,0,22
Oral Roberts,2026-03-05,North Dakota State,94.8,110.9,35,17,10,26,0,-11
Oregon,2025-11-04,Hawaii,78.8,77.4,16,21,15,29,1,1
Oregon,2025-11-07,Rice,97.6,91.8,28,11,13,23,1,4
Oregon,2025-11-12,South Dakota State,116.7,97.0,40,9,8,27,1,14
Oregon,2025-11-17,Oregon State,126.6,109.2,24,10,13,22,1,12
Oregon,2025-11-24,Auburn,100.8,116.0,33,18,16,26,0,-11
Oregon,2025-11-25,San Diego State,109.8,133.1,28,13,10,10,0,-17
Oregon,2025-11-27,Creighton,97.6,112.4,15,9,15,24,0,-10
Oregon,2025-12-02,Southern California,110.6,117.8,23,14,9,16,1,-5
Oregon,2025-12-06,UCLA,103.0,120.9,27,10,15,14,-1,-11
Oregon,2025-12-13,UC Davis,143.6,85.6,21,12,14,29,1,42
Oregon,2025-12-17,Portland,118.6,87.0,33,14,9,26,1,25
Oregon,2025-12-21,Gonzaga,115.9,128.6,32,10,5,22,0,-9
Oregon,2025-12-28,Omaha,120.0,85.5,30,7,16,29,1,23
Oregon,2026-01-02,Maryland,95.8,80.8,16,13,6,29,-1,10
Oregon,2026-01-05,Rutgers,112.8,116.7,32,17,14,27,-1,-3
Oregon,2026-01-08,Ohio State,96.6,112.1,30,7,13,15,1,-10
Oregon,2026-01-13,Nebraska,83.8,137.1,23,15,5,22,-1,-35
Oregon,2026-01-17,Michigan,99.4,113.4,18,11,11,14,1,-10
Oregon,2026-01-20,Michigan State,89.3,116.7,20,10,6,15,1,-16
Oregon,2026-01-25,Washington,88.7,112.1,15,10,1,22,-1,-15
Oregon,2026-01-28,UCLA,93.3,119.5,32,8,11,22,1,-16
Oregon,2026-02-01,Iowa,110.6,140.8,25,9,12,17,1,-18
Oregon,2026-02-07,Purdue,95.2,101.1,25,13,7,20,-1,-4
Oregon,2026-02-09,Indiana,111.5,138.7,19,5,7,16,-1,-18
Oregon,2026-02-14,Penn State,123.6,107.2,27,14,8,20,1,11
Oregon,2026-02-17,Minnesota,75.4,104.5,20,10,6,20,1,-17
Oregon,2026-02-21,Southern California,101.3,99.8,16,15,8,24,-1,1
Oregon,2026-02-25,Wisconsin,119.3,99.7,19,7,4,28,1,14
Oregon,2026-02-28,Northwestern,96.6,98.1,19,14,12,19,-1,-1
Oregon,2026-03-03,Illinois,78.9,116.9,29,7,7,24,-1,-26
Oregon,2026-03-07,Washington,128.7,119.6,24,8,5,19,1,6
Oregon,2026-03-10,Maryland,94.8,110.7,21,8,6,19,0,-10
Oregon State,2025-11-03,North Dakota State,101.1,98.1,22,12,4,27,1,2
Oregon State,2025-11-07,Illinois–Chicago,110.3,105.9,27,19,13,23,1,3
Oregon State,2025-11-12,North Texas,107.4,104.1,25,9,6,18,1,2
Oregon State,2025-11-17,Oregon,109.2,126.6,25,11,8,15,-1,-12
Oregon State,2025-11-21,Evansville,101.8,107.7,25,12,13,17,0,-4
Oregon State,2025-11-22,Iona,94.6,102.5,23,13,9,30,0,-7
Oregon State,2025-11-24,Massachusetts,96.2,108.0,28,15,5,23,0,-8
Oregon State,2025-11-29,California Baptist,100.3,109.0,25,12,3,26,1,-6
Oregon State,2025-12-03,Vermont,125.6,91.1,28,9,6,23,1,22
Oregon State,2025-12-06,Southern Utah,114.3,98.8,19,12,7,26,1,11
Oregon State,2025-12-13,Montana State,104.3,88.8,20,11,4,28,1,10
Oregon State,2025-12-17,Sam Houston State,99.4,112.6,34,11,4,22,1,-10
Oregon State,2025-12-21,Arizona State,112.7,108.4,28,11,10,21,-1,3
Oregon State,2025-12-28,Santa Clara,92.6,147.6,26,16,8,11,1,-38
Oregon State,2025-12-30,San Francisco,111.0,98.3,23,9,1,28,1,8
Oregon State,2026-01-02,Pacific,86.4,137.0,23,10,6,18,-1,-31
Oregon State,2026-01-04,Washington State,102.0,123.3,25,10,6,16,-1,-14
Oregon State,2026-01-08,Seattle,97.0,78.5,21,14,13,29,1,13
Oregon State,2026-01-10,Portland,115.3,124.4,19,9,6,19,-1,-6
Oregon State,2026-01-14,Loyola Marymount,105.8,97.5,26,9,9,22,1,6
Oregon State,2026-01-17,Pacific,105.8,133.9,16,9,5,18,1,-17
Oregon State,2026-01-21,St. Mary's (CA),79.8,126.8,16,8,6,20,-1,-30
Oregon State,2026-01-28,Loyola Marymount,106.8,102.3,22,16,6,26,-1,3
Oregon State,2026-01-31,San Diego,93.1,90.7,26,16,6,27,-1,2
Oregon State,2026-02-04,Washington State,107.9,93.3,17,2,10,29,1,10
Oregon State,2026-02-07,Gonzaga,107.8,143.2,18,8,3,12,1,-20
Oregon State,2026-02-12,San Francisco,144.7,101.3,20,9,8,22,-1,27
Oregon State,2026-02-15,Seattle,77.4,92.9,23,12,4,23,-1,-10
Oregon State,2026-02-21,Pepperdine,113.7,100.0,29,12,17,28,1,10
Oregon State,2026-02-25,San Diego,122.9,109.6,26,12,7,28,1,10
Oregon State,2026-02-28,Santa Clara,104.4,134.9,20,11,9,19,-1,-21
Oregon State,2026-03-08,San Francisco,113.0,111.6,24,14,7,21,0,1
Oregon State,2026-03-09,Gonzaga,89.4,103.8,25,10,11,21,0,-9
Pacific,2025-11-05,Life Pacific,128.2,86.5,25,7,11,19,1,27
Pacific,2025-11-08,Nevada,112.7,114.2,33,8,6,24,-1,-1
Pacific,2025-11-12,Long Beach State,96.4,92.2,20,15,9,25,1,3
Pacific,2025-11-15,Cal State Fullerton,106.6,91.5,15,18,5,40,-1,12
Pacific,2025-11-20,Florida Atlantic,86.1,119.6,11,15,4,17,-1,-23
Pacific,2025-11-24,Stony Brook,129.7,87.5,13,14,3,30,0,28
Pacific,2025-11-25,Jacksonville,109.3,85.2,26,10,16,29,0,15
Pacific,2025-11-29,Sacramento State,93.5,74.2,30,15,11,33,1,14
Pacific,2025-12-03,Air Force,128.3,104.3,15,7,9,21,-1,15
Pacific,2025-12-06,California,98.6,108.3,23,8,13,23,-1,-6
Pacific,2025-12-13,Simpson (CA),147.5,70.9,24,11,15,28,1,54
Pacific,2025-12-16,Brigham Young,77.4,126.3,25,15,8,18,-1,-36
Pacific,2025-12-21,Nicholls State,129.2,111.5,9,18,6,25,1,13
Pacific,2025-12-28,San Diego,84.3,103.0,22,21,12,26,-1,-12
Pacific,2025-12-30,Loyola Marymount,99.1,111.7,15,12,13,23,-1,-9
Pacific,2026-01-02,Oregon State,137.0,86.4,23,9,10,27,1,31
Pacific,2026-01-04,Pepperdine,110.2,102.8,20,18,9,25,1,5
Pacific,2026-01-08,Portland,117.2,118.5,22,9,12,20,-1,-1
Pacific,2026-01-10,San Diego,107.8,98.0,33,9,19,28,1,7
Pacific,2026-01-14,Santa Clara,105.2,129.6,22,19,10,23,-1,-16
Pacific,2026-01-17,Oregon State,133.9,105.8,21,4,9,20,-1,17
Pacific,2026-01-24,Seattle,88.6,85.4,12,13,8,28,1,2
Pacific,2026-01-28,Portland,115.2,79.4,20,12,9,25,1,23
Pacific,2026-01-31,San Francisco,115.9,123.0,17,9,6,22,-1,-5
Pacific,2026-02-04,Santa Clara,86.1,109.1,11,15,7,26,1,-15
Pacific,2026-02-07,Pepperdine,127.7,81.9,23,9,8,35,-1,33
Pacific,2026-02-11,Loyola Marymount,105.7,96.0,15,9,10,25,1,6
Pacific,2026-02-14,St. Mary's (CA),93.9,110.9,16,15,9,24,1,-11
Pacific,2026-02-18,Washington State,105.2,130.8,21,10,10,21,-1,-17
Pacific,2026-02-21,Gonzaga,104.8,120.0,13,10,10,26,-1,-9
Pacific,2026-02-28,San Francisco,91.1,107.5,17,12,12,25,1,-11
Pacific,2026-03-07,Seattle,93.1,88.5,24,11,10,26,0,3
Pacific,2026-03-08,Santa Clara,108.5,121.2,27,9,12,17,0,-8
Penn State,2025-11-03,Fairfield,107.7,96.4,18,7,7,31,1,8
Penn State,2025-11-08,New Haven,142.2,70.3,25,6,9,23,-1,44
Penn State,2025-11-11,Navy,115.8,102.7,19,9,11,19,1,9
Penn State,2025-11-15,La Salle,129.3,107.5,20,7,5,17,0,14
Penn State,2025-11-19,Harvard,128.6,122.4,19,7,10,15,1,4
Penn State,2025-11-22,Providence,89.9,106.5,24,11,13,26,0,-12
Penn State,2025-11-25,Boston University,149.8,135.8,19,3,8,17,1,9
Penn State,2025-11-29,Sacred Heart,116.1,76.1,16,17,11,26,1,31
Penn State,2025-12-02,Campbell,118.4,103.5,13,7,5,21,1,11
Penn State,2025-12-09,Indiana,95.0,149.1,16,14,4,13,-1,-41
Penn State,2025-12-13,Michigan State,102.7,108.4,29,8,8,18,1,-4
Penn State,2025-12-21,Pittsburgh,71.4,124.1,23,12,6,21,0,-34
Penn State,2025-12-29,North Carolina Central,132.8,98.9,32,11,8,14,1,23
Penn State,2026-01-03,Illinois,93.6,105.1,38,7,11,18,1,-8
Penn State,2026-01-06,Michigan,101.4,104.3,30,8,14,24,1,-2
Penn State,2026-01-10,Purdue,128.4,140.5,27,9,5,22,-1,-8
Penn State,2026-01-14,UCLA,103.4,122.4,22,10,6,15,1,-11
Penn State,2026-01-18,Maryland,110.6,145.4,24,7,2,16,-1,-23
Penn State,2026-01-22,Wisconsin,98.6,136.1,27,7,9,22,1,-27
Penn State,2026-01-26,Ohio State,114.7,123.6,25,16,8,21,-1,-6
Penn State,2026-01-29,Northwestern,105.2,135.5,18,11,2,16,-1,-21
Penn State,2026-02-01,Minnesota,115.5,112.5,18,10,6,16,1,2
Penn State,2026-02-05,Michigan,94.9,151.3,20,5,8,11,-1,-41
Penn State,2026-02-08,Southern California,103.0,105.7,18,15,8,19,1,-2
Penn State,2026-02-11,Washington,94.8,90.3,13,12,4,25,-1,3
Penn State,2026-02-14,Oregon,107.2,123.6,21,9,7,16,-1,-11
Penn State,2026-02-18,Rutgers,104.8,123.7,17,15,5,17,1,-13
Penn State,2026-02-21,Nebraska,92.9,126.3,20,13,9,21,-1,-23
Penn State,2026-02-28,Iowa,120.5,117.1,15,15,2,21,1,2
Penn State,2026-03-04,Ohio State,99.6,151.0,19,8,1,11,1,-32
Penn State,2026-03-08,Rutgers,88.9,106.1,22,9,5,29,-1,-12
Penn State,2026-03-10,Northwestern,104.7,120.5,16,16,5,16,0,-10
Pennsylvania,2025-11-07,Rowan,132.8,80.3,22,14,18,33,1,47
Pennsylvania,2025-11-09,American,101.2,109.0,21,17,8,26,-1,-6
Pennsylvania,2025-11-11,Providence,101.7,133.1,28,10,10,17,-1,-25
Pennsylvania,2025-11-17,Saint Joseph's,108.5,96.7,18,14,9,27,1,9
Pennsylvania,2025-11-21,Drexel,124.1,100.5,22,9,10,25,-1,16
Pennsylvania,2025-11-28,Merrimack,110.0,92.8,12,11,12,30,1,12
Pennsylvania,2025-11-29,La Salle,111.6,108.5,20,9,9,20,1,2
Pennsylvania,2025-11-30,Hofstra,89.8,115.2,18,9,16,11,1,-17
Pennsylvania,2025-12-06,Villanova,92.1,131.5,22,13,10,17,0,-27
Pennsylvania,2025-12-08,Lafayette,103.4,100.6,19,9,13,23,1,2
Pennsylvania,2025-12-20,Rutgers,97.5,98.9,21,14,9,29,-1,-1
Pennsylvania,2025-12-28,George Mason,113.3,119.1,26,8,8,19,-1,-4
Pennsylvania,2025-12-31,NJIT,114.5,87.3,33,11,9,22,1,19
Pennsylvania,2026-01-05,Princeton,113.5,116.5,12,13,11,20,-1,-2
Pennsylvania,2026-01-10,Brown,118.7,107.0,16,8,10,21,1,8
Pennsylvania,2026-01-17,Dartmouth,115.0,101.3,21,5,13,26,-1,10
Pennsylvania,2026-01-19,Harvard,100.1,101.7,19,10,8,23,-1,-1
Pennsylvania,2026-01-24,Yale,88.1,113.1,25,11,7,19,1,-17
Pennsylvania,2026-01-30,Columbia,97.8,105.1,19,7,7,19,-1,-5
Pennsylvania,2026-01-31,Cornell,124.4,110.8,19,13,7,23,-1,10
Pennsylvania,2026-02-07,Princeton,103.6,101.9,18,7,11,22,1,1
Pennsylvania,2026-02-13,Columbia,108.8,95.9,24,9,10,20,1,9
Pennsylvania,2026-02-14,Cornell,104.8,97.2,20,9,9,26,1,6
Pennsylvania,2026-02-21,Yale,102.0,107.9,19,9,5,24,-1,-4
Pennsylvania,2026-02-27,Dartmouth,113.9,101.1,21,8,12,28,1,9
Pennsylvania,2026-02-28,Harvard,88.9,84.7,17,13,9,22,1,3
Pennsylvania,2026-03-06,Brown,110.3,82.1,26,11,11,24,-1,21
Pennsylvania,2026-03-14,Harvard,89.4,86.5,20,7,6,24,0,2
Pennsylvania,2026-03-15,Yale,119.2,113.8,28,13,9,24,0,4
Pennsylvania,2026-03-19,Illinois,103.0,154.5,30,7,7,14,0,-35
Pepperdine,2025-11-03,Life Pacific,121.9,110.8,25,14,16,23,1,8
Pepperdine,2025-11-07,UCLA,98.8,116.1,29,10,13,19,-1,-11
Pepperdine,2025-11-11,Lincoln (CA),155.9,104.9,18,11,24,27,1,37
Pepperdine,2025-11-15,Northern Colorado,95.2,103.5,23,11,12,19,1,-7
Pepperdine,2025-11-18,New Orleans,117.1,102.8,25,6,9,21,1,11
Pepperdine,2025-11-21,Stephen F. Austin,88.2,92.6,18,15,3,22,1,-3
Pepperdine,2025-11-26,Fresno State,76.0,109.0,29,14,13,23,0,-23
Pepperdine,2025-11-29,Cal State Fullerton,96.1,115.6,25,13,4,24,-1,-14
Pepperdine,2025-12-02,Abilene Christian,103.4,116.6,17,9,5,19,1,-8
Pepperdine,2025-12-06,Vermont,89.8,104.2,27,11,6,23,1,-9
Pepperdine,2025-12-13,Cal State Bakersfield,100.1,88.6,21,14,7,22,-1,8
Pepperdine,2025-12-18,Long Beach State,112.4,116.7,22,14,4,23,-1,-3
Pepperdine,2025-12-20,Rice,118.3,87.3,24,12,10,22,1,22
Pepperdine,2025-12-28,Gonzaga,79.1,135.7,19,14,10,20,1,-40
Pepperdine,2025-12-30,St. Mary's (CA),72.8,116.5,23,11,6,16,1,-27
Pepperdine,2026-01-02,Santa Clara,82.8,107.8,17,19,8,24,-1,-19
Pepperdine,2026-01-04,Pacific,102.8,110.2,22,11,7,15,-1,-5
Pepperdine,2026-01-08,San Diego,94.4,124.4,23,14,7,16,-1,-20
Pepperdine,2026-01-10,San Francisco,88.5,118.1,21,6,11,15,1,-20
Pepperdine,2026-01-14,Portland,100.2,94.2,23,11,9,25,1,4
Pepperdine,2026-01-21,Gonzaga,84.5,118.3,22,15,9,22,-1,-24
Pepperdine,2026-01-24,Washington State,108.0,129.9,17,15,2,17,-1,-16
Pepperdine,2026-01-28,San Diego,108.9,113.8,30,11,14,24,1,-4
Pepperdine,2026-02-04,Seattle,103.8,106.4,20,13,7,20,-1,-2
Pepperdine,2026-02-07,Pacific,81.9,127.7,19,12,4,22,1,-33
Pepperdine,2026-02-11,St. Mary's (CA),81.5,119.6,26,10,9,16,-1,-28
Pepperdine,2026-02-14,Loyola Marymount,125.5,124.1,18,11,9,23,1,1
Pepperdine,2026-02-18,Portland,131.5,120.4,28,9,9,19,-1,8
Pepperdine,2026-02-21,Oregon State,100.0,113.7,24,10,4,22,-1,-10
Pepperdine,2026-02-25,Seattle,111.7,121.5,26,16,15,22,1,-7
Pepperdine,2026-02-28,Washington State,111.4,100.0,19,13,14,24,1,9
Pepperdine,2026-03-05,Portland,90.4,102.3,28,10,11,21,0,-9
Pittsburgh,2025-11-03,Youngstown State,112.9,90.0,17,16,15,27,1,15
Pittsburgh,2025-11-07,Longwood,107.4,82.6,30,14,9,33,1,18
Pittsburgh,2025-11-10,Eastern Michigan,113.1,95.7,18,7,9,27,1,12
Pittsburgh,2025-11-13,West Virginia,75.5,109.4,20,11,4,22,-1,-22
Pittsburgh,2025-11-17,Bucknell,125.8,74.9,25,13,14,27,1,34
Pittsburgh,2025-11-20,UCF,104.1,119.7,27,12,11,14,0,-10
Pittsburgh,2025-11-23,Quinnipiac,108.8,120.4,28,15,15,15,1,-8
Pittsburgh,2025-11-28,Ohio State,98.7,97.3,22,5,12,19,1,1
Pittsburgh,2025-12-02,Texas A&M,108.4,120.3,26,11,11,18,1,-8
Pittsburgh,2025-12-07,Hofstra,117.7,129.0,23,9,6,17,1,-7
Pittsburgh,2025-12-13,Villanova,100.7,130.5,22,12,13,19,-1,-18
Pittsburgh,2025-12-17,Binghamton,141.8,86.8,27,11,6,21,1,40
Pittsburgh,2025-12-21,Penn State,124.1,71.4,24,7,10,31,0,34
Pittsburgh,2025-12-30,Miami (FL),103.4,113.9,25,7,8,18,-1,-7
Pittsburgh,2026-01-03,Clemson,102.0,109.5,17,10,6,20,1,-5
Pittsburgh,2026-01-10,Syracuse,107.6,124.1,26,12,13,16,1,-11
Pittsburgh,2026-01-14,Georgia Tech,126.4,93.7,26,9,9,23,-1,23
Pittsburgh,2026-01-17,Louisville,89.6,151.8,24,9,7,16,1,-41
Pittsburgh,2026-01-21,Boston College,95.2,99.8,22,7,13,25,-1,-3
Pittsburgh,2026-01-24,NC State,102.3,115.1,29,13,21,25,1,-9
Pittsburgh,2026-01-27,Wake Forest,108.9,103.5,36,8,15,24,1,4
Pittsburgh,2026-01-31,Clemson,91.4,110.8,26,13,15,16,-1,-11
Pittsburgh,2026-02-03,Virginia,76.4,109.0,19,17,6,22,-1,-20
Pittsburgh,2026-02-07,SMU,97.0,124.5,33,12,10,19,1,-19
Pittsburgh,2026-02-10,Duke,88.1,114.2,33,9,5,15,1,-16
Pittsburgh,2026-02-14,North Carolina,99.3,120.7,19,11,6,23,-1,-14
Pittsburgh,2026-02-21,Notre Dame,113.6,105.9,24,10,8,25,1,5
Pittsburgh,2026-02-25,Stanford,109.9,123.1,23,12,8,18,-1,-8
Pittsburgh,2026-02-28,California,110.0,85.5,21,11,9,21,-1,16
Pittsburgh,2026-03-04,Florida State,111.9,113.4,27,8,13,21,1,-1
Pittsburgh,2026-03-07,Syracuse,100.3,97.5,26,11,8,26,-1,2
Pittsburgh,2026-03-10,Stanford,106.6,104.9,17,9,18,19,0,1
Pittsburgh,2026-03-11,NC State,131.6,146.6,27,11,4,17,0,-10
Portland,2025-11-03,Willamette,128.2,88.7,17,14,12,36,1,37
Portland,2025-11-06,Arkansas–Pine Bluff,98.8,88.1,27,19,8,29,1,9
Portland,2025-11-09,UC Davis,95.0,89.3,22,16,10,21,1,4
Portland,2025-11-15,Wyoming,77.4,128.5,12,13,6,21,-1,-37
Portland,2025-11-21,Cal State Fullerton,129.9,107.2,21,13,6,28,1,18
Portland,2025-11-22,Northern Colorado,98.7,106.1,24,13,11,28,1,-6
Portland,2025-11-23,St. Thomas,90.5,104.2,19,19,7,26,1,-10
Portland,2025-11-26,Long Beach State,127.8,100.3,12,15,2,27,1,20
Portland,2025-12-01,Stanford,104.4,136.3,12,17,6,23,-1,-22
Portland,2025-12-05,Lewis & Clark,138.0,115.5,23,9,18,27,1,17
Portland,2025-12-14,Kent State,106.5,94.4,22,14,5,19,1,10
Portland,2025-12-17,Oregon,87.0,118.6,23,17,8,22,-1,-25
Portland,2025-12-22,UC Santa Barbara,95.7,123.9,17,14,10,16,-1,-18
Portland,2025-12-28,Washington State,88.1,95.2,31,6,11,26,1,-5
Portland,2025-12-30,Santa Clara,117.5,127.2,20,15,9,12,1,-7
Portland,2026-01-02,St. Mary's (CA),89.7,122.7,19,8,11,19,-1,-21
Portland,2026-01-04,San Francisco,97.7,104.9,23,16,6,17,-1,-5
Portland,2026-01-08,Pacific,118.5,117.2,23,14,12,20,1,1
Portland,2026-01-10,Oregon State,124.4,115.3,22,5,9,20,1,6
Portland,2026-01-14,Pepperdine,94.2,100.2,33,12,13,24,-1,-4
Portland,2026-01-17,Loyola Marymount,100.0,81.7,17,11,7,30,-1,13
Portland,2026-01-24,St. Mary's (CA),104.1,113.1,17,9,6,19,1,-6
Portland,2026-01-28,Pacific,79.4,115.2,23,13,6,17,-1,-23
Portland,2026-01-31,Washington State,100.5,141.2,19,9,11,20,-1,-30
Portland,2026-02-04,Gonzaga,116.1,106.8,16,15,3,24,1,7
Portland,2026-02-07,Seattle,84.4,82.9,17,12,10,22,1,1
Portland,2026-02-11,San Diego,90.3,110.5,19,15,5,22,-1,-13
Portland,2026-02-18,Pepperdine,120.4,131.5,18,12,4,17,1,-8
Portland,2026-02-21,Seattle,85.4,102.7,19,18,2,23,-1,-12
Portland,2026-02-25,Gonzaga,69.6,129.1,20,21,7,19,-1,-41
Portland,2026-02-28,San Diego,124.0,105.5,21,7,8,21,1,13
Portland,2026-03-05,Pepperdine,102.3,90.4,17,12,8,26,0,9
Portland,2026-03-06,Washington State,104.8,96.3,15,10,6,31,0,6
Portland,2026-03-07,San Francisco,94.2,118.8,18,16,9,17,0,-17
Portland State,2025-11-04,Stanford,100.8,113.6,27,19,8,21,-1,-10
Portland State,2025-11-07,Northwest Indian,139.3,84.5,27,14,16,29,1,48
Portland State,2025-11-12,San Francisco,98.6,112.6,27,13,12,20,-1,-10
Portland State,2025-11-17,Cal State Bakersfield,120.7,103.8,18,15,5,22,1,13
Portland State,2025-11-19,Evergreen St.,127.0,86.1,26,10,20,35,1,29
Portland State,2025-11-25,Utah Tech,96.4,89.3,19,16,16,28,-1,5
Portland State,2025-12-03,South Dakota,97.8,90.2,10,13,8,25,-1,6
Portland State,2025-12-06,Omaha,91.9,100.3,30,9,5,18,1,-5
Portland State,2025-12-13,George Fox,131.8,70.1,25,6,12,29,1,44
Portland State,2025-12-17,Colorado,98.7,113.6,15,14,5,21,-1,-11
Portland State,2025-12-20,Tulane,90.5,93.4,20,12,10,23,-1,-2
Portland State,2026-01-01,Weber State,110.0,104.2,28,12,15,32,-1,5
Portland State,2026-01-03,Idaho State,125.2,117.1,21,8,6,22,-1,6
Portland State,2026-01-10,Sacramento State,129.9,93.4,25,11,10,33,1,27
Portland State,2026-01-15,Northern Colorado,103.2,99.1,16,16,8,26,1,3
Portland State,2026-01-17,Northern Arizona,99.1,81.8,23,12,11,25,1,11
Portland State,2026-01-22,Eastern Washington,96.2,90.3,12,12,7,21,-1,4
Portland State,2026-01-24,Idaho,101.9,97.4,13,9,4,24,-1,3
Portland State,2026-01-29,Montana,85.0,90.7,16,17,7,20,1,-4
Portland State,2026-01-31,Montana State,99.3,85.1,19,14,9,22,1,9
Portland State,2026-02-02,Idaho State,134.5,99.4,15,4,4,15,1,23
Portland State,2026-02-07,Sacramento State,107.6,106.1,20,10,17,30,-1,1
Portland State,2026-02-12,Northern Arizona,121.8,107.6,9,13,3,26,-1,9
Portland State,2026-02-14,Northern Colorado,93.4,110.7,20,8,5,26,-1,-12
Portland State,2026-02-19,Idaho,107.6,93.6,20,9,6,26,1,10
Portland State,2026-02-21,Eastern Washington,79.4,96.7,19,8,7,20,1,-12
Portland State,2026-02-26,Montana State,98.0,119.3,18,15,10,19,-1,-15
Portland State,2026-02-28,Montana,93.1,101.3,34,14,11,25,-1,-6
Portland State,2026-03-02,Weber State,118.4,84.6,22,7,6,26,1,24
Portland State,2026-03-08,Idaho State,113.3,103.9,15,4,5,23,0,7
Portland State,2026-03-10,Montana,96.5,100.5,28,6,10,20,0,-3
Prairie View A&M,2025-11-03,College of Biblical Studies,115.6,58.4,24,19,12,30,1,47
Prairie View A&M,2025-11-05,Dallas,132.9,75.0,11,8,11,21,1,41
Prairie View A&M,2025-11-08,Wichita State,78.6,133.1,16,16,9,20,-1,-43
Prairie View A&M,2025-11-12,Oklahoma State,81.5,114.3,24,12,3,22,-1,-27
Prairie View A&M,2025-11-17,Missouri,94.5,117.8,23,9,4,18,-1,-18
Prairie View A&M,2025-11-22,UT Martin,95.8,97.2,16,11,8,23,0,-1
Prairie View A&M,2025-11-23,North Florida,114.0,110.0,23,10,18,15,0,3
Prairie View A&M,2025-11-30,North Texas,96.0,100.1,12,11,3,18,-1,-3
Prairie View A&M,2025-12-06,Champion Christian,138.0,69.0,22,13,12,36,1,62
Prairie View A&M,2025-12-13,South Dakota,106.6,121.7,13,14,10,19,-1,-12
Prairie View A&M,2025-12-20,Paul Quinn,121.9,78.0,22,12,9,27,1,36
Prairie View A&M,2025-12-22,Louisiana State,121.2,140.0,20,10,4,14,-1,-14
Prairie View A&M,2025-12-29,Texas A&M,93.5,126.6,22,15,6,24,-1,-29
Prairie View A&M,2026-01-03,Grambling State,97.7,103.1,19,16,11,19,-1,-4
Prairie View A&M,2026-01-05,Southern,114.1,109.0,15,13,5,22,-1,4
Prairie View A&M,2026-01-10,Mississippi Valley State,98.5,97.1,18,10,6,19,1,1
Prairie View A&M,2026-01-12,Arkansas–Pine Bluff,104.5,87.4,15,5,11,30,1,12
Prairie View A&M,2026-01-17,Jackson State,105.3,110.7,23,11,11,21,-1,-4
Prairie View A&M,2026-01-19,Alcorn State,105.2,106.6,19,10,4,22,-1,-1
Prairie View A&M,2026-01-24,Alabama State,100.0,118.7,15,16,7,24,1,-15
Prairie View A&M,2026-01-27,Alabama A&M,87.0,116.0,16,9,10,20,1,-20
Prairie View A&M,2026-01-31,Texas Southern,119.1,109.3,27,7,9,20,1,7
Prairie View A&M,2026-02-07,Bethune-Cookman,99.0,106.8,21,7,11,25,-1,-6
Prairie View A&M,2026-02-09,Florida A&M,107.4,111.9,16,18,5,18,-1,-4
Prairie View A&M,2026-02-14,Southern,105.2,111.6,21,12,4,19,1,-5
Prairie View A&M,2026-02-16,Grambling State,93.8,86.9,11,10,8,20,1,5
Prairie View A&M,2026-02-19,Mississippi Valley State,105.2,90.6,15,13,14,26,-1,10
Prairie View A&M,2026-02-21,Arkansas–Pine Bluff,119.0,121.9,18,14,8,17,-1,-2
Prairie View A&M,2026-02-26,Jackson State,114.2,102.1,23,11,20,24,1,9
Prairie View A&M,2026-02-28,Alcorn State,102.3,72.5,18,8,8,34,1,21
Prairie View A&M,2026-03-05,Texas Southern,100.0,84.3,24,10,7,29,-1,11
Prairie View A&M,2026-03-10,Alcorn State,95.5,82.3,17,7,8,28,0,9
Prairie View A&M,2026-03-11,Bethune-Cookman,104.0,98.2,14,11,6,20,0,4
Prairie View A&M,2026-03-13,Alabama A&M,114.5,85.1,15,6,4,25,0,19
Prairie View A&M,2026-03-14,Southern,106.9,98.0,18,9,8,22,0,6
Prairie View A&M,2026-03-18,Lehigh,102.0,83.7,9,9,7,27,0,12
Prairie View A&M,2026-03-20,Florida,75.0,155.5,22,7,6,11,0,-59
Presbyterian,2025-11-03,Navy,84.7,117.1,21,15,10,19,1,-21
Presbyterian,2025-11-05,Bluefield Univ.,130.2,94.2,25,17,14,34,1,29
Presbyterian,2025-11-08,East Tennessee State,103.6,97.5,17,15,10,20,1,4
Presbyterian,2025-11-10,Georgia State,100.3,97.2,15,13,6,20,-1,2
Presbyterian,2025-11-12,South Carolina,93.3,123.9,8,10,12,21,-1,-20
Presbyterian,2025-11-16,Sacramento State,92.6,95.6,21,11,13,20,-1,-2
Presbyterian,2025-11-18,California,97.2,114.2,20,10,15,17,-1,-10
Presbyterian,2025-11-21,UCLA,67.4,126.0,20,17,7,17,-1,-40
Presbyterian,2025-11-26,Columbia Intl,138.1,74.2,20,12,8,26,1,43
Presbyterian,2025-11-30,The Citadel,127.2,75.6,22,7,8,25,0,28
Presbyterian,2025-12-03,Wofford,88.8,99.9,11,10,13,31,-1,-7
Presbyterian,2025-12-06,Morehead State,113.2,101.9,20,16,11,27,1,8
Presbyterian,2025-12-17,East Carolina,77.9,108.8,11,18,8,14,-1,-21
Presbyterian,2025-12-21,Manhattan,115.1,123.6,22,11,14,24,-1,-6
Presbyterian,2025-12-28,Truett McConnell,122.7,86.3,26,12,14,27,1,27
Presbyterian,2026-01-03,USC Upstate,121.2,108.5,8,9,7,23,1,9
Presbyterian,2026-01-07,Radford,95.2,124.9,14,8,10,18,-1,-19
Presbyterian,2026-01-10,Longwood,110.0,121.0,21,13,6,18,-1,-7
Presbyterian,2026-01-14,UNC Asheville,109.9,108.3,8,11,7,23,1,1
Presbyterian,2026-01-17,Gardner-Webb,134.4,80.3,12,7,9,22,-1,37
Presbyterian,2026-01-21,Charleston Southern,119.3,113.8,14,9,6,24,1,4
Presbyterian,2026-01-24,Winthrop,97.0,110.4,19,14,6,24,1,-10
Presbyterian,2026-01-29,High Point,112.7,116.9,12,15,8,23,-1,-3
Presbyterian,2026-01-31,Radford,99.0,109.6,13,21,8,33,1,-9
Presbyterian,2026-02-07,Gardner-Webb,107.4,97.9,11,11,12,26,1,6
Presbyterian,2026-02-12,Charleston Southern,95.1,119.2,10,13,9,12,-1,-17
Presbyterian,2026-02-14,UNC Asheville,92.1,90.5,16,13,9,24,-1,1
Presbyterian,2026-02-19,Longwood,108.3,97.8,11,14,7,18,1,7
Presbyterian,2026-02-21,USC Upstate,111.4,114.4,15,7,6,20,-1,-2
Presbyterian,2026-02-26,High Point,103.1,111.5,12,11,10,26,1,-6
Presbyterian,2026-02-28,Winthrop,98.9,104.6,13,12,7,28,-1,-4
Presbyterian,2026-03-06,Radford,111.2,103.8,19,13,8,31,0,6
Presbyterian,2026-03-07,Winthrop,100.5,103.3,20,13,7,22,0,-2
Princeton,2025-11-08,Akron,86.5,130.4,32,15,9,23,-1,-35
Princeton,2025-11-11,Bucknell,108.3,93.5,28,12,10,26,1,10
Princeton,2025-11-13,John Jay,136.7,80.7,34,9,16,34,1,41
Princeton,2025-11-15,Kansas,78.7,104.9,35,13,5,23,-1,-19
Princeton,2025-11-18,Iona,88.0,113.6,24,12,10,22,-1,-20
Princeton,2025-11-20,Northeastern,102.8,83.7,15,14,9,25,1,13
Princeton,2025-11-24,Bradley,90.5,124.4,23,23,7,25,0,-24
Princeton,2025-11-25,Temple,111.9,117.8,29,9,2,21,0,-4
Princeton,2025-11-26,Vermont,114.0,121.7,32,5,5,20,0,-5
Princeton,2025-11-30,Saint Joseph's,92.4,95.6,30,12,4,20,0,-2
Princeton,2025-12-03,Monmouth,86.4,93.8,24,18,6,27,-1,-5
Princeton,2025-12-06,Loyola Chicago,105.5,113.2,34,4,11,19,-1,-5
Princeton,2025-12-10,Merrimack,96.2,101.3,17,9,17,25,1,-3
Princeton,2025-12-22,Temple,98.6,105.1,19,9,6,23,-1,-4
Princeton,2025-12-30,Vermont,109.8,101.0,31,11,6,26,1,6
Princeton,2026-01-05,Pennsylvania,116.5,113.5,19,9,6,15,1,2
Princeton,2026-01-10,Yale,116.0,91.6,27,10,8,26,1,16
Princeton,2026-01-17,Harvard,114.8,124.8,29,8,13,26,-1,-7
Princeton,2026-01-19,Dartmouth,111.0,114.2,28,1,2,20,-1,-2
Princeton,2026-01-24,Brown,93.6,78.7,23,7,8,28,1,10
Princeton,2026-01-30,Cornell,102.4,139.2,24,10,14,14,-1,-23
Princeton,2026-01-31,Columbia,121.2,103.0,15,8,5,22,-1,12
Princeton,2026-02-07,Pennsylvania,101.9,103.6,19,5,8,23,-1,-1
Princeton,2026-02-13,Cornell,101.9,139.5,18,10,9,18,1,-24
Princeton,2026-02-14,Columbia,115.5,133.2,13,9,9,18,1,-10
Princeton,2026-02-20,Brown,108.2,121.9,26,13,12,17,-1,-9
Princeton,2026-02-27,Harvard,94.1,97.4,12,14,3,21,1,-2
Princeton,2026-02-28,Dartmouth,125.9,93.6,18,10,6,28,1,21
Princeton,2026-03-07,Yale,76.2,112.1,28,14,2,22,-1,-25
Providence,2025-11-03,Holy Cross,111.4,98.9,26,10,7,33,1,10
Providence,2025-11-08,Virginia Tech,109.6,116.1,33,13,7,29,0,-6
Providence,2025-11-11,Pennsylvania,133.1,101.7,30,14,14,34,1,25
Providence,2025-11-14,Colorado,108.3,119.3,25,10,8,23,-1,-9
Providence,2025-11-18,New Hampshire,138.3,93.1,26,8,12,25,1,32
Providence,2025-11-22,Penn State,106.5,89.9,33,7,12,28,0,12
Providence,2025-11-27,Wisconsin,102.1,128.0,28,12,6,29,0,-21
Providence,2025-11-28,Florida,103.9,119.9,16,10,6,27,0,-12
Providence,2025-12-02,FDU,138.8,94.5,27,9,7,21,1,30
Providence,2025-12-06,Rhode Island,125.3,98.8,29,14,7,25,1,19
Providence,2025-12-09,Brown,110.6,101.6,26,14,12,29,1,7
Providence,2025-12-13,Butler,124.6,128.0,37,8,15,28,-1,-3
Providence,2025-12-19,Seton Hall,94.3,101.4,23,13,4,22,1,-5
Providence,2026-01-03,St. John's (NY),98.2,90.5,18,11,13,29,-1,6
Providence,2026-01-07,Connecticut,113.7,119.5,24,17,5,25,1,-5
Providence,2026-01-10,Xavier,104.3,120.4,32,9,6,31,-1,-13
Providence,2026-01-13,Villanova,116.6,125.2,25,13,6,19,1,-6
Providence,2026-01-16,Creighton,118.9,112.5,25,9,17,26,1,5
Providence,2026-01-19,Marquette,123.9,125.1,27,17,12,26,-1,-1
Providence,2026-01-24,Georgetown,121.7,126.4,21,7,8,22,1,-3
Providence,2026-01-27,Connecticut,111.7,120.0,14,10,8,24,-1,-6
Providence,2026-01-30,Villanova,106.5,126.9,23,13,9,28,-1,-14
Providence,2026-02-04,Butler,120.7,108.3,28,10,15,25,1,10
Providence,2026-02-07,DePaul,124.1,99.2,21,15,11,28,1,18
Providence,2026-02-11,Seton Hall,117.7,128.0,34,16,8,24,-1,-7
Providence,2026-02-14,St. John's (NY),89.2,102.2,23,14,14,26,1,-10
Providence,2026-02-21,DePaul,103.4,99.0,16,18,9,30,-1,3
Providence,2026-02-25,Xavier,133.3,119.1,18,3,8,22,1,10
Providence,2026-02-28,Creighton,115.4,111.1,19,7,6,24,-1,3
Providence,2026-03-04,Marquette,76.2,106.2,30,18,11,22,1,-22
Providence,2026-03-07,Georgetown,107.7,109.1,30,21,12,22,-1,-1
Providence,2026-03-11,Butler,118.8,105.8,27,9,6,27,0,10
Providence,2026-03-12,St. John's (NY),95.4,112.6,14,9,3,26,0,-13
Purdue,2025-11-04,Evansville,128.6,80.0,29,7,10,24,1,31
Purdue,2025-11-07,Oakland,121.8,107.8,35,5,9,24,1,10
Purdue,2025-11-13,Alabama,123.7,113.7,21,9,17,31,-1,7
Purdue,2025-11-16,Akron,133.8,109.0,23,12,19,24,1,18
Purdue,2025-11-20,Memphis,118.4,105.1,30,10,12,23,0,9
Purdue,2025-11-21,Texas Tech,129.5,84.4,14,11,10,30,0,30
Purdue,2025-11-28,Eastern Illinois,152.6,86.8,23,10,11,26,1,47
Purdue,2025-12-02,Rutgers,123.9,99.4,26,9,10,25,-1,16
Purdue,2025-12-06,Iowa State,86.9,121.3,18,15,15,18,1,-23
Purdue,2025-12-10,Minnesota,131.2,88.0,19,9,14,32,1,28
Purdue,2025-12-13,Marquette,117.7,87.9,23,14,10,24,1,20
Purdue,2025-12-20,Auburn,133.0,90.7,26,9,8,25,0,28
Purdue,2025-12-29,Kent State,134.1,79.6,31,8,6,33,1,41
Purdue,2026-01-03,Wisconsin,119.2,97.7,27,7,11,21,-1,16
Purdue,2026-01-07,Washington,111.4,100.4,15,14,10,24,1,8
Purdue,2026-01-10,Penn State,140.5,128.4,29,3,8,18,1,8
Purdue,2026-01-14,Iowa,122.3,111.5,14,9,6,18,1,7
Purdue,2026-01-17,Southern California,99.2,92.0,21,8,5,25,-1,5
Purdue,2026-01-20,UCLA,111.9,115.2,27,7,9,15,-1,-2
Purdue,2026-01-24,Illinois,128.5,137.9,19,3,3,16,1,-6
Purdue,2026-01-27,Indiana,107.9,116.0,20,10,9,23,-1,-5
Purdue,2026-02-01,Maryland,140.1,94.9,30,8,9,26,-1,30
Purdue,2026-02-07,Oregon,101.1,95.2,18,14,6,23,1,4
Purdue,2026-02-10,Nebraska,103.2,99.4,46,11,20,32,-1,3
Purdue,2026-02-14,Iowa,132.7,97.0,30,4,8,28,-1,21
Purdue,2026-02-17,Michigan,111.6,126.9,26,6,11,17,1,-11
Purdue,2026-02-20,Indiana,147.6,101.6,18,6,6,23,1,29
Purdue,2026-02-26,Michigan State,120.4,123.7,25,8,7,18,1,-2
Purdue,2026-03-01,Ohio State,118.4,131.3,29,6,8,19,-1,-8
Purdue,2026-03-04,Northwestern,121.8,114.9,24,13,8,19,-1,4
Purdue,2026-03-07,Wisconsin,134.4,140.1,25,7,12,17,1,-4
Purdue,2026-03-12,Northwestern,134.0,112.5,23,6,14,16,0,13
Purdue,2026-03-13,Nebraska,120.4,94.4,31,8,11,21,0,16
Purdue,2026-03-14,UCLA,119.4,108.0,28,10,12,23,0,7
Purdue,2026-03-15,Michigan,126.7,114.0,14,2,7,18,0,8
Purdue,2026-03-20,Queens (NC),151.7,103.6,24,12,13,24,0,33
Purdue,2026-03-22,Miami (FL),118.6,103.6,14,12,4,19,0,10
Purdue,2026-03-26,Texas,127.8,124.6,20,4,11,20,0,2
Purdue,2026-03-28,Arizona,95.8,118.2,22,10,10,19,0,-15
Purdue Fort Wayne,2025-11-03,Grand Canyon,93.3,118.2,30,13,4,17,-1,-19
Purdue Fort Wayne,2025-11-07,Ohio State,93.0,128.5,21,13,7,10,-1,-26
Purdue Fort Wayne,2025-11-09,Dominican (IL),159.7,65.3,30,6,7,31,1,81
Purdue Fort Wayne,2025-11-12,Western Michigan,91.8,107.3,38,9,12,22,-1,-12
Purdue Fort Wayne,2025-11-15,Boyce,135.6,78.2,23,9,13,33,1,50
Purdue Fort Wayne,2025-11-18,Utah,114.2,126.1,27,10,9,18,-1,-8
Purdue Fort Wayne,2025-11-21,Saint Louis,84.1,127.5,34,10,7,16,-1,-31
Purdue Fort Wayne,2025-11-25,Chicago State,124.0,106.1,25,15,7,14,1,13
Purdue Fort Wayne,2025-11-28,Holy Cross (IN),123.3,79.1,30,12,7,32,1,33
Purdue Fort Wayne,2025-12-03,Oakland,115.8,127.1,37,7,4,21,-1,-9
Purdue Fort Wayne,2025-12-06,Northern Kentucky,100.0,97.5,19,17,7,22,1,2
Purdue Fort Wayne,2025-12-10,Eastern Michigan,120.3,97.7,14,7,6,27,1,15
Purdue Fort Wayne,2025-12-14,Detroit Mercy,117.8,112.0,28,2,6,24,1,4
Purdue Fort Wayne,2025-12-21,Notre Dame,102.7,98.5,35,7,3,20,-1,3
Purdue Fort Wayne,2025-12-29,Milwaukee,80.4,112.5,32,8,3,13,-1,-22
Purdue Fort Wayne,2026-01-01,Green Bay,85.9,114.6,34,10,2,15,1,-18
Purdue Fort Wayne,2026-01-04,Cleveland State,110.3,105.8,37,7,7,17,1,3
Purdue Fort Wayne,2026-01-07,Youngstown State,105.1,102.1,24,11,8,21,-1,2
Purdue Fort Wayne,2026-01-11,Robert Morris,122.6,114.9,24,11,7,21,-1,5
Purdue Fort Wayne,2026-01-18,Milwaukee,136.1,111.6,23,6,6,18,1,18
Purdue Fort Wayne,2026-01-21,Detroit Mercy,115.3,105.6,30,6,8,25,-1,7
Purdue Fort Wayne,2026-01-28,Oakland,91.0,103.6,40,8,7,22,1,-9
Purdue Fort Wayne,2026-01-31,Robert Morris,118.8,101.6,22,6,4,20,1,12
Purdue Fort Wayne,2026-02-04,Youngstown State,96.8,142.8,19,9,3,15,1,-29
Purdue Fort Wayne,2026-02-07,Wright State,104.2,111.8,23,11,6,17,-1,-5
Purdue Fort Wayne,2026-02-12,Green Bay,102.7,132.3,14,11,9,14,-1,-17
Purdue Fort Wayne,2026-02-15,IU Indy,111.5,104.8,11,7,7,24,1,5
Purdue Fort Wayne,2026-02-18,Northern Kentucky,100.4,123.0,27,13,5,20,-1,-16
Purdue Fort Wayne,2026-02-22,Cleveland State,121.5,113.6,33,12,7,21,-1,6
Purdue Fort Wayne,2026-02-25,Wright State,96.7,102.2,22,12,10,22,1,-4
Purdue Fort Wayne,2026-02-28,IU Indy,126.0,117.3,23,6,10,21,-1,6
Purdue Fort Wayne,2026-03-03,Green Bay,93.5,106.9,24,6,5,21,-1,-8
Queens (NC),2025-11-03,Winthrop,96.5,105.7,30,17,9,23,0,-7
Queens (NC),2025-11-05,Lynchburg,106.6,93.1,29,14,8,27,1,11
Queens (NC),2025-11-08,Villanova,106.9,135.8,17,16,3,15,-1,-20
Queens (NC),2025-11-11,Duquesne,93.6,100.5,32,15,13,30,-1,-6
Queens (NC),2025-11-15,Sacred Heart,114.1,90.1,36,15,8,29,1,17
Queens (NC),2025-11-20,UNC Greensboro,146.4,136.2,32,5,12,24,1,7
Queens (NC),2025-11-23,Furman,122.4,139.5,26,4,6,16,-1,-11
Queens (NC),2025-11-28,Virginia,105.3,143.5,29,11,16,17,-1,-25
Queens (NC),2025-12-03,Gardner-Webb,140.2,97.0,29,9,8,29,1,33
Queens (NC),2025-12-12,South Carolina State,139.4,106.6,39,6,15,20,1,24
Queens (NC),2025-12-14,Wake Forest,102.4,155.8,38,13,5,12,-1,-38
Queens (NC),2025-12-16,Arkansas,100.4,135.6,25,16,14,18,-1,-28
Queens (NC),2025-12-29,Auburn,84.9,138.5,15,14,6,16,-1,-41
Queens (NC),2026-01-01,Eastern Kentucky,126.7,123.9,24,6,7,26,1,2
Queens (NC),2026-01-03,Bellarmine,134.2,104.1,54,12,10,26,1,22
Queens (NC),2026-01-08,Jacksonville,120.7,80.0,27,10,7,23,-1,26
Queens (NC),2026-01-10,North Florida,119.4,110.0,34,9,12,27,-1,7
Queens (NC),2026-01-15,Florida Gulf Coast,115.8,100.9,32,8,9,27,-1,11
Queens (NC),2026-01-17,Stetson,121.5,113.1,32,7,10,22,-1,6
Queens (NC),2026-01-21,North Alabama,125.8,89.6,15,11,11,22,1,25
Queens (NC),2026-01-24,West Georgia,96.0,107.6,20,12,11,22,-1,-8
Queens (NC),2026-01-28,Central Arkansas,120.7,134.1,38,11,4,20,1,-10
Queens (NC),2026-01-31,Bellarmine,117.0,121.7,31,8,10,16,-1,-3
Queens (NC),2026-02-05,Jacksonville,130.9,118.2,17,5,8,19,1,9
Queens (NC),2026-02-07,North Florida,129.1,102.1,30,8,11,25,1,19
Queens (NC),2026-02-11,Austin Peay,117.3,128.1,22,9,7,19,1,-8
Queens (NC),2026-02-14,Lipscomb,110.2,102.6,22,17,3,24,1,6
Queens (NC),2026-02-18,North Alabama,123.4,113.2,21,9,3,20,-1,7
Queens (NC),2026-02-21,West Georgia,123.7,114.2,20,6,9,22,1,7
Queens (NC),2026-02-25,Eastern Kentucky,130.3,107.2,22,7,6,23,-1,17
Queens (NC),2026-02-28,Central Arkansas,110.6,117.6,34,10,7,22,-1,-5
Queens (NC),2026-03-06,West Georgia,91.2,80.9,25,12,4,28,0,8
Queens (NC),2026-03-07,Austin Peay,123.8,114.1,27,5,11,22,0,7
Queens (NC),2026-03-08,Central Arkansas,120.0,113.9,38,16,12,29,0,5
Queens (NC),2026-03-20,Purdue,103.6,151.7,25,8,8,9,0,-33
Quinnipiac,2025-11-03,St. John's (NY),84.0,122.6,18,22,8,18,-1,-34
Quinnipiac,2025-11-06,Central Connecticut State,102.9,71.0,26,5,10,31,1,22
Quinnipiac,2025-11-11,Yale,84.6,136.7,24,16,12,14,1,-37
Quinnipiac,2025-11-16,Maine,97.4,89.1,18,11,15,27,-1,6
Quinnipiac,2025-11-19,CCNY,146.0,67.8,36,5,17,32,1,60
Quinnipiac,2025-11-23,Pittsburgh,120.4,108.8,17,14,7,20,-1,8
Quinnipiac,2025-11-25,UCF,114.1,127.9,26,11,5,19,-1,-11
Quinnipiac,2025-11-30,Stonehill,110.5,90.2,16,9,7,22,1,14
Quinnipiac,2025-12-05,Iona,120.2,91.8,26,11,16,28,-1,21
Quinnipiac,2025-12-07,Rider,106.6,85.9,18,8,13,26,1,14
Quinnipiac,2025-12-13,UMass Lowell,100.0,94.7,16,10,13,21,1,4
Quinnipiac,2025-12-17,Monmouth,116.4,102.7,19,10,9,21,-1,10
Quinnipiac,2025-12-21,Hofstra,91.4,102.5,24,8,9,22,-1,-8
Quinnipiac,2025-12-29,Marist,92.2,83.6,21,14,15,26,1,6
Quinnipiac,2026-01-02,Manhattan,108.0,109.3,22,15,13,24,-1,-1
Quinnipiac,2026-01-04,Mount St. Mary's,113.8,98.2,19,11,11,22,1,11
Quinnipiac,2026-01-11,Sacred Heart,110.0,94.3,17,6,10,25,-1,10
Quinnipiac,2026-01-14,Saint Peter's,100.2,105.9,19,10,9,18,1,-4
Quinnipiac,2026-01-17,Merrimack,106.6,124.6,12,8,7,17,-1,-12
Quinnipiac,2026-01-19,Manhattan,124.7,117.1,24,13,15,24,1,6
Quinnipiac,2026-01-22,Mount St. Mary's,110.0,88.6,22,8,6,25,-1,15
Quinnipiac,2026-01-24,Marist,93.3,103.5,20,7,9,18,-1,-7
Quinnipiac,2026-01-30,Sacred Heart,120.4,129.7,33,9,14,24,1,-7
Quinnipiac,2026-02-01,Fairfield,101.1,91.3,11,13,7,28,-1,7
Quinnipiac,2026-02-05,Canisius,103.7,82.9,27,15,10,26,1,15
Quinnipiac,2026-02-07,Niagara,93.8,92.2,22,11,16,19,1,1
Quinnipiac,2026-02-13,Siena,109.2,91.5,26,6,13,28,-1,12
Quinnipiac,2026-02-15,Merrimack,75.7,86.5,16,16,22,24,1,-7
Quinnipiac,2026-02-22,Fairfield,116.4,125.2,22,9,17,15,1,-6
Quinnipiac,2026-02-27,Niagara,110.9,113.8,26,5,10,23,-1,-2
Quinnipiac,2026-03-01,Canisius,99.4,93.4,20,6,10,27,-1,4
Quinnipiac,2026-03-07,Marist,101.2,103.9,20,13,16,26,0,-2
Radford,2025-11-03,Western Illinois,125.8,117.9,22,6,11,15,1,5
Radford,2025-11-07,West Va. Wesleyan,132.0,81.3,30,18,19,25,1,38
Radford,2025-11-11,North Carolina,85.5,102.9,30,11,9,27,-1,-15
Radford,2025-11-15,Wright State,78.8,122.8,21,15,8,21,0,-33
Radford,2025-11-16,Cleveland State,98.7,104.8,30,15,20,24,0,-5
Radford,2025-11-18,South Carolina,80.6,120.8,24,13,7,14,-1,-29
Radford,2025-11-21,UNC Wilmington,99.3,110.2,32,13,4,15,1,-8
Radford,2025-11-24,SMU,89.6,110.7,39,10,6,24,-1,-17
Radford,2025-11-29,Notre Dame (MD),129.1,94.9,48,10,17,29,1,27
Radford,2025-12-03,Southern Mississippi,97.4,106.5,34,11,8,22,1,-7
Radford,2025-12-07,Saint Francis (PA),127.2,80.0,31,11,10,29,1,33
Radford,2025-12-14,Coppin State,135.4,97.5,33,14,7,22,1,30
Radford,2025-12-18,William & Mary,100.5,116.2,42,15,11,23,-1,-13
Radford,2025-12-21,VMI,126.5,117.4,25,14,6,19,1,7
Radford,2025-12-28,Shenandoah,133.3,67.4,17,7,6,23,1,43
Radford,2025-12-31,USC Upstate,102.0,92.6,22,14,8,26,-1,7
Radford,2026-01-07,Presbyterian,124.9,95.2,26,7,4,22,1,19
Radford,2026-01-10,UNC Asheville,96.7,122.2,26,7,7,26,1,-19
Radford,2026-01-14,Gardner-Webb,125.2,112.6,26,7,17,22,-1,9
Radford,2026-01-17,Longwood,122.9,120.1,24,10,5,17,1,2
Radford,2026-01-21,Winthrop,105.3,106.7,22,19,3,24,-1,-1
Radford,2026-01-23,High Point,109.8,123.0,28,18,7,22,1,-10
Radford,2026-01-29,Charleston Southern,103.8,92.7,14,14,7,23,-1,9
Radford,2026-01-31,Presbyterian,109.6,99.0,26,9,11,18,-1,9
Radford,2026-02-04,Winthrop,106.1,108.8,30,12,12,26,1,-2
Radford,2026-02-07,High Point,95.7,106.9,33,19,12,24,-1,-9
Radford,2026-02-14,Charleston Southern,115.2,102.4,22,12,9,28,1,10
Radford,2026-02-19,Gardner-Webb,117.9,100.7,30,13,9,21,1,12
Radford,2026-02-21,UNC Asheville,102.2,103.6,21,11,11,26,-1,-1
Radford,2026-02-26,USC Upstate,104.6,86.9,22,11,7,21,1,12
Radford,2026-02-28,Longwood,98.9,120.3,28,11,5,17,-1,-16
Radford,2026-03-06,Presbyterian,103.8,111.2,29,11,17,19,0,-6
Rhode Island,2025-11-03,Stetson,122.5,81.7,26,14,13,27,1,31
Rhode Island,2025-11-07,Tulsa,96.0,121.1,18,16,8,16,0,-17
Rhode Island,2025-11-11,Stonehill,110.8,78.9,19,11,8,23,1,23
Rhode Island,2025-11-14,Albany (NY),120.3,91.8,21,8,11,22,1,19
Rhode Island,2025-11-18,Yale,127.5,114.1,24,11,12,15,-1,9
Rhode Island,2025-11-24,Towson,88.3,99.5,24,15,8,20,0,-7
Rhode Island,2025-11-25,Vermont,123.1,100.0,21,11,14,24,0,15
Rhode Island,2025-11-26,Temple,128.9,107.4,28,6,5,27,0,15
Rhode Island,2025-12-02,Brown,95.3,80.9,18,12,10,27,1,10
Rhode Island,2025-12-06,Providence,98.8,125.3,29,17,6,14,-1,-19
Rhode Island,2025-12-09,McNeese State,94.2,97.2,18,21,4,23,1,-2
Rhode Island,2025-12-16,Canisius,95.5,69.3,34,12,15,22,1,17
Rhode Island,2025-12-22,Northeastern,131.3,118.9,22,8,12,18,1,8
Rhode Island,2025-12-31,Loyola Chicago,86.5,92.5,26,11,13,13,1,-4
Rhode Island,2026-01-03,George Mason,79.0,96.3,31,12,6,24,-1,-11
Rhode Island,2026-01-07,La Salle,109.7,120.4,34,15,12,13,1,-7
Rhode Island,2026-01-10,Davidson,114.0,73.3,19,10,3,26,-1,25
Rhode Island,2026-01-14,VCU,111.4,124.7,25,10,6,23,1,-9
Rhode Island,2026-01-21,Richmond,99.0,97.6,20,13,10,24,-1,1
Rhode Island,2026-01-24,George Mason,125.2,110.0,19,3,6,18,1,9
Rhode Island,2026-01-27,Dayton,108.2,101.5,16,10,6,19,-1,5
Rhode Island,2026-02-01,Duquesne,94.6,117.8,26,12,10,16,-1,-15
Rhode Island,2026-02-07,Richmond,118.8,111.5,17,10,10,22,1,5
Rhode Island,2026-02-10,George Washington,102.5,109.8,24,12,11,14,-1,-5
Rhode Island,2026-02-14,Fordham,94.8,100.5,24,12,7,25,1,-4
Rhode Island,2026-02-17,Saint Louis,109.3,102.6,29,14,8,23,1,5
Rhode Island,2026-02-21,La Salle,71.7,92.0,18,8,10,21,-1,-13
Rhode Island,2026-02-26,St. Bonaventure,106.6,131.9,21,13,6,18,-1,-18
Rhode Island,2026-02-28,Saint Joseph's,78.8,87.4,33,12,15,29,1,-6
Rhode Island,2026-03-04,Duquesne,94.4,76.7,17,15,8,20,1,12
Rhode Island,2026-03-07,Fordham,76.4,95.1,32,15,7,17,-1,-12
Rhode Island,2026-03-12,Duquesne,99.8,109.7,27,13,8,26,0,-6
Rice,2025-11-04,College of Biblical Studies,143.8,50.1,28,12,14,33,1,71
Rice,2025-11-07,Oregon,91.8,97.6,27,13,11,22,-1,-4
Rice,2025-11-11,Stephen F. Austin,97.8,114.8,14,8,11,22,1,-12
Rice,2025-11-14,East Texas A&M,107.3,96.7,21,15,9,23,1,7
Rice,2025-11-17,Tennessee,94.7,130.6,28,9,11,14,-1,-25
Rice,2025-11-20,Tarleton State,97.8,119.0,30,14,13,19,1,-16
Rice,2025-11-24,Kennesaw State,99.8,105.8,23,14,10,24,0,-5
Rice,2025-11-25,Florida Gulf Coast,76.3,94.4,23,19,7,28,-1,-15
Rice,2025-11-26,Oral Roberts,126.1,96.5,21,10,10,27,0,19
Rice,2025-12-03,Texas State,112.6,105.3,26,11,12,22,1,5
Rice,2025-12-13,Arkansas State,109.3,107.8,24,7,11,20,1,1
Rice,2025-12-17,SW Christian,126.3,63.1,27,12,13,39,1,47
Rice,2025-12-20,Pepperdine,87.3,118.3,20,13,13,19,-1,-22
Rice,2025-12-31,Tulsa,68.7,138.8,27,12,7,12,-1,-49
Rice,2026-01-03,Memphis,102.6,111.4,29,13,11,16,1,-6
Rice,2026-01-07,Wichita State,96.1,93.2,20,10,6,25,-1,2
Rice,2026-01-11,Charlotte,110.5,112.1,24,8,15,21,1,-1
Rice,2026-01-14,UTSA,141.0,115.7,31,9,10,19,-1,16
Rice,2026-01-21,Temple,103.7,110.0,17,9,7,22,1,-4
Rice,2026-01-24,Tulsa,116.6,125.2,26,13,8,19,1,-6
Rice,2026-01-28,East Carolina,115.1,106.8,28,12,11,23,-1,6
Rice,2026-01-30,Charlotte,113.7,129.9,31,9,21,17,-1,-10
Rice,2026-02-04,North Texas,102.9,99.3,32,22,23,30,1,3
Rice,2026-02-08,UAB,96.5,105.4,28,10,16,27,-1,-6
Rice,2026-02-11,Florida Atlantic,114.6,103.3,28,5,7,23,1,8
Rice,2026-02-14,East Carolina,110.3,125.0,34,9,16,18,1,-10
Rice,2026-02-22,Tulane,108.5,117.2,27,11,5,21,-1,-6
Rice,2026-02-25,South Florida,79.9,107.1,25,23,9,25,1,-19
Rice,2026-03-01,Temple,121.8,112.7,26,7,6,21,-1,6
Rice,2026-03-04,North Texas,89.9,96.0,31,15,16,22,-1,-4
Rice,2026-03-08,UTSA,112.2,99.6,46,4,18,26,1,9
Richmond,2025-11-05,Southern Virginia,114.9,76.6,34,6,14,31,1,28
Richmond,2025-11-08,East Carolina,117.7,97.4,22,10,4,26,1,15
Richmond,2025-11-11,William & Mary,116.4,111.3,32,15,22,30,1,4
Richmond,2025-11-19,VMI,126.0,78.2,24,10,6,26,1,33
Richmond,2025-11-22,Gardner-Webb,133.5,87.7,31,9,12,30,1,35
Richmond,2025-11-27,Furman,103.6,105.0,27,16,12,20,0,-1
Richmond,2025-11-28,Charlotte,111.3,103.5,21,8,8,27,0,5
Richmond,2025-12-03,Belmont,112.3,101.6,25,10,2,29,-1,8
Richmond,2025-12-06,Old Dominion,111.8,100.1,14,7,9,31,1,9
Richmond,2025-12-13,Southern Illinois,104.7,94.5,26,12,2,26,1,9
Richmond,2025-12-17,Elon,104.2,108.7,29,19,9,19,-1,-3
Richmond,2025-12-20,The Citadel,120.0,84.0,30,8,7,23,1,24
Richmond,2025-12-28,Charleston Southern,96.2,102.9,18,9,8,26,1,-5
Richmond,2025-12-31,George Washington,126.8,147.7,28,8,8,13,1,-14
Richmond,2026-01-04,Fordham,130.8,118.2,19,4,7,17,-1,8
Richmond,2026-01-07,St. Bonaventure,122.4,110.0,19,9,7,27,-1,9
Richmond,2026-01-11,Saint Joseph's,93.2,96.1,25,7,8,28,1,-2
Richmond,2026-01-14,La Salle,111.3,79.7,19,6,5,33,1,21
Richmond,2026-01-17,Saint Louis,90.7,126.7,20,9,8,18,-1,-25
Richmond,2026-01-21,Rhode Island,97.6,99.0,25,13,6,21,1,-1
Richmond,2026-01-24,George Washington,100.2,123.4,20,11,11,21,-1,-16
Richmond,2026-01-27,VCU,112.7,125.7,15,7,10,15,-1,-8
Richmond,2026-01-31,Davidson,91.1,133.3,27,10,6,14,1,-25
Richmond,2026-02-07,Rhode Island,111.5,118.8,29,11,4,20,-1,-5
Richmond,2026-02-10,George Mason,116.1,99.1,31,10,6,23,1,12
Richmond,2026-02-14,VCU,94.5,110.0,22,7,3,23,1,-11
Richmond,2026-02-18,Davidson,97.2,100.3,22,4,5,24,-1,-2
Richmond,2026-02-21,St. Bonaventure,133.0,126.3,31,8,4,20,1,5
Richmond,2026-02-28,Loyola Chicago,93.0,97.2,32,4,3,19,-1,-3
Richmond,2026-03-03,Dayton,95.5,103.4,23,6,8,17,1,-5
Richmond,2026-03-07,Duquesne,115.9,119.0,20,16,3,16,-1,-2
Richmond,2026-03-11,Loyola Chicago,108.1,121.0,32,5,8,13,0,-8
Rider,2025-11-03,Virginia,79.7,130.9,12,13,9,17,-1,-34
Rider,2025-11-05,Rutgers,76.1,116.4,20,13,17,24,-1,-28
Rider,2025-11-15,Eastern,113.7,71.4,17,15,12,32,1,32
Rider,2025-11-18,Texas,86.8,132.3,20,12,9,27,-1,-34
Rider,2025-11-20,Houston,64.9,131.3,17,21,6,17,-1,-46
Rider,2025-11-25,Coppin State,90.4,94.6,18,14,17,24,1,-3
Rider,2025-12-04,Merrimack,104.9,108.1,12,13,12,27,-1,-2
Rider,2025-12-07,Quinnipiac,85.9,106.6,14,11,11,26,-1,-14
Rider,2025-12-09,Bucknell,61.8,82.9,13,15,6,23,1,-13
Rider,2025-12-16,Delaware,91.4,104.2,25,8,10,21,-1,-8
Rider,2025-12-22,VCU,107.2,135.8,12,11,12,16,-1,-21
Rider,2025-12-29,Manhattan,104.4,108.8,23,12,18,22,1,-3
Rider,2026-01-04,Siena,106.9,121.7,22,6,8,13,1,-9
Rider,2026-01-09,Fairfield,96.9,106.3,16,9,6,27,-1,-6
Rider,2026-01-11,Marist,74.3,107.7,6,12,3,25,1,-22
Rider,2026-01-14,Iona,115.2,108.8,10,10,13,27,1,4
Rider,2026-01-17,Saint Peter's,89.0,105.9,10,16,13,19,-1,-11
Rider,2026-01-19,Sacred Heart,109.4,135.1,21,7,8,24,1,-20
Rider,2026-01-24,Mount St. Mary's,99.2,115.5,17,7,17,17,-1,-10
Rider,2026-01-30,Manhattan,129.8,137.0,16,6,11,18,-1,-5
Rider,2026-02-01,Saint Peter's,125.1,120.4,15,10,6,21,1,3
Rider,2026-02-05,Marist,88.8,138.4,16,10,17,11,-1,-29
Rider,2026-02-07,Merrimack,81.8,127.1,14,6,12,10,1,-26
Rider,2026-02-13,Mount St. Mary's,82.8,97.8,14,6,6,17,1,-10
Rider,2026-02-15,Sacred Heart,105.5,121.0,15,7,12,21,-1,-11
Rider,2026-02-20,Canisius,95.7,104.3,17,5,8,17,1,-6
Rider,2026-02-22,Niagara,103.3,95.5,12,11,12,20,1,5
Rider,2026-02-27,Iona,79.7,110.0,23,12,14,22,-1,-22
Rider,2026-03-01,Siena,93.7,116.8,22,7,6,25,-1,-15
Robert Morris,2025-11-04,Iowa,99.7,146.0,24,22,12,10,-1,-32
Robert Morris,2025-11-06,Drake,107.3,104.6,26,16,12,30,-1,2
Robert Morris,2025-11-10,Geneva,136.3,68.9,28,10,19,23,1,46
Robert Morris,2025-11-13,Pitt.-Greensburg,112.4,79.1,19,15,21,31,1,24
Robert Morris,2025-11-20,St. Bonaventure,86.4,106.2,23,15,12,18,-1,-14
Robert Morris,2025-11-23,Monmouth,100.3,101.8,24,12,16,22,-1,-1
Robert Morris,2025-11-26,Illinois–Chicago,129.2,108.6,31,11,14,22,1,14
Robert Morris,2025-11-28,Southern Utah,92.9,82.3,24,9,11,25,1,7
Robert Morris,2025-11-30,Stetson,132.1,102.4,24,6,10,28,1,18
Robert Morris,2025-12-04,Green Bay,117.4,114.5,23,11,13,19,-1,2
Robert Morris,2025-12-06,Milwaukee,98.4,101.1,19,10,7,28,-1,-2
Robert Morris,2025-12-13,Toledo,108.3,101.0,21,8,13,31,1,5
Robert Morris,2025-12-17,Youngstown State,122.7,118.1,21,8,20,11,1,3
Robert Morris,2025-12-20,Saint Francis (PA),125.7,111.4,22,12,6,26,-1,9
Robert Morris,2025-12-29,Northern Kentucky,107.3,110.1,32,14,14,22,1,-2
Robert Morris,2026-01-02,Detroit Mercy,118.4,107.3,19,12,10,20,-1,8
Robert Morris,2026-01-04,Oakland,104.5,137.5,22,10,10,15,-1,-23
Robert Morris,2026-01-11,Purdue Fort Wayne,114.9,122.6,30,9,11,17,1,-5
Robert Morris,2026-01-15,IU Indy,118.9,122.7,25,17,10,22,-1,-3
Robert Morris,2026-01-17,Northern Kentucky,108.0,104.5,28,15,12,29,-1,3
Robert Morris,2026-01-22,Milwaukee,124.5,107.6,17,15,10,28,1,12
Robert Morris,2026-01-24,Green Bay,107.3,113.7,27,10,8,22,1,-4
Robert Morris,2026-01-28,IU Indy,121.1,94.9,22,12,13,27,1,16
Robert Morris,2026-01-31,Purdue Fort Wayne,101.6,118.8,29,15,8,24,-1,-12
Robert Morris,2026-02-04,Wright State,105.8,97.0,20,9,6,29,1,6
Robert Morris,2026-02-07,Youngstown State,109.0,99.9,26,13,9,23,-1,6
Robert Morris,2026-02-12,Cleveland State,137.5,110.0,32,7,14,24,-1,17
Robert Morris,2026-02-15,Oakland,137.6,102.1,30,11,14,25,1,24
Robert Morris,2026-02-22,Wright State,119.9,100.6,16,9,5,22,-1,13
Robert Morris,2026-02-25,Detroit Mercy,113.9,96.7,28,6,14,23,1,11
Robert Morris,2026-02-28,Cleveland State,125.9,97.1,22,11,9,25,1,19
Robert Morris,2026-03-04,Youngstown State,110.7,86.3,21,14,12,28,1,15
Robert Morris,2026-03-09,Detroit Mercy,101.5,111.1,22,14,11,19,0,-6
Rutgers,2025-11-05,Rider,116.4,76.1,27,7,17,26,1,28
Rutgers,2025-11-10,Maine,110.8,92.3,19,13,11,22,1,12
Rutgers,2025-11-14,Lehigh,115.5,99.0,13,10,12,29,1,12
Rutgers,2025-11-18,American,107.5,95.4,15,11,6,30,1,9
Rutgers,2025-11-21,Central Connecticut State,84.8,105.2,19,10,8,26,1,-13
Rutgers,2025-11-24,Tennessee,87.9,124.6,19,13,9,15,0,-25
Rutgers,2025-11-25,Notre Dame,98.2,106.0,27,13,9,15,0,-5
Rutgers,2025-11-27,UNLV,111.3,90.5,16,9,12,29,0,15
Rutgers,2025-12-02,Purdue,99.4,123.9,17,9,6,17,1,-16
Rutgers,2025-12-06,Michigan,80.9,136.1,23,16,12,14,-1,-41
Rutgers,2025-12-13,Seton Hall,87.3,119.9,15,18,13,13,-1,-22
Rutgers,2025-12-20,Pennsylvania,98.9,97.5,20,6,6,20,1,1
Rutgers,2025-12-29,Delaware State,94.7,72.8,27,17,17,29,1,15
Rutgers,2026-01-02,Ohio State,116.8,128.0,22,8,18,12,1,-7
Rutgers,2026-01-05,Oregon,116.7,112.8,18,7,9,21,1,3
Rutgers,2026-01-08,Illinois,83.5,122.9,22,7,9,21,-1,-26
Rutgers,2026-01-11,Northwestern,108.0,105.2,19,6,13,33,1,2
Rutgers,2026-01-17,Wisconsin,116.2,128.2,30,10,10,20,-1,-9
Rutgers,2026-01-20,Iowa,96.1,105.4,18,16,8,21,-1,-6
Rutgers,2026-01-23,Indiana,97.5,135.6,19,5,8,18,1,-23
Rutgers,2026-01-27,Michigan State,111.1,123.7,27,5,6,13,1,-9
Rutgers,2026-01-31,Southern California,105.7,109.9,24,8,16,15,-1,-3
Rutgers,2026-02-03,UCLA,103.1,153.1,22,9,10,17,-1,-32
Rutgers,2026-02-07,Nebraska,99.7,117.3,22,15,8,22,1,-12
Rutgers,2026-02-15,Maryland,103.4,86.6,18,9,8,28,1,11
Rutgers,2026-02-18,Penn State,123.7,104.8,16,10,4,19,-1,13
Rutgers,2026-02-21,Minnesota,103.3,135.4,18,7,5,15,-1,-19
Rutgers,2026-02-24,Washington,102.0,111.9,14,6,7,20,1,-7
Rutgers,2026-03-01,Maryland,95.5,89.9,17,6,4,20,-1,4
Rutgers,2026-03-05,Michigan State,119.8,125.3,18,7,8,13,-1,-4
Rutgers,2026-03-08,Penn State,106.1,88.9,19,6,6,29,1,12
Rutgers,2026-03-11,Minnesota,111.0,103.3,23,10,7,19,0,5
Rutgers,2026-03-12,UCLA,83.3,101.6,19,13,6,22,0,-13
Rutgers,2026-04-02,Creighton,92.8,110.3,14,8,11,24,0,-13
SIU Edwardsville,2025-11-04,East-West,141.3,59.4,25,15,17,29,1,69
SIU Edwardsville,2025-11-07,UTSA,103.1,80.4,14,14,10,37,-1,17
SIU Edwardsville,2025-11-10,Indiana State,76.8,89.4,15,13,9,24,1,-9
SIU Edwardsville,2025-11-14,Drake,96.0,92.9,29,9,10,28,-1,2
SIU Edwardsville,2025-11-17,Wisconsin,101.0,137.6,18,10,6,21,-1,-25
SIU Edwardsville,2025-11-21,Air Force,90.6,110.7,20,13,8,24,-1,-14
SIU Edwardsville,2025-11-23,Alabama State,116.1,95.1,20,8,10,25,0,15
SIU Edwardsville,2025-11-28,Missouri Baptist,135.6,81.0,21,6,13,29,1,37
SIU Edwardsville,2025-12-02,North Florida,106.4,93.1,25,9,15,22,-1,9
SIU Edwardsville,2025-12-06,Western Michigan,104.2,118.5,25,5,6,12,1,-10
SIU Edwardsville,2025-12-14,Eureka,125.4,69.8,34,8,12,28,1,43
SIU Edwardsville,2025-12-18,Eastern Illinois,101.6,107.3,24,14,8,20,-1,-4
SIU Edwardsville,2025-12-22,Western Illinois,96.8,89.5,20,13,7,24,-1,5
SIU Edwardsville,2026-01-01,Southern Indiana,86.6,80.7,13,15,12,22,1,4
SIU Edwardsville,2026-01-03,Morehead State,109.9,111.4,23,8,9,16,1,-1
SIU Edwardsville,2026-01-06,Lindenwood,92.6,87.0,15,14,7,28,1,4
SIU Edwardsville,2026-01-08,Little Rock,109.8,114.5,22,14,14,19,1,-3
SIU Edwardsville,2026-01-15,UT Martin,92.9,102.4,23,5,9,16,-1,-6
SIU Edwardsville,2026-01-17,Southeast Missouri State,110.6,89.4,17,7,7,24,-1,13
SIU Edwardsville,2026-01-22,Tennessee State,109.4,97.5,17,13,7,21,1,8
SIU Edwardsville,2026-01-24,Tennessee Tech,104.9,98.1,17,7,12,22,1,4
SIU Edwardsville,2026-01-29,Morehead State,100.7,103.8,26,11,8,26,-1,-2
SIU Edwardsville,2026-01-31,Southern Indiana,92.3,73.2,11,13,6,28,-1,12
SIU Edwardsville,2026-02-03,Lindenwood,104.7,96.6,15,15,6,26,-1,6
SIU Edwardsville,2026-02-07,Little Rock,103.0,88.5,21,10,3,34,-1,10
SIU Edwardsville,2026-02-12,Southeast Missouri State,112.8,85.4,17,9,10,28,1,18
SIU Edwardsville,2026-02-14,UT Martin,110.7,118.0,28,18,13,18,1,-5
SIU Edwardsville,2026-02-19,Tennessee Tech,77.1,92.0,23,7,8,23,-1,-10
SIU Edwardsville,2026-02-21,Tennessee State,81.3,122.7,24,14,3,13,-1,-27
SIU Edwardsville,2026-02-26,Western Illinois,99.6,69.8,16,11,5,36,1,20
SIU Edwardsville,2026-02-28,Eastern Illinois,125.8,81.7,27,11,9,23,1,27
SIU Edwardsville,2026-03-04,Eastern Illinois,101.4,109.9,30,12,15,21,0,-6
SMU,2025-11-03,Tarleton State,131.0,103.7,18,10,7,22,1,20
SMU,2025-11-06,Texas A&M–Corpus Christi,96.6,81.2,16,9,9,32,1,11
SMU,2025-11-11,Murray State,123.9,110.5,16,11,16,23,1,11
SMU,2025-11-15,Butler,115.2,112.5,13,15,11,20,1,2
SMU,2025-11-18,Arkansas–Pine Bluff,128.6,72.8,27,12,7,35,1,46
SMU,2025-11-21,Arkansas State,121.1,83.5,23,8,10,16,1,31
SMU,2025-11-24,Radford,110.7,89.6,26,15,10,36,1,17
SMU,2025-11-28,Mississippi State,107.5,100.1,27,11,14,36,-1,6
SMU,2025-12-03,Vanderbilt,100.3,127.9,17,12,12,21,-1,-19
SMU,2025-12-07,Texas A&M,107.9,92.8,22,10,7,28,0,13
SMU,2025-12-13,Louisiana State,119.6,138.2,19,10,15,13,0,-12
SMU,2025-12-21,Central Arkansas,132.2,109.5,33,12,12,22,1,17
SMU,2025-12-28,Cal State Fullerton,133.8,76.6,31,11,13,28,1,47
SMU,2026-01-03,North Carolina,137.0,117.2,27,6,3,22,1,14
SMU,2026-01-07,Clemson,105.9,112.0,17,12,10,24,-1,-4
SMU,2026-01-10,Duke,107.1,117.1,14,19,7,21,-1,-7
SMU,2026-01-14,Virginia Tech,109.6,108.2,15,10,9,25,1,1
SMU,2026-01-17,Virginia,107.6,114.0,13,7,11,17,1,-4
SMU,2026-01-20,Wake Forest,117.3,101.9,28,14,9,26,-1,12
SMU,2026-01-24,Florida State,118.5,114.2,30,7,12,24,1,3
SMU,2026-01-31,Louisville,99.2,118.0,25,16,9,25,-1,-14
SMU,2026-02-03,NC State,117.6,119.0,22,8,11,25,1,-1
SMU,2026-02-07,Pittsburgh,124.5,97.0,21,9,7,24,-1,19
SMU,2026-02-10,Notre Dame,127.8,116.3,28,14,12,23,1,8
SMU,2026-02-14,Syracuse,113.4,114.8,20,6,12,24,-1,-1
SMU,2026-02-17,Louisville,122.7,109.8,19,10,4,24,1,10
SMU,2026-02-21,Boston College,133.0,99.0,24,4,8,25,1,24
SMU,2026-02-25,California,98.2,103.9,21,14,13,28,-1,-4
SMU,2026-02-28,Stanford,112.2,142.1,18,9,8,17,-1,-20
SMU,2026-03-04,Miami (FL),98.0,109.4,24,13,11,20,1,-8
SMU,2026-03-07,Florida State,104.4,121.8,31,14,14,18,-1,-13
SMU,2026-03-10,Syracuse,127.3,102.1,33,7,18,24,0,17
SMU,2026-03-11,Louisville,92.9,99.3,27,11,9,23,0,-4
SMU,2026-03-18,Miami (OH),116.5,131.3,21,6,10,21,0,-10
Sacramento State,2025-11-04,Dominican (CA),124.2,95.3,27,13,10,33,1,24
Sacramento State,2025-11-07,William Jessup,111.7,98.7,29,15,8,33,1,10
Sacramento State,2025-11-11,UC Santa Barbara,116.9,123.7,21,12,8,24,1,-5
Sacramento State,2025-11-14,UC Davis,98.8,104.2,13,14,9,25,-1,-4
Sacramento State,2025-11-16,Presbyterian,95.6,92.6,11,16,9,25,1,2
Sacramento State,2025-11-18,UCLA,66.8,110.0,24,13,11,20,-1,-31
Sacramento State,2025-11-21,California,85.2,115.7,24,10,13,21,-1,-24
Sacramento State,2025-11-25,San Fran. St.,117.0,57.3,38,9,10,44,1,48
Sacramento State,2025-11-29,Pacific,74.2,93.5,23,11,5,22,-1,-14
Sacramento State,2025-12-02,Baylor,114.4,143.0,32,13,18,11,-1,-22
Sacramento State,2025-12-20,California Baptist,96.3,106.4,32,11,16,21,-1,-7
Sacramento State,2025-12-22,Cal State Northridge,104.1,118.3,24,8,5,23,-1,-12
Sacramento State,2026-01-01,Idaho State,104.7,120.9,19,12,10,25,-1,-13
Sacramento State,2026-01-03,Weber State,102.8,119.1,27,15,11,20,-1,-13
Sacramento State,2026-01-10,Portland State,93.4,129.9,21,5,7,16,-1,-27
Sacramento State,2026-01-15,Northern Arizona,123.3,102.5,23,7,9,23,1,14
Sacramento State,2026-01-17,Northern Colorado,113.2,108.3,32,8,12,26,1,4
Sacramento State,2026-01-22,Idaho,104.3,118.1,14,9,13,23,-1,-10
Sacramento State,2026-01-24,Eastern Washington,104.8,117.3,17,10,4,18,-1,-8
Sacramento State,2026-01-29,Montana State,116.3,112.1,18,11,3,26,1,3
Sacramento State,2026-01-31,Montana,118.3,108.7,24,9,7,20,1,7
Sacramento State,2026-02-02,Weber State,132.4,114.6,19,14,6,27,1,14
Sacramento State,2026-02-07,Portland State,106.1,107.6,22,7,8,24,1,-1
Sacramento State,2026-02-12,Northern Colorado,98.2,118.1,26,8,5,22,-1,-16
Sacramento State,2026-02-14,Northern Arizona,104.2,111.2,21,12,9,23,-1,-5
Sacramento State,2026-02-19,Eastern Washington,126.6,137.3,17,6,11,18,1,-8
Sacramento State,2026-02-21,Idaho,107.0,115.1,19,8,5,23,1,-6
Sacramento State,2026-02-26,Montana,99.3,110.2,20,8,9,23,-1,-8
Sacramento State,2026-02-28,Montana State,91.9,123.5,21,3,4,17,-1,-21
Sacramento State,2026-03-02,Idaho State,117.8,92.3,18,9,4,29,1,18
Sacramento State,2026-03-07,Idaho,62.7,94.8,17,9,6,25,0,-23
Sacred Heart,2025-11-04,Merchant Marine,150.8,67.3,38,10,20,26,1,57
Sacred Heart,2025-11-07,Duquesne,103.0,118.4,30,11,13,23,-1,-12
Sacred Heart,2025-11-11,Villanova,91.4,143.2,30,15,7,16,-1,-34
Sacred Heart,2025-11-15,Queens (NC),90.1,114.1,32,12,10,18,-1,-17
Sacred Heart,2025-11-21,Holy Cross,120.8,100.9,40,7,9,18,1,13
Sacred Heart,2025-11-24,Central Connecticut State,127.7,130.1,30,12,7,17,-1,-2
Sacred Heart,2025-11-29,Penn State,76.1,116.1,24,22,5,16,-1,-31
Sacred Heart,2025-12-03,Mount St. Mary's,124.3,114.3,34,11,12,19,-1,7
Sacred Heart,2025-12-07,Iona,95.7,112.3,35,20,10,23,1,-12
Sacred Heart,2025-12-13,NJIT,102.1,77.0,18,8,8,27,-1,16
Sacred Heart,2025-12-16,UMass Lowell,110.2,116.9,33,14,6,24,-1,-5
Sacred Heart,2025-12-19,Dartmouth,108.9,80.7,36,8,15,22,1,22
Sacred Heart,2025-12-22,Towson,69.0,105.7,30,16,8,21,-1,-25
Sacred Heart,2025-12-29,Merrimack,107.5,119.4,25,13,12,25,1,-8
Sacred Heart,2026-01-02,Niagara,104.9,110.1,23,13,12,21,-1,-3
Sacred Heart,2026-01-04,Canisius,114.0,119.8,27,11,5,19,-1,-4
Sacred Heart,2026-01-09,Marist,114.2,120.5,24,13,11,16,1,-4
Sacred Heart,2026-01-11,Quinnipiac,94.3,110.0,27,14,12,24,1,-10
Sacred Heart,2026-01-14,Siena,127.5,118.6,35,5,13,27,-1,6
Sacred Heart,2026-01-19,Rider,135.1,109.4,27,9,3,31,-1,20
Sacred Heart,2026-01-22,Canisius,100.7,96.3,32,11,7,30,1,3
Sacred Heart,2026-01-24,Niagara,106.8,105.3,27,9,2,16,1,1
Sacred Heart,2026-01-30,Quinnipiac,129.7,120.4,36,7,6,26,-1,7
Sacred Heart,2026-02-01,Merrimack,90.9,117.6,14,15,5,23,-1,-17
Sacred Heart,2026-02-05,Fairfield,119.6,126.5,32,8,10,19,1,-5
Sacred Heart,2026-02-07,Manhattan,96.4,113.4,30,11,8,28,-1,-12
Sacred Heart,2026-02-13,Saint Peter's,119.7,108.9,23,11,6,19,1,7
Sacred Heart,2026-02-15,Rider,121.0,105.5,33,11,9,24,1,11
Sacred Heart,2026-02-20,Fairfield,97.3,111.6,27,13,6,26,-1,-10
Sacred Heart,2026-02-22,Marist,91.7,94.6,26,11,11,34,-1,-2
Sacred Heart,2026-02-27,Mount St. Mary's,114.3,102.4,38,9,12,21,1,8
Sacred Heart,2026-03-05,Iona,130.0,114.3,37,6,8,24,0,11
Sacred Heart,2026-03-06,Merrimack,78.6,114.6,26,14,2,20,0,-22
Saint Francis (PA),2025-11-03,Oklahoma,83.9,129.7,17,13,5,18,-1,-36
Saint Francis (PA),2025-11-06,TCU,80.2,132.4,21,15,3,15,-1,-41
Saint Francis (PA),2025-11-11,Mount St. Mary's,94.9,106.4,27,11,15,22,1,-8
Saint Francis (PA),2025-11-18,Lehigh,82.9,105.7,16,17,8,22,-1,-17
Saint Francis (PA),2025-11-24,Belmont,77.1,127.2,30,16,8,17,0,-37
Saint Francis (PA),2025-11-26,Troy,86.6,100.1,22,22,11,20,0,-10
Saint Francis (PA),2025-11-29,Franciscan,106.6,75.2,18,19,11,38,1,25
Saint Francis (PA),2025-12-01,Xavier,94.1,122.1,22,14,3,27,-1,-22
Saint Francis (PA),2025-12-03,Penn St. Shenango,129.4,53.1,41,6,19,39,1,59
Saint Francis (PA),2025-12-07,Radford,80.0,127.2,28,14,8,20,-1,-33
Saint Francis (PA),2025-12-14,Temple,96.5,136.9,23,11,7,15,-1,-28
Saint Francis (PA),2025-12-17,Florida,85.5,143.0,16,9,7,11,-1,-41
Saint Francis (PA),2025-12-20,Robert Morris,111.4,125.7,26,5,9,18,1,-9
Saint Francis (PA),2026-01-02,Le Moyne,85.2,123.4,28,8,9,18,1,-26
Saint Francis (PA),2026-01-04,FDU,118.9,114.7,26,10,6,21,1,3
Saint Francis (PA),2026-01-08,Wagner,105.1,102.2,23,11,6,20,-1,2
Saint Francis (PA),2026-01-10,LIU,89.7,95.4,18,13,3,19,-1,-4
Saint Francis (PA),2026-01-17,Central Connecticut State,130.8,142.4,31,5,15,20,1,-8
Saint Francis (PA),2026-01-19,Stonehill,90.5,87.6,17,7,8,20,1,2
Saint Francis (PA),2026-01-23,Chicago State,121.1,89.7,25,11,5,27,1,21
Saint Francis (PA),2026-01-31,New Haven,103.5,121.5,21,10,6,22,1,-12
Saint Francis (PA),2026-02-05,Mercyhurst,112.9,124.3,23,15,9,18,-1,-9
Saint Francis (PA),2026-02-07,Le Moyne,110.9,113.5,24,12,12,17,-1,-2
Saint Francis (PA),2026-02-09,Chicago State,104.2,111.1,30,18,10,18,-1,-5
Saint Francis (PA),2026-02-12,FDU,88.2,98.7,26,9,14,17,-1,-7
Saint Francis (PA),2026-02-14,Mercyhurst,114.3,136.0,15,10,5,13,1,-15
Saint Francis (PA),2026-02-19,LIU,113.4,116.0,18,21,9,22,1,-2
Saint Francis (PA),2026-02-21,Wagner,84.2,97.7,22,11,11,20,1,-9
Saint Francis (PA),2026-02-24,New Haven,116.2,106.6,16,11,3,27,-1,6
Saint Francis (PA),2026-02-26,Stonehill,104.0,139.1,16,10,10,18,-1,-26
Saint Francis (PA),2026-02-28,Central Connecticut State,98.6,106.3,16,11,10,19,-1,-5
Saint Joseph's,2025-11-03,Lafayette,118.6,106.0,25,7,12,26,1,9
Saint Joseph's,2025-11-08,Drexel,104.2,89.1,18,9,7,26,1,11
Saint Joseph's,2025-11-12,Virginia Tech,78.1,124.4,28,19,12,23,-1,-35
Saint Joseph's,2025-11-17,Pennsylvania,96.7,108.5,35,11,14,23,-1,-9
Saint Joseph's,2025-11-20,UNLV,102.8,119.7,28,12,11,24,-1,-14
Saint Joseph's,2025-11-25,Rutgers-Camden,127.6,77.8,15,18,17,39,1,39
Saint Joseph's,2025-11-30,Princeton,95.6,92.4,23,12,8,26,0,2
Saint Joseph's,2025-12-06,Temple,108.2,106.7,26,12,16,19,0,1
Saint Joseph's,2025-12-09,Coppin State,130.3,97.3,36,9,7,26,1,22
Saint Joseph's,2025-12-11,Syracuse,89.3,100.6,26,13,12,30,-1,-8
Saint Joseph's,2025-12-18,Delaware State,101.7,77.4,27,12,16,28,1,16
Saint Joseph's,2025-12-22,Coastal Carolina,85.7,94.0,29,11,10,26,1,-6
Saint Joseph's,2025-12-28,Arcadia,123.4,92.2,35,12,16,31,1,22
Saint Joseph's,2025-12-31,Saint Louis,119.1,153.8,25,5,12,18,-1,-23
Saint Joseph's,2026-01-03,Davidson,92.1,102.0,22,11,9,16,1,-6
Saint Joseph's,2026-01-07,Duquesne,117.6,109.2,29,11,11,21,1,7
Saint Joseph's,2026-01-11,Richmond,96.1,93.2,31,10,8,33,-1,2
Saint Joseph's,2026-01-14,St. Bonaventure,99.1,93.2,24,13,9,24,1,4
Saint Joseph's,2026-01-19,VCU,96.3,105.7,18,18,6,27,-1,-7
Saint Joseph's,2026-01-24,Dayton,103.5,94.6,31,12,8,25,1,7
Saint Joseph's,2026-01-27,Loyola Chicago,128.7,96.9,24,7,9,26,-1,21
Saint Joseph's,2026-01-31,La Salle,101.1,87.5,32,14,7,28,-1,9
Saint Joseph's,2026-02-04,George Washington,110.3,105.9,26,12,8,20,1,3
Saint Joseph's,2026-02-07,George Mason,84.1,97.1,37,12,17,23,-1,-8
Saint Joseph's,2026-02-10,Fordham,98.9,105.1,27,12,8,23,1,-4
Saint Joseph's,2026-02-18,St. Bonaventure,98.6,90.3,33,9,11,29,-1,6
Saint Joseph's,2026-02-21,Loyola Chicago,113.9,92.6,25,8,7,27,1,14
Saint Joseph's,2026-02-25,George Mason,125.7,97.7,30,2,3,22,1,18
Saint Joseph's,2026-02-28,Rhode Island,87.4,78.8,28,12,10,30,-1,6
Saint Joseph's,2026-03-04,Davidson,108.3,103.7,23,11,7,32,-1,3
Saint Joseph's,2026-03-07,La Salle,122.6,105.9,25,10,7,26,1,12
Saint Joseph's,2026-03-13,Davidson,113.7,94.2,16,10,9,24,0,12
Saint Joseph's,2026-03-14,VCU,95.5,114.9,28,9,12,24,0,-13
Saint Joseph's,2026-03-18,Colorado State,100.0,92.8,23,14,11,26,-1,5
Saint Joseph's,2026-03-22,California,108.7,107.2,26,9,13,27,-1,1
Saint Joseph's,2026-03-24,New Mexico,94.2,114.7,33,9,7,24,-1,-15
Saint Louis,2025-11-03,Southeast Missouri State,119.2,86.8,29,14,14,38,1,25
Saint Louis,2025-11-06,Chicago State,121.8,97.0,32,15,6,29,1,22
Saint Louis,2025-11-10,Lindenwood,135.3,81.9,21,20,10,24,1,43
Saint Louis,2025-11-15,Grand Canyon,103.6,85.0,27,18,10,32,1,14
Saint Louis,2025-11-21,Purdue Fort Wayne,127.5,84.1,31,16,13,33,1,31
Saint Louis,2025-11-27,Santa Clara,100.4,99.0,27,11,10,24,0,1
Saint Louis,2025-11-28,Stanford,106.4,107.8,20,10,12,30,0,-1
Saint Louis,2025-12-02,Loyola Marymount,114.3,87.9,29,18,14,28,-1,21
Saint Louis,2025-12-07,Central Michigan,155.8,94.6,29,4,13,27,1,42
Saint Louis,2025-12-13,San Francisco,117.4,103.6,24,9,10,26,1,10
Saint Louis,2025-12-17,Bethune-Cookman,145.6,68.9,29,13,9,37,1,59
Saint Louis,2025-12-21,New Hampshire,120.6,102.4,31,8,8,31,1,14
Saint Louis,2025-12-28,Principia,146.9,42.5,39,11,17,43,1,81
Saint Louis,2025-12-31,Saint Joseph's,153.8,119.1,32,7,6,23,1,23
Saint Louis,2026-01-07,VCU,91.6,80.0,20,12,5,33,-1,9
Saint Louis,2026-01-10,La Salle,119.2,102.1,23,14,5,25,-1,12
Saint Louis,2026-01-14,Fordham,125.0,89.7,30,6,7,27,1,22
Saint Louis,2026-01-17,Richmond,126.7,90.7,30,9,12,32,1,25
Saint Louis,2026-01-20,Duquesne,104.1,99.0,20,16,7,28,-1,4
Saint Louis,2026-01-23,St. Bonaventure,134.1,85.7,33,10,7,29,-1,35
Saint Louis,2026-01-27,George Washington,101.7,97.8,31,14,9,27,1,3
Saint Louis,2026-01-30,Dayton,140.2,97.6,28,12,6,23,1,31
Saint Louis,2026-02-03,Davidson,126.1,113.6,27,10,8,28,-1,9
Saint Louis,2026-02-07,La Salle,114.3,80.8,30,11,4,28,1,24
Saint Louis,2026-02-13,Loyola Chicago,117.5,80.6,32,14,9,33,-1,27
Saint Louis,2026-02-17,Rhode Island,102.6,109.3,21,16,9,23,-1,-5
Saint Louis,2026-02-20,VCU,113.4,96.6,25,15,13,27,1,13
Saint Louis,2026-02-24,Dayton,88.6,110.1,21,15,6,24,-1,-15
Saint Louis,2026-02-28,Duquesne,134.5,112.3,28,10,4,22,1,15
Saint Louis,2026-03-04,Loyola Chicago,131.8,108.4,17,7,3,20,1,14
Saint Louis,2026-03-07,George Mason,89.1,134.5,24,11,10,14,-1,-29
Saint Louis,2026-03-13,George Washington,119.0,109.6,30,11,7,26,0,7
Saint Louis,2026-03-14,Dayton,98.7,100.1,28,18,6,26,0,-1
Saint Louis,2026-03-19,Georgia,124.0,93.6,28,13,10,34,0,25
Saint Louis,2026-03-21,Michigan,100.0,131.9,32,7,3,21,0,-23
Saint Peter's,2025-11-03,Seton Hall,83.0,127.7,23,12,12,16,-1,-27
Saint Peter's,2025-11-08,FDU,124.6,111.2,26,10,9,19,1,10
Saint Peter's,2025-11-12,VCU,89.9,115.0,24,11,14,18,-1,-17
Saint Peter's,2025-11-18,Delaware,103.4,119.7,32,8,7,18,-1,-11
Saint Peter's,2025-11-22,UMass Lowell,92.8,90.1,34,12,11,18,1,2
Saint Peter's,2025-11-29,Dartmouth,92.9,132.4,24,9,14,15,1,-26
Saint Peter's,2025-12-05,Canisius,108.1,89.3,25,6,10,22,1,12
Saint Peter's,2025-12-07,Niagara,119.0,72.1,20,9,10,21,1,28
Saint Peter's,2025-12-13,Georgetown,92.6,103.5,29,11,6,19,-1,-8
Saint Peter's,2025-12-22,Centenary (NJ),153.0,65.9,36,9,13,25,1,66
Saint Peter's,2025-12-29,Fairfield,103.5,97.6,21,10,17,26,-1,4
Saint Peter's,2026-01-02,Marist,99.8,85.4,22,11,12,30,1,10
Saint Peter's,2026-01-09,Mount St. Mary's,92.2,99.3,31,11,18,19,-1,-5
Saint Peter's,2026-01-11,Merrimack,122.4,101.4,13,14,15,19,1,13
Saint Peter's,2026-01-14,Quinnipiac,105.9,100.2,16,13,7,24,-1,4
Saint Peter's,2026-01-17,Rider,105.9,89.0,18,9,14,13,1,11
Saint Peter's,2026-01-19,Iona,109.6,89.6,15,13,5,32,1,14
Saint Peter's,2026-01-24,Merrimack,93.4,106.1,22,13,25,19,-1,-8
Saint Peter's,2026-01-30,Mount St. Mary's,105.6,92.8,28,7,12,16,1,8
Saint Peter's,2026-02-01,Rider,120.4,125.1,28,7,14,18,-1,-3
Saint Peter's,2026-02-05,Manhattan,125.1,117.3,23,4,17,19,-1,5
Saint Peter's,2026-02-07,Siena,102.1,94.8,15,13,10,23,1,5
Saint Peter's,2026-02-13,Sacred Heart,108.9,119.7,21,6,14,18,-1,-7
Saint Peter's,2026-02-15,Fairfield,121.6,108.4,16,13,9,17,1,9
Saint Peter's,2026-02-20,Iona,84.9,95.5,30,16,10,25,-1,-8
Saint Peter's,2026-02-22,Siena,104.3,119.3,20,7,10,15,-1,-9
Saint Peter's,2026-02-27,Manhattan,118.6,102.7,20,10,16,23,1,10
Saint Peter's,2026-03-01,Marist,97.8,86.9,17,16,9,22,-1,7
Saint Peter's,2026-03-06,Fairfield,84.0,113.0,19,14,12,18,0,-19
Sam Houston State,2025-11-03,LeTourneau,117.8,73.2,27,11,20,35,1,36
Sam Houston State,2025-11-07,Texas Tech,105.5,134.3,20,13,14,17,-1,-21
Sam Houston State,2025-11-15,Utah,103.7,111.5,23,10,10,19,-1,-6
Sam Houston State,2025-11-19,Wyoming,107.5,96.5,20,15,11,26,1,8
Sam Houston State,2025-11-22,Schreiner,131.4,67.6,33,14,16,41,1,51
Sam Houston State,2025-11-26,Idaho State,115.2,111.1,25,12,14,17,0,3
Sam Houston State,2025-11-28,Idaho,140.9,101.9,27,6,9,21,0,26
Sam Houston State,2025-12-02,Oklahoma State,105.4,118.1,37,13,12,19,-1,-10
Sam Houston State,2025-12-06,Texas Southern,98.5,84.1,22,13,9,32,-1,12
Sam Houston State,2025-12-17,Oregon State,112.6,99.4,27,13,13,30,-1,10
Sam Houston State,2025-12-21,New Mexico State,101.6,113.3,31,12,13,23,-1,-9
Sam Houston State,2025-12-28,College of Biblical Studies,152.4,74.2,30,9,25,38,1,60
Sam Houston State,2026-01-02,Western Kentucky,111.8,125.3,28,11,13,22,-1,-11
Sam Houston State,2026-01-04,Middle Tennessee,96.1,97.5,11,16,9,29,-1,-1
Sam Houston State,2026-01-08,Delaware,112.3,93.6,26,6,12,28,1,12
Sam Houston State,2026-01-10,Liberty,101.7,112.7,24,16,11,22,1,-8
Sam Houston State,2026-01-14,Jacksonville State,120.9,97.4,22,12,7,26,-1,15
Sam Houston State,2026-01-17,Florida International,98.8,81.9,29,16,8,27,-1,13
Sam Houston State,2026-01-21,Kennesaw State,122.3,114.4,22,9,4,28,1,6
Sam Houston State,2026-01-24,Western Kentucky,108.9,86.5,20,9,9,22,1,15
Sam Houston State,2026-01-28,Missouri State,116.3,103.2,13,12,8,24,-1,9
Sam Houston State,2026-01-31,Louisiana Tech,121.9,98.4,14,6,8,20,1,16
Sam Houston State,2026-02-04,UTEP,99.7,94.0,23,12,15,34,1,4
Sam Houston State,2026-02-07,Louisiana Tech,100.9,112.5,27,15,5,19,-1,-9
Sam Houston State,2026-02-14,Kennesaw State,121.7,115.8,17,11,7,19,-1,4
Sam Houston State,2026-02-18,Middle Tennessee,109.7,98.4,18,9,13,27,1,8
Sam Houston State,2026-02-21,Jacksonville State,121.6,115.7,19,12,9,23,1,4
Sam Houston State,2026-02-26,Florida International,134.5,90.1,16,13,11,27,1,33
Sam Houston State,2026-02-28,Missouri State,120.0,113.1,13,7,7,24,1,5
Sam Houston State,2026-03-05,Delaware,109.4,113.5,27,10,11,24,-1,-3
Sam Houston State,2026-03-07,Liberty,115.8,127.1,16,8,15,22,-1,-7
Sam Houston State,2026-03-11,New Mexico State,95.8,84.7,22,9,19,26,0,8
Sam Houston State,2026-03-13,Kennesaw State,103.3,111.8,25,13,14,18,0,-6
Sam Houston State,2026-03-18,New Mexico,107.1,138.0,22,13,11,23,-1,-24
Samford,2025-11-03,Tulane,107.3,126.6,31,11,10,20,-1,-13
Samford,2025-11-07,South Carolina State,112.2,98.5,25,10,9,23,1,10
Samford,2025-11-12,Texas Southern,119.3,115.5,31,9,6,31,-1,3
Samford,2025-11-14,Arkansas,104.0,109.6,29,8,9,26,-1,-4
Samford,2025-11-16,Central Arkansas,107.4,98.4,44,7,6,26,-1,7
Samford,2025-11-19,Florida Gulf Coast,87.6,108.8,26,9,11,19,1,-15
Samford,2025-11-21,New Mexico State,112.9,127.0,30,3,9,17,-1,-9
Samford,2025-11-25,Georgia State,109.9,88.7,22,12,7,30,0,15
Samford,2025-11-26,Utah Valley,59.3,117.2,27,16,11,15,0,-44
Samford,2025-12-05,VCU,80.6,117.3,20,10,8,23,-1,-26
Samford,2025-12-07,Cornell,117.6,113.8,21,11,5,28,1,3
Samford,2025-12-15,Bryan,142.4,68.5,38,6,7,36,1,55
Samford,2025-12-19,Reinhardt,112.3,64.8,38,11,14,35,1,36
Samford,2026-01-01,VMI,114.3,85.0,24,7,8,29,-1,20
Samford,2026-01-03,UNC Greensboro,121.8,132.2,30,6,10,23,-1,-7
Samford,2026-01-07,Western Carolina,119.0,111.7,25,6,5,19,1,5
Samford,2026-01-10,Chattanooga,107.1,119.3,22,8,4,27,-1,-9
Samford,2026-01-14,Furman,101.7,107.3,20,9,5,24,1,-4
Samford,2026-01-17,East Tennessee State,121.7,123.3,32,6,3,18,1,-1
Samford,2026-01-21,Wofford,118.1,133.3,27,7,6,17,-1,-10
Samford,2026-01-24,Chattanooga,119.9,102.3,29,2,6,27,1,11
Samford,2026-01-29,Furman,114.1,121.9,25,2,14,15,-1,-5
Samford,2026-02-01,Western Carolina,119.8,100.8,24,11,7,32,-1,14
Samford,2026-02-05,The Citadel,117.8,96.6,22,8,6,23,1,14
Samford,2026-02-07,Mercer,104.9,74.5,19,9,4,32,1,20
Samford,2026-02-11,Wofford,132.1,109.0,25,12,4,31,1,17
Samford,2026-02-14,East Tennessee State,110.5,97.0,24,9,7,30,-1,10
Samford,2026-02-19,The Citadel,108.5,104.3,24,13,7,33,-1,3
Samford,2026-02-21,Mercer,121.3,125.5,16,6,8,18,-1,-3
Samford,2026-02-26,VMI,121.1,92.3,31,9,7,28,1,19
Samford,2026-02-28,UNC Greensboro,118.2,106.0,35,14,8,28,1,9
Samford,2026-03-07,Furman,114.9,122.0,29,11,5,25,0,-5
San Diego,2025-11-04,Occidental,117.2,78.6,28,16,12,30,1,29
San Diego,2025-11-07,Idaho State,101.7,106.2,19,9,7,16,1,-3
San Diego,2025-11-12,Idaho,113.0,107.2,25,13,6,16,1,4
San Diego,2025-11-18,Grambling State,102.7,89.5,31,16,8,24,1,10
San Diego,2025-11-21,UC Riverside,103.0,123.3,25,11,12,19,1,-14
San Diego,2025-11-25,California Baptist,86.8,108.2,22,12,1,19,0,-15
San Diego,2025-11-30,Long Beach State,113.3,119.6,21,13,10,18,-1,-4
San Diego,2025-12-05,San Jose State,93.9,117.1,39,10,15,8,-1,-17
San Diego,2025-12-09,Southern California,99.4,115.3,30,14,9,19,1,-13
San Diego,2025-12-13,Northern Arizona,117.2,103.7,23,14,9,17,1,9
San Diego,2025-12-19,UC San Diego,119.9,116.9,33,10,14,18,-1,2
San Diego,2025-12-22,Washington,73.7,113.2,26,18,4,19,-1,-30
San Diego,2025-12-28,Pacific,103.0,84.3,30,7,6,19,1,12
San Diego,2025-12-30,Gonzaga,116.0,123.5,31,11,5,19,1,-6
San Diego,2026-01-02,San Francisco,89.7,103.7,22,10,3,22,-1,-10
San Diego,2026-01-04,Santa Clara,94.0,131.6,24,16,7,16,-1,-28
San Diego,2026-01-08,Pepperdine,124.4,94.4,24,11,8,22,1,20
San Diego,2026-01-10,Pacific,98.0,107.8,27,12,6,21,-1,-7
San Diego,2026-01-15,Seattle,88.6,103.8,24,15,9,25,-1,-11
San Diego,2026-01-17,Bethesda CA,137.4,81.5,20,18,15,32,1,46
San Diego,2026-01-21,Washington State,134.2,128.6,28,6,14,21,1,4
San Diego,2026-01-24,Santa Clara,96.6,112.5,23,12,15,18,1,-12
San Diego,2026-01-28,Pepperdine,113.8,108.9,29,12,14,28,-1,4
San Diego,2026-01-31,Oregon State,90.7,93.1,29,19,9,27,1,-2
San Diego,2026-02-04,St. Mary's (CA),93.3,135.2,24,10,9,16,-1,-27
San Diego,2026-02-07,Loyola Marymount,98.3,129.5,21,7,7,17,-1,-20
San Diego,2026-02-11,Portland,110.5,90.3,26,13,11,17,1,13
San Diego,2026-02-15,San Francisco,115.2,134.1,22,8,6,15,1,-13
San Diego,2026-02-21,Loyola Marymount,102.2,121.1,20,10,8,17,1,-12
San Diego,2026-02-25,Oregon State,109.6,122.9,43,9,7,19,-1,-10
San Diego,2026-02-28,Portland,105.5,124.0,21,14,2,19,-1,-13
San Diego,2026-03-05,Loyola Marymount,107.6,101.1,26,7,10,23,0,4
San Diego,2026-03-06,Seattle,91.6,94.9,22,13,8,25,0,-2
San Diego State,2025-11-04,Long Beach State,106.6,62.3,23,12,11,25,1,32
San Diego State,2025-11-09,Idaho State,115.6,90.2,17,12,4,16,1,16
San Diego State,2025-11-18,Troy,118.1,119.2,23,19,18,26,1,-1
San Diego State,2025-11-24,Michigan,70.6,122.8,23,16,9,17,0,-40
San Diego State,2025-11-25,Oregon,133.1,109.8,23,15,7,24,0,17
San Diego State,2025-11-26,Baylor,113.8,127.9,26,9,4,23,0,-10
San Diego State,2025-12-03,Utah Valley,108.9,93.3,15,12,11,21,1,11
San Diego State,2025-12-10,Lamar,116.9,93.3,18,13,10,28,1,18
San Diego State,2025-12-17,Air Force,125.8,90.1,22,10,11,20,1,23
San Diego State,2025-12-20,Arizona,70.4,106.4,14,8,9,18,0,-23
San Diego State,2025-12-22,Whittier,157.6,76.9,17,10,24,35,1,62
San Diego State,2025-12-30,San Jose State,112.7,94.6,11,16,11,23,-1,13
San Diego State,2026-01-03,Boise State,113.4,110.4,24,14,8,27,1,3
San Diego State,2026-01-06,Nevada,113.6,105.8,17,12,12,24,-1,5
San Diego State,2026-01-10,Fresno State,95.3,69.8,29,11,12,35,1,19
San Diego State,2026-01-14,Wyoming,113.3,87.2,17,8,4,27,-1,17
San Diego State,2026-01-17,New Mexico,107.6,102.4,17,15,8,28,1,4
San Diego State,2026-01-21,Grand Canyon,97.0,98.4,18,10,11,26,-1,-1
San Diego State,2026-01-24,UNLV,119.0,103.0,13,13,2,21,-1,11
San Diego State,2026-01-28,Colorado State,121.9,83.5,13,11,8,21,1,23
San Diego State,2026-01-31,Utah State,86.6,93.1,24,13,5,23,-1,-5
San Diego State,2026-02-03,Wyoming,105.5,92.3,18,9,8,20,1,9
San Diego State,2026-02-07,Air Force,126.3,77.5,17,6,4,25,-1,34
San Diego State,2026-02-14,Nevada,108.0,86.7,25,10,6,22,1,14
San Diego State,2026-02-17,Grand Canyon,89.7,103.9,15,13,11,19,1,-10
San Diego State,2026-02-21,Colorado State,109.5,122.8,22,11,13,20,-1,-9
San Diego State,2026-02-25,Utah State,127.1,102.8,16,11,12,24,1,17
San Diego State,2026-02-28,New Mexico,107.4,114.4,31,7,6,28,-1,-5
San Diego State,2026-03-03,Boise State,113.1,126.3,16,7,1,13,-1,-9
San Diego State,2026-03-06,UNLV,120.7,116.6,25,12,7,23,1,3
San Diego State,2026-03-12,Colorado State,101.3,88.5,11,13,13,26,0,9
San Diego State,2026-03-14,New Mexico,92.6,89.7,21,13,10,29,0,2
San Diego State,2026-03-14,Utah State,95.0,111.8,16,13,8,25,0,-11
San Francisco,2025-11-03,UC-Santa Cruz,121.5,65.7,28,18,12,32,1,45
San Francisco,2025-11-08,Memphis,90.2,97.9,30,15,7,24,-1,-6
San Francisco,2025-11-12,Portland State,112.6,98.6,25,11,13,27,1,10
San Francisco,2025-11-15,Bradley,105.7,90.2,20,18,10,30,1,11
San Francisco,2025-11-18,Northwestern State,133.3,101.5,28,8,8,21,1,20
San Francisco,2025-11-22,Minnesota,121.0,102.1,22,11,9,23,0,12
San Francisco,2025-11-27,Colorado,97.2,111.3,27,13,6,23,0,-10
San Francisco,2025-11-28,Nevada,97.4,121.4,23,15,9,22,0,-16
San Francisco,2025-12-03,North Alabama,92.2,95.1,31,9,8,21,1,-2
San Francisco,2025-12-07,Mississippi State,104.4,99.6,29,6,11,31,0,3
San Francisco,2025-12-13,Saint Louis,103.6,117.4,36,9,9,22,-1,-10
San Francisco,2025-12-17,Loyola Chicago,134.9,112.7,27,4,5,22,0,14
San Francisco,2025-12-21,Morgan State,133.9,91.2,18,11,12,26,1,30
San Francisco,2025-12-28,Seattle,93.1,82.0,26,10,7,36,-1,8
San Francisco,2025-12-30,Oregon State,98.3,111.0,21,9,7,21,-1,-8
San Francisco,2026-01-02,San Diego,103.7,89.7,35,11,12,29,1,10
San Francisco,2026-01-04,Portland,104.9,97.7,24,9,14,22,1,5
San Francisco,2026-01-08,Loyola Marymount,99.9,102.3,28,13,14,28,-1,-2
San Francisco,2026-01-10,Pepperdine,118.1,88.5,34,12,15,32,-1,20
San Francisco,2026-01-13,St. Mary's (CA),99.2,119.7,26,9,4,20,1,-14
San Francisco,2026-01-18,Washington State,128.8,121.2,22,11,8,19,1,5
San Francisco,2026-01-24,Gonzaga,95.9,98.8,28,14,7,30,-1,-2
San Francisco,2026-01-28,Santa Clara,105.0,126.5,19,14,10,24,-1,-15
San Francisco,2026-01-31,Pacific,123.0,115.9,22,7,8,20,1,5
San Francisco,2026-02-04,Loyola Marymount,106.4,119.2,21,8,10,21,1,-9
San Francisco,2026-02-07,St. Mary's (CA),82.8,121.2,30,5,5,22,-1,-25
San Francisco,2026-02-12,Oregon State,101.3,144.7,25,8,14,12,1,-27
San Francisco,2026-02-15,San Diego,134.1,115.2,21,10,6,24,-1,13
San Francisco,2026-02-18,Gonzaga,86.0,116.6,24,12,8,18,1,-21
San Francisco,2026-02-21,Santa Clara,96.5,124.3,29,17,2,18,1,-21
San Francisco,2026-02-28,Pacific,107.5,91.1,23,9,3,24,-1,11
San Francisco,2026-03-07,Portland,118.8,94.2,31,7,16,22,0,17
San Francisco,2026-03-08,Oregon State,111.6,113.0,28,8,11,20,0,-1
San Jose State,2025-11-03,Utah,102.3,114.6,20,11,8,22,-1,-9
San Jose State,2025-11-08,UC Santa Barbara,114.7,131.8,17,14,10,14,-1,-11
San Jose State,2025-11-13,Michigan State,90.6,119.3,27,8,7,19,-1,-19
San Jose State,2025-11-17,Bethesda CA,147.6,75.1,23,13,16,36,1,54
San Jose State,2025-11-21,Southern,110.8,91.4,18,15,12,24,1,14
San Jose State,2025-11-25,Tulsa,79.4,126.1,18,12,8,18,0,-30
San Jose State,2025-11-26,Loyola Chicago,109.7,88.8,19,6,10,15,0,12
San Jose State,2025-11-30,UC Irvine,94.2,107.6,24,8,18,23,1,-9
San Jose State,2025-12-05,San Diego,117.1,93.9,19,19,14,28,1,17
San Jose State,2025-12-09,Long Beach State,120.7,112.6,20,11,4,13,1,6
San Jose State,2025-12-13,Stanford,117.8,123.5,17,8,10,8,1,-4
San Jose State,2025-12-20,New Mexico,95.4,129.1,27,12,8,20,-1,-23
San Jose State,2025-12-30,San Diego State,94.6,112.7,26,15,11,17,1,-13
San Jose State,2026-01-03,Utah State,118.4,145.7,20,8,9,13,-1,-18
San Jose State,2026-01-06,Fresno State,86.6,110.3,28,10,6,15,1,-15
San Jose State,2026-01-10,Grand Canyon,83.5,109.4,19,13,7,18,-1,-18
San Jose State,2026-01-13,Air Force,116.2,102.9,16,8,8,16,1,8
San Jose State,2026-01-17,UNLV,109.1,133.7,11,10,10,18,1,-14
San Jose State,2026-01-20,Nevada,85.0,137.0,24,7,8,18,-1,-33
San Jose State,2026-01-24,Wyoming,96.6,102.8,28,8,4,16,-1,-4
San Jose State,2026-01-27,Boise State,87.6,134.4,22,11,7,11,1,-31
San Jose State,2026-01-31,New Mexico,122.6,137.9,32,5,8,17,1,-10
San Jose State,2026-02-07,Colorado State,85.2,97.2,20,4,2,23,-1,-8
San Jose State,2026-02-10,UNLV,109.9,120.2,24,6,9,22,-1,-7
San Jose State,2026-02-14,Grand Canyon,118.8,141.4,23,6,6,9,1,-15
San Jose State,2026-02-17,Nevada,120.6,98.5,29,15,11,21,1,16
San Jose State,2026-02-21,Boise State,104.2,126.9,23,6,10,15,-1,-15
San Jose State,2026-02-24,Air Force,128.9,119.9,24,8,9,20,-1,6
San Jose State,2026-02-28,Colorado State,113.8,132.5,21,6,6,13,1,-12
San Jose State,2026-03-03,Fresno State,99.7,120.2,22,5,12,28,-1,-14
San Jose State,2026-03-07,Wyoming,127.3,143.6,9,5,9,8,1,-10
San Jose State,2026-03-11,Boise State,118.6,104.5,25,6,8,23,0,10
San Jose State,2026-03-12,New Mexico,110.3,133.3,28,13,8,15,0,-16
Santa Clara,2025-11-04,Cal Poly Humboldt,113.6,72.6,36,9,13,33,1,30
Santa Clara,2025-11-07,McNeese State,116.3,98.7,31,14,22,21,1,12
Santa Clara,2025-11-10,Xavier,115.1,89.9,13,11,10,27,-1,19
Santa Clara,2025-11-15,Nevada,137.2,116.2,25,11,9,18,1,15
Santa Clara,2025-11-18,Idaho State,99.2,85.2,26,8,17,23,1,9
Santa Clara,2025-11-21,Louisiana,117.7,63.3,34,8,17,23,1,37
Santa Clara,2025-11-27,Saint Louis,99.0,100.4,25,11,11,20,0,-1
Santa Clara,2025-11-28,Minnesota,126.4,110.3,31,10,5,19,0,11
Santa Clara,2025-12-03,Utah Tech,113.9,101.3,37,14,14,18,1,10
Santa Clara,2025-12-06,New Mexico,99.2,137.0,44,14,16,14,-1,-27
Santa Clara,2025-12-13,Arizona State,103.2,107.1,32,14,5,16,0,-3
Santa Clara,2025-12-17,North Texas,93.3,88.9,25,20,12,19,0,3
Santa Clara,2025-12-20,Loyola Chicago,115.2,118.1,31,8,14,19,0,-2
Santa Clara,2025-12-28,Oregon State,147.6,92.6,27,8,6,24,-1,38
Santa Clara,2025-12-30,Portland,127.2,117.5,27,12,10,15,-1,7
Santa Clara,2026-01-02,Pepperdine,107.8,82.8,30,11,7,26,1,19
Santa Clara,2026-01-04,San Diego,131.6,94.0,41,14,19,29,1,28
Santa Clara,2026-01-08,Gonzaga,104.4,120.6,26,13,12,18,-1,-12
Santa Clara,2026-01-10,Loyola Marymount,133.4,93.2,33,7,17,26,1,31
Santa Clara,2026-01-14,Pacific,129.6,105.2,27,7,8,15,1,16
Santa Clara,2026-01-17,St. Mary's (CA),94.0,81.8,14,8,7,28,1,8
Santa Clara,2026-01-24,San Diego,112.5,96.6,25,20,6,30,-1,12
Santa Clara,2026-01-28,San Francisco,126.5,105.0,26,6,9,21,1,15
Santa Clara,2026-01-31,Loyola Marymount,133.3,93.5,31,12,15,22,-1,31
Santa Clara,2026-02-04,Pacific,109.1,86.1,30,7,10,19,-1,15
Santa Clara,2026-02-07,Washington State,134.5,128.9,22,10,11,16,-1,4
Santa Clara,2026-02-11,Seattle,118.5,101.5,35,3,6,26,1,12
Santa Clara,2026-02-14,Gonzaga,113.3,123.9,24,10,9,23,1,-8
Santa Clara,2026-02-21,San Francisco,124.3,96.5,31,9,10,23,-1,21
Santa Clara,2026-02-25,St. Mary's (CA),100.9,129.5,24,8,5,14,-1,-19
Santa Clara,2026-02-28,Oregon State,134.9,104.4,36,11,18,20,1,21
Santa Clara,2026-03-08,Pacific,121.2,108.5,36,8,13,20,0,8
Santa Clara,2026-03-09,St. Mary's (CA),120.0,112.1,25,4,8,20,0,5
Santa Clara,2026-03-10,Gonzaga,106.5,123.7,34,9,13,20,0,-11
Santa Clara,2026-03-20,Kentucky,110.4,117.0,33,7,10,25,0,-5
Seattle,2025-11-03,Denver,107.7,93.6,19,12,10,25,1,11
Seattle,2025-11-08,Cal Poly,89.8,92.3,29,17,10,20,1,-2
Seattle,2025-11-12,Eastern Washington,126.8,90.4,20,16,5,28,1,27
Seattle,2025-11-15,Idaho State,129.9,115.8,20,11,5,17,1,9
Seattle,2025-11-21,Stanford,101.1,90.6,16,15,3,28,-1,8
Seattle,2025-11-28,Texas State,105.7,83.3,17,9,5,21,0,14
Seattle,2025-11-29,UC Santa Barbara,109.8,114.4,11,9,4,10,0,-3
Seattle,2025-12-03,Puget Sound,135.9,60.3,19,9,21,31,1,54
Seattle,2025-12-07,UTEP,112.3,101.8,23,12,9,21,1,7
Seattle,2025-12-13,Warner Pacific,141.8,74.0,23,12,14,34,1,55
Seattle,2025-12-17,UC Davis,105.6,104.3,26,15,15,24,-1,1
Seattle,2025-12-19,Washington,89.9,84.7,22,14,7,25,1,4
Seattle,2025-12-22,UTSA,95.9,91.9,20,12,13,25,-1,3
Seattle,2025-12-28,San Francisco,82.0,93.1,23,5,13,27,1,-8
Seattle,2025-12-30,Washington State,98.0,78.1,24,11,2,21,1,14
Seattle,2026-01-02,Gonzaga,93.8,104.2,36,14,12,25,-1,-8
Seattle,2026-01-04,St. Mary's (CA),114.0,139.5,25,5,3,11,-1,-17
Seattle,2026-01-08,Oregon State,78.5,97.0,26,11,13,19,-1,-13
Seattle,2026-01-15,San Diego,103.8,88.6,20,14,6,24,1,11
Seattle,2026-01-17,Gonzaga,72.3,102.6,21,18,6,17,1,-21
Seattle,2026-01-21,Loyola Marymount,99.5,85.1,20,6,7,23,1,10
Seattle,2026-01-24,Pacific,85.4,88.6,25,13,4,21,-1,-2
Seattle,2026-01-28,Washington State,84.6,102.1,21,10,9,17,-1,-12
Seattle,2026-02-04,Pepperdine,106.4,103.8,17,14,6,22,1,2
Seattle,2026-02-07,Portland,82.9,84.4,29,13,7,22,-1,-1
Seattle,2026-02-11,Santa Clara,101.5,118.5,22,11,4,27,-1,-12
Seattle,2026-02-15,Oregon State,92.9,77.4,20,11,9,27,1,10
Seattle,2026-02-18,St. Mary's (CA),94.4,97.1,21,11,3,21,1,-2
Seattle,2026-02-21,Portland,102.7,85.4,28,9,9,19,1,12
Seattle,2026-02-25,Pepperdine,121.5,111.7,19,7,8,18,-1,7
Seattle,2026-02-28,Loyola Marymount,114.6,106.5,23,5,6,19,-1,5
Seattle,2026-03-06,San Diego,94.9,91.6,21,11,7,22,0,2
Seattle,2026-03-07,Pacific,88.5,93.1,20,13,8,25,0,-3
Seattle,2026-03-17,St. Thomas,96.2,74.7,21,10,5,24,1,15
Seattle,2026-03-22,Auburn,113.8,121.8,31,7,0,22,-1,-6
Seton Hall,2025-11-03,Saint Peter's,127.7,83.0,15,8,11,21,1,27
Seton Hall,2025-11-07,Wagner,105.3,94.5,20,9,17,20,1,7
Seton Hall,2025-11-10,Fairfield,117.0,84.2,17,6,14,25,1,23
Seton Hall,2025-11-13,Monmouth,101.7,84.3,22,8,15,20,1,12
Seton Hall,2025-11-18,New Haven,109.2,72.3,20,10,7,28,1,23
Seton Hall,2025-11-24,NC State,116.6,101.5,22,12,7,30,0,11
Seton Hall,2025-11-25,Southern California,114.4,117.2,15,9,3,15,0,-2
Seton Hall,2025-11-26,Washington State,111.3,90.5,11,13,5,20,0,14
Seton Hall,2025-12-03,Central Connecticut State,118.6,94.0,20,8,10,22,1,16
Seton Hall,2025-12-06,Kansas State,97.5,83.7,23,11,11,27,-1,11
Seton Hall,2025-12-13,Rutgers,119.9,87.3,13,13,14,21,1,22
Seton Hall,2025-12-19,Providence,101.4,94.3,15,12,9,22,-1,5
Seton Hall,2025-12-23,Villanova,90.9,103.9,13,7,13,18,1,-8
Seton Hall,2025-12-30,Marquette,110.8,102.4,20,9,18,29,-1,6
Seton Hall,2026-01-04,Creighton,88.5,85.3,7,8,5,26,1,2
Seton Hall,2026-01-10,Georgetown,107.3,94.6,14,10,11,26,-1,9
Seton Hall,2026-01-13,Connecticut,96.1,103.6,16,14,16,17,1,-5
Seton Hall,2026-01-17,Butler,97.5,113.8,17,13,20,23,1,-11
Seton Hall,2026-01-20,St. John's (NY),89.7,97.2,13,12,15,22,-1,-5
Seton Hall,2026-01-24,DePaul,88.7,99.1,14,9,7,20,-1,-7
Seton Hall,2026-01-28,Xavier,114.6,90.6,13,10,17,22,1,18
Seton Hall,2026-01-31,Marquette,110.8,102.8,10,12,11,18,1,5
Seton Hall,2026-02-04,Villanova,91.8,110.2,17,10,5,17,-1,-12
Seton Hall,2026-02-07,Creighton,101.2,102.7,9,13,6,21,-1,-1
Seton Hall,2026-02-11,Providence,128.0,117.7,16,5,9,16,1,7
Seton Hall,2026-02-15,Butler,92.7,82.4,15,14,6,33,-1,7
Seton Hall,2026-02-18,DePaul,89.4,108.3,10,13,3,18,1,-12
Seton Hall,2026-02-21,Georgetown,79.5,73.3,18,12,16,26,1,4
Seton Hall,2026-02-28,Connecticut,105.5,111.8,18,13,8,17,-1,-4
Seton Hall,2026-03-03,Xavier,119.5,105.6,21,8,11,22,-1,9
Seton Hall,2026-03-06,St. John's (NY),98.3,108.9,11,9,10,21,1,-7
Seton Hall,2026-03-12,Creighton,104.4,88.5,10,6,9,30,0,11
Seton Hall,2026-03-13,St. John's (NY),99.3,113.9,20,11,12,14,0,-10
Siena,2025-11-03,Bryant,117.8,94.8,16,7,16,16,1,16
Siena,2025-11-07,Brown,91.0,67.5,14,13,13,28,-1,16
Siena,2025-11-12,St. Bonaventure,101.9,115.8,15,14,14,17,-1,-9
Siena,2025-11-17,Colgate,104.8,109.4,18,9,9,19,1,-3
Siena,2025-11-21,Albany (NY),117.7,101.6,9,9,7,19,1,10
Siena,2025-11-24,Holy Cross,111.4,105.3,11,9,3,18,-1,4
Siena,2025-11-28,Longwood,104.4,94.0,23,12,5,21,0,7
Siena,2025-11-29,American,83.3,77.7,11,19,9,22,-1,4
Siena,2025-11-30,Maine,105.3,98.7,12,9,7,22,0,4
Siena,2025-12-05,Niagara,125.9,81.9,24,9,8,33,1,29
Siena,2025-12-07,Canisius,113.3,79.6,33,6,9,26,1,22
Siena,2025-12-17,Vermont,98.8,118.8,21,8,10,23,-1,-14
Siena,2025-12-22,Indiana,87.2,117.8,20,9,9,18,-1,-21
Siena,2026-01-02,Iona,99.0,103.2,21,9,6,22,-1,-3
Siena,2026-01-04,Rider,121.7,106.9,15,10,17,22,-1,9
Siena,2026-01-09,Merrimack,106.8,114.1,16,10,17,17,1,-4
Siena,2026-01-11,Mount St. Mary's,106.3,79.4,23,7,8,21,-1,17
Siena,2026-01-14,Sacred Heart,118.6,127.5,29,3,12,23,1,-6
Siena,2026-01-17,Manhattan,118.3,94.3,24,12,9,27,-1,15
Siena,2026-01-19,Fairfield,131.6,119.2,14,12,4,19,1,8
Siena,2026-01-22,Marist,113.1,82.0,11,8,7,29,1,19
Siena,2026-01-30,Niagara,131.1,126.3,17,9,4,20,-1,3
Siena,2026-02-01,Canisius,121.7,98.3,18,9,6,17,-1,15
Siena,2026-02-05,Iona,117.8,107.4,20,12,11,23,1,7
Siena,2026-02-07,Saint Peter's,94.8,102.1,17,9,4,17,-1,-5
Siena,2026-02-13,Quinnipiac,91.5,109.2,17,10,8,24,1,-12
Siena,2026-02-15,Marist,100.4,94.4,11,12,3,30,-1,4
Siena,2026-02-20,Merrimack,112.7,123.7,20,11,11,18,-1,-7
Siena,2026-02-22,Saint Peter's,119.3,104.3,6,10,8,22,1,9
Siena,2026-02-27,Fairfield,81.2,100.8,23,9,5,17,-1,-14
Siena,2026-03-01,Rider,116.8,93.7,14,7,7,27,1,15
Siena,2026-03-07,Mount St. Mary's,100.3,92.3,25,8,8,21,0,5
Siena,2026-03-08,Fairfield,119.9,96.3,17,8,9,29,0,15
Siena,2026-03-10,Merrimack,102.3,86.3,16,11,14,31,0,10
Siena,2026-03-19,Duke,101.7,111.1,26,6,9,19,0,-6
South Alabama,2025-11-03,Toledo,117.4,114.3,19,9,10,25,-1,2
South Alabama,2025-11-06,Alcorn State,106.3,97.9,12,13,5,23,1,6
South Alabama,2025-11-08,Spring Hill,134.4,67.9,26,5,16,31,1,49
South Alabama,2025-11-13,Central Michigan,104.2,101.0,20,7,10,25,0,2
South Alabama,2025-11-15,Coppin State,107.3,92.4,27,9,12,23,0,10
South Alabama,2025-11-19,Jacksonville State,106.5,97.5,14,6,6,26,-1,6
South Alabama,2025-11-21,UAB,111.8,124.2,19,3,5,21,-1,-8
South Alabama,2025-11-30,UTSA,113.1,80.0,22,10,13,37,-1,24
South Alabama,2025-12-02,New Mexico State,113.5,110.5,13,7,4,19,0,2
South Alabama,2025-12-05,East Tennessee State,91.0,127.4,23,13,4,21,-1,-26
South Alabama,2025-12-14,North Texas,87.7,89.2,11,10,4,22,1,-1
South Alabama,2025-12-17,Louisiana–Monroe,110.3,105.7,30,17,6,23,-1,4
South Alabama,2025-12-20,Texas State,96.4,99.3,15,11,4,21,-1,-2
South Alabama,2025-12-29,Mobile,113.6,69.5,22,9,4,37,1,33
South Alabama,2025-12-31,Louisiana,109.7,101.0,18,10,8,23,-1,5
South Alabama,2026-01-03,Troy,82.8,99.7,18,9,11,25,-1,-10
South Alabama,2026-01-10,Georgia Southern,117.3,95.7,11,13,6,32,1,16
South Alabama,2026-01-15,Arkansas State,109.4,104.6,27,4,5,26,1,4
South Alabama,2026-01-17,Louisiana,95.2,100.3,15,8,6,24,1,-3
South Alabama,2026-01-22,James Madison,118.1,108.9,26,3,9,25,-1,7
South Alabama,2026-01-29,Coastal Carolina,89.0,80.6,18,4,4,25,1,5
South Alabama,2026-01-31,Georgia State,112.1,108.8,16,4,7,21,1,2
South Alabama,2026-02-04,Appalachian State,94.4,107.7,21,5,4,20,-1,-8
South Alabama,2026-02-07,Buffalo,113.9,97.0,21,10,4,24,1,12
South Alabama,2026-02-12,Southern Mississippi,112.8,104.8,23,10,4,20,-1,6
South Alabama,2026-02-14,Arkansas State,120.6,115.3,36,5,11,23,-1,4
South Alabama,2026-02-16,Marshall,120.8,126.8,17,10,11,24,-1,-4
South Alabama,2026-02-19,Texas State,111.0,121.9,21,10,0,22,1,-8
South Alabama,2026-02-21,Troy,106.5,88.5,29,7,7,23,1,11
South Alabama,2026-02-25,Louisiana–Monroe,132.3,80.3,32,10,4,33,1,35
South Alabama,2026-02-27,Southern Mississippi,85.7,105.9,22,6,8,20,1,-13
South Alabama,2026-03-06,Georgia Southern,124.7,137.9,19,8,12,17,0,-9
South Alabama,2026-03-17,Auburn,102.8,119.7,20,5,7,22,-1,-11
South Carolina,2025-11-04,North Carolina A&T,120.2,95.1,32,12,8,29,1,19
South Carolina,2025-11-09,Southern Mississippi,107.8,102.6,43,15,10,25,1,4
South Carolina,2025-11-12,Presbyterian,123.9,93.3,25,5,13,21,1,20
South Carolina,2025-11-18,Radford,120.8,80.6,25,11,6,31,1,29
South Carolina,2025-11-21,Butler,100.3,110.0,26,7,7,19,0,-7
South Carolina,2025-11-23,Northwestern,118.7,121.7,34,8,11,17,0,-2
South Carolina,2025-11-28,Charleston Southern,104.5,87.5,24,3,5,29,1,12
South Carolina,2025-12-02,Virginia Tech,106.9,110.8,29,8,5,22,1,-3
South Carolina,2025-12-06,Stetson,127.9,79.5,27,13,10,30,1,31
South Carolina,2025-12-13,The Citadel,106.4,82.4,23,8,10,24,1,16
South Carolina,2025-12-16,Clemson,89.9,100.3,26,14,7,24,-1,-7
South Carolina,2025-12-22,South Carolina State,133.1,98.1,21,14,9,22,1,25
South Carolina,2025-12-30,Albany (NY),145.6,101.6,30,9,8,18,1,29
South Carolina,2026-01-03,Vanderbilt,109.1,127.6,28,4,5,19,1,-12
South Carolina,2026-01-06,Louisiana State,121.3,105.7,21,4,5,21,-1,10
South Carolina,2026-01-10,Georgia,101.9,109.2,24,6,7,25,1,-5
South Carolina,2026-01-14,Arkansas,99.5,145.2,30,16,10,18,-1,-34
South Carolina,2026-01-17,Auburn,93.9,99.5,25,15,10,26,-1,-4
South Carolina,2026-01-20,Oklahoma,115.1,102.9,20,12,7,23,1,9
South Carolina,2026-01-24,Texas A&M,96.9,129.2,25,10,4,22,-1,-23
South Carolina,2026-01-28,Florida,66.8,132.2,20,10,5,14,1,-47
South Carolina,2026-01-31,Louisiana State,111.8,118.3,24,6,9,18,1,-5
South Carolina,2026-02-03,Texas,109.9,123.1,11,8,6,17,-1,-9
South Carolina,2026-02-07,Missouri,89.3,118.1,22,8,8,16,1,-19
South Carolina,2026-02-14,Alabama,98.4,116.8,28,8,4,25,-1,-14
South Carolina,2026-02-17,Florida,93.2,114.2,19,11,11,16,-1,-14
South Carolina,2026-02-21,Mississippi State,131.9,121.0,24,6,4,24,1,8
South Carolina,2026-02-24,Kentucky,86.5,98.9,29,12,5,19,1,-9
South Carolina,2026-02-28,Georgia,103.0,131.7,24,7,10,19,-1,-19
South Carolina,2026-03-03,Tennessee,93.5,123.6,27,11,7,12,1,-19
South Carolina,2026-03-07,Ole Miss,95.1,90.6,29,12,8,24,-1,3
South Carolina,2026-03-11,Oklahoma,113.4,131.8,29,10,12,18,0,-12
South Carolina State,2025-11-03,Louisville,54.5,126.0,19,25,10,19,-1,-59
South Carolina State,2025-11-07,Samford,98.5,112.2,21,12,3,20,-1,-10
South Carolina State,2025-11-10,North Carolina A&T,76.1,104.3,15,24,10,25,-1,-23
South Carolina State,2025-11-14,College of Charleston,88.1,127.0,16,12,14,16,-1,-27
South Carolina State,2025-11-19,Chattanooga,91.2,107.8,28,10,12,18,1,-12
South Carolina State,2025-11-23,South Dakota,110.0,111.3,13,12,14,14,-1,-1
South Carolina State,2025-11-25,Missouri,91.6,136.0,21,12,8,14,-1,-32
South Carolina State,2025-11-29,Winthrop,101.4,129.6,21,14,6,13,-1,-22
South Carolina State,2025-12-05,Bethune-Cookman,85.1,115.3,25,13,13,21,-1,-21
South Carolina State,2025-12-08,Charleston Southern,62.6,119.4,10,14,10,18,-1,-40
South Carolina State,2025-12-12,Queens (NC),106.6,139.4,18,14,15,20,-1,-24
South Carolina State,2025-12-16,USC Upstate,106.6,115.5,18,12,5,18,1,-6
South Carolina State,2025-12-19,Brewton-Parker,105.6,83.9,14,16,11,24,1,14
South Carolina State,2025-12-22,South Carolina,98.1,133.1,19,11,9,11,-1,-25
South Carolina State,2025-12-30,Tennessee,78.7,153.1,20,9,6,10,-1,-51
South Carolina State,2026-01-03,Howard,84.0,82.5,12,21,9,23,1,1
South Carolina State,2026-01-10,Morgan State,95.5,102.6,16,18,9,24,-1,-5
South Carolina State,2026-01-12,Coppin State,114.9,111.8,17,12,7,20,-1,2
South Carolina State,2026-01-17,Norfolk State,113.3,122.9,27,14,12,13,1,-7
South Carolina State,2026-01-20,Mid-Atl Christian,79.4,70.9,14,16,15,29,1,6
South Carolina State,2026-01-26,Delaware State,103.2,94.4,17,11,5,22,1,6
South Carolina State,2026-02-04,Maryland Eastern Shore,100.8,86.4,18,10,6,16,1,9
South Carolina State,2026-02-07,Howard,74.0,110.3,26,16,9,16,-1,-28
South Carolina State,2026-02-16,Coppin State,87.2,90.2,18,10,7,20,1,-2
South Carolina State,2026-02-18,North Carolina Central,128.3,108.7,22,9,6,20,1,13
South Carolina State,2026-02-21,Norfolk State,97.4,123.5,14,22,10,18,-1,-19
South Carolina State,2026-02-25,Morgan State,115.3,125.1,15,9,13,12,1,-7
South Carolina State,2026-02-28,Maryland Eastern Shore,87.3,105.6,18,16,11,20,-1,-12
South Carolina State,2026-03-02,Delaware State,99.9,96.6,11,11,4,19,-1,2
South Carolina State,2026-03-05,North Carolina Central,114.6,91.7,22,11,12,27,-1,16
South Carolina State,2026-03-12,Norfolk State,115.8,107.9,18,15,12,18,0,6
South Carolina State,2026-03-13,Howard,82.3,105.2,21,18,7,17,0,-17
South Dakota,2025-11-03,Utah Tech,94.7,97.1,17,13,12,31,1,-2
South Dakota,2025-11-05,Creighton,102.1,123.6,15,13,19,16,-1,-16
South Dakota,2025-11-09,Ozark Christian,157.1,84.4,25,9,19,25,1,56
South Dakota,2025-11-12,Southern Indiana,105.6,87.8,8,17,12,27,1,15
South Dakota,2025-11-16,Western Michigan,115.5,108.6,37,3,8,15,1,5
South Dakota,2025-11-20,Missouri,88.8,133.1,29,17,9,12,-1,-34
South Dakota,2025-11-23,South Carolina State,111.3,110.0,20,17,15,20,1,1
South Dakota,2025-11-29,Air Force,113.1,89.0,17,14,12,25,0,17
South Dakota,2025-12-03,Portland State,90.2,97.8,17,17,10,25,1,-6
South Dakota,2025-12-06,Northern Colorado,112.5,115.1,10,13,7,23,-1,-2
South Dakota,2025-12-09,Wyoming,104.2,139.8,19,14,7,15,-1,-27
South Dakota,2025-12-13,Prairie View A&M,121.7,106.6,18,13,14,24,1,12
South Dakota,2025-12-17,Dakota State,114.9,102.0,14,7,10,25,1,9
South Dakota,2025-12-20,Kansas State,97.4,135.8,19,12,9,15,-1,-30
South Dakota,2025-12-28,Mount Marty,123.0,88.3,24,12,11,29,1,24
South Dakota,2025-12-31,North Dakota State,93.7,129.0,22,15,6,16,-1,-23
South Dakota,2026-01-07,St. Thomas,117.0,134.6,23,16,9,20,-1,-13
South Dakota,2026-01-10,Denver,116.6,102.4,21,8,6,25,1,10
South Dakota,2026-01-15,Kansas City,128.2,107.5,25,9,11,25,1,16
South Dakota,2026-01-17,North Dakota,114.5,137.4,22,13,6,19,-1,-16
South Dakota,2026-01-21,Omaha,94.8,89.2,24,15,3,24,-1,4
South Dakota,2026-01-24,St. Thomas,112.4,129.7,21,6,6,17,1,-12
South Dakota,2026-01-29,Oral Roberts,105.7,94.7,16,5,7,28,1,8
South Dakota,2026-01-31,North Dakota State,113.4,120.1,31,11,6,20,1,-5
South Dakota,2026-02-04,Kansas City,100.7,92.1,23,12,6,26,-1,7
South Dakota,2026-02-07,South Dakota State,97.6,96.1,29,9,6,29,-1,1
South Dakota,2026-02-11,North Dakota,103.9,105.4,25,12,9,22,1,-1
South Dakota,2026-02-19,Denver,108.9,140.1,14,10,5,21,-1,-20
South Dakota,2026-02-21,Oral Roberts,85.4,92.2,18,13,4,25,-1,-5
South Dakota,2026-02-25,Omaha,122.3,98.9,25,7,5,27,1,17
South Dakota,2026-02-28,South Dakota State,105.7,98.7,16,7,2,23,1,5
South Dakota,2026-03-06,Omaha,95.0,116.5,28,6,15,24,0,-14
South Dakota State,2025-11-03,Merrimack,101.2,89.1,18,14,12,27,0,9
South Dakota State,2025-11-06,Dakota State,102.4,93.4,23,15,10,21,1,6
South Dakota State,2025-11-09,Northern Iowa,92.7,103.9,22,15,11,26,-1,-7
South Dakota State,2025-11-12,Oregon,97.0,116.7,25,11,5,25,-1,-14
South Dakota State,2025-11-17,Peru St.,141.6,69.3,27,8,17,34,1,48
South Dakota State,2025-11-21,Georgia State,142.6,78.8,30,10,7,32,1,47
South Dakota State,2025-11-25,Utah Valley,72.8,105.0,26,21,12,20,0,-23
South Dakota State,2025-11-26,UC Irvine,71.1,87.4,23,15,9,23,0,-12
South Dakota State,2025-12-03,Northern Arizona,108.0,89.3,29,11,11,27,-1,13
South Dakota State,2025-12-06,Idaho,117.0,121.3,15,5,7,21,1,-3
South Dakota State,2025-12-09,Ball State,106.5,100.2,19,11,11,21,-1,4
South Dakota State,2025-12-12,Dakota Wesleyan,129.9,85.7,29,12,12,37,1,32
South Dakota State,2025-12-15,Wyoming,106.0,128.0,26,7,5,13,0,-15
South Dakota State,2025-12-19,Milwaukee,127.7,129.2,33,8,11,19,0,-1
South Dakota State,2025-12-29,Arizona,90.0,125.5,22,14,7,20,-1,-28
South Dakota State,2026-01-01,Omaha,116.7,95.8,22,10,13,36,1,15
South Dakota State,2026-01-03,North Dakota,122.1,126.3,26,13,11,17,-1,-3
South Dakota State,2026-01-08,Denver,122.5,111.3,18,9,10,26,1,8
South Dakota State,2026-01-14,North Dakota State,100.5,117.5,26,10,6,23,-1,-11
South Dakota State,2026-01-17,Kansas City,137.1,94.4,18,8,10,25,1,28
South Dakota State,2026-01-22,St. Thomas,98.9,106.0,22,12,9,24,-1,-5
South Dakota State,2026-01-28,Omaha,98.4,110.9,26,12,12,25,-1,-9
South Dakota State,2026-01-31,Oral Roberts,126.2,95.7,21,9,6,33,1,23
South Dakota State,2026-02-04,St. Thomas,97.8,121.4,27,9,7,26,1,-15
South Dakota State,2026-02-07,South Dakota,96.1,97.6,14,10,3,30,1,-1
South Dakota State,2026-02-12,Denver,93.9,121.7,18,5,6,18,-1,-18
South Dakota State,2026-02-14,Oral Roberts,125.8,99.8,23,9,6,19,-1,18
South Dakota State,2026-02-18,North Dakota State,98.5,110.4,26,10,5,25,1,-8
South Dakota State,2026-02-21,North Dakota,137.3,125.2,29,7,13,26,1,8
South Dakota State,2026-02-26,Kansas City,112.1,90.6,19,11,9,34,-1,14
South Dakota State,2026-02-28,South Dakota,98.7,105.7,16,12,11,26,-1,-5
South Dakota State,2026-03-05,St. Thomas,101.1,120.7,29,12,13,19,0,-13
South Florida,2025-11-03,Florida A&M,120.5,79.1,28,15,11,27,1,35
South Florida,2025-11-08,George Washington,109.8,114.4,33,12,15,21,0,-4
South Florida,2025-11-12,Coppin State,144.6,72.3,38,8,18,26,1,50
South Florida,2025-11-16,Kennesaw State,125.3,103.3,20,9,9,26,-1,19
South Florida,2025-11-19,Oklahoma State,112.0,121.5,39,15,11,20,-1,-8
South Florida,2025-11-26,VCU,88.2,104.2,14,9,11,25,0,-12
South Florida,2025-11-27,Western Kentucky,102.8,96.5,36,14,10,30,0,6
South Florida,2025-11-28,Colorado State,99.0,120.9,31,8,13,16,0,-15
South Florida,2025-12-04,Utah State,101.8,83.9,21,16,7,29,1,13
South Florida,2025-12-10,College of Charleston,114.2,105.8,32,8,19,21,1,6
South Florida,2025-12-17,Alabama,112.9,126.2,30,15,21,21,-1,-11
South Florida,2025-12-21,UMBC,127.8,93.8,26,8,11,24,1,25
South Florida,2025-12-29,Georgia College,135.7,61.1,37,6,13,36,1,61
South Florida,2026-01-04,UAB,103.7,106.6,37,13,11,43,1,-3
South Florida,2026-01-07,North Texas,105.3,99.6,19,17,10,23,-1,4
South Florida,2026-01-10,Tulsa,125.2,105.0,42,10,13,26,-1,15
South Florida,2026-01-14,East Carolina,110.6,95.8,31,6,10,29,1,11
South Florida,2026-01-18,Wichita State,106.7,107.9,28,10,10,23,1,-1
South Florida,2026-01-22,UAB,102.6,86.3,33,16,11,27,-1,13
South Florida,2026-01-25,Florida Atlantic,118.1,99.5,27,10,15,26,1,14
South Florida,2026-01-28,Tulane,125.1,107.1,30,10,15,27,-1,14
South Florida,2026-01-31,Temple,105.5,106.9,23,17,5,23,-1,-1
South Florida,2026-02-04,UTSA,150.9,121.8,31,5,17,20,1,21
South Florida,2026-02-08,Tulsa,110.5,102.2,30,7,9,21,1,6
South Florida,2026-02-11,Wichita State,92.4,81.2,18,18,11,27,-1,8
South Florida,2026-02-15,Florida Atlantic,106.2,103.7,24,9,12,27,-1,2
South Florida,2026-02-19,Memphis,120.7,91.6,30,10,18,27,1,21
South Florida,2026-02-25,Rice,107.1,79.9,28,9,13,20,-1,19
South Florida,2026-03-01,Tulane,122.7,84.5,28,8,13,28,1,28
South Florida,2026-03-05,Memphis,123.8,114.8,28,10,13,24,-1,7
South Florida,2026-03-08,Charlotte,124.0,89.6,35,6,16,22,1,23
South Florida,2026-03-14,Charlotte,119.9,89.2,29,11,12,22,0,22
South Florida,2026-03-15,Wichita State,100.4,78.9,22,10,11,22,0,15
South Florida,2026-03-19,Louisville,105.7,111.1,33,9,17,19,0,-4
Southeast Missouri State,2025-11-03,Saint Louis,86.8,119.2,20,9,6,21,-1,-25
Southeast Missouri State,2025-11-07,Missouri,104.5,110.8,30,16,8,20,-1,-5
Southeast Missouri State,2025-11-12,Webster,120.6,56.8,28,7,8,30,1,46
Southeast Missouri State,2025-11-15,St. Thomas,94.7,110.5,18,13,6,21,1,-12
Southeast Missouri State,2025-11-18,Iowa,102.6,145.1,16,16,9,14,-1,-29
Southeast Missouri State,2025-11-25,Cal Poly,110.8,89.7,28,11,12,24,0,16
Southeast Missouri State,2025-11-26,Northern Arizona,100.0,109.7,24,7,8,19,-1,-7
Southeast Missouri State,2025-11-29,Lipscomb,99.0,113.1,18,16,12,25,1,-11
Southeast Missouri State,2025-12-02,SMWC,115.1,74.5,22,11,10,28,1,31
Southeast Missouri State,2025-12-06,Chattanooga,111.8,105.8,25,10,10,19,-1,4
Southeast Missouri State,2025-12-14,St. Xavier (IL),111.5,82.3,25,15,8,29,1,23
Southeast Missouri State,2025-12-18,Tennessee Tech,102.3,117.5,26,13,16,22,-1,-11
Southeast Missouri State,2025-12-20,Tennessee State,118.3,106.6,20,18,8,29,-1,9
Southeast Missouri State,2026-01-01,Eastern Illinois,98.6,85.5,18,9,11,26,1,9
Southeast Missouri State,2026-01-03,Western Illinois,115.5,79.1,13,11,8,22,1,23
Southeast Missouri State,2026-01-08,Southern Indiana,115.8,104.7,14,9,5,19,-1,8
Southeast Missouri State,2026-01-10,Morehead State,111.7,115.0,21,4,9,12,-1,-2
Southeast Missouri State,2026-01-15,Lindenwood,94.4,109.3,26,14,12,24,1,-12
Southeast Missouri State,2026-01-17,SIU Edwardsville,89.4,110.6,14,13,6,19,1,-13
Southeast Missouri State,2026-01-20,UT Martin,106.9,81.0,32,10,14,19,1,16
Southeast Missouri State,2026-01-22,Little Rock,103.7,96.3,23,10,6,29,1,5
Southeast Missouri State,2026-01-29,Western Illinois,112.7,106.9,18,13,4,29,-1,4
Southeast Missouri State,2026-01-31,Eastern Illinois,117.2,89.8,27,10,7,23,-1,18
Southeast Missouri State,2026-02-05,Morehead State,119.6,102.1,20,13,11,19,1,12
Southeast Missouri State,2026-02-07,Southern Indiana,136.2,98.4,12,6,12,26,1,25
Southeast Missouri State,2026-02-12,SIU Edwardsville,85.4,112.8,26,10,8,18,-1,-18
Southeast Missouri State,2026-02-14,Lindenwood,98.7,82.5,15,11,7,29,-1,12
Southeast Missouri State,2026-02-17,UT Martin,75.2,71.2,22,19,13,30,-1,3
Southeast Missouri State,2026-02-21,Little Rock,106.5,98.9,22,10,11,26,-1,5
Southeast Missouri State,2026-02-26,Tennessee State,96.4,107.3,18,12,8,19,1,-8
Southeast Missouri State,2026-02-28,Tennessee Tech,130.8,107.3,18,4,6,22,1,16
Southeast Missouri State,2026-03-05,Lindenwood,96.6,93.8,21,8,7,21,0,2
Southeast Missouri State,2026-03-06,Morehead State,90.9,98.3,19,9,11,23,0,-5
Southeastern Louisiana,2025-11-03,Ole Miss,84.0,127.4,28,13,8,14,-1,-30
Southeastern Louisiana,2025-11-07,Louisiana,87.1,97.1,19,11,8,21,-1,-6
Southeastern Louisiana,2025-11-10,Georgia Tech,80.8,94.3,25,16,9,21,-1,-10
Southeastern Louisiana,2025-11-15,Mississippi State,91.6,101.0,25,10,10,23,-1,-7
Southeastern Louisiana,2025-11-19,William Carey,99.2,62.9,27,20,14,30,1,26
Southeastern Louisiana,2025-11-26,UNC Wilmington,89.8,110.3,29,7,7,18,-1,-13
Southeastern Louisiana,2025-11-28,Gardner-Webb,107.0,95.7,28,11,11,23,0,8
Southeastern Louisiana,2025-11-29,Navy,106.6,100.4,15,16,4,26,0,4
Southeastern Louisiana,2025-12-07,Northwestern State,99.9,111.7,19,10,5,16,1,-8
Southeastern Louisiana,2025-12-13,Houston Christian,103.2,99.0,20,12,9,20,-1,3
Southeastern Louisiana,2025-12-15,East Texas A&M,106.0,107.6,21,7,9,21,1,-1
Southeastern Louisiana,2025-12-19,Louisiana State,104.9,125.9,25,8,9,18,-1,-13
Southeastern Louisiana,2025-12-30,Incarnate Word,97.2,109.6,20,12,14,27,-1,-9
Southeastern Louisiana,2026-01-03,Stephen F. Austin,90.5,104.8,20,11,5,19,1,-10
Southeastern Louisiana,2026-01-05,Lamar,101.1,87.6,17,6,8,20,1,8
Southeastern Louisiana,2026-01-10,McNeese State,98.1,117.3,19,15,9,17,-1,-12
Southeastern Louisiana,2026-01-12,New Orleans,105.5,109.7,22,9,15,16,1,-3
Southeastern Louisiana,2026-01-17,Texas A&M–Corpus Christi,81.4,98.9,12,17,5,20,-1,-12
Southeastern Louisiana,2026-01-19,Texas–Rio Grande Valley,97.4,101.9,23,10,7,25,-1,-3
Southeastern Louisiana,2026-01-24,Nicholls State,94.9,86.4,22,18,13,26,1,6
Southeastern Louisiana,2026-01-27,McNeese State,97.9,112.7,22,18,6,20,1,-10
Southeastern Louisiana,2026-01-31,Stephen F. Austin,96.4,141.3,16,12,8,15,-1,-27
Southeastern Louisiana,2026-02-02,Lamar,87.6,118.4,21,7,6,22,-1,-19
Southeastern Louisiana,2026-02-07,Houston Christian,95.7,81.8,19,16,9,21,1,8
Southeastern Louisiana,2026-02-09,Incarnate Word,121.1,101.5,24,6,9,23,1,12
Southeastern Louisiana,2026-02-14,Northwestern State,104.7,109.5,14,15,11,19,-1,-3
Southeastern Louisiana,2026-02-16,East Texas A&M,77.1,101.8,25,10,9,25,-1,-17
Southeastern Louisiana,2026-02-21,Texas–Rio Grande Valley,117.5,150.4,17,6,11,14,1,-21
Southeastern Louisiana,2026-02-23,Texas A&M–Corpus Christi,103.6,111.2,19,13,8,15,1,-5
Southeastern Louisiana,2026-02-28,Nicholls State,90.4,102.4,23,14,6,22,-1,-8
Southeastern Louisiana,2026-03-02,New Orleans,109.5,104.1,25,7,9,21,-1,4
Southern,2025-11-03,Arkansas,94.4,133.6,27,12,11,21,-1,-32
Southern,2025-11-05,Marquette,103.0,125.6,15,13,11,28,-1,-18
Southern,2025-11-10,Ecclesia,136.4,60.5,25,12,14,28,1,64
Southern,2025-11-15,Champion Christian,145.5,72.2,26,12,10,33,1,65
Southern,2025-11-18,Washington,97.9,104.3,19,17,12,28,-1,-6
Southern,2025-11-21,San Jose State,91.4,110.8,28,14,7,18,-1,-14
Southern,2025-11-29,Northwestern State,106.2,103.3,19,12,9,22,-1,2
Southern,2025-12-01,La. Christian,132.0,62.7,27,10,10,33,1,53
Southern,2025-12-08,Texas,95.1,131.0,12,14,10,14,-1,-26
Southern,2025-12-10,Texas State,102.6,106.3,26,19,9,17,-1,-3
Southern,2025-12-16,California Baptist,94.5,105.7,23,14,9,24,-1,-8
Southern,2025-12-21,Baylor,93.7,155.2,18,8,9,17,-1,-44
Southern,2025-12-29,Illinois,85.0,139.2,14,7,12,12,-1,-35
Southern,2026-01-03,Texas Southern,106.1,92.2,19,12,5,28,1,11
Southern,2026-01-05,Prairie View A&M,109.0,114.1,15,13,12,23,1,-4
Southern,2026-01-10,Florida A&M,86.6,98.3,20,13,9,19,-1,-8
Southern,2026-01-12,Bethune-Cookman,106.0,100.5,16,10,17,24,-1,4
Southern,2026-01-17,Grambling State,101.7,75.9,22,12,9,20,-1,18
Southern,2026-01-24,Arkansas–Pine Bluff,108.3,109.8,27,10,13,24,1,-1
Southern,2026-01-28,Mississippi Valley State,113.8,98.2,12,11,9,24,1,11
Southern,2026-01-31,Alcorn State,115.0,122.9,20,8,12,14,-1,-5
Southern,2026-02-02,Jackson State,116.5,110.4,21,9,13,25,-1,5
Southern,2026-02-07,Alabama A&M,124.9,104.8,20,8,13,23,1,13
Southern,2026-02-09,Alabama State,100.9,99.4,23,9,10,21,1,1
Southern,2026-02-14,Prairie View A&M,111.6,105.2,16,11,10,24,-1,5
Southern,2026-02-16,Texas Southern,101.6,103.0,24,11,10,25,-1,-1
Southern,2026-02-21,Grambling State,118.1,99.1,16,15,3,23,1,14
Southern,2026-02-26,Florida A&M,101.6,117.4,25,7,9,18,1,-11
Southern,2026-02-28,Bethune-Cookman,108.8,112.9,19,10,12,17,1,-3
Southern,2026-03-03,Alabama State,98.6,88.9,18,8,10,29,-1,7
Southern,2026-03-05,Alabama A&M,114.8,110.9,10,11,4,27,-1,3
Southern,2026-03-12,Arkansas–Pine Bluff,127.5,122.9,16,9,7,20,0,3
Southern,2026-03-13,Florida A&M,101.2,97.1,22,12,12,22,0,3
Southern,2026-03-14,Prairie View A&M,98.0,106.9,19,11,14,23,0,-6
Southern California,2025-11-03,Cal Poly,112.1,76.3,26,13,10,29,1,30
Southern California,2025-11-09,Manhattan,137.9,100.4,21,12,23,29,1,31
Southern California,2025-11-14,Illinois State,124.5,95.9,18,4,9,26,0,20
Southern California,2025-11-20,Troy,104.7,103.7,29,13,6,29,1,1
Southern California,2025-11-24,Boise State,99.8,95.5,23,13,6,22,0,3
Southern California,2025-11-25,Seton Hall,117.2,114.4,12,16,10,23,0,2
Southern California,2025-11-26,Arizona State,135.0,115.1,23,11,12,19,0,13
Southern California,2025-12-02,Oregon,117.8,110.6,21,14,12,20,-1,5
Southern California,2025-12-06,Washington,102.6,113.4,23,7,7,21,1,-8
Southern California,2025-12-09,San Diego,115.3,99.4,16,21,4,27,-1,13
Southern California,2025-12-14,Washington State,94.6,84.8,13,11,4,28,1,7
Southern California,2025-12-17,UTSA,128.3,92.6,23,11,8,22,1,27
Southern California,2025-12-21,UC-Santa Cruz,138.8,85.7,15,9,19,30,1,39
Southern California,2026-01-02,Michigan,77.1,112.1,23,21,8,21,-1,-30
Southern California,2026-01-05,Michigan State,72.3,113.4,17,17,8,21,-1,-29
Southern California,2026-01-09,Minnesota,100.6,99.1,21,13,8,20,-1,1
Southern California,2026-01-13,Maryland,126.2,101.8,25,6,11,21,1,17
Southern California,2026-01-17,Purdue,92.0,99.2,20,13,10,28,1,-5
Southern California,2026-01-21,Northwestern,99.3,108.0,13,6,11,27,1,-6
Southern California,2026-01-25,Wisconsin,111.1,108.0,24,5,12,26,-1,2
Southern California,2026-01-28,Iowa,104.3,105.8,15,14,7,19,-1,-1
Southern California,2026-01-31,Rutgers,109.9,105.7,12,16,11,26,1,3
Southern California,2026-02-03,Indiana,110.0,101.8,17,13,8,28,1,6
Southern California,2026-02-08,Penn State,105.7,103.0,19,15,10,21,-1,2
Southern California,2026-02-11,Ohio State,106.8,115.9,17,9,9,16,-1,-7
Southern California,2026-02-18,Illinois,91.0,141.4,18,12,13,17,1,-36
Southern California,2026-02-21,Oregon,99.8,101.3,19,11,13,21,1,-1
Southern California,2026-02-24,UCLA,92.4,120.7,26,14,14,23,-1,-19
Southern California,2026-02-28,Nebraska,96.6,118.3,21,13,4,16,1,-15
Southern California,2026-03-04,Washington,93.5,118.2,19,12,11,23,-1,-19
Southern California,2026-03-07,UCLA,107.8,141.1,24,6,6,19,1,-21
Southern California,2026-03-11,Washington,97.2,102.1,21,13,8,31,0,-4
Southern Illinois,2025-11-03,McKendree,114.9,58.1,26,12,14,35,1,41
Southern Illinois,2025-11-07,Kansas City,130.1,100.5,13,12,9,27,1,23
Southern Illinois,2025-11-12,Nevada,101.0,107.2,17,7,9,34,-1,-5
Southern Illinois,2025-11-17,North Dakota State,107.5,116.3,14,16,11,26,-1,-7
Southern Illinois,2025-11-23,Delaware,110.3,82.4,15,10,11,19,0,20
Southern Illinois,2025-11-24,UAB,101.6,112.8,23,8,9,25,0,-8
Southern Illinois,2025-11-26,Memphis,81.0,103.4,15,13,15,18,-1,-16
Southern Illinois,2025-11-29,Little Rock,113.2,99.4,16,15,7,20,1,9
Southern Illinois,2025-12-03,High Point,113.9,111.2,22,12,10,29,-1,2
Southern Illinois,2025-12-10,UT Martin,116.3,75.7,13,13,7,26,1,29
Southern Illinois,2025-12-13,Richmond,94.5,104.7,13,21,10,32,-1,-9
Southern Illinois,2025-12-18,Illinois State,95.8,105.6,13,13,7,24,1,-7
Southern Illinois,2025-12-21,Bradley,95.1,100.7,19,13,10,22,-1,-4
Southern Illinois,2025-12-29,Murray State,108.0,112.0,8,13,12,22,-1,-3
Southern Illinois,2026-01-01,Valparaiso,98.2,91.7,18,9,9,33,1,5
Southern Illinois,2026-01-04,Belmont,98.1,96.6,22,18,13,18,-1,1
Southern Illinois,2026-01-07,Illinois–Chicago,85.5,105.0,17,14,4,20,-1,-13
Southern Illinois,2026-01-14,Drake,90.5,94.2,26,8,14,30,1,-3
Southern Illinois,2026-01-17,Belmont,96.8,104.0,25,11,9,27,1,-5
Southern Illinois,2026-01-21,Valparaiso,96.6,105.7,14,11,10,22,-1,-6
Southern Illinois,2026-01-28,Northern Iowa,97.6,75.1,15,10,5,26,1,15
Southern Illinois,2026-01-31,Illinois–Chicago,97.2,100.1,13,10,4,18,1,-2
Southern Illinois,2026-02-03,Illinois State,77.8,72.0,11,15,5,33,-1,4
Southern Illinois,2026-02-06,Murray State,110.0,123.6,22,6,8,16,1,-10
Southern Illinois,2026-02-09,Indiana State,103.0,83.7,16,12,11,29,-1,15
Southern Illinois,2026-02-12,Evansville,125.4,87.5,27,10,11,25,1,26
Southern Illinois,2026-02-15,Bradley,87.4,102.0,15,9,9,26,1,-10
Southern Illinois,2026-02-18,Drake,90.3,83.4,26,11,13,28,-1,5
Southern Illinois,2026-02-21,Northern Iowa,96.2,92.9,16,16,9,18,-1,2
Southern Illinois,2026-02-25,Indiana State,94.1,78.4,19,7,8,28,1,11
Southern Illinois,2026-03-01,Evansville,123.9,102.5,22,6,11,23,-1,14
Southern Illinois,2026-03-05,Drake,97.0,103.2,25,10,20,25,0,-4
Southern Indiana,2025-11-05,Butler,75.4,114.4,27,11,7,23,-1,-30
Southern Indiana,2025-11-07,VMI,91.6,96.6,32,11,13,32,1,-4
Southern Indiana,2025-11-12,South Dakota,87.8,105.6,23,15,8,24,-1,-15
Southern Indiana,2025-11-16,Loras,123.5,100.5,24,17,16,21,1,17
Southern Indiana,2025-11-20,Incarnate Word,110.4,118.6,21,8,4,18,0,-6
Southern Indiana,2025-11-22,Illinois–Chicago,95.3,109.7,35,12,12,18,0,-11
Southern Indiana,2025-11-26,Valparaiso,86.1,75.4,25,15,10,33,-1,8
Southern Indiana,2025-11-29,Kentucky St.,121.3,73.0,44,8,15,40,1,37
Southern Indiana,2025-12-03,Western Michigan,101.5,120.7,23,7,7,22,-1,-14
Southern Indiana,2025-12-07,Indiana State,82.8,115.9,23,9,5,23,-1,-22
Southern Indiana,2025-12-18,Little Rock,92.8,115.3,26,9,8,19,1,-15
Southern Indiana,2025-12-20,Morehead State,92.4,98.5,32,9,14,19,1,-4
Southern Indiana,2026-01-01,SIU Edwardsville,80.7,86.6,20,15,11,23,-1,-4
Southern Indiana,2026-01-03,Lindenwood,110.1,114.2,21,14,9,20,-1,-3
Southern Indiana,2026-01-08,Southeast Missouri State,104.7,115.8,25,15,9,19,1,-8
Southern Indiana,2026-01-10,UT Martin,86.0,112.1,26,11,10,15,1,-17
Southern Indiana,2026-01-15,Tennessee Tech,101.3,77.1,25,3,13,28,-1,17
Southern Indiana,2026-01-17,Tennessee State,98.6,107.4,31,12,11,29,-1,-6
Southern Indiana,2026-01-22,Eastern Illinois,68.8,79.6,28,17,10,29,1,-8
Southern Indiana,2026-01-23,Western Illinois,128.0,85.3,28,9,10,34,1,32
Southern Indiana,2026-01-29,Lindenwood,73.0,88.9,20,18,12,27,1,-13
Southern Indiana,2026-01-31,SIU Edwardsville,73.2,92.3,24,12,7,14,1,-12
Southern Indiana,2026-02-05,UT Martin,86.0,121.1,25,8,13,17,-1,-22
Southern Indiana,2026-02-07,Southeast Missouri State,98.4,136.2,19,8,11,15,-1,-25
Southern Indiana,2026-02-12,Tennessee State,103.3,106.2,15,11,12,17,1,-2
Southern Indiana,2026-02-14,Tennessee Tech,110.6,122.5,18,8,10,16,1,-8
Southern Indiana,2026-02-19,Western Illinois,119.4,108.6,16,7,16,23,-1,7
Southern Indiana,2026-02-21,Eastern Illinois,106.9,103.9,17,11,7,21,-1,2
Southern Indiana,2026-02-24,Morehead State,103.2,104.8,20,8,10,24,-1,-1
Southern Indiana,2026-02-28,Little Rock,102.9,130.9,20,5,18,19,-1,-19
Southern Mississippi,2025-11-03,Buffalo,121.0,130.2,18,13,7,21,-1,-6
Southern Mississippi,2025-11-06,Tougaloo,118.0,72.3,34,13,14,31,1,36
Southern Mississippi,2025-11-09,South Carolina,102.6,107.8,22,9,11,27,-1,-4
Southern Mississippi,2025-11-13,Grambling State,98.3,105.4,16,11,14,19,-1,-5
Southern Mississippi,2025-11-18,William Carey,110.3,79.3,24,14,6,34,1,23
Southern Mississippi,2025-11-22,North Florida,127.7,115.2,10,10,13,17,0,9
Southern Mississippi,2025-11-23,UT Martin,128.9,110.5,16,5,13,21,0,10
Southern Mississippi,2025-12-03,Radford,106.5,97.4,18,13,12,32,-1,7
Southern Mississippi,2025-12-06,Miami (FL),84.0,115.5,13,20,11,18,-1,-24
Southern Mississippi,2025-12-08,Grambling State,97.5,86.0,16,16,8,20,1,8
Southern Mississippi,2025-12-13,Ole Miss,100.1,106.1,16,13,7,23,0,-4
Southern Mississippi,2025-12-18,Louisiana,92.1,80.2,18,8,7,29,1,8
Southern Mississippi,2025-12-20,Arkansas State,116.6,126.1,16,11,7,18,1,-7
Southern Mississippi,2025-12-29,Louisiana State,87.5,127.1,15,8,12,22,-1,-28
Southern Mississippi,2026-01-01,Louisiana–Monroe,112.6,94.5,22,16,9,35,-1,14
Southern Mississippi,2026-01-03,Louisiana,108.9,98.6,13,14,7,22,-1,7
Southern Mississippi,2026-01-08,Texas State,102.7,89.8,13,15,7,26,1,10
Southern Mississippi,2026-01-10,Louisiana–Monroe,102.9,88.2,21,8,8,26,1,10
Southern Mississippi,2026-01-14,Troy,93.1,130.3,20,17,12,19,-1,-26
Southern Mississippi,2026-01-17,Texas State,92.4,102.1,15,13,3,15,-1,-7
Southern Mississippi,2026-01-22,Georgia State,84.5,94.0,20,11,5,24,-1,-7
Southern Mississippi,2026-01-24,Coastal Carolina,99.3,125.9,13,7,5,16,-1,-18
Southern Mississippi,2026-01-29,Appalachian State,94.6,105.2,17,11,14,24,1,-7
Southern Mississippi,2026-01-31,James Madison,106.2,94.5,10,11,6,25,1,8
Southern Mississippi,2026-02-04,Marshall,111.8,117.6,27,13,14,22,-1,-4
Southern Mississippi,2026-02-07,Kent State,99.3,97.8,18,10,13,26,1,1
Southern Mississippi,2026-02-12,South Alabama,104.8,112.8,20,20,8,27,1,-6
Southern Mississippi,2026-02-14,Troy,104.4,98.3,12,9,17,22,1,4
Southern Mississippi,2026-02-21,Old Dominion,106.8,100.6,12,24,13,20,1,5
Southern Mississippi,2026-02-24,Arkansas State,103.8,110.0,17,13,10,21,-1,-5
Southern Mississippi,2026-02-27,South Alabama,105.9,85.7,24,12,6,35,-1,13
Southern Mississippi,2026-03-05,James Madison,119.4,111.1,11,5,9,23,0,6
Southern Mississippi,2026-03-06,Texas State,118.2,112.3,8,9,6,19,0,4
Southern Mississippi,2026-03-07,Appalachian State,121.9,103.5,13,9,13,21,0,13
Southern Mississippi,2026-03-08,Troy,93.6,104.3,19,11,13,16,0,-8
Southern Utah,2025-11-04,Arizona State,86.9,110.0,25,15,14,21,-1,-17
Southern Utah,2025-11-08,Texas–Rio Grande Valley,94.5,124.7,26,11,9,21,1,-23
Southern Utah,2025-11-11,Bethesda CA,127.8,65.0,27,17,15,47,1,58
Southern Utah,2025-11-15,Omaha,111.9,118.5,28,10,11,22,-1,-5
Southern Utah,2025-11-17,Gonzaga,58.6,143.0,25,23,3,16,-1,-72
Southern Utah,2025-11-19,Washington State,103.4,136.9,20,12,4,21,-1,-24
Southern Utah,2025-11-22,Nobel,134.6,88.9,19,7,9,26,1,35
Southern Utah,2025-11-28,Robert Morris,82.3,92.9,16,14,8,26,-1,-7
Southern Utah,2025-11-29,Stetson,101.6,98.7,16,13,5,21,0,2
Southern Utah,2025-12-01,West Coast Baptist,148.3,70.6,52,9,15,34,1,65
Southern Utah,2025-12-06,Oregon State,98.8,114.3,23,13,7,18,-1,-11
Southern Utah,2025-12-13,Washington,96.1,146.2,21,11,9,22,-1,-36
Southern Utah,2025-12-18,Northern Arizona,87.2,99.4,13,15,8,27,-1,-8
Southern Utah,2025-12-29,Utah Tech,90.9,110.2,19,14,10,23,-1,-14
Southern Utah,2026-01-03,UT Arlington,102.8,114.8,21,14,5,22,1,-9
Southern Utah,2026-01-08,Utah Valley,98.2,121.4,23,13,8,19,-1,-17
Southern Utah,2026-01-10,California Baptist,87.5,92.3,21,11,13,23,-1,-3
Southern Utah,2026-01-15,Tarleton State,115.7,114.6,32,18,11,25,1,1
Southern Utah,2026-01-17,Abilene Christian,99.0,69.6,22,17,8,30,1,22
Southern Utah,2026-01-21,Utah Valley,116.2,96.9,23,17,10,29,1,14
Southern Utah,2026-01-24,Utah Tech,124.0,139.0,14,9,9,21,-1,-11
Southern Utah,2026-01-29,UT Arlington,86.6,113.6,16,11,8,17,-1,-19
Southern Utah,2026-01-31,Abilene Christian,113.1,108.8,6,22,5,23,-1,3
Southern Utah,2026-02-07,Tarleton State,84.0,88.3,23,19,14,22,1,-3
Southern Utah,2026-02-12,California Baptist,95.4,120.0,18,8,5,19,1,-17
Southern Utah,2026-02-14,UT Arlington,110.9,103.8,18,16,9,26,-1,5
Southern Utah,2026-02-19,Tarleton State,108.1,114.0,21,13,13,20,-1,-4
Southern Utah,2026-02-21,Abilene Christian,107.7,112.9,13,24,6,19,-1,-4
Southern Utah,2026-02-28,Utah Tech,122.1,101.0,24,8,14,24,1,14
Southern Utah,2026-03-05,Utah Valley,121.8,127.3,17,13,3,17,1,-4
Southern Utah,2026-03-07,California Baptist,107.2,117.2,19,9,7,17,1,-7
Southern Utah,2026-03-12,UT Arlington,85.3,93.4,31,14,8,29,0,-6
St. Bonaventure,2025-11-03,Bradley,102.0,93.2,22,12,14,27,0,6
St. Bonaventure,2025-11-08,Canisius,137.3,108.0,26,8,19,22,1,19
St. Bonaventure,2025-11-12,Siena,115.8,101.9,8,11,12,17,1,9
St. Bonaventure,2025-11-15,Youngstown State,119.1,113.4,13,15,10,19,1,4
St. Bonaventure,2025-11-20,Robert Morris,106.2,86.4,19,14,12,27,1,14
St. Bonaventure,2025-11-25,North Carolina,96.8,117.5,17,9,9,19,0,-15
St. Bonaventure,2025-11-27,East Carolina,90.2,78.1,22,14,6,27,0,9
St. Bonaventure,2025-11-30,Florida Atlantic,104.4,96.9,14,12,3,25,-1,5
St. Bonaventure,2025-12-03,Bloomsburg,126.3,65.4,24,10,14,25,1,40
St. Bonaventure,2025-12-06,Buffalo,112.5,100.8,24,15,13,18,-1,8
St. Bonaventure,2025-12-10,Colgate,116.9,105.9,19,12,13,25,1,8
St. Bonaventure,2025-12-13,Ohio,103.0,109.2,16,16,14,21,0,-5
St. Bonaventure,2025-12-20,Le Moyne,133.3,117.4,26,8,12,24,1,11
St. Bonaventure,2025-12-31,VCU,122.0,132.4,10,8,10,16,-1,-7
St. Bonaventure,2026-01-07,Richmond,110.0,122.4,28,7,10,21,1,-9
St. Bonaventure,2026-01-10,Fordham,115.5,121.5,28,11,9,19,1,-4
St. Bonaventure,2026-01-14,Saint Joseph's,93.2,99.1,17,10,12,22,-1,-4
St. Bonaventure,2026-01-17,La Salle,114.0,120.2,19,10,8,11,-1,-4
St. Bonaventure,2026-01-20,Loyola Chicago,120.3,100.3,26,4,7,22,1,14
St. Bonaventure,2026-01-23,Saint Louis,85.7,134.1,22,11,10,20,1,-35
St. Bonaventure,2026-01-28,Duquesne,125.4,113.8,16,7,4,30,-1,8
St. Bonaventure,2026-01-31,George Mason,103.5,109.2,11,12,4,14,1,-4
St. Bonaventure,2026-02-03,Dayton,107.1,110.1,19,13,9,19,-1,-2
St. Bonaventure,2026-02-07,Fordham,113.8,109.0,13,14,7,18,-1,3
St. Bonaventure,2026-02-14,Duquesne,101.4,108.3,9,14,6,31,1,-5
St. Bonaventure,2026-02-18,Saint Joseph's,90.3,98.6,24,11,10,28,1,-6
St. Bonaventure,2026-02-21,Richmond,126.3,133.0,26,10,9,22,-1,-5
St. Bonaventure,2026-02-26,Rhode Island,131.9,106.6,22,10,9,23,1,18
St. Bonaventure,2026-02-28,George Mason,93.9,115.0,19,8,14,24,-1,-13
St. Bonaventure,2026-03-04,George Washington,103.1,114.4,20,15,14,24,-1,-9
St. Bonaventure,2026-03-07,Davidson,97.4,105.2,18,11,11,24,1,-5
St. Bonaventure,2026-03-11,La Salle,131.5,106.3,24,14,13,24,0,19
St. Bonaventure,2026-03-12,George Mason,101.8,92.1,11,7,6,22,0,6
St. Bonaventure,2026-03-13,Dayton,95.0,102.6,10,12,5,20,0,-5
St. John's (NY),2025-11-03,Quinnipiac,122.6,84.0,19,14,13,27,1,34
St. John's (NY),2025-11-08,Alabama,111.3,119.5,17,12,7,31,1,-7
St. John's (NY),2025-11-15,William & Mary,114.7,74.0,28,11,15,26,1,33
St. John's (NY),2025-11-20,Bucknell,129.5,65.4,26,12,16,29,1,48
St. John's (NY),2025-11-24,Iowa State,113.8,115.2,20,9,12,19,0,-1
St. John's (NY),2025-11-25,Baylor,132.8,112.1,22,9,9,24,0,15
St. John's (NY),2025-11-26,Auburn,104.8,120.4,25,14,15,11,0,-11
St. John's (NY),2025-12-06,Ole Miss,86.8,79.9,22,19,14,21,1,5
St. John's (NY),2025-12-13,Iona,116.5,81.9,26,17,10,31,1,27
St. John's (NY),2025-12-16,DePaul,111.0,92.7,22,10,8,29,1,13
St. John's (NY),2025-12-20,Kentucky,91.9,108.6,19,11,7,17,0,-12
St. John's (NY),2025-12-23,Harvard,123.4,85.6,23,11,10,22,1,26
St. John's (NY),2025-12-31,Georgetown,134.5,117.5,27,11,14,19,-1,12
St. John's (NY),2026-01-03,Providence,90.5,98.2,31,12,19,25,1,-6
St. John's (NY),2026-01-06,Butler,116.1,96.8,19,5,6,18,-1,14
St. John's (NY),2026-01-10,Creighton,131.3,106.5,23,6,10,26,-1,17
St. John's (NY),2026-01-13,Marquette,120.9,89.3,19,11,11,25,1,24
St. John's (NY),2026-01-17,Villanova,121.9,112.0,15,8,10,18,-1,7
St. John's (NY),2026-01-20,Seton Hall,97.2,89.7,12,12,16,19,1,5
St. John's (NY),2026-01-24,Xavier,112.9,106.4,18,9,11,25,-1,5
St. John's (NY),2026-01-28,Butler,141.6,107.8,20,5,12,27,1,22
St. John's (NY),2026-02-03,DePaul,102.8,84.7,20,6,11,19,-1,12
St. John's (NY),2026-02-06,Connecticut,116.2,103.3,19,10,7,22,1,9
St. John's (NY),2026-02-09,Xavier,103.8,97.9,13,9,12,31,1,5
St. John's (NY),2026-02-14,Providence,102.2,89.2,21,4,9,27,-1,10
St. John's (NY),2026-02-18,Marquette,108.6,100.0,25,12,11,26,-1,6
St. John's (NY),2026-02-21,Creighton,108.4,69.6,14,10,8,32,1,29
St. John's (NY),2026-02-25,Connecticut,66.5,119.7,20,7,11,17,-1,-32
St. John's (NY),2026-02-28,Villanova,122.8,78.6,15,8,8,30,1,32
St. John's (NY),2026-03-03,Georgetown,100.6,96.4,28,9,12,23,1,3
St. John's (NY),2026-03-06,Seton Hall,108.9,98.3,20,9,7,20,-1,7
St. John's (NY),2026-03-12,Providence,112.6,95.4,27,9,17,30,0,13
St. John's (NY),2026-03-13,Seton Hall,113.9,99.3,12,13,8,22,0,10
St. John's (NY),2026-03-14,Connecticut,111.9,80.8,20,8,6,20,0,20
St. John's (NY),2026-03-20,Northern Iowa,122.3,82.1,29,8,11,31,0,26
St. John's (NY),2026-03-22,Kansas,94.2,91.4,35,7,9,24,0,2
St. John's (NY),2026-03-27,Duke,116.1,123.8,32,5,8,16,0,-5
St. Mary's (CA),2025-11-03,St. Thomas,128.5,88.7,26,11,11,29,1,26
St. Mary's (CA),2025-11-07,Chattanooga,129.1,97.9,16,12,6,23,1,21
St. Mary's (CA),2025-11-11,Ohio,130.6,87.1,22,9,13,26,1,30
St. Mary's (CA),2025-11-14,North Texas,118.8,72.8,23,13,19,34,1,31
St. Mary's (CA),2025-11-19,Arkansas State,119.8,101.5,16,11,11,24,1,13
St. Mary's (CA),2025-11-22,UC Merced,132.5,58.0,26,7,11,33,1,54
St. Mary's (CA),2025-11-26,Wichita State,99.0,92.0,16,9,11,23,0,5
St. Mary's (CA),2025-11-27,Virginia Tech,109.6,93.9,17,14,9,26,0,11
St. Mary's (CA),2025-11-28,Vanderbilt,98.0,132.5,21,14,5,22,0,-25
St. Mary's (CA),2025-12-07,Davidson,108.4,94.4,11,11,16,30,-1,9
St. Mary's (CA),2025-12-14,Boise State,97.1,98.5,19,10,9,21,0,-1
St. Mary's (CA),2025-12-19,Florida Atlantic,111.0,94.6,26,13,11,28,1,13
St. Mary's (CA),2025-12-22,Northern Iowa,100.2,92.3,20,10,13,27,1,5
St. Mary's (CA),2025-12-28,Loyola Marymount,131.5,123.0,14,6,11,17,-1,5
St. Mary's (CA),2025-12-30,Pepperdine,116.5,72.8,17,10,6,27,-1,27
St. Mary's (CA),2026-01-02,Portland,122.7,89.7,26,8,9,25,1,21
St. Mary's (CA),2026-01-04,Seattle,139.5,114.0,17,8,16,28,1,17
St. Mary's (CA),2026-01-10,Washington State,126.1,117.5,30,12,7,20,1,6
St. Mary's (CA),2026-01-13,San Francisco,119.7,99.2,15,10,8,29,-1,14
St. Mary's (CA),2026-01-17,Santa Clara,81.8,94.0,22,12,13,24,-1,-8
St. Mary's (CA),2026-01-21,Oregon State,126.8,79.8,23,7,12,30,1,30
St. Mary's (CA),2026-01-24,Portland,113.1,104.1,21,12,9,25,-1,6
St. Mary's (CA),2026-01-31,Gonzaga,95.0,106.7,21,9,5,26,-1,-8
St. Mary's (CA),2026-02-04,San Diego,135.2,93.3,21,10,12,27,1,27
St. Mary's (CA),2026-02-07,San Francisco,121.2,82.8,20,5,10,33,1,25
St. Mary's (CA),2026-02-11,Pepperdine,119.6,81.5,25,15,14,32,1,28
St. Mary's (CA),2026-02-14,Pacific,110.9,93.9,27,4,11,22,-1,11
St. Mary's (CA),2026-02-18,Seattle,97.1,94.4,12,16,8,27,-1,2
St. Mary's (CA),2026-02-21,Washington State,126.8,102.4,20,10,10,24,-1,16
St. Mary's (CA),2026-02-25,Santa Clara,129.5,100.9,26,13,20,29,1,19
St. Mary's (CA),2026-02-28,Gonzaga,106.9,90.1,33,6,14,26,1,11
St. Mary's (CA),2026-03-09,Santa Clara,112.1,120.0,20,10,11,26,0,-5
St. Mary's (CA),2026-03-19,Texas A&M,84.5,106.4,23,16,9,20,0,-13
St. Thomas,2025-11-03,St. Mary's (CA),88.7,128.5,21,9,2,18,-1,-26
St. Thomas,2025-11-08,Army,118.1,108.2,25,7,9,23,1,7
St. Thomas,2025-11-10,Washington State,102.7,117.2,29,7,0,16,-1,-10
St. Thomas,2025-11-13,Green Bay,112.4,85.7,30,8,1,26,1,19
St. Thomas,2025-11-15,Southeast Missouri State,110.5,94.7,18,15,1,28,-1,12
St. Thomas,2025-11-21,Northern Colorado,99.6,98.2,26,9,9,18,0,1
St. Thomas,2025-11-22,Cal State Fullerton,101.3,111.4,33,9,5,25,0,-8
St. Thomas,2025-11-23,Portland,104.2,90.5,38,9,7,17,-1,10
St. Thomas,2025-11-29,Lawrence,119.2,71.3,36,7,6,33,1,35
St. Thomas,2025-12-03,Montana State,107.0,118.5,30,14,5,27,-1,-8
St. Thomas,2025-12-07,Weber State,122.6,90.5,27,9,3,24,1,23
St. Thomas,2025-12-11,St. John's (MN),111.6,78.1,19,7,7,35,1,24
St. Thomas,2025-12-13,UNC Asheville,121.6,89.7,18,8,10,21,-1,21
St. Thomas,2025-12-20,UC Riverside,129.0,109.4,16,6,0,20,1,14
St. Thomas,2025-12-28,North Central (MN),130.3,73.2,26,8,9,37,1,46
St. Thomas,2026-01-04,Denver,123.5,118.1,33,7,13,19,1,4
St. Thomas,2026-01-07,South Dakota,134.6,117.0,20,9,5,21,1,13
St. Thomas,2026-01-10,Oral Roberts,124.1,107.4,21,5,10,26,-1,11
St. Thomas,2026-01-15,North Dakota,124.3,109.3,24,15,2,22,-1,11
St. Thomas,2026-01-17,North Dakota State,93.4,97.7,31,14,6,25,-1,-3
St. Thomas,2026-01-22,South Dakota State,106.0,98.9,26,13,6,26,1,5
St. Thomas,2026-01-24,South Dakota,129.7,112.4,24,10,10,26,-1,12
St. Thomas,2026-01-29,North Dakota,112.6,114.0,20,10,7,24,1,-1
St. Thomas,2026-02-01,Kansas City,126.9,82.1,39,12,7,32,1,35
St. Thomas,2026-02-04,South Dakota State,121.4,97.8,35,4,0,24,-1,15
St. Thomas,2026-02-07,Oral Roberts,120.2,98.0,18,4,2,27,1,17
St. Thomas,2026-02-12,Omaha,126.2,131.6,33,12,6,20,-1,-4
St. Thomas,2026-02-14,Kansas City,143.9,88.6,29,7,10,22,-1,40
St. Thomas,2026-02-21,Denver,116.8,119.7,22,9,8,23,-1,-2
St. Thomas,2026-02-26,North Dakota State,127.9,94.4,35,8,4,30,1,22
St. Thomas,2026-02-28,Omaha,101.2,78.9,30,7,5,32,1,15
St. Thomas,2026-03-05,South Dakota State,120.7,101.1,27,7,2,21,0,13
St. Thomas,2026-03-07,North Dakota,104.1,105.6,24,7,14,23,0,-1
St. Thomas,2026-03-17,Seattle,74.7,96.2,22,19,9,29,-1,-15
Stanford,2025-11-04,Portland State,113.6,100.8,17,15,10,24,1,10
Stanford,2025-11-08,Montana,122.0,91.2,29,4,15,19,1,23
Stanford,2025-11-12,Montana State,102.6,90.6,19,12,7,27,1,9
Stanford,2025-11-18,Louisiana,127.7,90.6,31,9,10,26,1,27
Stanford,2025-11-21,Seattle,90.6,101.1,25,11,9,20,1,-8
Stanford,2025-11-27,Minnesota,110.7,104.5,31,5,13,18,0,4
Stanford,2025-11-28,Saint Louis,107.8,106.4,27,10,13,22,0,1
Stanford,2025-12-01,Portland,136.3,104.4,33,7,12,16,1,22
Stanford,2025-12-07,UNLV,98.2,99.6,30,15,16,25,1,-1
Stanford,2025-12-13,San Jose State,123.5,117.8,18,19,11,20,-1,4
Stanford,2025-12-17,UT Arlington,113.5,89.6,15,9,5,25,1,16
Stanford,2025-12-20,Colorado,108.0,95.3,21,9,10,22,0,9
Stanford,2025-12-27,Cal State Northridge,117.1,106.5,27,13,8,24,1,8
Stanford,2025-12-30,Notre Dame,67.0,78.8,30,6,10,24,1,-7
Stanford,2026-01-02,Louisville,119.7,113.7,19,9,8,16,1,4
Stanford,2026-01-07,Virginia Tech,113.9,112.3,28,8,10,19,-1,1
Stanford,2026-01-10,Virginia,87.9,111.9,26,7,9,17,-1,-15
Stanford,2026-01-14,North Carolina,129.1,122.3,28,8,2,20,1,5
Stanford,2026-01-17,Duke,78.1,125.0,25,17,10,15,1,-30
Stanford,2026-01-24,California,91.3,107.9,31,6,14,26,1,-12
Stanford,2026-01-28,Miami (FL),101.1,114.1,24,13,10,17,-1,-9
Stanford,2026-01-31,Florida State,114.2,125.7,34,11,12,17,-1,-8
Stanford,2026-02-04,Clemson,101.8,105.0,28,6,9,19,1,-2
Stanford,2026-02-07,Georgia Tech,126.6,95.9,27,12,8,27,1,23
Stanford,2026-02-11,Boston College,100.7,92.1,30,11,4,27,-1,6
Stanford,2026-02-14,Wake Forest,100.1,108.1,29,10,7,20,-1,-5
Stanford,2026-02-21,California,90.0,98.2,28,10,9,24,-1,-6
Stanford,2026-02-25,Pittsburgh,123.1,109.9,20,8,9,19,1,8
Stanford,2026-02-28,SMU,142.1,112.2,27,7,7,19,1,20
Stanford,2026-03-04,Notre Dame,135.5,122.9,23,5,7,19,-1,8
Stanford,2026-03-07,NC State,121.1,119.7,29,7,12,21,-1,1
Stanford,2026-03-10,Pittsburgh,104.9,106.6,20,10,6,21,0,-1
Stanford,2026-04-02,West Virginia,100.8,107.3,27,10,12,29,0,-5
Stephen F. Austin,2025-11-03,Millsaps,126.2,93.1,29,7,17,27,1,27
Stephen F. Austin,2025-11-07,Arkansas State,117.9,85.1,33,14,16,24,1,25
Stephen F. Austin,2025-11-11,Rice,114.8,97.8,23,9,4,26,-1,12
Stephen F. Austin,2025-11-14,Abilene Christian,111.5,96.8,23,7,4,22,1,10
Stephen F. Austin,2025-11-18,Fresno State,111.5,114.4,29,12,16,19,-1,-2
Stephen F. Austin,2025-11-21,Pepperdine,92.6,88.2,36,9,10,22,-1,3
Stephen F. Austin,2025-11-29,UT Arlington,93.4,101.0,13,10,9,15,-1,-5
Stephen F. Austin,2025-12-03,Texas–Rio Grande Valley,101.4,83.3,24,7,8,33,1,13
Stephen F. Austin,2025-12-07,Louisiana–Monroe,129.2,102.3,28,8,10,30,1,20
Stephen F. Austin,2025-12-17,Texas A&M–Corpus Christi,104.6,91.0,12,10,7,21,1,9
Stephen F. Austin,2025-12-21,Dallas,139.0,74.2,39,7,21,35,1,48
Stephen F. Austin,2025-12-29,East Texas A&M,114.7,73.4,29,8,13,28,-1,27
Stephen F. Austin,2025-12-31,Northwestern State,112.7,97.4,23,9,11,27,-1,10
Stephen F. Austin,2026-01-03,Southeastern Louisiana,104.8,90.5,26,12,12,24,-1,10
Stephen F. Austin,2026-01-05,McNeese State,103.6,106.9,27,12,10,23,-1,-2
Stephen F. Austin,2026-01-10,Houston Christian,135.2,106.5,32,5,16,15,1,18
Stephen F. Austin,2026-01-12,Incarnate Word,82.6,67.9,20,9,12,29,1,10
Stephen F. Austin,2026-01-17,New Orleans,115.5,108.6,23,5,10,21,-1,5
Stephen F. Austin,2026-01-19,Nicholls State,116.5,91.5,25,12,12,25,-1,17
Stephen F. Austin,2026-01-24,Lamar,125.6,115.6,27,6,5,18,-1,7
Stephen F. Austin,2026-01-27,Northwestern State,95.4,92.6,18,10,7,30,1,2
Stephen F. Austin,2026-01-31,Southeastern Louisiana,141.3,96.4,28,9,9,19,1,27
Stephen F. Austin,2026-02-02,McNeese State,95.6,85.7,25,12,11,21,1,7
Stephen F. Austin,2026-02-07,Lamar,123.4,108.7,16,8,5,22,1,10
Stephen F. Austin,2026-02-09,East Texas A&M,112.4,106.3,20,9,13,23,1,4
Stephen F. Austin,2026-02-14,Texas–Rio Grande Valley,103.0,89.0,23,8,15,20,-1,9
Stephen F. Austin,2026-02-16,Texas A&M–Corpus Christi,113.0,98.5,19,5,7,24,-1,10
Stephen F. Austin,2026-02-21,Nicholls State,119.3,114.9,33,10,8,20,1,3
Stephen F. Austin,2026-02-23,New Orleans,108.3,114.2,17,5,18,16,1,-4
Stephen F. Austin,2026-02-28,Houston Christian,120.0,87.3,24,8,9,26,-1,21
Stephen F. Austin,2026-03-02,Incarnate Word,122.2,109.3,24,7,8,26,-1,8
Stephen F. Austin,2026-03-10,Texas A&M–Corpus Christi,98.8,95.5,16,6,6,19,0,2
Stephen F. Austin,2026-03-11,McNeese State,94.6,121.9,21,10,7,17,0,-17
Stephen F. Austin,2026-03-17,Tulsa,106.3,112.6,32,14,13,22,-1,-5
Stetson,2025-11-03,Rhode Island,81.7,122.5,25,20,9,15,-1,-31
Stetson,2025-11-07,Ft. Lauderdale,136.2,98.9,40,13,21,29,1,29
Stetson,2025-11-10,Miami (FL),76.4,127.7,29,14,5,21,-1,-41
Stetson,2025-11-16,Western Carolina,88.9,103.9,25,10,10,23,-1,-11
Stetson,2025-11-19,Howard,95.6,89.6,20,15,5,31,1,4
Stetson,2025-11-22,VMI,147.3,119.0,40,9,7,26,1,19
Stetson,2025-11-25,Wright State,94.6,120.5,23,13,10,15,1,-17
Stetson,2025-11-29,Southern Utah,98.7,101.6,21,13,9,22,0,-2
Stetson,2025-11-30,Robert Morris,102.4,132.1,21,8,7,16,-1,-18
Stetson,2025-12-02,Grand Canyon,67.8,101.0,20,17,9,20,-1,-22
Stetson,2025-12-06,South Carolina,79.5,127.9,21,6,6,11,-1,-31
Stetson,2025-12-15,Rhodes,117.4,93.9,28,17,15,35,1,19
Stetson,2025-12-22,Oklahoma,77.6,153.8,28,14,8,14,-1,-53
Stetson,2026-01-01,North Alabama,101.7,97.4,22,12,4,24,-1,3
Stetson,2026-01-03,Central Arkansas,104.4,133.0,31,15,6,18,-1,-20
Stetson,2026-01-08,Lipscomb,118.0,107.7,28,10,3,23,1,8
Stetson,2026-01-10,Austin Peay,97.6,114.5,34,14,12,28,1,-12
Stetson,2026-01-15,West Georgia,126.4,114.4,18,15,4,18,1,9
Stetson,2026-01-17,Queens (NC),113.1,121.5,22,11,10,20,1,-6
Stetson,2026-01-22,Lipscomb,93.6,99.9,22,16,10,34,-1,-5
Stetson,2026-01-23,Austin Peay,96.2,108.1,24,12,10,20,-1,-8
Stetson,2026-01-29,North Florida,118.7,108.8,27,6,10,23,-1,7
Stetson,2026-01-31,North Alabama,103.0,106.1,21,10,10,20,1,-2
Stetson,2026-02-05,Bellarmine,112.7,146.1,33,11,6,15,-1,-21
Stetson,2026-02-07,Eastern Kentucky,122.3,139.0,27,11,8,17,-1,-12
Stetson,2026-02-11,Jacksonville,105.3,97.5,19,7,7,20,1,5
Stetson,2026-02-14,Florida Gulf Coast,110.2,113.1,17,11,8,22,-1,-2
Stetson,2026-02-19,Central Arkansas,118.5,137.2,29,12,4,19,1,-12
Stetson,2026-02-21,North Florida,119.9,112.0,32,9,13,22,1,5
Stetson,2026-02-26,Jacksonville,126.3,132.3,18,8,7,17,-1,-4
Stetson,2026-02-28,Florida Gulf Coast,115.3,93.2,21,15,7,28,1,15
Stetson,2026-03-04,Eastern Kentucky,138.2,114.2,31,6,9,21,0,16
Stetson,2026-03-06,Austin Peay,95.4,109.7,26,9,5,22,0,-9
Stonehill,2025-11-03,Thomas (ME),131.8,63.3,25,12,13,40,1,52
Stonehill,2025-11-07,DePaul,81.7,91.9,23,16,3,30,-1,-8
Stonehill,2025-11-11,Rhode Island,78.9,110.8,28,20,11,23,-1,-23
Stonehill,2025-11-14,Fairfield,91.8,94.4,23,9,5,36,-1,-2
Stonehill,2025-11-15,Loyola (MD),95.7,112.4,24,16,9,25,0,-11
Stonehill,2025-11-17,Iowa State,79.6,134.1,27,19,4,20,-1,-39
Stonehill,2025-11-21,Lafayette,101.5,96.0,18,15,12,24,1,4
Stonehill,2025-11-26,UMass Lowell,92.7,108.6,31,9,14,27,1,-11
Stonehill,2025-11-30,Quinnipiac,90.2,110.5,26,15,14,23,-1,-14
Stonehill,2025-12-02,Bryant,102.1,120.9,17,9,10,15,-1,-12
Stonehill,2025-12-12,Vermont St.–Johnson,134.3,79.8,29,11,13,33,1,41
Stonehill,2025-12-17,New Hampshire,82.5,83.9,15,21,8,29,-1,-1
Stonehill,2025-12-22,Syracuse,73.9,118.6,25,12,7,24,-1,-29
Stonehill,2026-01-02,New Haven,85.3,108.5,19,11,9,26,1,-15
Stonehill,2026-01-04,Wagner,112.8,98.1,18,6,9,22,-1,9
Stonehill,2026-01-08,Central Connecticut State,104.8,115.5,22,12,11,17,-1,-7
Stonehill,2026-01-10,Chicago State,117.3,113.1,32,16,16,28,1,3
Stonehill,2026-01-17,Mercyhurst,85.8,78.9,16,15,6,32,-1,5
Stonehill,2026-01-19,Saint Francis (PA),87.6,90.5,19,20,4,32,-1,-2
Stonehill,2026-01-23,LIU,97.1,101.7,19,15,9,26,1,-3
Stonehill,2026-01-26,Central Connecticut State,91.5,88.5,22,12,8,22,1,2
Stonehill,2026-01-29,FDU,95.8,94.1,15,8,8,20,1,1
Stonehill,2026-01-31,Le Moyne,89.2,74.1,27,7,7,37,-1,11
Stonehill,2026-02-05,FDU,87.6,111.8,20,12,6,19,-1,-16
Stonehill,2026-02-07,LIU,89.0,100.5,21,10,11,20,-1,-7
Stonehill,2026-02-12,Chicago State,100.1,123.7,25,13,5,15,-1,-13
Stonehill,2026-02-14,Wagner,84.0,100.2,30,11,7,23,1,-11
Stonehill,2026-02-19,New Haven,77.3,97.0,21,10,7,25,-1,-13
Stonehill,2026-02-21,Le Moyne,112.6,99.4,24,3,9,26,1,9
Stonehill,2026-02-26,Saint Francis (PA),139.1,104.0,30,6,8,27,1,26
Stonehill,2026-02-28,Mercyhurst,92.2,96.0,21,12,11,36,1,-3
Stonehill,2026-03-04,Le Moyne,114.0,99.9,39,8,8,29,-1,10
Stonehill,2026-03-07,Mercyhurst,76.0,83.5,19,9,0,31,-1,-5
Stony Brook,2025-11-03,Farmingdale St.,88.1,78.8,28,9,13,33,1,7
Stony Brook,2025-11-08,Maine,100.1,84.6,20,7,8,29,1,11
Stony Brook,2025-11-11,St. Joseph's–LI,136.5,54.9,38,12,11,32,1,64
Stony Brook,2025-11-15,Yale,122.7,133.6,27,9,3,14,-1,-7
Stony Brook,2025-11-20,Brown,120.6,105.5,19,8,10,21,1,10
Stony Brook,2025-11-24,Pacific,87.5,129.7,32,10,6,14,0,-28
Stony Brook,2025-11-25,Bethune-Cookman,93.9,83.1,30,12,10,25,0,7
Stony Brook,2025-11-28,Loyola Marymount,103.7,99.3,22,10,6,17,-1,3
Stony Brook,2025-12-06,Duquesne,107.1,120.0,30,8,12,18,-1,-9
Stony Brook,2025-12-09,Columbia,92.8,88.0,21,15,8,24,1,4
Stony Brook,2025-12-13,Central Michigan,124.6,87.8,17,15,9,29,1,23
Stony Brook,2025-12-17,Albany (NY),79.9,103.1,25,6,5,21,1,-16
Stony Brook,2025-12-21,Marist,76.0,104.3,23,13,8,26,-1,-19
Stony Brook,2025-12-29,Hampton,93.3,98.0,19,16,7,22,-1,-3
Stony Brook,2025-12-31,William & Mary,86.5,115.3,38,10,11,20,-1,-19
Stony Brook,2026-01-03,North Carolina A&T,116.8,115.4,25,8,5,14,1,1
Stony Brook,2026-01-08,Drexel,66.7,100.9,27,7,15,19,-1,-19
Stony Brook,2026-01-10,UNC Wilmington,106.0,112.0,29,9,4,23,1,-4
Stony Brook,2026-01-15,Hofstra,120.3,112.4,27,6,6,22,1,5
Stony Brook,2026-01-17,College of Charleston,124.6,117.9,40,8,5,27,1,6
Stony Brook,2026-01-22,Northeastern,131.5,110.7,29,14,9,25,-1,15
Stony Brook,2026-01-29,Campbell,121.7,103.6,21,9,10,24,-1,12
Stony Brook,2026-01-31,Elon,99.3,93.8,33,13,9,22,-1,4
Stony Brook,2026-02-05,Monmouth,103.8,105.2,31,17,11,29,1,-1
Stony Brook,2026-02-07,Northeastern,102.9,82.0,23,13,4,30,1,14
Stony Brook,2026-02-12,Towson,86.5,104.7,30,7,9,22,-1,-12
Stony Brook,2026-02-16,Drexel,106.8,102.4,24,5,8,17,1,3
Stony Brook,2026-02-21,Hampton,109.1,99.4,23,16,3,23,1,7
Stony Brook,2026-02-26,Monmouth,100.7,119.6,31,12,9,20,-1,-13
Stony Brook,2026-02-28,Hofstra,82.6,95.4,36,9,9,26,-1,-9
Stony Brook,2026-03-03,Towson,93.9,113.6,29,9,8,20,1,-12
Stony Brook,2026-03-07,Campbell,120.7,130.1,23,10,10,13,0,-7
Syracuse,2025-11-03,Binghamton,120.5,66.6,21,5,8,25,1,38
Syracuse,2025-11-08,Delaware State,115.2,59.7,21,14,7,32,1,40
Syracuse,2025-11-15,Drexel,124.2,77.6,19,6,12,24,0,30
Syracuse,2025-11-18,Monmouth,109.4,102.4,17,11,8,24,1,5
Syracuse,2025-11-24,Houston,93.3,98.4,31,13,8,25,0,-4
Syracuse,2025-11-25,Kansas,90.6,107.2,30,2,10,18,0,-11
Syracuse,2025-11-26,Iowa State,86.5,128.4,28,18,7,18,0,-31
Syracuse,2025-12-02,Tennessee,88.8,86.0,19,16,8,24,1,2
Syracuse,2025-12-11,Saint Joseph's,100.6,89.3,14,10,5,25,1,8
Syracuse,2025-12-13,Hofstra,116.5,118.2,23,8,11,16,1,-1
Syracuse,2025-12-17,Mercyhurst,107.5,87.7,17,16,12,25,1,14
Syracuse,2025-12-20,Northeastern,127.0,115.8,12,11,14,20,1,8
Syracuse,2025-12-22,Stonehill,118.6,73.9,21,5,11,28,1,29
Syracuse,2025-12-31,Clemson,91.7,96.2,15,14,3,23,1,-3
Syracuse,2026-01-06,Georgia Tech,105.1,92.3,19,15,11,29,-1,10
Syracuse,2026-01-10,Pittsburgh,124.1,107.6,22,10,5,21,-1,11
Syracuse,2026-01-13,Florida State,127.9,117.0,27,13,10,22,1,8
Syracuse,2026-01-17,Boston College,94.1,104.4,18,17,6,31,-1,-8
Syracuse,2026-01-21,Virginia Tech,102.2,105.0,23,14,7,23,1,-2
Syracuse,2026-01-24,Miami (FL),107.6,120.4,21,6,4,15,1,-9
Syracuse,2026-01-27,NC State,97.7,126.5,23,10,15,17,-1,-20
Syracuse,2026-01-31,Notre Dame,126.0,105.5,25,6,5,27,1,14
Syracuse,2026-02-02,North Carolina,105.7,119.5,18,9,10,18,-1,-10
Syracuse,2026-02-07,Virginia,93.7,114.3,11,13,6,22,-1,-13
Syracuse,2026-02-11,California,114.5,107.1,25,12,10,29,1,7
Syracuse,2026-02-14,SMU,114.8,113.4,30,8,8,24,1,1
Syracuse,2026-02-16,Duke,96.7,152.7,27,11,10,13,-1,-37
Syracuse,2026-02-21,North Carolina,91.5,110.1,17,10,7,21,1,-13
Syracuse,2026-02-28,Wake Forest,126.5,134.1,26,7,4,12,-1,-5
Syracuse,2026-03-03,Louisville,92.3,114.7,19,10,9,24,-1,-15
Syracuse,2026-03-07,Pittsburgh,97.5,100.3,24,10,7,22,1,-2
Syracuse,2026-03-10,SMU,102.1,127.3,34,11,9,21,0,-17
TCU,2025-11-03,New Orleans,97.8,103.1,27,10,11,16,1,-4
TCU,2025-11-06,Saint Francis (PA),132.4,80.2,33,15,14,30,1,41
TCU,2025-11-10,Lamar,117.2,97.7,19,12,10,22,1,13
TCU,2025-11-14,Michigan,89.0,94.6,24,10,7,13,1,-4
TCU,2025-11-19,Kansas City,108.6,60.3,32,13,14,30,1,36
TCU,2025-11-27,Florida,108.7,103.6,17,8,6,17,0,4
TCU,2025-11-28,Wisconsin,99.9,85.0,14,12,7,28,0,11
TCU,2025-12-05,Notre Dame,113.8,116.4,29,8,4,21,1,-2
TCU,2025-12-07,North Texas,98.1,83.0,17,15,12,23,-1,10
TCU,2025-12-15,Incarnate Word,106.0,99.9,16,8,8,23,1,4
TCU,2025-12-18,Oral Roberts,118.3,87.0,16,8,14,21,1,19
TCU,2025-12-21,Florida A&M,122.5,85.8,31,11,14,28,1,24
TCU,2025-12-29,Jackson State,152.5,84.9,27,8,7,24,1,51
TCU,2026-01-03,Baylor,104.2,95.1,20,10,16,23,1,6
TCU,2026-01-06,Kansas,116.7,121.4,35,13,15,25,-1,-4
TCU,2026-01-10,Arizona,97.0,114.3,21,12,7,21,1,-13
TCU,2026-01-14,Brigham Young,97.7,106.1,27,8,5,24,-1,-6
TCU,2026-01-17,Utah,111.3,115.6,15,8,7,20,-1,-3
TCU,2026-01-20,Oklahoma State,93.5,89.4,20,14,8,24,1,3
TCU,2026-01-24,Baylor,121.6,112.8,13,10,5,16,-1,7
TCU,2026-01-28,Houston,99.8,112.6,15,12,6,21,1,-9
TCU,2026-02-01,Colorado,90.2,128.7,23,10,14,21,-1,-26
TCU,2026-02-07,Kansas State,112.8,110.1,26,13,12,23,1,2
TCU,2026-02-10,Iowa State,92.7,82.3,18,13,9,26,1,7
TCU,2026-02-14,Oklahoma State,122.0,118.1,25,7,11,25,-1,3
TCU,2026-02-17,UCF,97.7,112.9,21,12,10,21,-1,-11
TCU,2026-02-21,West Virginia,97.1,87.4,16,10,14,16,1,6
TCU,2026-02-24,Arizona State,117.7,102.0,23,7,15,21,1,12
TCU,2026-02-28,Kansas State,106.8,94.3,27,7,10,22,-1,9
TCU,2026-03-03,Texas Tech,115.0,102.4,20,12,15,22,-1,8
TCU,2026-03-07,Cincinnati,109.9,94.9,22,6,6,18,1,10
TCU,2026-03-11,Oklahoma State,131.1,121.5,23,7,16,18,0,7
TCU,2026-03-12,Kansas,96.6,103.2,25,13,10,26,0,-5
TCU,2026-03-19,Ohio State,104.9,101.7,23,6,12,26,0,2
TCU,2026-03-21,Duke,84.3,117.7,24,6,11,12,0,-23
Tarleton State,2025-11-03,SMU,103.7,131.0,18,13,7,19,-1,-20
Tarleton State,2025-11-05,Louisiana State,88.0,140.8,22,8,11,8,-1,-36
Tarleton State,2025-11-08,Texas A&M–Corpus Christi,119.4,108.2,15,13,8,25,1,8
Tarleton State,2025-11-11,Merrimack,101.8,83.1,11,15,11,23,1,14
Tarleton State,2025-11-14,Baylor,109.3,126.9,12,20,14,13,-1,-13
Tarleton State,2025-11-17,Angelo St.,103.8,72.8,10,14,10,31,1,23
Tarleton State,2025-11-20,Rice,119.0,97.8,9,12,6,25,-1,16
Tarleton State,2025-11-28,Midwestern St.,87.0,74.0,15,17,9,20,1,10
Tarleton State,2025-12-01,Cincinnati,81.2,106.5,20,18,3,15,-1,-18
Tarleton State,2025-12-03,Howard Payne,132.9,60.3,26,11,16,35,1,65
Tarleton State,2025-12-07,Cameron,117.7,79.7,20,14,11,29,1,30
Tarleton State,2025-12-16,Mississippi Valley State,114.9,83.6,21,16,7,19,-1,24
Tarleton State,2025-12-19,Florida A&M,97.9,67.8,10,19,9,28,1,24
Tarleton State,2025-12-29,UT Arlington,104.1,95.0,13,6,5,17,-1,6
Tarleton State,2026-01-01,Utah Valley,109.5,117.2,18,9,7,17,1,-6
Tarleton State,2026-01-03,California Baptist,107.9,101.3,12,12,5,14,1,5
Tarleton State,2026-01-08,Abilene Christian,108.8,114.2,6,14,9,15,1,-4
Tarleton State,2026-01-15,Southern Utah,114.6,115.7,15,15,9,26,-1,-1
Tarleton State,2026-01-17,Utah Tech,99.0,104.6,18,8,13,19,-1,-4
Tarleton State,2026-01-21,UT Arlington,93.7,103.9,9,18,8,16,-1,-7
Tarleton State,2026-01-29,Utah Valley,74.1,111.9,14,19,10,13,1,-28
Tarleton State,2026-01-31,Utah Tech,93.7,103.3,23,12,16,22,1,-6
Tarleton State,2026-02-05,California Baptist,81.3,82.7,9,12,2,20,-1,-1
Tarleton State,2026-02-07,Southern Utah,88.3,84.0,11,16,7,23,-1,3
Tarleton State,2026-02-14,Abilene Christian,82.4,101.9,12,20,6,14,-1,-14
Tarleton State,2026-02-16,Abilene Christian,84.7,80.8,12,19,2,24,1,3
Tarleton State,2026-02-19,Southern Utah,114.0,108.1,6,10,9,20,1,4
Tarleton State,2026-02-21,Utah Tech,112.8,125.4,22,6,9,19,1,-8
Tarleton State,2026-02-26,Utah Valley,102.9,112.9,15,11,15,23,-1,-7
Tarleton State,2026-02-28,California Baptist,98.7,120.9,8,17,16,17,-1,-15
Tarleton State,2026-03-05,UT Arlington,99.2,107.4,11,11,10,14,1,-5
Tarleton State,2026-03-11,Abilene Christian,98.7,106.3,13,13,9,19,0,-6
Temple,2025-11-05,Delaware State,126.1,98.8,21,6,9,20,1,18
Temple,2025-11-11,La Salle,128.5,90.0,24,7,11,25,1,27
Temple,2025-11-15,Boston College,95.7,102.4,22,5,9,24,1,-5
Temple,2025-11-19,Hofstra,115.0,107.9,16,10,4,21,1,5
Temple,2025-11-24,UC San Diego,107.9,129.2,24,7,7,24,0,-15
Temple,2025-11-25,Princeton,117.8,111.9,17,10,2,24,0,4
Temple,2025-11-26,Rhode Island,107.4,128.9,19,10,5,23,0,-15
Temple,2025-12-01,Villanova,92.8,122.6,8,9,5,18,-1,-18
Temple,2025-12-06,Saint Joseph's,106.7,108.2,26,10,15,19,0,-1
Temple,2025-12-09,Georgian Court,138.1,76.4,26,9,8,32,1,46
Temple,2025-12-14,Saint Francis (PA),136.9,96.5,25,6,2,24,1,28
Temple,2025-12-18,Davidson,106.4,98.6,19,6,4,22,-1,5
Temple,2025-12-22,Princeton,105.1,98.6,12,8,9,23,1,4
Temple,2025-12-30,Charlotte,112.0,107.6,14,10,5,20,-1,3
Temple,2026-01-03,UTSA,106.7,80.0,27,9,13,20,1,19
Temple,2026-01-07,East Carolina,108.4,96.9,24,10,9,17,1,8
Temple,2026-01-14,Memphis,79.0,82.0,19,14,9,27,-1,-2
Temple,2026-01-18,Florida Atlantic,92.1,99.6,22,15,10,28,1,-6
Temple,2026-01-21,Rice,110.0,103.7,16,6,9,21,-1,4
Temple,2026-01-24,UTSA,109.2,99.8,15,9,9,21,-1,6
Temple,2026-01-28,Charlotte,128.7,135.5,23,3,9,14,1,-4
Temple,2026-01-31,South Florida,106.9,105.5,29,11,9,18,1,1
Temple,2026-02-07,East Carolina,121.5,109.5,25,3,11,22,-1,8
Temple,2026-02-11,Tulane,93.7,109.4,25,8,9,22,-1,-11
Temple,2026-02-15,North Texas,96.4,101.1,23,14,9,24,1,-3
Temple,2026-02-18,UAB,105.1,112.6,15,5,11,24,1,-5
Temple,2026-02-21,Wichita State,89.2,108.0,13,6,6,17,-1,-12
Temple,2026-02-26,Florida Atlantic,114.0,120.2,19,7,5,19,-1,-4
Temple,2026-03-01,Rice,112.7,121.8,17,10,7,15,1,-6
Temple,2026-03-05,Tulane,131.2,88.4,26,6,6,32,1,29
Temple,2026-03-08,Tulsa,115.3,118.4,25,8,7,27,-1,-2
Temple,2026-03-11,Florida Atlantic,90.6,96.7,9,8,8,16,0,-4
Tennessee,2025-11-03,Mercer,103.3,82.9,17,19,13,35,1,15
Tennessee,2025-11-08,Northern Kentucky,135.5,79.9,29,12,16,31,1,39
Tennessee,2025-11-12,North Florida,128.5,85.7,27,14,19,32,1,33
Tennessee,2025-11-17,Rice,130.6,94.7,19,11,17,27,1,25
Tennessee,2025-11-20,Tennessee State,109.5,73.8,25,17,8,28,1,29
Tennessee,2025-11-24,Rutgers,124.6,87.9,22,12,12,27,0,25
Tennessee,2025-11-25,Houston,120.6,115.9,17,9,12,19,0,3
Tennessee,2025-11-26,Kansas,104.3,111.2,25,6,7,23,0,-5
Tennessee,2025-12-02,Syracuse,86.0,88.8,13,17,12,24,-1,-2
Tennessee,2025-12-06,Illinois,99.8,120.8,20,12,22,22,0,-13
Tennessee,2025-12-16,Louisville,116.2,86.8,18,10,7,25,1,21
Tennessee,2025-12-21,Gardner-Webb,132.4,73.3,31,9,15,34,1,42
Tennessee,2025-12-30,South Carolina State,153.1,78.7,23,10,20,30,1,51
Tennessee,2026-01-03,Arkansas,99.6,114.2,13,12,11,22,-1,-11
Tennessee,2026-01-06,Texas,122.9,102.7,15,13,15,20,1,14
Tennessee,2026-01-10,Florida,88.4,120.0,15,18,5,24,-1,-24
Tennessee,2026-01-13,Texas A&M,102.9,97.0,24,16,20,35,1,5
Tennessee,2026-01-17,Kentucky,116.6,119.6,19,12,12,17,1,-2
Tennessee,2026-01-24,Alabama,112.6,104.1,18,10,11,25,-1,6
Tennessee,2026-01-28,Georgia,124.3,122.9,23,9,22,25,-1,1
Tennessee,2026-01-31,Auburn,110.6,99.1,13,15,15,28,1,8
Tennessee,2026-02-03,Ole Miss,127.2,99.9,24,8,14,22,1,18
Tennessee,2026-02-07,Kentucky,105.7,110.2,21,11,19,26,-1,-3
Tennessee,2026-02-11,Mississippi State,103.7,91.0,13,11,12,31,-1,9
Tennessee,2026-02-14,Louisiana State,123.8,106.8,16,8,14,27,1,10
Tennessee,2026-02-18,Oklahoma,135.0,100.1,18,5,14,21,1,23
Tennessee,2026-02-21,Vanderbilt,107.4,101.1,12,9,13,22,-1,4
Tennessee,2026-02-24,Missouri,102.9,108.9,24,14,17,21,-1,-4
Tennessee,2026-02-28,Alabama,107.0,110.1,18,6,24,21,1,-2
Tennessee,2026-03-03,South Carolina,123.6,93.5,14,6,9,21,-1,19
Tennessee,2026-03-07,Vanderbilt,111.4,116.9,24,11,17,21,1,-4
Tennessee,2026-03-12,Auburn,111.9,96.3,13,6,10,27,0,10
Tennessee,2026-03-13,Vanderbilt,107.3,118.4,17,8,22,21,0,-7
Tennessee,2026-03-20,Miami (OH),116.9,84.0,20,15,9,24,0,22
Tennessee,2026-03-22,Virginia,113.6,103.5,19,10,7,23,0,7
Tennessee,2026-03-27,Iowa State,110.9,90.5,22,15,16,26,0,14
Tennessee,2026-03-29,Michigan,81.8,125.3,26,8,17,20,0,-33
Tennessee State,2025-11-03,Fisk,116.0,57.4,30,21,18,42,1,51
Tennessee State,2025-11-08,Belmont,93.9,103.5,27,13,14,24,-1,-8
Tennessee State,2025-11-11,Oakwood,135.8,90.5,25,12,13,35,1,38
Tennessee State,2025-11-16,Western Kentucky,103.6,120.0,24,14,8,19,-1,-13
Tennessee State,2025-11-20,Tennessee,73.8,109.5,27,21,9,17,-1,-29
Tennessee State,2025-11-25,UNC Asheville,101.8,99.1,15,14,13,18,-1,2
Tennessee State,2025-11-29,Tennessee Wesleyan,113.0,88.7,9,16,10,31,0,21
Tennessee State,2025-11-30,Chattanooga,106.2,97.1,18,8,8,29,-1,6
Tennessee State,2025-12-03,Alabama A&M,78.3,118.2,23,12,20,15,-1,-27
Tennessee State,2025-12-13,UNLV,86.1,82.0,16,18,11,24,-1,3
Tennessee State,2025-12-18,UT Martin,106.6,97.0,10,9,4,23,1,7
Tennessee State,2025-12-20,Southeast Missouri State,106.6,118.3,15,9,7,18,1,-9
Tennessee State,2025-12-30,Tennessee Tech,124.4,107.4,26,11,13,21,-1,12
Tennessee State,2026-01-03,Little Rock,109.3,102.8,17,11,10,26,-1,5
Tennessee State,2026-01-08,Western Illinois,125.8,95.1,17,11,10,27,-1,22
Tennessee State,2026-01-10,Eastern Illinois,97.4,103.0,23,12,8,24,-1,-4
Tennessee State,2026-01-15,Morehead State,133.3,127.0,18,10,10,22,1,5
Tennessee State,2026-01-17,Southern Indiana,107.4,98.6,17,4,8,28,1,6
Tennessee State,2026-01-22,SIU Edwardsville,97.5,109.4,22,6,14,16,-1,-8
Tennessee State,2026-01-24,Lindenwood,121.4,108.7,14,14,6,19,-1,10
Tennessee State,2026-01-29,Little Rock,99.2,89.2,18,14,8,28,1,7
Tennessee State,2026-02-02,Tennessee Tech,120.6,127.7,24,8,17,20,1,-5
Tennessee State,2026-02-05,Eastern Illinois,110.8,97.9,17,6,5,18,1,9
Tennessee State,2026-02-07,Western Illinois,122.8,82.9,19,8,10,28,1,27
Tennessee State,2026-02-12,Southern Indiana,106.2,103.3,11,13,14,20,-1,2
Tennessee State,2026-02-14,Morehead State,119.9,131.1,22,7,13,13,-1,-8
Tennessee State,2026-02-19,Lindenwood,110.1,99.0,17,11,16,21,1,9
Tennessee State,2026-02-21,SIU Edwardsville,122.7,81.3,19,12,8,27,1,27
Tennessee State,2026-02-26,Southeast Missouri State,107.3,96.4,11,11,10,26,-1,8
Tennessee State,2026-02-28,UT Martin,102.3,64.1,17,12,11,23,-1,25
Tennessee State,2026-03-06,UT Martin,109.6,88.6,22,14,13,21,0,13
Tennessee State,2026-03-07,Morehead State,131.3,94.6,26,9,11,28,0,26
Tennessee State,2026-03-20,Iowa State,92.6,135.1,21,15,10,18,0,-34
Tennessee Tech,2025-11-03,Western Kentucky,89.6,104.9,31,19,8,24,-1,-12
Tennessee Tech,2025-11-07,Charlotte,96.7,104.2,12,16,8,16,-1,-5
Tennessee Tech,2025-11-10,VU Lynchburg,134.9,66.3,30,15,19,40,1,60
Tennessee Tech,2025-11-13,Berea,114.5,85.2,42,15,13,25,1,22
Tennessee Tech,2025-11-17,West Georgia,87.7,90.6,20,14,5,27,1,-2
Tennessee Tech,2025-11-19,USC Upstate,112.1,107.0,21,17,8,30,-1,4
Tennessee Tech,2025-11-26,Kentucky,73.2,141.0,28,11,7,13,-1,-50
Tennessee Tech,2025-11-29,Georgia,92.2,140.0,17,14,8,21,-1,-42
Tennessee Tech,2025-12-03,Lipscomb,106.3,110.2,22,12,8,27,-1,-3
Tennessee Tech,2025-12-06,West Georgia,124.6,84.5,15,11,6,26,-1,28
Tennessee Tech,2025-12-13,Bethel (TN),117.2,80.0,23,17,6,31,1,32
Tennessee Tech,2025-12-18,Southeast Missouri State,117.5,102.3,15,9,6,25,1,11
Tennessee Tech,2025-12-20,UT Martin,96.2,133.5,29,15,8,15,1,-24
Tennessee Tech,2025-12-30,Tennessee State,107.4,124.4,21,15,8,22,1,-12
Tennessee Tech,2026-01-01,Little Rock,85.6,113.6,34,14,19,22,-1,-19
Tennessee Tech,2026-01-08,Eastern Illinois,96.4,112.2,20,14,6,21,-1,-10
Tennessee Tech,2026-01-10,Western Illinois,94.3,86.3,16,11,11,20,-1,5
Tennessee Tech,2026-01-15,Southern Indiana,77.1,101.3,20,12,9,33,1,-17
Tennessee Tech,2026-01-17,Morehead State,109.4,118.8,12,7,10,19,1,-6
Tennessee Tech,2026-01-22,Lindenwood,87.9,115.0,14,15,12,14,-1,-21
Tennessee Tech,2026-01-24,SIU Edwardsville,98.1,104.9,17,5,9,21,-1,-4
Tennessee Tech,2026-01-31,Little Rock,126.9,112.3,24,19,16,20,1,10
Tennessee Tech,2026-02-02,Tennessee State,127.7,120.6,24,11,5,19,-1,5
Tennessee Tech,2026-02-05,Western Illinois,158.1,117.4,27,6,11,20,1,25
Tennessee Tech,2026-02-07,Eastern Illinois,85.6,95.2,20,20,11,24,1,-6
Tennessee Tech,2026-02-12,Morehead State,104.2,115.3,21,6,13,19,-1,-7
Tennessee Tech,2026-02-14,Southern Indiana,122.5,110.6,15,9,8,24,-1,8
Tennessee Tech,2026-02-19,SIU Edwardsville,92.0,77.1,20,9,13,30,1,10
Tennessee Tech,2026-02-21,Lindenwood,109.6,86.8,21,10,7,28,1,15
Tennessee Tech,2026-02-26,UT Martin,73.7,96.2,23,16,6,24,-1,-15
Tennessee Tech,2026-02-28,Southeast Missouri State,107.3,130.8,16,8,4,21,-1,-16
Texas,2025-11-04,Duke,87.5,109.3,17,16,17,21,0,-15
Texas,2025-11-08,Lafayette,134.9,83.4,23,9,14,27,1,37
Texas,2025-11-12,FDU,122.1,76.2,23,9,13,38,1,35
Texas,2025-11-15,Kansas City,108.3,83.9,22,4,16,32,1,16
Texas,2025-11-18,Rider,132.3,86.8,30,6,6,30,1,34
Texas,2025-11-24,Arizona State,114.0,115.3,19,19,11,22,0,-1
Texas,2025-11-25,Chaminade,131.3,86.0,24,25,15,41,0,41
Texas,2025-11-26,NC State,139.7,132.9,32,7,6,25,0,5
Texas,2025-12-03,Virginia,104.0,132.7,19,7,10,20,1,-19
Texas,2025-12-08,Southern,131.0,95.1,20,13,9,25,1,26
Texas,2025-12-12,Connecticut,95.1,107.2,13,12,10,18,-1,-8
Texas,2025-12-16,Le Moyne,127.6,71.2,31,12,16,32,1,42
Texas,2025-12-22,Maryland Eastern Shore,133.4,100.8,22,9,12,25,1,23
Texas,2026-01-03,Mississippi State,116.9,120.4,25,10,10,25,1,-3
Texas,2026-01-06,Tennessee,102.7,122.9,29,16,11,13,-1,-14
Texas,2026-01-10,Alabama,122.6,117.3,24,7,14,28,-1,4
Texas,2026-01-14,Vanderbilt,118.9,95.1,17,14,10,30,1,16
Texas,2026-01-17,Texas A&M,109.1,115.3,21,8,8,26,1,-4
Texas,2026-01-21,Kentucky,113.4,120.5,18,8,11,18,-1,-5
Texas,2026-01-24,Georgia,132.2,101.8,21,10,11,18,1,20
Texas,2026-01-28,Auburn,123.8,132.9,26,11,6,19,-1,-6
Texas,2026-01-31,Oklahoma,117.3,102.4,21,13,5,25,-1,10
Texas,2026-02-03,South Carolina,123.1,109.9,19,11,15,22,1,9
Texas,2026-02-07,Ole Miss,121.5,104.6,16,9,7,25,1,11
Texas,2026-02-14,Missouri,126.9,101.5,17,7,13,21,-1,17
Texas,2026-02-17,Louisiana State,125.6,121.3,13,8,8,25,1,3
Texas,2026-02-21,Georgia,126.9,144.4,12,8,5,16,-1,-11
Texas,2026-02-25,Florida,108.3,128.1,13,11,11,15,1,-13
Texas,2026-02-28,Texas A&M,110.5,101.8,21,9,11,26,-1,6
Texas,2026-03-04,Arkansas,106.2,131.2,13,9,9,21,-1,-20
Texas,2026-03-07,Oklahoma,107.6,111.4,30,12,7,24,1,-3
Texas,2026-03-11,Ole Miss,93.4,107.5,20,13,8,27,0,-10
Texas,2026-03-17,NC State,95.6,92.7,17,12,13,25,0,2
Texas,2026-03-19,Brigham Young,114.5,102.9,22,8,14,22,0,8
Texas,2026-03-21,Gonzaga,113.0,103.8,15,5,5,22,0,6
Texas,2026-03-26,Purdue,124.6,127.8,25,7,11,17,0,-2
Texas A&M,2025-11-03,Northwestern State,126.5,87.8,31,12,13,26,1,30
Texas A&M,2025-11-06,Texas Southern,132.9,89.5,32,8,6,21,1,34
Texas A&M,2025-11-09,Oklahoma State,82.6,114.1,35,16,10,23,-1,-24
Texas A&M,2025-11-14,UCF,97.8,113.7,29,14,8,21,1,-12
Texas A&M,2025-11-18,Montana,123.8,116.6,23,10,6,22,1,5
Texas A&M,2025-11-21,Manhattan,144.3,90.0,37,8,6,29,1,41
Texas A&M,2025-11-25,Mississippi Valley State,137.3,96.1,34,13,11,15,1,36
Texas A&M,2025-11-28,Florida State,121.8,75.7,34,14,18,35,0,36
Texas A&M,2025-12-02,Pittsburgh,120.3,108.4,23,9,10,20,-1,8
Texas A&M,2025-12-07,SMU,92.8,107.9,34,16,13,24,0,-13
Texas A&M,2025-12-14,Jacksonville,143.6,96.2,25,12,15,25,1,37
Texas A&M,2025-12-21,East Texas A&M,138.6,90.4,28,14,8,29,1,41
Texas A&M,2025-12-29,Prairie View A&M,126.6,93.5,30,14,14,32,1,29
Texas A&M,2026-01-03,Louisiana State,104.5,100.4,28,15,14,23,1,3
Texas A&M,2026-01-06,Auburn,123.9,121.2,30,12,12,21,-1,2
Texas A&M,2026-01-10,Oklahoma,116.5,106.7,33,8,10,18,1,7
Texas A&M,2026-01-13,Tennessee,97.0,102.9,43,13,8,22,-1,-5
Texas A&M,2026-01-17,Texas,115.3,109.1,20,5,4,23,-1,4
Texas A&M,2026-01-21,Mississippi State,124.4,96.1,26,2,9,22,1,20
Texas A&M,2026-01-24,South Carolina,129.2,96.9,39,8,12,26,1,23
Texas A&M,2026-01-31,Georgia,120.1,100.5,34,13,14,30,-1,15
Texas A&M,2026-02-04,Alabama,123.2,127.0,31,6,5,30,-1,-3
Texas A&M,2026-02-07,Florida,90.0,115.5,34,9,14,21,1,-19
Texas A&M,2026-02-11,Missouri,129.5,131.0,33,9,8,17,1,-1
Texas A&M,2026-02-14,Vanderbilt,96.8,115.1,29,10,13,22,-1,-13
Texas A&M,2026-02-18,Ole Miss,115.4,111.1,20,13,13,21,1,3
Texas A&M,2026-02-21,Oklahoma,115.5,109.3,25,5,10,23,-1,4
Texas A&M,2026-02-25,Arkansas,108.0,127.2,25,15,4,21,-1,-15
Texas A&M,2026-02-28,Texas,101.8,110.5,19,7,8,22,1,-6
Texas A&M,2026-03-03,Kentucky,126.5,112.0,28,7,8,26,1,11
Texas A&M,2026-03-07,Louisiana State,99.2,96.1,33,10,14,31,-1,3
Texas A&M,2026-03-12,Oklahoma,95.7,126.1,31,9,10,21,0,-20
Texas A&M,2026-03-19,St. Mary's (CA),106.4,84.5,23,9,8,21,0,13
Texas A&M,2026-03-21,Houston,86.4,133.4,24,10,8,19,0,-31
Texas A&M–Corpus Christi,2025-11-03,Trinity (TX),113.6,76.6,27,11,18,23,1,27
Texas A&M–Corpus Christi,2025-11-06,SMU,81.2,96.6,29,11,15,27,-1,-11
Texas A&M–Corpus Christi,2025-11-08,Tarleton State,108.2,119.4,21,12,11,14,-1,-8
Texas A&M–Corpus Christi,2025-11-11,Kansas,63.2,105.8,14,11,3,20,-1,-31
Texas A&M–Corpus Christi,2025-11-16,Oklahoma State,87.2,107.5,19,14,8,16,-1,-16
Texas A&M–Corpus Christi,2025-11-22,Howard Payne,132.7,81.6,19,20,9,37,1,47
Texas A&M–Corpus Christi,2025-11-28,Xavier,87.1,114.4,15,10,8,29,-1,-21
Texas A&M–Corpus Christi,2025-12-06,Lamar,94.0,80.8,18,12,4,25,-1,8
Texas A&M–Corpus Christi,2025-12-12,Dallas Christian,131.1,66.8,27,14,10,38,1,53
Texas A&M–Corpus Christi,2025-12-17,Stephen F. Austin,91.0,104.6,16,11,11,21,-1,-9
Texas A&M–Corpus Christi,2025-12-20,SW Adventist,120.6,46.7,27,15,23,37,1,57
Texas A&M–Corpus Christi,2025-12-29,Nicholls State,110.7,118.5,18,14,6,17,1,-5
Texas A&M–Corpus Christi,2025-12-31,New Orleans,117.2,97.4,14,9,21,22,1,14
Texas A&M–Corpus Christi,2026-01-03,Texas–Rio Grande Valley,96.3,90.2,10,12,8,24,-1,4
Texas A&M–Corpus Christi,2026-01-05,Houston Christian,114.8,92.1,20,10,11,21,-1,16
Texas A&M–Corpus Christi,2026-01-10,Northwestern State,110.9,112.3,18,9,4,17,-1,-1
Texas A&M–Corpus Christi,2026-01-12,East Texas A&M,90.5,74.2,14,13,7,26,-1,11
Texas A&M–Corpus Christi,2026-01-17,Southeastern Louisiana,98.9,81.4,14,16,9,21,1,12
Texas A&M–Corpus Christi,2026-01-19,McNeese State,90.0,117.2,14,11,5,14,1,-16
Texas A&M–Corpus Christi,2026-01-24,Incarnate Word,112.7,101.3,14,15,11,22,-1,8
Texas A&M–Corpus Christi,2026-01-26,Texas–Rio Grande Valley,83.7,97.4,13,12,11,19,1,-9
Texas A&M–Corpus Christi,2026-01-31,Houston Christian,120.2,116.9,14,10,9,17,1,2
Texas A&M–Corpus Christi,2026-02-02,Incarnate Word,102.7,105.7,16,11,6,23,1,-2
Texas A&M–Corpus Christi,2026-02-07,Nicholls State,120.8,110.6,13,13,5,25,-1,7
Texas A&M–Corpus Christi,2026-02-09,New Orleans,90.1,97.0,20,18,12,20,-1,-6
Texas A&M–Corpus Christi,2026-02-14,Lamar,109.8,91.0,15,6,6,22,1,13
Texas A&M–Corpus Christi,2026-02-16,Stephen F. Austin,98.5,113.0,25,11,9,25,1,-10
Texas A&M–Corpus Christi,2026-02-21,McNeese State,84.2,109.2,22,18,6,22,-1,-16
Texas A&M–Corpus Christi,2026-02-23,Southeastern Louisiana,111.2,103.6,8,14,8,20,-1,5
Texas A&M–Corpus Christi,2026-02-28,Northwestern State,117.4,97.5,22,5,10,21,1,12
Texas A&M–Corpus Christi,2026-03-02,East Texas A&M,124.0,104.8,22,13,13,22,1,13
Texas A&M–Corpus Christi,2026-03-09,New Orleans,119.9,98.8,19,16,11,20,0,13
Texas A&M–Corpus Christi,2026-03-10,Stephen F. Austin,95.5,98.8,15,15,5,27,0,-2
Texas Southern,2025-11-03,Gonzaga,57.7,131.5,21,16,9,14,-1,-55
Texas Southern,2025-11-06,Texas A&M,89.5,132.9,15,23,8,23,-1,-34
Texas Southern,2025-11-12,Samford,115.5,119.3,15,6,6,31,1,-3
Texas Southern,2025-11-15,Texas State,92.4,106.2,12,16,9,15,-1,-10
Texas Southern,2025-11-20,Vanderbilt,96.6,142.3,15,13,4,13,-1,-35
Texas Southern,2025-11-26,College of Biblical Studies,119.4,51.5,19,18,9,35,1,58
Texas Southern,2025-12-06,Sam Houston State,84.1,98.5,24,15,10,22,1,-12
Texas Southern,2025-12-14,Minnesota,76.2,128.0,18,15,5,23,-1,-36
Texas Southern,2025-12-17,NC State,100.5,150.7,24,12,13,17,-1,-36
Texas Southern,2025-12-22,Abilene Christian,98.7,108.8,11,12,3,20,1,-7
Texas Southern,2025-12-30,Huston-Tilotson,106.2,74.4,15,16,13,33,1,24
Texas Southern,2026-01-03,Southern,92.2,106.1,19,17,5,26,-1,-11
Texas Southern,2026-01-05,Grambling State,96.0,120.4,21,15,9,16,-1,-17
Texas Southern,2026-01-10,Arkansas–Pine Bluff,93.3,104.6,14,11,8,22,1,-8
Texas Southern,2026-01-12,Mississippi Valley State,124.2,75.4,33,12,9,24,1,33
Texas Southern,2026-01-17,Alcorn State,112.9,111.3,9,5,7,21,-1,1
Texas Southern,2026-01-19,Jackson State,119.7,126.4,28,10,12,22,-1,-5
Texas Southern,2026-01-24,Alabama A&M,130.0,108.1,20,6,8,25,1,15
Texas Southern,2026-01-27,Alabama State,131.4,87.6,29,11,11,29,1,32
Texas Southern,2026-01-31,Prairie View A&M,109.3,119.1,18,9,13,31,-1,-7
Texas Southern,2026-02-07,Florida A&M,97.8,90.0,15,15,9,21,-1,5
Texas Southern,2026-02-09,Bethune-Cookman,91.1,104.4,23,11,10,25,-1,-10
Texas Southern,2026-02-14,Grambling State,117.4,113.1,21,13,6,22,1,3
Texas Southern,2026-02-16,Southern,103.0,101.6,19,15,9,27,1,1
Texas Southern,2026-02-19,Arkansas–Pine Bluff,117.2,90.3,26,8,5,28,-1,19
Texas Southern,2026-02-21,Mississippi Valley State,102.3,103.7,14,10,6,20,-1,-1
Texas Southern,2026-02-26,Alcorn State,117.0,110.7,14,9,13,26,1,5
Texas Southern,2026-02-28,Jackson State,114.6,79.7,19,16,13,25,1,25
Texas Southern,2026-03-05,Prairie View A&M,84.3,100.0,16,9,16,26,1,-11
Texas Southern,2026-03-12,Alabama A&M,97.7,112.2,16,14,13,24,0,-11
Texas State,2025-11-03,Bowling Green,69.1,119.5,17,16,5,20,-1,-35
Texas State,2025-11-05,Texas A&M–San Antonio,137.4,66.3,19,12,4,33,1,59
Texas State,2025-11-08,Tulane,104.9,116.7,16,10,10,21,-1,-8
Texas State,2025-11-12,UTSA,109.0,94.0,20,8,16,25,1,11
Texas State,2025-11-15,Texas Southern,106.2,92.4,15,17,7,24,1,10
Texas State,2025-11-18,Abilene Christian,96.6,75.1,8,18,10,23,1,14
Texas State,2025-11-21,Little Rock,98.4,84.8,11,17,8,25,1,9
Texas State,2025-11-24,Texas Lutheran,127.3,56.1,17,11,19,30,1,52
Texas State,2025-11-28,Seattle,83.3,105.7,11,14,10,19,0,-14
Texas State,2025-11-29,Lehigh,102.3,107.9,6,13,12,22,0,-4
Texas State,2025-12-03,Rice,105.3,112.6,13,9,12,22,-1,-5
Texas State,2025-12-10,Southern,106.3,102.6,17,18,7,25,1,3
Texas State,2025-12-17,Arkansas State,93.9,119.4,11,11,7,11,1,-19
Texas State,2025-12-20,South Alabama,99.3,96.4,23,12,17,23,1,2
Texas State,2025-12-31,Troy,115.2,144.0,20,13,11,15,-1,-20
Texas State,2026-01-03,Louisiana–Monroe,113.3,106.5,14,12,14,21,-1,5
Texas State,2026-01-08,Southern Mississippi,89.8,102.7,25,13,10,25,-1,-10
Texas State,2026-01-10,Arkansas State,105.7,106.9,11,16,8,23,-1,-1
Texas State,2026-01-14,Louisiana,96.9,88.7,7,11,6,27,1,5
Texas State,2026-01-17,Southern Mississippi,102.1,92.4,13,18,5,26,1,7
Texas State,2026-01-22,Coastal Carolina,101.6,104.5,13,4,11,27,-1,-2
Texas State,2026-01-24,James Madison,89.6,128.9,17,7,8,14,-1,-25
Texas State,2026-01-28,Marshall,105.3,99.5,15,11,10,27,1,4
Texas State,2026-01-31,Old Dominion,111.5,88.1,16,8,9,28,1,17
Texas State,2026-02-04,Georgia Southern,109.3,100.8,14,11,10,21,-1,6
Texas State,2026-02-07,Western Michigan,119.8,94.9,18,8,5,23,1,16
Texas State,2026-02-11,Troy,111.8,93.7,9,13,5,19,1,12
Texas State,2026-02-14,Louisiana–Monroe,143.7,127.0,11,7,12,17,1,11
Texas State,2026-02-19,South Alabama,121.9,111.0,24,11,11,25,-1,8
Texas State,2026-02-21,Louisiana,87.4,108.4,12,14,10,19,-1,-13
Texas State,2026-02-27,Appalachian State,96.3,91.5,9,9,5,22,1,3
Texas State,2026-03-06,Southern Mississippi,112.3,118.2,6,12,11,19,0,-4
Texas Tech,2025-11-04,Lindenwood,126.2,77.3,45,6,21,35,1,38
Texas Tech,2025-11-07,Sam Houston State,134.3,105.5,28,11,17,21,1,21
Texas Tech,2025-11-11,Illinois,105.6,111.1,22,12,6,21,-1,-4
Texas Tech,2025-11-14,Milwaukee,123.3,97.1,31,8,13,20,1,17
Texas Tech,2025-11-20,Wake Forest,108.8,107.5,35,14,13,26,0,1
Texas Tech,2025-11-21,Purdue,84.4,129.5,34,8,8,16,0,-30
Texas Tech,2025-11-26,New Orleans,113.1,68.9,24,12,16,24,1,32
Texas Tech,2025-11-30,Wyoming,109.0,103.3,17,10,11,19,1,4
Texas Tech,2025-12-07,Louisiana State,115.0,81.4,27,13,11,34,0,24
Texas Tech,2025-12-13,Arkansas,125.5,135.7,31,7,11,18,0,-7
Texas Tech,2025-12-16,Northern Colorado,147.2,131.2,28,3,4,19,1,11
Texas Tech,2025-12-20,Duke,118.1,116.7,22,10,7,23,0,1
Texas Tech,2025-12-28,Winthrop,121.4,79.6,26,14,9,26,1,30
Texas Tech,2026-01-03,Oklahoma State,133.6,104.8,37,7,14,30,1,22
Texas Tech,2026-01-06,Houston,97.3,103.2,28,13,8,25,-1,-4
Texas Tech,2026-01-10,Colorado,104.9,102.0,31,9,15,29,-1,2
Texas Tech,2026-01-14,Utah,121.0,101.8,31,11,11,26,1,14
Texas Tech,2026-01-17,Brigham Young,117.8,99.6,29,10,8,24,1,13
Texas Tech,2026-01-20,Baylor,131.7,104.5,27,13,2,21,-1,19
Texas Tech,2026-01-24,Houston,135.1,129.1,29,8,18,23,1,4
Texas Tech,2026-01-31,UCF,115.0,126.5,29,13,4,18,-1,-8
Texas Tech,2026-02-02,Kansas,86.8,91.1,40,9,12,23,1,-3
Texas Tech,2026-02-08,West Virginia,109.3,98.4,24,10,2,23,-1,7
Texas Tech,2026-02-11,Colorado,121.5,68.5,30,11,16,29,1,34
Texas Tech,2026-02-14,Arizona,107.8,103.6,33,8,11,27,-1,3
Texas Tech,2026-02-17,Arizona State,96.9,104.2,22,16,6,23,-1,-5
Texas Tech,2026-02-21,Kansas State,142.9,102.9,28,5,8,28,1,28
Texas Tech,2026-02-24,Cincinnati,130.4,110.9,25,11,11,26,1,12
Texas Tech,2026-02-28,Iowa State,127.1,113.1,29,14,9,25,-1,9
Texas Tech,2026-03-03,TCU,102.4,115.0,32,13,7,16,1,-8
Texas Tech,2026-03-07,Brigham Young,121.8,131.4,35,8,9,19,-1,-6
Texas Tech,2026-03-12,Iowa State,81.3,115.0,29,10,6,21,0,-22
Texas Tech,2026-03-20,Akron,133.3,104.0,20,10,6,22,0,20
Texas Tech,2026-03-22,Alabama,89.9,124.5,25,10,9,19,0,-25
Texas–Rio Grande Valley,2025-11-03,Baylor,103.6,122.7,27,12,2,23,-1,-15
Texas–Rio Grande Valley,2025-11-08,Southern Utah,124.7,94.5,28,12,14,31,-1,23
Texas–Rio Grande Valley,2025-11-11,Boise State,84.8,110.9,15,16,3,15,-1,-20
Texas–Rio Grande Valley,2025-11-17,SW Adventist,159.7,77.0,36,5,17,28,1,57
Texas–Rio Grande Valley,2025-11-22,Missouri State,102.0,112.7,19,13,8,24,-1,-7
Texas–Rio Grande Valley,2025-11-24,Illinois,103.5,123.4,26,4,10,21,-1,-14
Texas–Rio Grande Valley,2025-12-03,Stephen F. Austin,83.3,101.4,16,7,5,30,-1,-13
Texas–Rio Grande Valley,2025-12-07,Austin Peay,91.8,72.9,25,19,11,33,1,13
Texas–Rio Grande Valley,2025-12-11,UT Arlington,85.1,98.8,20,9,4,19,1,-8
Texas–Rio Grande Valley,2025-12-16,Lamar,117.6,102.0,25,11,6,29,-1,11
Texas–Rio Grande Valley,2025-12-20,College of Biblical Studies,153.5,71.8,33,6,15,31,1,58
Texas–Rio Grande Valley,2025-12-29,New Orleans,96.1,118.4,28,16,8,19,1,-16
Texas–Rio Grande Valley,2025-12-31,Nicholls State,99.2,102.1,23,17,11,20,1,-2
Texas–Rio Grande Valley,2026-01-03,Texas A&M–Corpus Christi,90.2,96.3,19,10,7,18,1,-4
Texas–Rio Grande Valley,2026-01-05,Incarnate Word,118.8,99.5,32,9,13,24,1,13
Texas–Rio Grande Valley,2026-01-10,East Texas A&M,103.5,115.5,26,12,7,17,-1,-8
Texas–Rio Grande Valley,2026-01-12,Northwestern State,96.0,97.5,25,13,4,24,-1,-1
Texas–Rio Grande Valley,2026-01-17,McNeese State,118.8,114.3,27,12,4,21,1,3
Texas–Rio Grande Valley,2026-01-19,Southeastern Louisiana,101.9,97.4,27,9,8,24,1,3
Texas–Rio Grande Valley,2026-01-24,Houston Christian,110.8,83.1,18,9,1,19,-1,17
Texas–Rio Grande Valley,2026-01-26,Texas A&M–Corpus Christi,97.4,83.7,25,13,10,25,-1,9
Texas–Rio Grande Valley,2026-01-31,Incarnate Word,147.3,129.3,25,4,5,14,-1,13
Texas–Rio Grande Valley,2026-02-02,Houston Christian,111.5,85.9,24,12,11,28,1,17
Texas–Rio Grande Valley,2026-02-07,New Orleans,126.6,101.3,31,11,14,24,-1,19
Texas–Rio Grande Valley,2026-02-09,Nicholls State,133.4,104.4,21,15,10,25,-1,20
Texas–Rio Grande Valley,2026-02-14,Stephen F. Austin,89.0,103.0,26,11,9,24,1,-9
Texas–Rio Grande Valley,2026-02-16,Lamar,112.4,104.4,28,2,11,19,1,5
Texas–Rio Grande Valley,2026-02-21,Southeastern Louisiana,150.4,117.5,28,8,4,20,-1,21
Texas–Rio Grande Valley,2026-02-23,McNeese State,96.6,106.5,27,16,4,24,-1,-7
Texas–Rio Grande Valley,2026-02-28,East Texas A&M,105.7,92.3,21,9,8,27,1,8
Texas–Rio Grande Valley,2026-03-02,Northwestern State,112.8,94.5,23,8,6,22,1,12
Texas–Rio Grande Valley,2026-03-09,Nicholls State,131.5,104.0,24,11,5,20,0,18
Texas–Rio Grande Valley,2026-03-10,McNeese State,94.3,99.0,30,20,7,37,0,-4
The Citadel,2025-11-03,Erskine,147.0,85.4,59,7,22,25,1,44
The Citadel,2025-11-06,Boston College,71.3,115.3,26,10,8,24,-1,-29
The Citadel,2025-11-10,Charleston Southern,116.0,129.5,20,8,4,20,1,-10
The Citadel,2025-11-14,West Georgia,118.1,128.4,24,7,9,19,-1,-8
The Citadel,2025-11-19,North Greenville,114.6,93.3,28,8,5,26,1,13
The Citadel,2025-11-24,Bellarmine,96.5,116.5,24,11,17,24,1,-12
The Citadel,2025-11-26,Houston Christian,109.8,121.6,29,8,9,17,1,-7
The Citadel,2025-11-30,Presbyterian,75.6,127.2,22,9,6,13,0,-28
The Citadel,2025-12-04,Davidson,99.5,124.8,20,14,6,24,-1,-16
The Citadel,2025-12-09,S Wesleyan,131.5,97.9,49,4,14,28,1,25
The Citadel,2025-12-13,South Carolina,82.4,106.4,19,8,8,19,-1,-16
The Citadel,2025-12-17,College of Charleston,106.0,111.4,37,11,9,24,-1,-4
The Citadel,2025-12-20,Richmond,84.0,120.0,25,16,7,19,-1,-24
The Citadel,2025-12-30,East Tennessee State,78.9,119.2,32,15,10,14,1,-25
The Citadel,2026-01-03,Wofford,121.9,134.7,24,13,7,20,1,-9
The Citadel,2026-01-07,Mercer,92.5,148.3,26,18,6,10,-1,-38
The Citadel,2026-01-10,Western Carolina,110.6,107.8,28,11,11,27,1,2
The Citadel,2026-01-15,UNC Greensboro,95.5,99.8,32,12,8,24,-1,-3
The Citadel,2026-01-17,VMI,121.9,101.1,20,9,6,28,-1,14
The Citadel,2026-01-21,Furman,107.8,105.0,28,10,10,19,1,2
The Citadel,2026-01-23,East Tennessee State,85.1,130.0,27,10,3,18,-1,-29
The Citadel,2026-01-29,VMI,128.1,89.7,38,7,13,26,1,24
The Citadel,2026-01-31,UNC Greensboro,101.8,94.7,35,6,10,25,1,5
The Citadel,2026-02-05,Samford,96.6,117.8,21,11,10,20,-1,-14
The Citadel,2026-02-07,Chattanooga,112.3,102.2,29,9,4,23,-1,7
The Citadel,2026-02-11,Western Carolina,76.6,136.1,27,11,5,17,-1,-38
The Citadel,2026-02-14,Mercer,87.6,113.6,25,12,9,19,1,-16
The Citadel,2026-02-19,Samford,104.3,108.5,29,6,7,22,1,-3
The Citadel,2026-02-21,Chattanooga,99.1,128.0,45,9,20,14,1,-21
The Citadel,2026-02-25,Furman,85.2,120.3,28,7,4,13,-1,-21
The Citadel,2026-02-28,Wofford,121.2,117.3,26,11,4,19,-1,3
The Citadel,2026-03-06,Chattanooga,137.6,132.9,31,6,8,19,0,3
The Citadel,2026-03-07,East Tennessee State,115.2,125.8,26,9,10,17,0,-7
Toledo,2025-11-03,South Alabama,114.3,117.4,33,11,4,17,1,-2
Toledo,2025-11-08,Marshall,103.0,120.0,19,12,15,18,1,-12
Toledo,2025-11-11,Wright State,118.1,103.5,10,15,10,13,-1,10
Toledo,2025-11-15,Detroit Mercy,114.4,105.5,25,14,8,24,1,7
Toledo,2025-11-19,Youngstown State,126.9,103.4,15,10,10,20,1,17
Toledo,2025-11-24,Troy,103.6,94.0,18,11,9,21,0,7
Toledo,2025-11-26,Belmont,101.0,122.0,31,11,5,13,0,-15
Toledo,2025-12-01,Central St (OH),132.2,75.2,18,8,18,34,1,44
Toledo,2025-12-06,Oakland,125.0,126.3,21,12,17,24,-1,-1
Toledo,2025-12-13,Robert Morris,101.0,108.3,12,7,9,23,-1,-5
Toledo,2025-12-16,Michigan State,94.5,125.9,27,4,5,16,-1,-23
Toledo,2025-12-20,Lourdes,131.9,88.4,26,11,12,30,1,33
Toledo,2025-12-30,Western Michigan,115.3,108.4,25,10,19,22,1,5
Toledo,2026-01-03,Central Michigan,109.2,105.0,12,7,11,25,-1,3
Toledo,2026-01-06,Northern Illinois,107.0,87.0,12,10,6,21,-1,14
Toledo,2026-01-09,Miami (OH),103.3,123.1,18,11,9,21,1,-14
Toledo,2026-01-13,Ohio,141.2,118.8,17,9,10,20,1,16
Toledo,2026-01-16,Kent State,115.2,119.3,19,11,9,17,-1,-3
Toledo,2026-01-20,Massachusetts,113.6,116.4,14,15,6,20,-1,-2
Toledo,2026-01-24,Bowling Green,106.3,104.8,25,7,9,17,1,1
Toledo,2026-01-27,Akron,115.9,130.2,20,15,7,17,-1,-10
Toledo,2026-01-31,Ball State,105.4,79.4,23,13,5,26,1,18
Toledo,2026-02-03,Kent State,104.3,108.6,20,9,10,21,1,-3
Toledo,2026-02-07,James Madison,103.5,106.4,17,8,3,17,-1,-2
Toledo,2026-02-11,Western Michigan,127.3,111.8,19,5,3,23,-1,11
Toledo,2026-02-14,Bowling Green,103.6,118.3,24,9,11,25,-1,-10
Toledo,2026-02-21,Eastern Michigan,130.1,103.8,15,9,4,24,1,19
Toledo,2026-02-24,Northern Illinois,118.6,103.6,16,7,10,22,1,10
Toledo,2026-02-28,Ohio,117.6,99.7,17,5,12,31,-1,12
Toledo,2026-03-03,Miami (OH),101.7,104.5,21,10,7,23,-1,-2
Toledo,2026-03-06,Buffalo,151.8,119.6,24,6,9,18,1,21
Toledo,2026-03-12,Bowling Green,110.6,109.2,16,11,10,20,0,1
Toledo,2026-03-13,Massachusetts,108.0,94.0,20,12,3,24,0,10
Toledo,2026-03-14,Akron,109.0,113.3,24,10,3,25,0,-3
Towson,2025-11-03,Loyola (MD),99.7,83.3,11,10,9,23,0,11
Towson,2025-11-08,Houston,72.2,97.8,18,18,8,19,-1,-17
Towson,2025-11-11,Wilson,126.7,77.8,34,11,13,33,1,39
Towson,2025-11-14,Norfolk State,79.2,63.7,34,8,12,31,1,10
Towson,2025-11-18,James Madison,122.1,131.8,21,7,17,20,-1,-6
Towson,2025-11-24,Rhode Island,99.5,88.3,13,10,9,21,0,7
Towson,2025-11-25,Liberty,111.3,106.6,17,10,10,27,0,3
Towson,2025-11-26,UC San Diego,111.3,132.6,29,9,12,20,0,-14
Towson,2025-12-03,Cornell,133.2,114.6,22,10,14,20,1,13
Towson,2025-12-07,UCF,93.7,132.2,21,12,9,12,-1,-25
Towson,2025-12-16,Kansas,74.6,111.2,24,10,18,20,-1,-24
Towson,2025-12-19,Notre Dame (MD),131.4,73.7,24,15,16,39,1,47
Towson,2025-12-22,Sacred Heart,105.7,69.0,31,11,9,26,1,25
Towson,2025-12-29,William & Mary,100.3,120.4,25,10,11,22,-1,-14
Towson,2025-12-31,Hampton,100.9,102.6,19,9,13,17,-1,-1
Towson,2026-01-03,Monmouth,74.5,96.2,31,11,14,19,1,-14
Towson,2026-01-08,Hofstra,98.5,114.6,22,12,13,20,1,-11
Towson,2026-01-10,Northeastern,126.5,113.4,12,15,12,27,-1,9
Towson,2026-01-15,College of Charleston,86.3,73.6,26,9,10,26,1,9
Towson,2026-01-19,Drexel,90.9,89.3,16,10,14,23,1,1
Towson,2026-01-22,Elon,118.8,97.4,23,5,18,19,-1,13
Towson,2026-01-24,North Carolina A&T,102.5,112.3,22,11,8,21,-1,-7
Towson,2026-01-29,UNC Wilmington,114.7,128.8,16,4,5,23,1,-9
Towson,2026-01-31,Hampton,122.0,74.4,16,9,7,33,1,32
Towson,2026-02-07,Hofstra,79.9,115.8,17,11,12,19,-1,-22
Towson,2026-02-12,Stony Brook,104.7,86.5,24,9,13,28,1,12
Towson,2026-02-15,Monmouth,105.9,107.4,21,15,10,27,-1,-1
Towson,2026-02-22,Drexel,94.6,103.7,13,5,8,19,-1,-6
Towson,2026-02-26,Elon,93.4,90.1,23,8,10,28,1,2
Towson,2026-02-28,Campbell,117.0,110.4,16,8,10,23,1,4
Towson,2026-03-03,Stony Brook,113.6,93.9,25,7,13,25,-1,12
Towson,2026-03-07,Hampton,105.8,97.2,11,12,8,26,0,6
Towson,2026-03-08,College of Charleston,130.8,90.4,22,7,14,26,0,25
Towson,2026-03-09,Hofstra,108.5,113.5,16,4,13,16,0,-3
Troy,2025-11-03,Kent State,120.2,113.2,26,11,6,27,-1,6
Troy,2025-11-07,Furman,92.8,88.5,30,13,7,24,-1,3
Troy,2025-11-11,Pensa. Christian,146.1,67.6,36,7,14,29,1,65
Troy,2025-11-14,Loyola Marymount,90.2,105.9,23,20,7,25,-1,-11
Troy,2025-11-16,Cal State Northridge,113.3,125.3,31,8,6,17,-1,-9
Troy,2025-11-18,San Diego State,119.2,118.1,34,12,15,23,-1,1
Troy,2025-11-20,Southern California,103.7,104.7,32,18,21,35,-1,-1
Troy,2025-11-24,Toledo,94.0,103.6,28,12,10,24,0,-7
Troy,2025-11-26,Saint Francis (PA),100.1,86.6,23,19,13,22,0,10
Troy,2025-12-01,West Georgia,101.0,105.5,28,16,8,36,1,-4
Troy,2025-12-06,LaGrange,116.1,54.0,34,16,16,37,1,54
Troy,2025-12-14,UAB,124.8,123.4,28,8,8,19,-1,1
Troy,2025-12-20,Marshall,100.3,90.3,28,11,12,23,1,7
Troy,2025-12-31,Texas State,144.0,115.2,16,8,13,18,1,20
Troy,2026-01-03,South Alabama,99.7,82.8,42,8,12,25,1,10
Troy,2026-01-07,Arkansas State,98.5,114.4,28,11,9,21,-1,-12
Troy,2026-01-10,Louisiana,139.1,108.2,29,13,16,21,-1,20
Troy,2026-01-14,Southern Mississippi,130.3,93.1,25,8,12,22,1,26
Troy,2026-01-17,Arkansas State,143.0,106.9,32,7,11,25,1,25
Troy,2026-01-21,Old Dominion,100.0,92.8,26,13,9,34,-1,6
Troy,2026-01-24,Georgia Southern,122.5,115.2,25,13,12,21,-1,5
Troy,2026-01-29,James Madison,94.8,108.1,29,6,7,22,1,-9
Troy,2026-01-31,Appalachian State,73.5,110.3,27,9,7,19,1,-22
Troy,2026-02-04,Georgia State,113.2,96.4,28,8,15,26,-1,11
Troy,2026-02-07,Akron,125.1,109.3,27,5,9,23,1,10
Troy,2026-02-11,Texas State,93.7,111.8,27,15,6,15,-1,-12
Troy,2026-02-14,Southern Mississippi,98.3,104.4,22,13,11,24,-1,-4
Troy,2026-02-18,Louisiana–Monroe,107.5,106.1,29,9,9,29,-1,1
Troy,2026-02-21,South Alabama,88.5,106.5,42,9,12,23,-1,-11
Troy,2026-02-24,Louisiana,130.9,99.0,18,9,9,20,1,19
Troy,2026-02-27,Louisiana–Monroe,126.4,102.7,30,9,14,21,1,15
Troy,2026-03-08,Southern Mississippi,104.3,93.6,17,15,10,20,0,8
Troy,2026-03-09,Georgia Southern,120.1,95.2,17,16,9,23,0,16
Troy,2026-03-19,Nebraska,74.3,120.2,28,17,6,22,0,-29
Tulane,2025-11-03,Samford,126.6,107.3,21,7,2,26,1,13
Tulane,2025-11-08,Texas State,116.7,104.9,20,11,3,20,1,8
Tulane,2025-11-11,Louisiana,101.7,95.5,14,10,5,22,-1,4
Tulane,2025-11-14,New Orleans,93.7,126.4,27,5,6,15,1,-22
Tulane,2025-11-21,Utah State,106.7,136.6,30,13,3,15,0,-21
Tulane,2025-11-23,Boston College,116.8,113.1,17,7,6,29,0,3
Tulane,2025-11-28,Nicholls State,117.0,102.7,25,12,6,20,1,10
Tulane,2025-12-02,Grambling State,99.6,96.6,22,7,7,19,1,2
Tulane,2025-12-06,Akron,96.9,120.1,33,8,7,17,1,-17
Tulane,2025-12-10,Tougaloo,108.0,92.6,30,15,13,25,1,12
Tulane,2025-12-14,UC San Diego,84.3,116.9,20,15,8,23,0,-26
Tulane,2025-12-17,Louisiana Tech,102.3,88.9,24,6,10,17,1,8
Tulane,2025-12-20,Portland State,93.4,90.5,17,15,10,19,1,2
Tulane,2025-12-31,East Carolina,113.8,100.8,23,11,10,24,-1,9
Tulane,2026-01-04,Florida Atlantic,99.1,94.8,25,8,7,18,1,3
Tulane,2026-01-10,UTSA,122.0,74.6,42,10,9,28,-1,33
Tulane,2026-01-14,UAB,98.2,116.7,27,10,7,19,1,-13
Tulane,2026-01-18,North Texas,93.7,105.6,24,11,6,19,1,-8
Tulane,2026-01-21,Florida Atlantic,104.5,111.6,15,12,6,22,-1,-5
Tulane,2026-01-23,Charlotte,106.1,110.6,21,9,2,14,-1,-3
Tulane,2026-01-28,South Florida,107.1,125.1,34,11,6,20,1,-14
Tulane,2026-02-01,Memphis,112.7,109.8,24,12,3,20,-1,2
Tulane,2026-02-08,Wichita State,82.2,101.1,17,14,4,23,1,-14
Tulane,2026-02-11,Temple,109.4,93.7,18,13,6,29,1,11
Tulane,2026-02-15,UAB,86.3,84.7,28,9,7,27,-1,1
Tulane,2026-02-19,North Texas,112.3,103.5,22,9,7,20,-1,6
Tulane,2026-02-22,Rice,117.2,108.5,29,10,6,25,1,6
Tulane,2026-02-25,Tulsa,81.3,130.7,22,12,5,18,1,-34
Tulane,2026-03-01,South Florida,84.5,122.7,28,18,7,22,-1,-28
Tulane,2026-03-05,Temple,88.4,131.2,22,7,1,17,-1,-29
Tulane,2026-03-08,Memphis,114.0,115.2,26,7,5,19,1,-1
Tulane,2026-03-11,Memphis,108.7,92.6,34,10,11,23,0,12
Tulane,2026-03-12,Charlotte,95.2,117.4,33,4,6,14,0,-14
Tulsa,2025-11-03,Oklahoma Christian,139.0,79.2,28,12,21,35,1,43
Tulsa,2025-11-07,Rhode Island,121.1,96.0,22,14,9,17,0,17
Tulsa,2025-11-12,Oral Roberts,118.4,117.1,23,12,10,21,-1,1
Tulsa,2025-11-17,Kansas State,110.1,111.4,30,8,13,24,-1,-1
Tulsa,2025-11-21,Austin Peay,121.6,108.5,32,11,7,24,1,9
Tulsa,2025-11-25,San Jose State,126.1,79.4,25,9,7,26,0,30
Tulsa,2025-11-26,Northern Iowa,99.3,94.6,28,10,3,25,0,3
Tulsa,2025-12-02,Manhattan Christian,139.7,75.5,38,5,16,41,1,51
Tulsa,2025-12-06,Missouri State,136.8,103.3,33,7,11,22,1,24
Tulsa,2025-12-10,Arkansas–Pine Bluff,149.5,107.3,28,10,9,21,1,33
Tulsa,2025-12-13,New Mexico State,118.6,100.0,27,14,5,23,0,13
Tulsa,2025-12-19,Western Kentucky,116.6,115.2,33,8,6,24,-1,1
Tulsa,2025-12-22,Denver,114.1,107.8,21,9,17,20,1,5
Tulsa,2025-12-31,Rice,138.8,68.7,19,10,6,29,1,49
Tulsa,2026-01-04,North Texas,108.6,116.7,14,13,7,17,-1,-5
Tulsa,2026-01-10,South Florida,105.0,125.2,23,13,4,23,1,-15
Tulsa,2026-01-14,Charlotte,128.8,110.8,21,9,9,22,-1,12
Tulsa,2026-01-18,UAB,135.4,105.3,26,10,5,31,-1,22
Tulsa,2026-01-21,Memphis,125.0,99.4,24,5,12,24,1,17
Tulsa,2026-01-24,Rice,125.2,116.6,25,10,12,17,-1,6
Tulsa,2026-01-28,North Texas,116.8,94.0,21,13,9,29,1,16
Tulsa,2026-02-01,Wichita State,126.5,112.9,20,10,7,28,1,10
Tulsa,2026-02-04,Florida Atlantic,106.0,103.3,26,8,5,21,-1,2
Tulsa,2026-02-08,South Florida,102.2,110.5,38,12,9,23,-1,-6
Tulsa,2026-02-11,UAB,92.3,99.7,26,13,6,31,1,-5
Tulsa,2026-02-14,Wichita State,110.9,116.7,32,9,8,23,-1,-4
Tulsa,2026-02-18,Charlotte,118.5,111.0,41,11,9,18,1,5
Tulsa,2026-02-22,UTSA,138.8,102.7,29,6,9,29,1,26
Tulsa,2026-02-25,Tulane,130.7,81.3,32,9,11,27,-1,34
Tulsa,2026-03-05,East Carolina,136.4,96.8,26,6,9,19,-1,27
Tulsa,2026-03-08,Temple,118.4,115.3,25,6,10,24,1,2
Tulsa,2026-03-13,North Texas,96.6,90.2,36,17,10,36,0,6
Tulsa,2026-03-14,Wichita State,101.0,120.3,31,8,9,18,0,-13
Tulsa,2026-03-17,Stephen F. Austin,112.6,106.3,33,13,20,23,1,5
Tulsa,2026-03-22,UNLV,114.4,98.1,28,14,16,29,1,11
Tulsa,2026-03-24,Wichita State,108.4,103.2,29,9,10,26,1,4
Tulsa,2026-04-02,New Mexico,102.0,95.1,32,13,10,26,0,5
Tulsa,2026-04-05,Auburn,104.6,111.9,26,13,8,23,0,-6
UAB,2025-11-03,Mississippi Valley State,123.5,64.1,26,8,14,30,1,51
UAB,2025-11-07,NC State,92.7,124.4,25,13,15,16,-1,-24
UAB,2025-11-11,Alabama State,97.3,101.3,20,12,13,23,1,-3
UAB,2025-11-14,High Point,112.1,91.2,13,11,6,24,1,17
UAB,2025-11-17,Rhodes,127.2,63.6,25,8,19,40,1,56
UAB,2025-11-21,South Alabama,124.2,111.8,33,9,15,25,1,8
UAB,2025-11-24,Southern Illinois,112.8,101.6,21,9,14,28,0,8
UAB,2025-11-25,UTEP,112.5,88.5,9,6,15,25,0,16
UAB,2025-12-01,Middle Tennessee,90.1,112.3,26,11,11,22,-1,-15
UAB,2025-12-05,Drake,108.1,100.8,14,11,12,30,-1,5
UAB,2025-12-14,Troy,123.4,124.8,21,10,8,23,1,-1
UAB,2025-12-17,Cleveland State,134.8,102.7,21,7,12,26,1,24
UAB,2025-12-21,UNC Asheville,107.6,70.2,13,5,9,27,1,25
UAB,2025-12-31,Wichita State,104.5,111.9,12,7,7,17,1,-5
UAB,2026-01-04,South Florida,106.6,103.7,15,8,6,35,-1,3
UAB,2026-01-07,Florida Atlantic,94.2,100.9,22,12,9,29,1,-5
UAB,2026-01-11,East Carolina,100.6,98.3,13,8,10,25,-1,2
UAB,2026-01-14,Tulane,116.7,98.2,13,9,14,29,-1,13
UAB,2026-01-18,Tulsa,105.3,135.4,15,5,7,18,1,-22
UAB,2026-01-22,South Florida,86.3,102.6,25,9,16,22,1,-13
UAB,2026-01-28,UTSA,116.7,102.6,18,7,10,29,-1,10
UAB,2026-01-31,North Texas,106.3,100.4,17,12,6,27,-1,4
UAB,2026-02-05,Memphis,99.6,112.1,37,13,14,22,1,-10
UAB,2026-02-08,Rice,105.4,96.5,22,7,12,27,1,6
UAB,2026-02-11,Tulsa,99.7,92.3,22,6,11,24,-1,5
UAB,2026-02-15,Tulane,84.7,86.3,27,8,14,30,1,-1
UAB,2026-02-18,Temple,112.6,105.1,16,6,4,25,-1,5
UAB,2026-02-22,Memphis,107.2,92.1,19,10,9,22,-1,11
UAB,2026-03-01,North Texas,89.7,95.9,20,12,6,24,1,-4
UAB,2026-03-04,Charlotte,125.4,116.0,18,4,15,20,-1,6
UAB,2026-03-08,East Carolina,115.8,106.8,12,7,5,27,1,7
UAB,2026-03-13,Charlotte,116.3,123.7,19,6,9,17,0,-5
UC Davis,2025-11-03,Menlo,123.0,88.4,27,11,17,22,1,27
UC Davis,2025-11-05,North Dakota State,110.6,94.0,16,16,6,18,1,12
UC Davis,2025-11-09,Portland,89.3,95.0,33,16,14,24,-1,-4
UC Davis,2025-11-14,Sacramento State,104.2,98.8,27,12,7,22,1,4
UC Davis,2025-11-18,Nevada,100.3,94.9,26,19,3,22,-1,4
UC Davis,2025-11-21,Colorado,112.7,135.5,24,12,5,18,-1,-16
UC Davis,2025-11-24,Louisiana,115.4,83.9,18,10,4,27,1,21
UC Davis,2025-12-05,Hawaii,94.1,102.2,16,11,6,22,-1,-6
UC Davis,2025-12-13,Oregon,85.6,143.6,26,14,7,14,-1,-42
UC Davis,2025-12-17,Seattle,104.3,105.6,27,13,3,23,1,-1
UC Davis,2025-12-21,Idaho State,142.4,127.1,16,6,6,19,-1,10
UC Davis,2025-12-28,Pacific Union,131.6,63.4,28,10,19,33,1,56
UC Davis,2026-01-01,Cal State Northridge,114.9,103.3,30,15,6,22,1,9
UC Davis,2026-01-03,Cal State Bakersfield,108.6,111.4,25,13,8,21,1,-2
UC Davis,2026-01-08,UC Santa Barbara,128.0,118.4,32,11,7,25,-1,7
UC Davis,2026-01-10,Cal Poly,104.1,112.1,28,10,8,24,-1,-6
UC Davis,2026-01-15,Cal State Fullerton,99.4,92.7,21,20,12,29,1,5
UC Davis,2026-01-17,UC Irvine,106.1,101.8,27,10,9,19,1,3
UC Davis,2026-01-22,UC San Diego,98.1,106.1,31,11,10,18,1,-6
UC Davis,2026-01-24,UC Riverside,107.3,95.7,16,11,6,22,1,8
UC Davis,2026-01-29,Cal State Northridge,94.7,114.1,26,13,5,27,-1,-16
UC Davis,2026-01-31,Cal State Bakersfield,113.3,102.0,22,10,9,20,-1,8
UC Davis,2026-02-05,UC Santa Barbara,129.4,114.2,18,9,5,15,1,10
UC Davis,2026-02-07,Cal Poly,93.9,81.3,29,15,13,22,1,9
UC Davis,2026-02-12,UC San Diego,71.0,94.7,20,13,7,19,-1,-17
UC Davis,2026-02-14,Long Beach State,100.1,76.1,24,15,7,24,1,17
UC Davis,2026-02-19,Cal State Fullerton,135.1,136.5,29,6,8,14,-1,-1
UC Davis,2026-02-21,UC Riverside,102.8,96.2,19,11,7,23,-1,5
UC Davis,2026-02-26,Hawaii,103.2,108.8,26,17,8,19,1,-4
UC Davis,2026-03-05,Long Beach State,95.1,87.6,25,14,8,31,-1,6
UC Davis,2026-03-07,UC Irvine,93.2,106.7,36,10,4,16,-1,-10
UC Davis,2026-03-11,UC Santa Barbara,105.8,97.7,23,10,5,28,0,6
UC Davis,2026-03-12,Cal State Fullerton,84.4,98.9,29,15,5,23,0,-12
UC Irvine,2025-11-03,Bethesda CA,146.4,57.4,19,11,17,45,1,76
UC Irvine,2025-11-07,California Baptist,85.3,96.5,18,10,10,19,1,-8
UC Irvine,2025-11-10,Lincoln (CA),151.3,73.3,17,13,18,37,1,67
UC Irvine,2025-11-15,Weber State,99.7,88.4,13,13,10,30,1,9
UC Irvine,2025-11-19,Utah Valley,98.1,107.6,21,11,10,22,-1,-7
UC Irvine,2025-11-22,Northern Iowa,91.9,93.3,11,9,9,37,1,-1
UC Irvine,2025-11-25,New Mexico State,63.6,80.5,16,18,5,18,0,-12
UC Irvine,2025-11-26,South Dakota State,87.4,71.1,21,18,8,34,0,12
UC Irvine,2025-11-30,San Jose State,107.6,94.2,12,10,10,29,-1,9
UC Irvine,2025-12-04,UC Riverside,104.5,85.9,18,11,5,29,1,13
UC Irvine,2025-12-06,Cal State Northridge,119.3,99.6,19,10,14,31,1,14
UC Irvine,2025-12-19,Belmont,81.0,117.4,28,9,8,21,1,-26
UC Irvine,2025-12-21,North Dakota State,108.3,106.8,17,11,10,18,0,1
UC Irvine,2025-12-22,Norfolk State,129.9,102.2,23,9,10,19,0,19
UC Irvine,2026-01-01,Cal State Bakersfield,116.2,110.5,13,11,6,23,-1,4
UC Irvine,2026-01-03,Cal State Fullerton,121.4,90.3,24,13,8,32,-1,22
UC Irvine,2026-01-08,Long Beach State,103.2,89.2,13,8,7,28,1,10
UC Irvine,2026-01-11,Hawaii,88.4,89.8,8,15,14,26,-1,-1
UC Irvine,2026-01-17,UC Davis,101.8,106.1,15,14,9,22,-1,-3
UC Irvine,2026-01-22,UC Riverside,110.9,91.5,19,13,14,25,-1,14
UC Irvine,2026-01-24,UC San Diego,86.9,84.0,16,9,6,33,-1,2
UC Irvine,2026-01-29,Hawaii,100.7,88.0,11,16,13,36,1,11
UC Irvine,2026-02-05,Cal State Bakersfield,101.7,80.9,15,6,15,25,1,16
UC Irvine,2026-02-07,UC Santa Barbara,111.2,118.3,14,10,6,19,-1,-5
UC Irvine,2026-02-12,Cal Poly,89.5,96.8,28,17,12,25,-1,-6
UC Irvine,2026-02-14,Cal State Fullerton,117.0,88.4,24,14,5,34,1,21
UC Irvine,2026-02-19,Long Beach State,93.0,78.2,10,22,7,32,-1,11
UC Irvine,2026-02-21,UC San Diego,108.2,111.3,18,8,13,22,1,-2
UC Irvine,2026-02-26,Cal State Northridge,91.8,90.4,16,15,5,25,-1,1
UC Irvine,2026-02-28,UC Santa Barbara,94.7,88.8,10,7,8,21,1,4
UC Irvine,2026-03-05,Cal Poly,133.5,106.1,19,5,11,27,1,22
UC Irvine,2026-03-07,UC Davis,106.7,93.2,14,16,9,37,1,10
UC Irvine,2026-03-13,Cal State Northridge,128.1,107.4,25,11,13,25,0,15
UC Irvine,2026-03-14,Hawaii,89.4,99.2,11,13,10,23,0,-7
UC Irvine,2026-03-17,UNLV,96.0,100.0,13,11,9,26,1,-3
UC Riverside,2025-11-03,La Sierra,125.4,68.3,34,5,16,26,1,41
UC Riverside,2025-11-06,North Dakota,104.8,99.1,14,19,3,28,-1,4
UC Riverside,2025-11-11,New Mexico,102.1,123.1,27,13,4,26,-1,-14
UC Riverside,2025-11-15,North Dakota,97.6,100.2,27,21,7,28,1,-2
UC Riverside,2025-11-18,California Baptist,72.1,101.2,21,22,9,26,-1,-23
UC Riverside,2025-11-21,San Diego,123.3,103.0,17,10,8,23,-1,14
UC Riverside,2025-11-24,Grambling State,119.9,106.9,16,12,5,26,1,9
UC Riverside,2025-11-29,Utah Tech,109.9,122.6,19,11,8,17,-1,-8
UC Riverside,2025-12-04,UC Irvine,85.9,104.5,20,10,13,25,-1,-13
UC Riverside,2025-12-06,Cal Poly,124.2,118.5,18,5,9,21,-1,4
UC Riverside,2025-12-13,Brigham Young,70.3,132.7,25,16,5,21,-1,-47
UC Riverside,2025-12-16,Stanton,146.0,107.6,28,7,14,25,1,25
UC Riverside,2025-12-20,St. Thomas,109.4,129.0,17,13,6,18,-1,-14
UC Riverside,2025-12-23,UCLA,82.7,123.4,15,21,9,21,-1,-32
UC Riverside,2026-01-01,Hawaii,69.9,136.7,16,11,5,15,1,-43
UC Riverside,2026-01-08,Cal State Bakersfield,92.2,93.6,22,16,9,22,-1,-1
UC Riverside,2026-01-10,UC San Diego,101.2,105.8,25,11,10,18,1,-3
UC Riverside,2026-01-15,Long Beach State,105.1,126.7,18,6,10,20,-1,-15
UC Riverside,2026-01-17,Cal State Fullerton,103.7,92.2,21,16,4,30,1,9
UC Riverside,2026-01-22,UC Irvine,91.5,110.9,25,14,14,17,1,-14
UC Riverside,2026-01-24,UC Davis,95.7,107.3,25,12,7,19,-1,-8
UC Riverside,2026-01-29,Long Beach State,98.4,84.5,24,13,11,22,1,10
UC Riverside,2026-01-31,Cal Poly,115.0,124.2,20,17,19,18,1,-7
UC Riverside,2026-02-05,Cal State Fullerton,94.9,102.8,30,9,5,30,-1,-6
UC Riverside,2026-02-07,Cal State Northridge,98.3,116.8,38,13,14,22,-1,-14
UC Riverside,2026-02-12,UC Santa Barbara,102.5,114.6,19,16,4,19,1,-8
UC Riverside,2026-02-14,UC San Diego,92.9,101.3,28,10,7,29,-1,-6
UC Riverside,2026-02-19,Cal State Bakersfield,117.5,82.1,20,11,9,31,1,28
UC Riverside,2026-02-21,UC Davis,96.2,102.8,24,15,9,24,1,-5
UC Riverside,2026-02-26,UC Santa Barbara,86.6,102.7,16,11,5,23,-1,-11
UC Riverside,2026-02-28,Cal State Northridge,118.9,105.1,35,5,13,26,1,11
UC Riverside,2026-03-06,Hawaii,102.4,128.6,23,9,9,15,-1,-19
UC San Diego,2025-11-03,La Verne,138.8,96.5,25,12,18,29,1,32
UC San Diego,2025-11-08,Houston Christian,111.6,85.8,26,11,5,28,1,18
UC San Diego,2025-11-12,Fresno State,108.2,101.3,37,18,10,21,-1,5
UC San Diego,2025-11-15,Idaho,105.8,94.5,17,11,3,30,1,8
UC San Diego,2025-11-24,Temple,129.2,107.9,24,5,1,28,0,15
UC San Diego,2025-11-25,Bradley,123.5,109.3,28,8,7,22,0,10
UC San Diego,2025-11-26,Towson,132.6,111.3,25,6,5,23,0,14
UC San Diego,2025-12-02,Nevada,105.5,114.6,23,3,10,23,-1,-6
UC San Diego,2025-12-06,Long Beach State,116.3,107.5,20,11,5,24,-1,6
UC San Diego,2025-12-14,Tulane,116.9,84.3,34,12,14,32,0,26
UC San Diego,2025-12-16,Loyola Marymount,93.2,79.3,17,16,10,29,-1,10
UC San Diego,2025-12-19,San Diego,116.9,119.9,26,9,7,21,1,-2
UC San Diego,2025-12-28,Stanton,126.8,92.5,38,9,18,22,1,23
UC San Diego,2026-01-01,Cal Poly,95.7,98.7,32,11,14,25,-1,-2
UC San Diego,2026-01-03,Hawaii,121.9,107.2,25,7,8,22,1,10
UC San Diego,2026-01-08,Cal State Fullerton,100.8,124.9,34,16,9,25,1,-17
UC San Diego,2026-01-10,UC Riverside,105.8,101.2,18,12,9,22,-1,3
UC San Diego,2026-01-15,Cal State Northridge,106.2,112.9,30,6,8,21,1,-5
UC San Diego,2026-01-17,Cal State Bakersfield,113.4,84.7,27,8,7,27,-1,21
UC San Diego,2026-01-22,UC Davis,106.1,98.1,24,15,10,36,-1,6
UC San Diego,2026-01-24,UC Irvine,84.0,86.9,32,8,8,31,1,-2
UC San Diego,2026-01-29,UC Santa Barbara,74.3,96.0,16,18,8,25,1,-14
UC San Diego,2026-01-31,Cal State Northridge,82.3,104.2,28,10,13,17,-1,-17
UC San Diego,2026-02-05,Long Beach State,103.9,99.8,21,18,12,28,1,3
UC San Diego,2026-02-08,Hawaii,89.6,96.3,26,9,2,24,-1,-5
UC San Diego,2026-02-12,UC Davis,94.7,71.0,17,20,2,33,1,17
UC San Diego,2026-02-14,UC Riverside,101.3,92.9,25,10,8,29,1,6
UC San Diego,2026-02-21,UC Irvine,111.3,108.2,25,8,10,20,-1,2
UC San Diego,2026-02-26,Cal State Bakersfield,116.0,99.4,22,12,10,23,1,12
UC San Diego,2026-02-28,Cal Poly,108.5,86.8,24,6,5,25,1,16
UC San Diego,2026-03-05,Cal State Fullerton,99.5,105.1,24,14,4,27,-1,-4
UC San Diego,2026-03-07,UC Santa Barbara,101.7,100.1,15,7,6,19,-1,1
UC San Diego,2026-03-11,Cal Poly,95.7,91.7,20,13,6,26,0,3
UC San Diego,2026-03-12,Cal State Northridge,94.5,108.0,33,15,7,21,0,-10
UC Santa Barbara,2025-11-04,San Fran. St.,128.0,87.5,24,11,22,36,1,31
UC Santa Barbara,2025-11-08,San Jose State,131.8,114.7,22,11,7,14,1,11
UC Santa Barbara,2025-11-11,Sacramento State,123.7,116.9,27,8,8,26,-1,5
UC Santa Barbara,2025-11-17,Loyola Marymount,100.1,105.5,28,6,11,28,1,-4
UC Santa Barbara,2025-11-22,Nevada,90.7,109.1,24,15,6,18,-1,-13
UC Santa Barbara,2025-11-24,Nobel,117.1,68.3,15,16,10,25,1,35
UC Santa Barbara,2025-11-28,Lehigh,111.5,108.4,12,8,15,21,0,2
UC Santa Barbara,2025-11-29,Seattle,114.4,109.8,21,16,9,18,0,3
UC Santa Barbara,2025-12-04,Long Beach State,112.4,103.0,22,14,8,27,1,7
UC Santa Barbara,2025-12-06,Cal State Bakersfield,149.6,115.3,29,10,15,24,1,25
UC Santa Barbara,2025-12-13,Utah Valley,76.7,98.4,13,18,9,23,0,-15
UC Santa Barbara,2025-12-17,Green Bay,112.0,117.3,19,11,4,24,-1,-3
UC Santa Barbara,2025-12-22,Portland,123.9,95.7,29,12,9,21,1,18
UC Santa Barbara,2026-01-01,Cal State Fullerton,107.5,121.5,34,24,7,24,-1,-11
UC Santa Barbara,2026-01-03,Cal State Northridge,87.8,99.9,30,13,9,23,-1,-9
UC Santa Barbara,2026-01-08,UC Davis,118.4,128.0,24,9,2,22,1,-7
UC Santa Barbara,2026-01-15,Cal State Bakersfield,119.3,109.7,26,9,9,20,-1,6
UC Santa Barbara,2026-01-17,Hawaii,123.9,99.8,18,11,8,23,1,15
UC Santa Barbara,2026-01-22,Cal Poly,156.5,98.0,29,9,8,23,1,40
UC Santa Barbara,2026-01-24,Long Beach State,119.2,114.3,19,7,9,22,-1,3
UC Santa Barbara,2026-01-29,UC San Diego,96.0,74.3,26,10,7,25,-1,14
UC Santa Barbara,2026-01-31,Cal State Fullerton,111.7,92.9,33,16,10,28,1,14
UC Santa Barbara,2026-02-05,UC Davis,114.2,129.4,16,12,12,17,-1,-10
UC Santa Barbara,2026-02-07,UC Irvine,118.3,111.2,23,13,12,24,1,5
UC Santa Barbara,2026-02-12,UC Riverside,114.6,102.5,22,11,7,16,-1,8
UC Santa Barbara,2026-02-14,Cal Poly,113.4,127.7,34,8,7,19,-1,-10
UC Santa Barbara,2026-02-19,Cal State Northridge,96.8,99.2,40,16,10,34,1,-2
UC Santa Barbara,2026-02-21,Hawaii,100.6,104.6,20,12,7,28,-1,-3
UC Santa Barbara,2026-02-26,UC Riverside,102.7,86.6,18,11,8,28,1,11
UC Santa Barbara,2026-02-28,UC Irvine,88.8,94.7,25,18,6,26,-1,-4
UC Santa Barbara,2026-03-07,UC San Diego,100.1,101.7,27,17,7,27,1,-1
UC Santa Barbara,2026-03-11,UC Davis,97.7,105.8,26,12,9,27,0,-6
UCF,2025-11-03,Hofstra,107.5,102.3,20,16,10,20,1,4
UCF,2025-11-08,Vanderbilt,122.1,137.8,16,12,5,20,1,-12
UCF,2025-11-11,Florida A&M,127.6,78.9,20,16,14,31,1,37
UCF,2025-11-14,Texas A&M,113.7,97.8,28,16,6,25,-1,12
UCF,2025-11-17,Oakland,119.8,114.3,23,11,15,26,1,4
UCF,2025-11-20,Pittsburgh,119.7,104.1,18,11,14,20,0,10
UCF,2025-11-25,Quinnipiac,127.9,114.1,19,10,12,28,1,11
UCF,2025-11-29,VMI,115.5,80.3,30,8,25,26,1,25
UCF,2025-12-07,Towson,132.2,93.7,17,8,8,18,1,25
UCF,2025-12-17,Mercer,112.1,87.2,24,12,16,23,1,18
UCF,2025-12-20,Florida Gulf Coast,141.6,111.1,35,8,15,24,1,22
UCF,2025-12-23,Florida Atlantic,111.0,104.5,19,12,12,28,0,5
UCF,2026-01-03,Kansas,113.1,104.7,23,6,10,24,1,6
UCF,2026-01-06,Oklahoma State,94.1,107.7,33,11,12,21,-1,-11
UCF,2026-01-11,Cincinnati,108.9,107.4,14,13,4,22,1,1
UCF,2026-01-14,Kansas State,108.8,96.9,15,10,5,27,-1,9
UCF,2026-01-17,Arizona,101.8,111.0,26,13,12,19,1,-7
UCF,2026-01-20,Iowa State,84.6,129.1,32,17,9,18,-1,-30
UCF,2026-01-24,Colorado,136.3,123.4,24,12,7,25,-1,9
UCF,2026-01-27,Arizona State,113.2,108.9,22,9,13,25,1,3
UCF,2026-01-31,Texas Tech,126.5,115.0,13,6,12,22,1,8
UCF,2026-02-04,Houston,87.1,125.1,21,11,7,17,-1,-24
UCF,2026-02-08,Cincinnati,102.8,131.3,23,8,10,17,-1,-20
UCF,2026-02-14,West Virginia,96.0,106.0,18,13,7,20,1,-7
UCF,2026-02-17,TCU,112.9,97.7,20,11,7,25,1,11
UCF,2026-02-21,Utah,112.7,109.6,16,9,4,18,-1,2
UCF,2026-02-24,Brigham Young,125.0,108.3,24,15,8,31,-1,13
UCF,2026-02-28,Baylor,126.0,127.5,18,6,9,18,1,-1
UCF,2026-03-03,Oklahoma State,116.6,124.5,22,9,12,26,1,-7
UCF,2026-03-06,West Virginia,91.6,113.7,16,10,13,24,-1,-15
UCF,2026-03-11,Cincinnati,84.6,83.3,24,9,14,30,0,1
UCF,2026-03-12,Arizona,85.6,117.5,21,10,12,22,0,-22
UCF,2026-03-20,UCLA,97.2,102.6,32,16,19,24,0,-4
UCLA,2025-11-03,Eastern Washington,111.6,103.2,26,8,10,21,1,6
UCLA,2025-11-07,Pepperdine,116.1,98.8,21,10,11,21,1,11
UCLA,2025-11-10,West Georgia,119.8,89.5,17,9,6,22,1,21
UCLA,2025-11-14,Arizona,93.6,99.3,17,15,6,18,0,-4
UCLA,2025-11-18,Sacramento State,110.0,66.8,21,15,11,30,1,31
UCLA,2025-11-21,Presbyterian,126.0,67.4,12,11,5,24,1,40
UCLA,2025-11-25,California,97.7,108.6,22,11,10,24,0,-8
UCLA,2025-12-03,Washington,125.1,122.0,20,7,8,13,-1,2
UCLA,2025-12-06,Oregon,120.9,103.0,18,8,14,18,1,11
UCLA,2025-12-13,Gonzaga,108.9,124.0,15,9,6,21,0,-10
UCLA,2025-12-17,Arizona State,123.5,105.6,26,8,10,20,1,13
UCLA,2025-12-19,Cal Poly,137.4,110.7,28,8,4,17,1,21
UCLA,2025-12-23,UC Riverside,123.4,82.7,21,10,10,23,1,32
UCLA,2026-01-03,Iowa,96.8,117.4,14,12,9,15,-1,-13
UCLA,2026-01-06,Wisconsin,100.9,112.1,17,9,8,25,-1,-8
UCLA,2026-01-10,Maryland,103.1,84.6,17,4,4,24,1,12
UCLA,2026-01-14,Penn State,122.4,103.4,26,12,11,20,-1,11
UCLA,2026-01-17,Ohio State,116.6,135.5,23,4,13,13,-1,-12
UCLA,2026-01-20,Purdue,115.2,111.9,20,10,4,19,1,2
UCLA,2026-01-24,Northwestern,110.5,99.6,18,9,7,22,1,7
UCLA,2026-01-28,Oregon,119.5,93.3,18,4,11,27,-1,16
UCLA,2026-01-31,Indiana,108.3,109.4,22,10,11,32,1,-1
UCLA,2026-02-03,Rutgers,153.1,103.1,21,2,9,24,1,32
UCLA,2026-02-07,Washington,113.8,107.9,18,7,9,17,1,4
UCLA,2026-02-14,Michigan,85.5,131.2,21,12,9,12,-1,-30
UCLA,2026-02-17,Michigan State,90.8,126.2,25,9,8,18,-1,-23
UCLA,2026-02-21,Illinois,129.5,128.1,28,5,7,16,1,1
UCLA,2026-02-24,Southern California,120.7,92.4,20,4,7,21,1,19
UCLA,2026-02-28,Minnesota,127.9,136.7,24,5,6,20,-1,-5
UCLA,2026-03-03,Nebraska,116.8,84.3,29,7,11,24,1,20
UCLA,2026-03-07,Southern California,141.1,107.8,17,5,10,25,-1,21
UCLA,2026-03-12,Rutgers,101.6,83.3,23,9,8,27,0,13
UCLA,2026-03-13,Michigan State,129.9,124.0,27,8,6,20,0,4
UCLA,2026-03-14,Purdue,108.0,119.4,20,6,7,16,0,-7
UCLA,2026-03-20,UCF,102.6,97.2,21,4,11,24,0,4
UCLA,2026-03-22,Connecticut,89.8,115.0,13,11,7,16,0,-16
UConn,2026-03-27,Michigan State,103.0,96.8,21,9,5,20,0,4
UConn,2026-03-29,Duke,113.6,112.0,23,4,11,15,0,1
UConn,2026-04-04,Illinois,110.9,96.9,33,4,10,23,0,9
UMBC,2025-11-04,Penn St. York,101.9,73.0,28,11,7,28,1,21
UMBC,2025-11-08,Dayton,105.9,114.8,26,14,9,18,-1,-6
UMBC,2025-11-11,Morgan State,111.3,108.5,24,18,6,26,-1,2
UMBC,2025-11-16,Wagner,90.6,89.3,22,18,9,26,1,1
UMBC,2025-11-19,George Washington,72.6,124.3,23,13,5,20,-1,-37
UMBC,2025-11-24,Notre Dame (MD),125.9,64.2,32,13,12,39,1,50
UMBC,2025-11-29,Delaware State,104.0,83.5,23,12,8,29,1,14
UMBC,2025-12-03,Georgetown,119.7,133.0,23,7,9,21,-1,-9
UMBC,2025-12-06,Bucknell,111.3,100.6,18,11,5,25,-1,7
UMBC,2025-12-09,Buffalo,118.5,124.5,26,11,6,15,1,-4
UMBC,2025-12-12,Army,88.2,92.6,28,8,6,29,1,-3
UMBC,2025-12-21,South Florida,93.8,127.8,17,13,6,21,-1,-25
UMBC,2025-12-29,Coppin State,128.2,81.4,29,10,11,30,-1,34
UMBC,2026-01-08,Maine,102.9,92.4,10,8,9,28,1,7
UMBC,2026-01-10,New Hampshire,121.1,119.5,19,3,3,19,1,1
UMBC,2026-01-15,Bryant,107.1,114.3,30,10,4,18,-1,-5
UMBC,2026-01-19,Binghamton,122.0,93.9,16,5,3,27,-1,18
UMBC,2026-01-22,NJIT,121.5,103.4,20,5,5,28,1,13
UMBC,2026-01-24,UMass Lowell,117.2,83.1,16,7,4,28,1,23
UMBC,2026-01-29,Vermont,86.3,100.5,26,7,5,25,-1,-9
UMBC,2026-01-31,Albany (NY),108.3,103.5,17,9,4,21,-1,3
UMBC,2026-02-05,Binghamton,118.3,92.8,26,3,9,29,1,17
UMBC,2026-02-12,Maine,112.0,89.0,17,6,8,30,-1,16
UMBC,2026-02-14,New Hampshire,123.6,91.6,24,8,6,28,-1,22
UMBC,2026-02-19,Vermont,108.2,89.4,26,8,7,35,1,13
UMBC,2026-02-21,Albany (NY),109.9,103.3,20,6,9,19,1,4
UMBC,2026-02-26,Bryant,111.5,92.4,19,10,9,28,1,12
UMBC,2026-02-28,UMass Lowell,123.7,88.3,11,4,2,32,-1,24
UMBC,2026-03-03,NJIT,129.9,74.2,27,12,16,29,-1,39
UMBC,2026-03-07,New Hampshire,128.1,105.2,28,7,4,27,1,15
UMBC,2026-03-10,UMass Lowell,133.2,101.0,20,6,11,25,1,22
UMBC,2026-03-14,Vermont,115.5,92.1,26,6,5,23,1,15
UMBC,2026-03-17,Howard,118.3,122.6,22,9,6,26,0,-3
UMass Lowell,2025-11-03,Rivier,139.8,71.9,18,12,14,31,1,52
UMass Lowell,2025-11-07,Connecticut,61.6,144.1,14,20,5,13,-1,-63
UMass Lowell,2025-11-10,New Haven,95.7,104.3,25,12,11,21,1,-6
UMass Lowell,2025-11-13,Columbia,97.3,116.2,13,13,7,12,-1,-14
UMass Lowell,2025-11-16,Wake Forest,96.8,140.7,22,15,7,21,-1,-34
UMass Lowell,2025-11-19,Bradley,116.1,131.1,15,11,8,17,-1,-10
UMass Lowell,2025-11-22,Saint Peter's,90.1,92.8,12,24,10,29,-1,-2
UMass Lowell,2025-11-26,Stonehill,108.6,92.7,26,6,13,30,-1,11
UMass Lowell,2025-11-29,Emerson,134.6,100.2,14,11,15,29,1,23
UMass Lowell,2025-12-06,Massachusetts,78.5,104.6,12,19,7,19,-1,-20
UMass Lowell,2025-12-10,Fisher College,143.8,86.1,24,8,23,39,1,49
UMass Lowell,2025-12-13,Quinnipiac,94.7,100.0,19,19,6,24,-1,-4
UMass Lowell,2025-12-16,Sacred Heart,116.9,110.2,30,8,14,25,1,5
UMass Lowell,2025-12-21,Boston University,117.4,135.9,17,10,8,14,-1,-12
UMass Lowell,2025-12-29,Iowa,93.3,135.4,13,15,8,16,-1,-28
UMass Lowell,2026-01-03,Albany (NY),116.7,99.8,16,9,14,23,1,12
UMass Lowell,2026-01-08,Bryant,118.1,96.7,13,9,9,23,-1,14
UMass Lowell,2026-01-10,Binghamton,105.6,98.4,16,11,5,25,-1,5
UMass Lowell,2026-01-15,NJIT,90.0,102.6,18,12,11,29,1,-9
UMass Lowell,2026-01-22,Vermont,100.8,114.1,25,12,11,24,1,-9
UMass Lowell,2026-01-24,UMBC,83.1,117.2,24,9,8,21,-1,-23
UMass Lowell,2026-01-29,New Hampshire,85.2,92.1,15,11,8,30,-1,-5
UMass Lowell,2026-01-31,Maine,127.1,107.6,14,17,16,29,1,14
UMass Lowell,2026-02-05,NJIT,79.7,115.3,19,14,14,25,-1,-25
UMass Lowell,2026-02-07,Albany (NY),126.2,112.0,13,12,10,23,-1,10
UMass Lowell,2026-02-12,Bryant,132.7,104.1,19,8,11,19,1,19
UMass Lowell,2026-02-19,New Hampshire,107.6,77.3,17,9,5,35,1,22
UMass Lowell,2026-02-21,Binghamton,138.9,119.3,16,5,8,20,1,13
UMass Lowell,2026-02-26,Vermont,95.5,98.4,16,9,12,23,-1,-2
UMass Lowell,2026-02-28,UMBC,88.3,123.7,23,6,10,18,1,-24
UMass Lowell,2026-03-03,Maine,98.9,82.7,20,8,12,25,-1,11
UMass Lowell,2026-03-07,Albany (NY),117.5,110.2,21,10,10,22,1,5
UMass Lowell,2026-03-10,UMBC,101.0,133.2,26,11,15,19,-1,-22
UNC Asheville,2025-11-04,Wichita State,83.3,107.7,15,16,9,17,-1,-17
UNC Asheville,2025-11-08,Georgia Southern,109.8,113.5,13,18,7,29,-1,-3
UNC Asheville,2025-11-11,Lipscomb,103.4,95.9,17,14,6,24,1,5
UNC Asheville,2025-11-13,Bryan,132.7,77.9,32,9,15,22,1,38
UNC Asheville,2025-11-19,Western Carolina,110.0,120.6,22,8,5,18,-1,-7
UNC Asheville,2025-11-25,Tennessee State,99.1,101.8,9,22,6,21,1,-2
UNC Asheville,2025-11-30,Appalachian State,103.9,85.3,18,11,7,22,1,12
UNC Asheville,2025-12-02,UNC Greensboro,129.2,121.3,18,7,8,16,0,5
UNC Asheville,2025-12-06,NC State,94.6,112.6,24,11,8,22,-1,-12
UNC Asheville,2025-12-10,Miami (OH),113.1,117.0,22,11,2,28,1,-3
UNC Asheville,2025-12-13,St. Thomas,89.7,121.6,17,14,8,20,1,-21
UNC Asheville,2025-12-16,Kentucky Christian,108.2,95.2,21,20,11,34,1,10
UNC Asheville,2025-12-18,Morris College,124.4,78.3,38,13,18,35,1,33
UNC Asheville,2025-12-21,UAB,70.2,107.6,15,12,4,24,-1,-25
UNC Asheville,2025-12-31,High Point,105.5,133.1,16,5,8,16,1,-18
UNC Asheville,2026-01-03,Charleston Southern,111.9,116.0,18,7,17,18,-1,-3
UNC Asheville,2026-01-07,Longwood,113.9,96.5,20,10,14,24,1,11
UNC Asheville,2026-01-10,Radford,122.2,96.7,25,10,7,26,-1,19
UNC Asheville,2026-01-14,Presbyterian,108.3,109.9,13,8,10,17,-1,-1
UNC Asheville,2026-01-17,Winthrop,91.7,94.4,25,10,10,20,1,-2
UNC Asheville,2026-01-21,USC Upstate,120.7,100.3,15,8,6,26,-1,14
UNC Asheville,2026-01-29,Gardner-Webb,116.7,84.5,24,8,13,23,1,19
UNC Asheville,2026-01-31,Winthrop,107.0,126.6,20,8,7,15,-1,-13
UNC Asheville,2026-02-04,USC Upstate,108.5,95.6,23,12,7,26,1,9
UNC Asheville,2026-02-12,Longwood,118.8,111.3,19,7,11,17,-1,5
UNC Asheville,2026-02-14,Presbyterian,90.5,92.1,15,7,7,21,1,-1
UNC Asheville,2026-02-19,High Point,73.4,113.2,22,15,14,19,-1,-26
UNC Asheville,2026-02-21,Radford,103.6,102.2,13,8,10,25,1,1
UNC Asheville,2026-02-26,Gardner-Webb,124.2,114.6,22,10,14,21,-1,6
UNC Asheville,2026-02-28,Charleston Southern,103.7,127.2,18,8,9,13,1,-17
UNC Asheville,2026-03-06,Longwood,110.3,106.4,26,12,5,17,0,3
UNC Asheville,2026-03-07,High Point,103.8,109.6,18,12,11,25,0,-4
UNC Greensboro,2025-11-04,Kansas State,77.1,112.0,20,18,7,21,-1,-29
UNC Greensboro,2025-11-08,Elon,117.6,120.2,31,10,9,22,1,-2
UNC Greensboro,2025-11-12,NC State,85.1,146.3,26,15,5,23,-1,-46
UNC Greensboro,2025-11-15,Austin Peay,85.7,93.9,24,12,4,28,1,-6
UNC Greensboro,2025-11-20,Queens (NC),136.2,146.4,17,4,6,17,-1,-7
UNC Greensboro,2025-11-23,Youngstown State,94.0,85.7,18,17,8,31,0,6
UNC Greensboro,2025-11-25,Delaware,92.8,113.0,30,9,6,21,0,-13
UNC Greensboro,2025-11-26,Miami (OH),99.0,114.4,22,17,10,26,0,-11
UNC Greensboro,2025-12-02,UNC Asheville,121.3,129.2,23,9,6,21,0,-5
UNC Greensboro,2025-12-06,East Carolina,118.0,112.2,21,11,10,13,-1,4
UNC Greensboro,2025-12-12,Peace,131.5,90.6,17,3,8,31,1,28
UNC Greensboro,2025-12-16,North Carolina A&T,97.3,106.3,28,6,12,22,1,-6
UNC Greensboro,2025-12-21,VU Lynchburg,153.0,61.9,30,10,16,47,1,78
UNC Greensboro,2026-01-01,Chattanooga,112.4,105.1,19,12,11,25,1,5
UNC Greensboro,2026-01-03,Samford,132.2,121.8,16,2,8,25,1,7
UNC Greensboro,2026-01-07,Wofford,122.9,140.2,20,8,11,21,-1,-12
UNC Greensboro,2026-01-10,East Tennessee State,82.9,118.9,20,21,12,21,-1,-26
UNC Greensboro,2026-01-15,The Citadel,99.8,95.5,19,8,13,27,1,3
UNC Greensboro,2026-01-17,Mercer,119.9,133.0,25,7,5,14,1,-10
UNC Greensboro,2026-01-21,VMI,124.0,113.8,19,5,10,28,-1,7
UNC Greensboro,2026-01-23,Furman,103.7,139.9,26,9,6,19,1,-23
UNC Greensboro,2026-01-29,Mercer,103.0,127.1,34,9,11,22,-1,-18
UNC Greensboro,2026-01-31,The Citadel,94.7,101.8,24,12,8,29,-1,-5
UNC Greensboro,2026-02-04,Western Carolina,119.3,114.9,20,11,10,22,1,3
UNC Greensboro,2026-02-08,Furman,101.4,96.9,19,9,5,23,-1,3
UNC Greensboro,2026-02-11,VMI,129.3,99.8,38,9,8,24,1,21
UNC Greensboro,2026-02-14,Wofford,139.1,125.0,21,3,6,20,1,10
UNC Greensboro,2026-02-18,Western Carolina,107.0,126.4,19,12,4,19,-1,-14
UNC Greensboro,2026-02-21,East Tennessee State,111.3,129.1,24,13,7,18,1,-12
UNC Greensboro,2026-02-26,Chattanooga,109.4,102.9,27,9,5,28,-1,5
UNC Greensboro,2026-02-28,Samford,106.0,118.2,20,8,7,23,-1,-9
UNC Greensboro,2026-03-06,VMI,121.8,101.5,23,9,13,24,0,14
UNC Greensboro,2026-03-07,Wofford,111.7,107.2,26,9,9,35,0,3
UNC Greensboro,2026-03-08,Furman,111.7,120.6,19,10,4,17,0,-6
UNC Wilmington,2025-11-03,Mount Olive,124.3,90.3,20,13,15,30,1,29
UNC Wilmington,2025-11-10,Kent State,107.0,119.5,24,5,15,22,-1,-9
UNC Wilmington,2025-11-15,USC Upstate,113.3,93.1,14,9,13,24,1,13
UNC Wilmington,2025-11-18,East Carolina,122.3,86.4,28,12,7,31,1,25
UNC Wilmington,2025-11-21,Radford,110.2,99.3,21,14,9,18,-1,8
UNC Wilmington,2025-11-26,Southeastern Louisiana,110.3,89.8,21,10,8,29,1,13
UNC Wilmington,2025-11-28,Navy,134.6,88.2,21,13,16,30,1,30
UNC Wilmington,2025-11-29,Gardner-Webb,125.4,88.3,30,7,7,31,1,26
UNC Wilmington,2025-12-03,Marshall,113.1,111.5,22,5,18,20,1,1
UNC Wilmington,2025-12-06,Louisiana,112.4,101.1,19,9,9,22,-1,7
UNC Wilmington,2025-12-13,Valparaiso,113.1,108.5,22,9,22,19,-1,3
UNC Wilmington,2025-12-20,Howard,99.8,101.4,20,11,15,21,1,-1
UNC Wilmington,2025-12-27,Columbia College,131.1,73.4,23,9,17,32,1,44
UNC Wilmington,2025-12-29,North Carolina A&T,113.0,101.3,24,11,8,27,-1,9
UNC Wilmington,2025-12-31,Drexel,106.3,86.7,15,5,9,23,1,12
UNC Wilmington,2026-01-03,Hampton,79.5,73.0,16,9,10,31,1,4
UNC Wilmington,2026-01-08,Northeastern,117.1,105.0,19,12,12,28,-1,9
UNC Wilmington,2026-01-10,Stony Brook,112.0,106.0,25,9,9,24,-1,4
UNC Wilmington,2026-01-17,Campbell,114.5,110.1,14,6,10,19,1,3
UNC Wilmington,2026-01-22,William & Mary,96.5,106.1,35,14,13,29,-1,-7
UNC Wilmington,2026-01-24,Hampton,120.4,107.5,12,8,7,21,-1,8
UNC Wilmington,2026-01-29,Towson,128.8,114.7,31,3,9,19,-1,9
UNC Wilmington,2026-02-05,William & Mary,113.9,124.1,24,10,6,19,1,-7
UNC Wilmington,2026-02-09,College of Charleston,108.6,91.4,24,4,9,25,-1,12
UNC Wilmington,2026-02-12,Elon,107.1,89.0,25,11,10,29,1,11
UNC Wilmington,2026-02-14,Hofstra,112.9,106.4,14,6,9,25,1,4
UNC Wilmington,2026-02-19,Monmouth,108.9,95.1,18,6,9,23,1,10
UNC Wilmington,2026-02-21,Campbell,105.3,98.1,26,9,16,26,-1,5
UNC Wilmington,2026-02-26,North Carolina A&T,134.1,99.0,27,4,14,26,1,23
UNC Wilmington,2026-03-01,College of Charleston,115.2,119.8,32,12,16,25,1,-3
UNC Wilmington,2026-03-03,Elon,111.1,83.3,33,14,10,27,-1,19
UNC Wilmington,2026-03-08,Campbell,93.8,114.0,18,11,14,24,0,-15
UNC Wilmington,2026-03-17,Yale,103.7,102.2,26,8,18,29,-1,1
UNC Wilmington,2026-03-21,Dayton,94.4,123.8,21,8,9,17,1,-19
UNLV,2025-11-04,UT Martin,97.4,103.4,23,22,8,23,1,-5
UNLV,2025-11-08,Chattanooga,144.6,98.8,22,8,12,24,1,32
UNLV,2025-11-11,Montana,114.4,125.4,26,9,11,20,1,-9
UNLV,2025-11-16,Memphis,111.8,94.8,27,14,9,24,-1,14
UNLV,2025-11-20,Saint Joseph's,119.7,102.8,15,12,21,31,1,14
UNLV,2025-11-25,Maryland,89.1,98.4,27,13,9,23,0,-7
UNLV,2025-11-26,Alabama,93.7,141.7,28,10,7,16,0,-39
UNLV,2025-11-27,Rutgers,90.5,111.3,22,8,6,21,0,-15
UNLV,2025-12-07,Stanford,99.6,98.2,10,14,9,21,-1,1
UNLV,2025-12-13,Tennessee State,82.0,86.1,15,18,11,22,1,-3
UNLV,2025-12-20,Fresno State,119.5,102.4,23,12,4,25,1,12
UNLV,2025-12-29,La Sierra,118.5,62.6,25,11,19,27,1,42
UNLV,2026-01-03,Air Force,103.3,60.2,17,11,15,32,1,28
UNLV,2026-01-06,Wyoming,92.9,137.9,11,12,11,16,-1,-32
UNLV,2026-01-09,Colorado State,97.5,110.1,20,14,10,15,-1,-8
UNLV,2026-01-13,Boise State,109.2,104.2,21,12,12,24,1,4
UNLV,2026-01-17,San Jose State,133.7,109.1,23,7,5,17,-1,14
UNLV,2026-01-20,Utah State,121.5,107.3,14,11,12,26,-1,10
UNLV,2026-01-24,San Diego State,103.0,119.0,21,13,6,17,1,-11
UNLV,2026-01-27,New Mexico,81.0,118.2,18,15,7,23,1,-28
UNLV,2026-01-30,Nevada,114.3,133.9,26,8,9,21,-1,-13
UNLV,2026-02-03,Fresno State,120.0,122.5,23,17,9,20,-1,-2
UNLV,2026-02-07,Grand Canyon,109.1,106.4,24,12,12,28,1,2
UNLV,2026-02-10,San Jose State,120.2,109.9,22,9,13,27,1,7
UNLV,2026-02-13,Boise State,121.9,117.6,25,8,11,18,-1,3
UNLV,2026-02-18,Colorado State,132.6,140.3,23,7,11,17,1,-5
UNLV,2026-02-21,Air Force,128.2,93.0,18,4,2,26,-1,25
UNLV,2026-02-25,Grand Canyon,96.4,115.1,17,7,6,20,-1,-13
UNLV,2026-02-28,Nevada,111.9,109.3,19,16,13,25,1,2
UNLV,2026-03-03,Utah State,130.0,91.8,25,10,6,29,1,27
UNLV,2026-03-06,San Diego State,116.6,120.7,23,9,8,22,-1,-3
UNLV,2026-03-11,Wyoming,110.4,105.9,21,9,10,24,0,3
UNLV,2026-03-12,Utah State,84.8,113.0,23,18,10,23,0,-20
UNLV,2026-03-17,UC Irvine,100.0,96.0,24,19,5,29,-1,3
UNLV,2026-03-22,Tulsa,98.1,114.4,26,7,4,16,-1,-11
USC Upstate,2025-11-03,California Baptist,105.8,122.8,17,13,8,21,-1,-12
USC Upstate,2025-11-05,Fresno State,94.7,93.3,17,17,8,23,-1,1
USC Upstate,2025-11-08,Southern Virginia,133.8,58.6,31,5,14,37,1,59
USC Upstate,2025-11-12,Bob Jones,145.1,67.5,26,12,14,38,1,61
USC Upstate,2025-11-15,UNC Wilmington,93.1,113.3,19,11,11,15,-1,-13
USC Upstate,2025-11-19,Tennessee Tech,107.0,112.1,26,9,9,19,1,-4
USC Upstate,2025-11-21,West Georgia,89.3,100.5,24,10,13,21,-1,-8
USC Upstate,2025-11-25,North Carolina Central,114.2,93.3,20,16,9,25,1,15
USC Upstate,2025-11-29,Nebraska,83.3,95.1,35,11,5,26,-1,-9
USC Upstate,2025-12-03,Coastal Carolina,105.4,96.7,20,11,9,33,1,7
USC Upstate,2025-12-06,Western Carolina,107.9,92.7,26,13,7,30,1,11
USC Upstate,2025-12-13,North Carolina,95.5,123.2,27,7,9,20,-1,-18
USC Upstate,2025-12-16,South Carolina State,115.5,106.6,21,11,9,21,-1,6
USC Upstate,2025-12-17,S Wesleyan,131.0,84.2,30,10,10,34,1,35
USC Upstate,2025-12-20,Youngstown State,91.1,103.8,15,13,5,25,-1,-9
USC Upstate,2025-12-31,Radford,92.6,102.0,18,14,14,25,1,-7
USC Upstate,2026-01-03,Presbyterian,108.5,121.2,17,13,5,16,-1,-9
USC Upstate,2026-01-10,Winthrop,75.4,107.0,11,14,6,21,1,-21
USC Upstate,2026-01-14,Charleston Southern,104.4,98.3,12,6,9,30,-1,5
USC Upstate,2026-01-17,High Point,100.3,129.4,25,15,16,21,-1,-20
USC Upstate,2026-01-21,UNC Asheville,100.3,120.7,21,8,7,18,1,-14
USC Upstate,2026-01-23,Gardner-Webb,97.3,100.3,21,10,10,21,-1,-2
USC Upstate,2026-01-29,Longwood,87.9,81.1,25,18,6,24,1,5
USC Upstate,2026-02-04,UNC Asheville,95.6,108.5,23,9,5,19,-1,-9
USC Upstate,2026-02-07,Charleston Southern,125.8,118.3,22,3,10,18,1,6
USC Upstate,2026-02-12,High Point,93.9,127.4,20,25,9,26,1,-25
USC Upstate,2026-02-14,Longwood,89.1,97.4,20,21,12,28,-1,-7
USC Upstate,2026-02-19,Winthrop,93.9,99.8,31,9,8,21,-1,-4
USC Upstate,2026-02-21,Presbyterian,114.4,111.4,16,11,9,23,1,2
USC Upstate,2026-02-26,Radford,86.9,104.6,22,14,15,24,-1,-12
USC Upstate,2026-02-28,Gardner-Webb,98.9,85.0,20,10,5,29,1,10
USC Upstate,2026-03-04,Gardner-Webb,96.9,98.4,26,16,8,20,0,-1
UT Arlington,2025-11-03,North Texas-Dallas,117.4,51.6,17,13,20,35,1,51
UT Arlington,2025-11-08,New Mexico,75.6,99.8,25,23,12,24,-1,-18
UT Arlington,2025-11-10,Arl Baptist,137.6,71.7,25,12,20,34,1,56
UT Arlington,2025-11-15,Missouri State,94.1,68.8,17,14,15,24,1,18
UT Arlington,2025-11-18,Evansville,120.8,109.3,16,20,9,20,-1,8
UT Arlington,2025-11-21,Campbell,91.3,96.8,13,14,12,19,0,-4
UT Arlington,2025-11-22,Weber State,109.0,107.5,17,12,6,20,-1,1
UT Arlington,2025-11-29,Stephen F. Austin,101.0,93.4,11,13,7,21,1,5
UT Arlington,2025-12-02,Arkansas State,85.1,112.1,19,12,15,21,-1,-20
UT Arlington,2025-12-11,Texas–Rio Grande Valley,98.8,85.1,23,12,9,24,-1,8
UT Arlington,2025-12-17,Stanford,89.6,113.5,14,14,4,17,-1,-16
UT Arlington,2025-12-22,Oral Roberts,99.7,82.4,18,14,7,25,-1,12
UT Arlington,2025-12-29,Tarleton State,95.0,104.1,16,17,9,23,1,-6
UT Arlington,2026-01-01,California Baptist,97.2,78.7,20,9,9,21,1,12
UT Arlington,2026-01-03,Southern Utah,114.8,102.8,19,13,6,24,-1,9
UT Arlington,2026-01-10,Abilene Christian,122.4,107.5,13,13,9,18,1,10
UT Arlington,2026-01-15,Utah Tech,81.4,75.6,12,16,13,34,-1,4
UT Arlington,2026-01-17,Utah Valley,106.0,123.2,20,14,12,18,-1,-12
UT Arlington,2026-01-21,Tarleton State,103.9,93.7,18,13,8,20,1,7
UT Arlington,2026-01-29,Southern Utah,113.6,86.6,17,11,19,32,1,19
UT Arlington,2026-01-31,California Baptist,96.2,108.7,30,13,13,28,1,-10
UT Arlington,2026-02-05,Utah Tech,105.8,109.6,27,8,11,23,-1,-3
UT Arlington,2026-02-07,Utah Valley,101.1,136.4,9,14,7,14,-1,-21
UT Arlington,2026-02-12,Abilene Christian,91.7,97.5,6,21,3,26,-1,-4
UT Arlington,2026-02-14,Southern Utah,103.8,110.9,15,9,11,15,1,-5
UT Arlington,2026-02-19,Utah Tech,103.0,81.7,16,10,13,24,1,13
UT Arlington,2026-02-21,Utah Valley,77.5,94.8,15,15,8,21,1,-12
UT Arlington,2026-02-26,California Baptist,90.5,109.8,18,7,13,24,-1,-12
UT Arlington,2026-03-05,Tarleton State,107.4,99.2,21,10,9,21,-1,5
UT Arlington,2026-03-07,Abilene Christian,97.8,87.1,7,15,10,27,-1,7
UT Arlington,2026-03-12,Southern Utah,93.4,85.3,17,9,17,28,0,6
UT Arlington,2026-03-13,Utah Valley,99.4,102.5,9,10,6,20,0,-2
UT Martin,2025-11-04,UNLV,103.4,97.4,30,14,7,21,-1,5
UT Martin,2025-11-09,Kentucky Christian,126.6,54.8,29,15,17,34,1,55
UT Martin,2025-11-12,Bradley,107.8,92.6,24,22,7,27,-1,11
UT Martin,2025-11-18,Florida State,94.9,113.1,27,26,10,28,-1,-14
UT Martin,2025-11-22,Prairie View A&M,97.2,95.8,18,16,9,26,0,1
UT Martin,2025-11-23,Southern Mississippi,110.5,128.9,21,7,7,18,0,-10
UT Martin,2025-11-25,Brescia,101.0,67.3,27,19,23,36,1,25
UT Martin,2025-12-02,Charleston Southern,107.4,82.4,33,8,16,25,1,17
UT Martin,2025-12-07,Alabama State,109.7,94.8,29,11,18,22,1,10
UT Martin,2025-12-10,Southern Illinois,75.7,116.3,32,18,9,18,-1,-29
UT Martin,2025-12-14,Champion Christian,116.8,63.3,34,16,23,40,1,44
UT Martin,2025-12-18,Tennessee State,97.0,106.6,19,16,12,23,-1,-7
UT Martin,2025-12-20,Tennessee Tech,133.5,96.2,29,7,7,23,-1,24
UT Martin,2026-01-01,Western Illinois,103.1,92.3,7,7,14,25,1,7
UT Martin,2026-01-03,Eastern Illinois,98.3,92.2,29,17,11,30,1,4
UT Martin,2026-01-08,Morehead State,121.7,108.9,24,9,11,16,-1,8
UT Martin,2026-01-10,Southern Indiana,112.1,86.0,16,14,14,24,-1,17
UT Martin,2026-01-15,SIU Edwardsville,102.4,92.9,32,9,13,31,1,6
UT Martin,2026-01-17,Lindenwood,91.4,72.8,23,16,7,27,1,14
UT Martin,2026-01-20,Southeast Missouri State,81.0,106.9,22,18,16,21,-1,-16
UT Martin,2026-01-29,Eastern Illinois,112.4,100.5,28,18,8,29,-1,8
UT Martin,2026-01-31,Western Illinois,132.7,69.5,27,6,13,28,-1,40
UT Martin,2026-02-03,Little Rock,88.6,83.8,36,15,10,20,1,3
UT Martin,2026-02-05,Southern Indiana,121.1,86.0,29,13,20,30,1,22
UT Martin,2026-02-07,Morehead State,89.1,98.8,39,9,21,20,1,-6
UT Martin,2026-02-12,Lindenwood,105.2,106.7,23,17,9,18,-1,-1
UT Martin,2026-02-14,SIU Edwardsville,118.0,110.7,24,13,6,20,-1,5
UT Martin,2026-02-17,Southeast Missouri State,71.2,75.2,23,13,12,25,1,-3
UT Martin,2026-02-19,Little Rock,108.1,111.4,35,9,24,19,-1,-2
UT Martin,2026-02-26,Tennessee Tech,96.2,73.7,24,9,8,26,1,15
UT Martin,2026-02-28,Tennessee State,64.1,102.3,21,19,5,22,1,-25
UT Martin,2026-03-05,Eastern Illinois,105.0,100.2,29,10,13,25,0,3
UT Martin,2026-03-06,Tennessee State,88.6,109.6,28,14,9,15,0,-13
UTEP,2025-11-03,Tx Permian Basin,133.4,76.2,16,7,8,27,1,42
UTEP,2025-11-07,Western N.M.,131.0,85.7,14,13,19,20,1,37
UTEP,2025-11-11,Loyola Marymount,92.0,112.6,21,8,7,15,1,-13
UTEP,2025-11-15,Utah State,73.3,107.8,16,15,5,14,-1,-24
UTEP,2025-11-19,St. Thomas (TX),102.7,101.5,20,18,14,24,1,1
UTEP,2025-11-24,William & Mary,84.2,98.9,25,15,12,16,0,-11
UTEP,2025-11-25,UAB,88.5,112.5,23,13,2,16,0,-16
UTEP,2025-12-07,Seattle,101.8,112.3,19,13,8,21,-1,-7
UTEP,2025-12-14,Hawaii,94.4,102.2,22,8,8,26,-1,-5
UTEP,2025-12-21,Norfolk State,102.1,103.5,24,14,14,23,1,-1
UTEP,2025-12-22,North Dakota State,112.6,97.8,20,11,9,18,1,10
UTEP,2025-12-29,Louisiana Tech,100.2,119.3,30,11,15,24,-1,-12
UTEP,2026-01-02,Missouri State,94.1,135.2,15,10,10,12,-1,-24
UTEP,2026-01-04,Florida International,95.9,113.8,27,10,11,18,-1,-12
UTEP,2026-01-08,Middle Tennessee,115.9,111.8,19,9,12,25,1,3
UTEP,2026-01-10,Western Kentucky,80.6,97.9,22,15,7,25,1,-12
UTEP,2026-01-15,Delaware,110.9,109.3,24,4,5,26,-1,1
UTEP,2026-01-17,Liberty,110.3,127.9,23,12,1,18,-1,-11
UTEP,2026-01-22,Florida International,116.5,108.1,25,13,9,19,1,6
UTEP,2026-01-24,Missouri State,86.3,93.9,19,10,1,22,1,-5
UTEP,2026-01-28,Louisiana Tech,91.8,107.3,23,10,6,18,1,-10
UTEP,2026-01-31,Delaware,111.4,87.5,16,6,13,21,1,15
UTEP,2026-02-04,Sam Houston State,94.0,99.7,22,5,7,28,-1,-4
UTEP,2026-02-07,New Mexico State,109.7,106.0,32,13,16,30,1,3
UTEP,2026-02-11,Jacksonville State,115.3,107.0,25,9,6,19,-1,5
UTEP,2026-02-14,Liberty,103.4,118.0,19,11,5,24,1,-9
UTEP,2026-02-21,New Mexico State,105.4,112.1,27,6,7,24,-1,-4
UTEP,2026-02-26,Middle Tennessee,98.9,113.6,20,13,3,19,-1,-10
UTEP,2026-02-28,Western Kentucky,90.9,135.6,28,12,8,18,-1,-32
UTEP,2026-03-05,Kennesaw State,103.4,94.1,21,8,6,29,1,7
UTEP,2026-03-07,Jacksonville State,91.1,95.6,18,12,4,24,1,-3
UTSA,2025-11-05,College of Biblical Studies,121.1,37.5,30,10,15,40,1,67
UTSA,2025-11-07,SIU Edwardsville,80.4,103.1,29,8,14,24,1,-17
UTSA,2025-11-12,Texas State,94.0,109.0,26,11,5,21,-1,-11
UTSA,2025-11-15,Denver,128.1,120.5,23,10,9,23,-1,5
UTSA,2025-11-18,SW Christian,131.3,89.2,21,9,18,31,1,33
UTSA,2025-11-24,Abilene Christian,77.0,93.9,15,14,3,19,0,-11
UTSA,2025-11-25,Georgia Southern,103.6,86.1,23,9,14,31,0,13
UTSA,2025-11-30,South Alabama,80.0,113.1,56,9,15,21,1,-24
UTSA,2025-12-07,Alabama,69.6,122.7,33,18,8,28,-1,-42
UTSA,2025-12-13,Colorado,85.0,116.8,18,15,9,18,-1,-24
UTSA,2025-12-17,Southern California,92.6,128.3,27,16,15,17,-1,-27
UTSA,2025-12-22,Seattle,91.9,95.9,23,15,5,29,1,-3
UTSA,2025-12-31,Florida Atlantic,85.5,134.4,31,14,8,17,-1,-40
UTSA,2026-01-03,Temple,80.0,106.7,21,12,6,20,-1,-19
UTSA,2026-01-07,Charlotte,88.0,112.3,30,8,6,21,1,-16
UTSA,2026-01-10,Tulane,74.6,122.0,21,15,8,25,1,-33
UTSA,2026-01-14,Rice,115.7,141.0,28,9,13,17,1,-16
UTSA,2026-01-18,Memphis,93.4,128.5,31,16,12,14,-1,-26
UTSA,2026-01-21,North Texas,90.0,117.6,23,14,6,14,-1,-19
UTSA,2026-01-24,Temple,99.8,109.2,15,11,15,22,1,-6
UTSA,2026-01-28,UAB,102.6,116.7,25,9,10,22,1,-10
UTSA,2026-02-04,South Florida,121.8,150.9,21,13,7,17,-1,-21
UTSA,2026-02-07,North Texas,85.0,118.7,15,16,9,18,1,-23
UTSA,2026-02-11,East Carolina,97.9,119.6,30,10,15,22,-1,-16
UTSA,2026-02-15,Charlotte,132.7,119.1,23,2,9,20,-1,9
UTSA,2026-02-18,Florida Atlantic,76.9,88.7,26,11,14,31,1,-8
UTSA,2026-02-22,Tulsa,102.7,138.8,26,10,4,17,-1,-26
UTSA,2026-02-25,East Carolina,119.0,120.5,22,17,7,17,1,-1
UTSA,2026-03-01,Wichita State,95.5,119.7,17,6,13,24,1,-17
UTSA,2026-03-08,Rice,99.6,112.2,28,4,13,27,-1,-9
Utah,2025-11-03,San Jose State,114.6,102.3,25,11,12,22,1,9
Utah,2025-11-08,Weber State,104.2,100.8,32,13,15,28,1,3
Utah,2025-11-10,Holy Cross,126.1,100.0,24,6,7,33,1,18
Utah,2025-11-15,Sam Houston State,111.5,103.7,27,14,12,26,1,6
Utah,2025-11-18,Purdue Fort Wayne,126.1,114.2,29,10,10,22,1,8
Utah,2025-11-20,Cal Poly,101.1,109.4,27,15,5,22,1,-7
Utah,2025-11-26,Grand Canyon,86.1,100.9,16,13,7,30,0,-10
Utah,2025-11-27,Ole Miss,117.6,116.0,19,11,9,16,0,1
Utah,2025-12-02,California,102.5,112.5,28,9,6,21,-1,-7
Utah,2025-12-06,California Baptist,125.0,116.8,20,9,9,17,1,6
Utah,2025-12-13,Mississippi State,103.0,114.1,23,13,6,21,0,-8
Utah,2025-12-20,Eastern Washington,141.2,107.6,21,10,5,22,1,24
Utah,2025-12-29,Washington,92.1,104.9,24,12,10,22,-1,-9
Utah,2026-01-03,Arizona,101.5,126.2,17,12,9,20,1,-19
Utah,2026-01-07,Colorado,102.2,119.0,16,6,11,19,-1,-12
Utah,2026-01-10,Brigham Young,112.2,118.9,22,7,8,22,1,-5
Utah,2026-01-14,Texas Tech,101.8,121.0,26,12,5,19,-1,-14
Utah,2026-01-17,TCU,115.6,111.3,24,10,9,24,1,3
Utah,2026-01-20,Kansas State,111.0,115.3,23,8,9,22,-1,-3
Utah,2026-01-24,Brigham Young,117.2,136.7,21,6,5,17,-1,-13
Utah,2026-01-31,Oklahoma State,97.5,114.4,20,8,7,22,1,-12
Utah,2026-02-04,Arizona State,96.9,109.2,27,12,13,23,1,-8
Utah,2026-02-07,Kansas,87.9,105.8,18,10,6,24,-1,-12
Utah,2026-02-10,Houston,87.8,111.5,17,11,3,20,1,-14
Utah,2026-02-15,Cincinnati,100.3,106.5,27,10,13,24,-1,-4
Utah,2026-02-18,West Virginia,99.1,91.0,16,11,10,25,-1,5
Utah,2026-02-21,UCF,109.6,112.7,23,9,6,20,1,-2
Utah,2026-02-24,Iowa State,84.8,107.8,18,17,2,25,1,-16
Utah,2026-02-28,Arizona State,100.0,121.7,22,8,10,22,-1,-13
Utah,2026-03-03,Colorado,119.2,140.6,16,10,6,12,1,-14
Utah,2026-03-07,Baylor,116.0,156.2,14,16,4,11,-1,-26
Utah,2026-03-10,Cincinnati,99.1,109.7,18,7,9,25,0,-7
Utah State,2025-11-03,Westminster (UT),144.0,70.7,37,12,10,32,1,56
Utah State,2025-11-07,VCU,100.9,97.1,13,18,9,21,0,3
Utah State,2025-11-12,Weber State,113.6,99.9,23,6,10,25,1,10
Utah State,2025-11-15,UTEP,107.8,73.3,23,16,12,23,1,24
Utah State,2025-11-21,Tulane,136.6,106.7,23,10,8,26,0,21
Utah State,2025-11-23,Davidson,132.7,84.7,26,11,5,24,0,34
Utah State,2025-11-29,Montana State,107.8,103.9,22,10,9,26,1,3
Utah State,2025-12-04,South Florida,83.9,101.8,24,13,8,19,-1,-13
Utah State,2025-12-07,Charlotte,120.1,80.6,21,6,8,19,-1,26
Utah State,2025-12-13,Illinois State,124.1,116.7,18,16,18,12,0,5
Utah State,2025-12-20,Colorado State,152.2,88.3,21,10,13,21,1,42
Utah State,2025-12-30,Fresno State,93.6,81.9,20,20,9,31,-1,9
Utah State,2026-01-03,San Jose State,145.7,118.4,17,8,8,18,1,18
Utah State,2026-01-06,Air Force,146.6,91.8,26,7,13,23,-1,37
Utah State,2026-01-10,Boise State,140.0,102.4,25,8,10,17,-1,25
Utah State,2026-01-14,Nevada,108.0,94.3,21,10,7,26,1,9
Utah State,2026-01-17,Grand Canyon,113.3,128.6,28,7,22,18,-1,-10
Utah State,2026-01-20,UNLV,107.3,121.5,24,8,8,16,1,-10
Utah State,2026-01-23,Colorado State,105.6,99.1,20,10,6,16,-1,4
Utah State,2026-01-28,Wyoming,135.7,89.5,34,5,5,26,1,32
Utah State,2026-01-31,San Diego State,93.1,86.6,26,15,11,26,1,5
Utah State,2026-02-04,New Mexico,118.9,91.2,31,11,9,27,-1,20
Utah State,2026-02-07,Wyoming,122.9,120.0,12,10,1,21,-1,2
Utah State,2026-02-10,Fresno State,123.0,105.4,33,9,8,23,1,13
Utah State,2026-02-14,Memphis,134.5,101.9,28,9,10,19,1,24
Utah State,2026-02-18,Boise State,126.6,94.6,21,6,6,20,1,19
Utah State,2026-02-21,Nevada,113.4,117.8,34,9,10,17,-1,-3
Utah State,2026-02-25,San Diego State,102.8,127.1,27,12,10,17,-1,-17
Utah State,2026-02-28,Grand Canyon,115.4,107.6,23,6,6,17,1,5
Utah State,2026-03-03,UNLV,91.8,130.0,30,9,9,18,-1,-27
Utah State,2026-03-07,New Mexico,129.3,123.8,27,10,7,19,1,4
Utah State,2026-03-12,UNLV,113.0,84.8,20,13,8,21,0,20
Utah State,2026-03-13,Nevada,112.0,93.5,19,10,8,29,0,13
Utah State,2026-03-14,San Diego State,111.8,95.0,21,5,11,24,0,11
Utah State,2026-03-20,Villanova,127.1,112.4,16,8,8,26,0,10
Utah State,2026-03-22,Arizona,98.0,115.8,32,4,7,16,0,-12
Utah Tech,2025-11-03,South Dakota,97.1,94.7,27,14,10,30,-1,2
Utah Tech,2025-11-05,Bethesda CA,130.4,77.1,29,10,18,39,1,45
Utah Tech,2025-11-07,Arizona,94.2,130.7,22,14,11,17,-1,-26
Utah Tech,2025-11-09,Arizona State,92.3,113.2,30,16,10,25,-1,-15
Utah Tech,2025-11-12,Manhattan,114.0,120.0,25,8,16,18,0,-4
Utah Tech,2025-11-14,Mississippi Valley State,112.1,103.8,33,10,14,27,0,6
Utah Tech,2025-11-16,Hawaii,89.2,97.8,21,12,5,18,-1,-6
Utah Tech,2025-11-21,Nobel,122.4,61.2,21,11,5,34,1,48
Utah Tech,2025-11-25,Portland State,89.3,96.4,21,13,3,21,1,-5
Utah Tech,2025-11-29,UC Riverside,122.6,109.9,15,5,4,20,1,8
Utah Tech,2025-12-03,Santa Clara,101.3,113.9,29,21,12,19,-1,-10
Utah Tech,2025-12-13,Justice,118.3,63.8,28,16,8,31,1,41
Utah Tech,2025-12-20,Weber State,121.3,118.4,25,9,7,19,-1,2
Utah Tech,2025-12-22,Creighton,92.7,123.6,18,15,4,21,-1,-23
Utah Tech,2025-12-29,Southern Utah,110.2,90.9,23,10,12,27,1,14
Utah Tech,2026-01-01,Abilene Christian,119.0,96.4,27,15,5,19,-1,15
Utah Tech,2026-01-08,California Baptist,112.6,131.4,18,9,7,16,-1,-12
Utah Tech,2026-01-10,Utah Valley,99.1,120.0,18,17,8,20,-1,-16
Utah Tech,2026-01-15,UT Arlington,75.6,81.4,15,8,14,24,1,-4
Utah Tech,2026-01-17,Tarleton State,104.6,99.0,23,15,6,27,1,4
Utah Tech,2026-01-21,California Baptist,100.2,114.3,21,6,9,20,-1,-9
Utah Tech,2026-01-24,Southern Utah,139.0,124.0,21,3,10,20,1,11
Utah Tech,2026-01-29,Abilene Christian,102.4,94.4,17,19,7,26,-1,6
Utah Tech,2026-01-31,Tarleton State,103.3,93.7,24,12,5,21,-1,6
Utah Tech,2026-02-05,UT Arlington,109.6,105.8,20,9,9,28,1,3
Utah Tech,2026-02-12,Utah Valley,118.9,113.1,19,12,11,19,1,4
Utah Tech,2026-02-14,California Baptist,107.3,99.6,19,7,8,33,1,5
Utah Tech,2026-02-19,UT Arlington,81.7,103.0,26,11,7,19,-1,-13
Utah Tech,2026-02-21,Tarleton State,125.4,112.8,29,9,11,26,-1,8
Utah Tech,2026-02-26,Abilene Christian,121.7,115.9,19,12,4,23,1,4
Utah Tech,2026-02-28,Southern Utah,101.0,122.1,18,11,4,20,-1,-14
Utah Tech,2026-03-07,Utah Valley,115.9,119.3,30,12,11,25,1,-3
Utah Tech,2026-03-12,Abilene Christian,112.0,103.6,15,16,5,21,0,6
Utah Tech,2026-03-13,California Baptist,99.5,118.8,20,14,6,19,0,-14
Utah Valley,2025-11-04,West Coast Baptist,149.3,45.1,33,8,19,47,1,81
Utah Valley,2025-11-08,Boise State,101.6,133.3,19,14,5,16,-1,-24
Utah Valley,2025-11-12,Westminster (UT),129.7,85.5,21,16,11,22,1,31
Utah Valley,2025-11-15,Fresno State,103.0,104.3,18,15,5,19,-1,-1
Utah Valley,2025-11-19,UC Irvine,107.6,98.1,14,11,10,28,1,7
Utah Valley,2025-11-25,South Dakota State,105.0,72.8,24,16,11,24,0,23
Utah Valley,2025-11-26,Samford,117.2,59.3,14,12,7,34,0,44
Utah Valley,2025-12-03,San Diego State,93.3,108.9,27,18,9,20,-1,-11
Utah Valley,2025-12-06,Bowling Green,110.3,95.5,22,17,8,26,-1,11
Utah Valley,2025-12-10,Idaho State,106.5,100.6,21,16,11,25,1,4
Utah Valley,2025-12-13,UC Santa Barbara,98.4,76.7,22,15,11,23,0,15
Utah Valley,2025-12-17,Weber State,133.3,109.6,22,13,13,22,1,16
Utah Valley,2025-12-20,Bethesda CA,138.4,61.0,29,14,21,42,1,61
Utah Valley,2025-12-29,California Baptist,105.0,95.0,14,7,2,18,1,7
Utah Valley,2026-01-01,Tarleton State,117.2,109.5,18,15,9,29,-1,6
Utah Valley,2026-01-03,Abilene Christian,96.6,120.8,19,21,7,20,-1,-17
Utah Valley,2026-01-08,Southern Utah,121.4,98.2,17,15,16,29,1,17
Utah Valley,2026-01-10,Utah Tech,120.0,99.1,19,14,9,22,1,16
Utah Valley,2026-01-17,UT Arlington,123.2,106.0,15,10,14,18,1,12
Utah Valley,2026-01-21,Southern Utah,96.9,116.2,26,10,16,17,-1,-14
Utah Valley,2026-01-24,California Baptist,91.1,100.0,20,14,10,22,-1,-7
Utah Valley,2026-01-29,Tarleton State,111.9,74.1,16,19,8,27,-1,28
Utah Valley,2026-02-05,Abilene Christian,99.9,80.8,15,18,10,23,1,13
Utah Valley,2026-02-07,UT Arlington,136.4,101.1,23,10,9,14,1,21
Utah Valley,2026-02-12,Utah Tech,113.1,118.9,22,15,11,19,-1,-4
Utah Valley,2026-02-19,California Baptist,99.3,70.3,14,11,14,26,1,19
Utah Valley,2026-02-21,UT Arlington,94.8,77.5,14,12,18,23,-1,12
Utah Valley,2026-02-26,Tarleton State,112.9,102.9,16,9,8,26,1,7
Utah Valley,2026-02-28,Abilene Christian,107.5,97.3,16,16,5,23,1,7
Utah Valley,2026-03-05,Southern Utah,127.3,121.8,17,6,10,18,-1,4
Utah Valley,2026-03-07,Utah Tech,119.3,115.9,28,12,10,27,-1,3
Utah Valley,2026-03-13,UT Arlington,102.5,99.4,20,13,5,21,0,2
Utah Valley,2026-03-15,California Baptist,90.6,93.6,8,13,8,20,0,-2
Utah Valley,2026-03-18,George Washington,113.1,114.5,22,11,12,20,1,-1
VCU,2025-11-03,Wagner,131.1,94.2,34,10,14,25,1,29
VCU,2025-11-07,Utah State,97.1,100.9,30,18,12,21,0,-3
VCU,2025-11-12,Saint Peter's,115.0,89.9,22,16,13,20,1,17
VCU,2025-11-17,NC State,105.2,113.2,42,12,11,18,-1,-6
VCU,2025-11-22,Coppin State,133.8,76.8,25,8,9,27,1,43
VCU,2025-11-26,South Florida,104.2,88.2,23,11,13,30,0,12
VCU,2025-11-27,Vanderbilt,95.9,115.4,29,13,7,16,0,-15
VCU,2025-11-28,Virginia Tech,118.3,93.6,21,14,9,22,0,18
VCU,2025-12-05,Samford,117.3,80.6,28,12,17,35,1,26
VCU,2025-12-10,New Mexico,110.8,115.1,26,9,15,18,1,-3
VCU,2025-12-15,Niagara,127.5,88.0,33,10,9,25,1,26
VCU,2025-12-18,American,146.9,116.1,27,10,15,26,1,22
VCU,2025-12-22,Rider,135.8,107.2,23,9,9,24,1,21
VCU,2025-12-31,St. Bonaventure,132.4,122.0,20,7,5,17,1,7
VCU,2026-01-03,Duquesne,129.5,111.4,25,12,9,20,-1,13
VCU,2026-01-07,Saint Louis,80.0,91.6,24,11,8,32,1,-9
VCU,2026-01-10,George Mason,118.3,127.1,25,8,9,20,-1,-6
VCU,2026-01-14,Rhode Island,124.7,111.4,29,5,7,21,-1,9
VCU,2026-01-19,Saint Joseph's,105.7,96.3,30,10,9,22,1,7
VCU,2026-01-24,Davidson,118.0,108.5,16,11,9,21,-1,6
VCU,2026-01-27,Richmond,125.7,112.7,24,7,11,19,1,8
VCU,2026-01-30,Loyola Chicago,126.8,106.9,29,6,8,21,1,14
VCU,2026-02-03,Fordham,97.0,90.8,16,14,6,28,-1,4
VCU,2026-02-06,Dayton,119.1,87.8,24,11,11,33,1,26
VCU,2026-02-11,La Salle,111.6,98.6,20,12,12,25,-1,9
VCU,2026-02-14,Richmond,110.0,94.5,33,10,9,29,-1,11
VCU,2026-02-17,George Washington,128.3,108.1,23,7,6,23,1,14
VCU,2026-02-20,Saint Louis,96.6,113.4,29,16,17,22,-1,-13
VCU,2026-02-28,Fordham,116.8,89.7,29,10,9,31,1,19
VCU,2026-03-03,George Mason,112.3,104.3,20,6,8,21,1,5
VCU,2026-03-06,Dayton,111.2,101.4,21,7,4,24,-1,6
VCU,2026-03-13,Duquesne,107.1,99.6,16,11,6,20,0,5
VCU,2026-03-14,Saint Joseph's,114.9,95.5,24,7,10,25,0,13
VCU,2026-03-15,Dayton,108.4,96.0,24,4,6,27,0,8
VCU,2026-03-19,North Carolina,105.1,99.9,26,9,6,29,0,4
VCU,2026-03-21,Illinois,81.5,112.7,32,10,12,14,0,-21
VMI,2025-11-03,Johnson/Wales-NC,158.0,75.1,41,3,14,28,1,64
VMI,2025-11-07,Southern Indiana,96.6,91.6,32,9,9,31,-1,4
VMI,2025-11-09,Missouri,90.0,140.3,42,16,7,15,-1,-38
VMI,2025-11-12,VU Lynchburg,118.3,60.3,49,6,11,47,1,52
VMI,2025-11-15,Jacksonville,100.8,103.8,21,15,9,16,1,-2
VMI,2025-11-19,Richmond,78.2,126.0,31,16,6,19,-1,-33
VMI,2025-11-22,Stetson,119.0,147.3,31,5,10,17,-1,-19
VMI,2025-11-24,Buffalo,102.1,113.8,34,8,13,16,0,-8
VMI,2025-11-26,Bowling Green,70.9,119.7,28,13,11,15,0,-33
VMI,2025-11-29,UCF,80.3,115.5,34,13,13,22,-1,-25
VMI,2025-12-05,Christendom,122.7,49.6,46,11,13,43,1,53
VMI,2025-12-09,Loyola (MD),130.8,106.4,32,5,8,21,1,16
VMI,2025-12-21,Radford,117.4,126.5,24,13,5,12,-1,-7
VMI,2026-01-01,Samford,85.0,114.3,32,9,8,27,1,-20
VMI,2026-01-03,Chattanooga,112.7,101.3,33,12,12,26,1,8
VMI,2026-01-07,East Tennessee State,100.1,121.0,26,6,10,18,-1,-14
VMI,2026-01-10,Furman,72.3,104.0,31,12,11,16,-1,-21
VMI,2026-01-15,Mercer,99.0,113.8,36,10,9,15,1,-10
VMI,2026-01-17,The Citadel,101.1,121.9,24,10,6,18,1,-14
VMI,2026-01-21,UNC Greensboro,113.8,124.0,37,7,9,23,1,-7
VMI,2026-01-24,Western Carolina,97.3,147.6,30,7,4,14,-1,-30
VMI,2026-01-29,The Citadel,89.7,128.1,26,9,5,19,-1,-24
VMI,2026-01-31,Mercer,108.5,127.2,42,10,7,18,-1,-14
VMI,2026-02-04,Wofford,97.5,117.9,24,7,6,26,1,-14
VMI,2026-02-07,East Tennessee State,99.1,123.2,32,12,6,15,1,-17
VMI,2026-02-11,UNC Greensboro,99.8,129.3,33,11,5,21,-1,-21
VMI,2026-02-14,Furman,101.4,126.8,43,6,9,20,1,-18
VMI,2026-02-18,Wofford,108.0,116.5,22,11,6,20,-1,-6
VMI,2026-02-21,Western Carolina,98.2,128.3,29,5,4,21,1,-19
VMI,2026-02-26,Samford,92.3,121.1,31,10,9,22,-1,-19
VMI,2026-02-28,Chattanooga,122.7,133.6,38,1,8,24,-1,-7
VMI,2026-03-06,UNC Greensboro,101.5,121.8,30,11,9,17,0,-14
Valparaiso,2025-11-04,Eastern Illinois,90.8,86.7,31,13,12,19,1,3
Valparaiso,2025-11-07,Kentucky,78.7,142.8,34,9,12,21,-1,-48
Valparaiso,2025-11-12,Nicholls State,105.3,97.6,16,9,9,20,1,5
Valparaiso,2025-11-16,Bryant,102.1,75.1,21,7,11,28,1,18
Valparaiso,2025-11-19,Cleveland State,125.5,104.6,22,9,10,25,-1,15
Valparaiso,2025-11-26,Southern Indiana,75.4,86.1,26,8,16,26,1,-8
Valparaiso,2025-11-29,Western Michigan,123.5,80.9,24,10,11,21,1,29
Valparaiso,2025-12-02,Marquette,91.8,95.6,26,19,7,27,-1,-3
Valparaiso,2025-12-06,Calumet College,135.7,80.3,23,10,14,27,1,40
Valparaiso,2025-12-13,UNC Wilmington,108.5,113.1,25,5,15,21,1,-3
Valparaiso,2025-12-16,Northwestern,103.0,126.6,19,13,10,17,-1,-16
Valparaiso,2025-12-21,Murray State,107.2,115.3,18,11,8,23,1,-6
Valparaiso,2025-12-29,Northern Iowa,81.9,99.0,23,8,12,22,-1,-10
Valparaiso,2026-01-01,Southern Illinois,91.7,98.2,21,10,12,31,-1,-5
Valparaiso,2026-01-04,Illinois–Chicago,104.7,93.6,11,10,6,16,1,7
Valparaiso,2026-01-07,Illinois State,117.1,107.9,12,11,4,23,1,6
Valparaiso,2026-01-10,Murray State,103.0,120.0,16,15,8,23,-1,-13
Valparaiso,2026-01-13,Belmont,109.6,115.6,31,11,10,17,-1,-4
Valparaiso,2026-01-17,Northern Iowa,89.4,72.8,19,6,5,30,1,10
Valparaiso,2026-01-21,Southern Illinois,105.7,96.6,16,10,3,24,1,6
Valparaiso,2026-01-28,Belmont,110.4,111.8,27,8,8,18,1,-1
Valparaiso,2026-01-31,Indiana State,102.5,97.1,14,8,12,26,-1,4
Valparaiso,2026-02-03,Bradley,100.5,111.3,18,12,10,20,-1,-7
Valparaiso,2026-02-06,Evansville,102.7,92.4,23,10,15,27,1,7
Valparaiso,2026-02-09,Drake,119.6,112.2,22,11,11,28,-1,5
Valparaiso,2026-02-12,Illinois State,92.3,124.0,16,8,11,18,-1,-22
Valparaiso,2026-02-15,Indiana State,125.5,123.8,19,7,13,14,1,1
Valparaiso,2026-02-18,Bradley,118.1,107.7,16,8,6,19,1,7
Valparaiso,2026-02-21,Illinois–Chicago,109.7,103.5,21,8,12,20,-1,4
Valparaiso,2026-02-25,Drake,113.6,109.0,28,10,8,18,1,3
Valparaiso,2026-02-28,Evansville,113.9,115.3,21,6,4,19,-1,-1
Valparaiso,2026-03-05,Indiana State,103.0,101.3,23,8,14,16,0,1
Valparaiso,2026-03-06,Bradley,94.1,100.9,23,18,11,29,0,-6
Vanderbilt,2025-11-03,Lipscomb,139.5,81.0,31,6,8,27,1,44
Vanderbilt,2025-11-08,UCF,137.8,122.1,36,6,8,20,-1,12
Vanderbilt,2025-11-12,Eastern Kentucky,122.2,82.3,28,10,11,29,1,30
Vanderbilt,2025-11-15,Arkansas–Pine Bluff,139.6,100.7,34,6,19,29,1,29
Vanderbilt,2025-11-20,Texas Southern,142.3,96.6,40,6,12,26,1,35
Vanderbilt,2025-11-26,Western Kentucky,101.1,95.0,24,15,3,27,0,5
Vanderbilt,2025-11-27,VCU,115.4,95.9,22,16,7,29,0,15
Vanderbilt,2025-11-28,St. Mary's (CA),132.5,98.0,19,6,9,21,0,25
Vanderbilt,2025-12-03,SMU,127.9,100.3,24,4,6,23,1,19
Vanderbilt,2025-12-13,Central Arkansas,108.3,93.9,38,13,11,33,1,11
Vanderbilt,2025-12-17,Memphis,88.3,80.3,31,18,10,29,-1,7
Vanderbilt,2025-12-21,Wake Forest,130.0,88.9,32,11,3,20,-1,31
Vanderbilt,2025-12-29,New Haven,141.2,77.9,24,8,11,27,1,43
Vanderbilt,2026-01-03,South Carolina,127.6,109.1,23,7,8,28,-1,12
Vanderbilt,2026-01-07,Alabama,113.7,106.6,20,7,8,29,1,6
Vanderbilt,2026-01-10,Louisiana State,116.0,100.8,30,6,10,24,1,11
Vanderbilt,2026-01-14,Texas,95.1,118.9,25,9,7,13,-1,-16
Vanderbilt,2026-01-17,Florida,125.6,130.9,22,4,6,16,1,-4
Vanderbilt,2026-01-20,Arkansas,99.5,136.0,31,9,8,17,-1,-25
Vanderbilt,2026-01-24,Mississippi State,117.9,75.0,25,9,5,31,-1,32
Vanderbilt,2026-01-27,Kentucky,112.8,77.5,26,8,12,29,1,25
Vanderbilt,2026-01-31,Ole Miss,109.4,104.7,32,10,10,21,1,3
Vanderbilt,2026-02-07,Oklahoma,121.7,123.1,24,13,10,20,1,-1
Vanderbilt,2026-02-10,Auburn,123.5,111.7,23,7,6,16,-1,8
Vanderbilt,2026-02-14,Texas A&M,115.1,96.8,29,8,10,26,1,13
Vanderbilt,2026-02-18,Missouri,111.3,112.7,25,10,14,19,-1,-1
Vanderbilt,2026-02-21,Tennessee,101.1,107.4,23,10,7,22,1,-4
Vanderbilt,2026-02-25,Georgia,129.2,117.5,26,5,9,24,1,8
Vanderbilt,2026-02-28,Kentucky,112.3,132.7,28,11,5,16,-1,-14
Vanderbilt,2026-03-03,Ole Miss,112.0,108.2,32,9,18,21,-1,3
Vanderbilt,2026-03-07,Tennessee,116.9,111.4,10,14,7,24,-1,4
Vanderbilt,2026-03-13,Tennessee,118.4,107.3,27,5,10,19,0,7
Vanderbilt,2026-03-14,Florida,141.2,114.9,21,7,8,15,0,17
Vanderbilt,2026-03-15,Arkansas,107.0,122.6,24,6,9,23,0,-11
Vanderbilt,2026-03-19,McNeese State,117.5,102.4,24,13,7,27,0,10
Vanderbilt,2026-03-21,Nebraska,111.8,114.9,37,8,11,18,0,-2
Vermont,2025-11-03,Western New Eng.,113.0,102.4,21,13,7,26,1,7
Vermont,2025-11-05,SUNY Plattsburgh,150.0,82.3,37,8,16,33,1,51
Vermont,2025-11-09,Brown,109.3,103.2,32,8,10,35,-1,5
Vermont,2025-11-15,Northeastern,118.3,103.0,23,13,5,19,-1,11
Vermont,2025-11-18,Buffalo,121.6,127.0,25,12,5,22,-1,-4
Vermont,2025-11-24,Liberty,108.4,117.3,24,11,6,26,0,-6
Vermont,2025-11-25,Rhode Island,100.0,123.1,30,14,8,16,0,-15
Vermont,2025-11-26,Princeton,121.7,114.0,25,7,8,28,0,5
Vermont,2025-11-30,Yale,118.5,123.3,28,11,8,23,1,-3
Vermont,2025-12-03,Oregon State,91.1,125.6,22,9,10,18,-1,-22
Vermont,2025-12-06,Pepperdine,104.2,89.8,29,9,6,24,-1,9
Vermont,2025-12-14,Merrimack,114.8,102.6,22,5,10,22,1,7
Vermont,2025-12-17,Siena,118.8,98.8,24,8,6,29,1,14
Vermont,2025-12-20,Iona,113.8,121.1,31,5,9,22,1,-5
Vermont,2025-12-30,Princeton,101.0,109.8,26,10,10,25,-1,-6
Vermont,2026-01-03,New Hampshire,121.2,92.4,21,8,6,24,-1,19
Vermont,2026-01-08,Binghamton,96.7,95.1,16,8,7,29,1,1
Vermont,2026-01-15,Maine,105.9,98.0,20,8,2,33,1,5
Vermont,2026-01-19,Albany (NY),98.9,109.1,24,13,6,23,-1,-7
Vermont,2026-01-22,UMass Lowell,114.1,100.8,22,7,7,26,-1,9
Vermont,2026-01-24,Bryant,110.8,92.9,26,6,13,20,-1,10
Vermont,2026-01-29,UMBC,100.5,86.3,30,9,5,32,1,9
Vermont,2026-01-31,NJIT,109.3,112.1,29,7,11,20,1,-2
Vermont,2026-02-05,Maine,105.3,114.4,29,14,8,20,-1,-6
Vermont,2026-02-07,New Hampshire,115.4,82.2,39,11,8,30,1,23
Vermont,2026-02-12,Binghamton,109.7,97.6,20,9,5,26,-1,8
Vermont,2026-02-14,Bryant,135.8,95.1,14,10,6,26,1,27
Vermont,2026-02-19,UMBC,89.4,108.2,28,7,6,28,-1,-13
Vermont,2026-02-21,NJIT,109.4,100.0,20,8,6,26,-1,6
Vermont,2026-02-26,UMass Lowell,98.4,95.5,26,9,10,24,1,2
Vermont,2026-03-03,Albany (NY),111.1,90.2,24,8,5,21,1,13
Vermont,2026-03-07,Bryant,130.6,96.7,20,7,7,22,1,20
Vermont,2026-03-10,NJIT,99.6,85.4,25,8,6,25,1,9
Vermont,2026-03-14,UMBC,92.1,115.5,27,8,8,21,-1,-15
Villanova,2025-11-03,Brigham Young,91.0,97.9,35,11,9,31,0,-5
Villanova,2025-11-08,Queens (NC),135.8,106.9,19,5,17,17,1,20
Villanova,2025-11-11,Sacred Heart,143.2,91.4,43,13,12,19,1,34
Villanova,2025-11-15,Duquesne,120.7,106.8,21,13,18,17,1,10
Villanova,2025-11-19,La Salle,116.7,91.7,25,12,12,20,-1,15
Villanova,2025-11-25,Old Dominion,132.0,111.3,26,7,8,25,1,14
Villanova,2025-12-01,Temple,122.6,92.8,29,8,15,18,1,18
Villanova,2025-12-06,Pennsylvania,131.5,92.1,31,10,7,26,0,27
Villanova,2025-12-09,Michigan,77.0,112.3,37,14,5,25,-1,-28
Villanova,2025-12-13,Pittsburgh,130.5,100.7,22,3,5,20,1,18
Villanova,2025-12-19,Wisconsin,109.5,95.1,31,7,12,24,0,10
Villanova,2025-12-23,Seton Hall,103.9,90.9,23,14,8,29,-1,8
Villanova,2025-12-31,DePaul,103.3,96.1,23,8,12,21,1,5
Villanova,2026-01-03,Butler,119.6,94.3,21,10,7,22,-1,18
Villanova,2026-01-07,Creighton,111.8,118.0,24,5,11,17,1,-4
Villanova,2026-01-10,Marquette,117.4,112.8,25,10,5,19,-1,3
Villanova,2026-01-13,Providence,125.2,116.6,28,8,11,19,-1,6
Villanova,2026-01-17,St. John's (NY),112.0,121.9,26,12,7,20,1,-7
Villanova,2026-01-21,Georgetown,102.5,79.2,22,8,8,21,1,15
Villanova,2026-01-24,Connecticut,102.4,114.6,26,10,15,23,-1,-8
Villanova,2026-01-30,Providence,126.9,106.5,29,4,5,17,1,14
Villanova,2026-02-04,Seton Hall,110.2,91.8,29,12,9,21,1,12
Villanova,2026-02-07,Georgetown,112.5,102.7,29,9,9,25,-1,7
Villanova,2026-02-10,Marquette,106.8,102.6,34,11,12,17,1,3
Villanova,2026-02-14,Creighton,114.5,98.8,21,7,11,27,-1,11
Villanova,2026-02-17,Xavier,116.0,112.2,34,5,12,23,-1,3
Villanova,2026-02-21,Connecticut,97.1,112.5,24,9,7,11,1,-10
Villanova,2026-02-25,Butler,115.9,103.2,32,9,5,19,1,9
Villanova,2026-02-28,St. John's (NY),78.6,122.8,23,16,5,19,-1,-32
Villanova,2026-03-04,DePaul,108.9,81.7,21,10,8,25,-1,19
Villanova,2026-03-07,Xavier,127.3,109.1,31,10,7,28,1,13
Villanova,2026-03-12,Georgetown,97.9,119.3,29,5,8,11,0,-14
Villanova,2026-03-20,Utah State,112.4,127.1,30,8,10,15,0,-10
Virginia,2025-11-03,Rider,130.9,79.7,30,6,20,26,1,34
Virginia,2025-11-07,North Carolina Central,124.2,95.0,36,11,17,27,1,19
Virginia,2025-11-11,Hampton,135.5,78.9,22,13,15,29,1,38
Virginia,2025-11-15,Marshall,132.1,99.0,28,9,9,23,1,26
Virginia,2025-11-21,Northwestern,111.8,105.1,24,11,16,26,0,5
Virginia,2025-11-23,Butler,105.1,115.2,27,8,14,19,0,-7
Virginia,2025-11-28,Queens (NC),143.5,105.3,33,8,14,24,1,25
Virginia,2025-12-03,Texas,132.7,104.0,24,6,7,22,-1,19
Virginia,2025-12-06,Dayton,115.2,97.8,20,21,6,34,0,13
Virginia,2025-12-09,Maryland Eastern Shore,126.4,90.3,31,7,9,23,1,24
Virginia,2025-12-20,Maryland,119.0,107.1,20,7,14,16,1,8
Virginia,2025-12-22,American,149.1,80.1,23,9,14,31,1,44
Virginia,2025-12-31,Virginia Tech,88.3,98.7,45,16,17,34,-1,-10
Virginia,2026-01-03,NC State,116.9,93.8,33,13,9,27,-1,15
Virginia,2026-01-07,California,118.8,84.9,29,11,9,29,1,24
Virginia,2026-01-10,Stanford,111.9,87.9,22,9,11,22,1,15
Virginia,2026-01-13,Louisville,115.1,101.9,34,13,12,30,-1,9
Virginia,2026-01-17,SMU,114.0,107.6,31,11,14,22,-1,4
Virginia,2026-01-24,North Carolina,116.0,123.2,27,10,13,25,1,-5
Virginia,2026-01-27,Notre Dame,123.6,119.9,29,11,11,25,-1,3
Virginia,2026-01-31,Boston College,108.2,97.9,23,7,11,23,-1,7
Virginia,2026-02-03,Pittsburgh,109.0,76.4,31,9,12,22,1,20
Virginia,2026-02-07,Syracuse,114.3,93.7,30,9,14,19,1,13
Virginia,2026-02-10,Florida State,87.0,82.7,33,14,10,32,-1,3
Virginia,2026-02-14,Ohio State,106.5,100.4,18,11,11,26,0,4
Virginia,2026-02-18,Georgia Tech,117.4,84.9,37,13,20,29,-1,26
Virginia,2026-02-21,Miami (FL),129.7,125.2,24,9,3,18,1,3
Virginia,2026-02-24,NC State,125.3,84.9,26,10,6,31,1,29
Virginia,2026-02-28,Duke,81.7,123.4,35,8,7,18,-1,-26
Virginia,2026-03-03,Wake Forest,107.9,100.7,32,10,11,28,1,5
Virginia,2026-03-07,Virginia Tech,112.0,106.1,25,12,11,23,1,4
Virginia,2026-03-12,NC State,116.5,106.4,25,8,7,25,0,7
Virginia,2026-03-13,Miami (FL),131.4,97.0,26,10,11,24,0,22
Virginia,2026-03-14,Duke,105.2,111.2,24,11,7,21,0,-4
Virginia,2026-03-20,Wright State,124.4,110.7,26,12,7,25,0,9
Virginia,2026-03-22,Tennessee,103.5,113.6,35,6,11,19,0,-7
Virginia Tech,2025-11-03,Charleston Southern,121.0,82.7,28,7,14,35,1,31
Virginia Tech,2025-11-08,Providence,116.1,109.6,28,11,10,29,0,6
Virginia Tech,2025-11-12,Saint Joseph's,124.4,78.1,27,6,10,27,1,35
Virginia Tech,2025-11-16,Charlotte,124.0,112.2,29,5,16,22,1,8
Virginia Tech,2025-11-19,Bryant,112.2,87.8,16,10,11,26,1,17
Virginia Tech,2025-11-26,Colorado State,104.4,101.3,22,8,5,22,0,2
Virginia Tech,2025-11-27,St. Mary's (CA),93.9,109.6,30,9,14,16,0,-11
Virginia Tech,2025-11-28,VCU,93.6,118.3,16,13,5,15,0,-18
Virginia Tech,2025-12-02,South Carolina,110.8,106.9,20,9,6,30,-1,3
Virginia Tech,2025-12-06,George Mason,109.9,93.4,25,9,6,19,1,11
Virginia Tech,2025-12-11,Western Carolina,128.7,99.2,27,11,9,23,1,22
Virginia Tech,2025-12-14,Maryland Eastern Shore,127.3,82.3,24,7,5,27,1,29
Virginia Tech,2025-12-20,Elon,116.3,114.9,13,12,17,17,1,1
Virginia Tech,2025-12-31,Virginia,98.7,88.3,28,14,18,36,1,10
Virginia Tech,2026-01-03,Wake Forest,104.4,108.4,30,18,7,23,-1,-3
Virginia Tech,2026-01-07,Stanford,112.3,113.9,20,9,13,21,1,-1
Virginia Tech,2026-01-10,California,115.8,111.4,23,10,10,17,1,3
Virginia Tech,2026-01-14,SMU,108.2,109.6,28,10,11,22,-1,-1
Virginia Tech,2026-01-17,Notre Dame,122.6,104.7,20,12,8,21,1,13
Virginia Tech,2026-01-21,Syracuse,105.0,102.2,17,10,8,25,-1,2
Virginia Tech,2026-01-24,Louisville,98.6,118.1,30,12,9,21,-1,-14
Virginia Tech,2026-01-27,Georgia Tech,99.7,91.3,29,8,12,22,1,6
Virginia Tech,2026-01-31,Duke,96.5,119.8,26,10,8,12,1,-14
Virginia Tech,2026-02-07,NC State,100.3,112.7,25,14,10,23,-1,-9
Virginia Tech,2026-02-11,Clemson,117.2,101.8,21,12,3,25,-1,10
Virginia Tech,2026-02-14,Florida State,108.5,144.7,18,9,7,17,1,-23
Virginia Tech,2026-02-17,Miami (FL),106.8,108.4,20,8,7,23,-1,-1
Virginia Tech,2026-02-21,Wake Forest,134.2,103.1,28,4,12,20,1,19
Virginia Tech,2026-02-28,North Carolina,116.7,126.7,23,8,4,15,-1,-7
Virginia Tech,2026-03-03,Boston College,108.8,95.2,24,12,6,26,1,9
Virginia Tech,2026-03-07,Virginia,106.1,112.0,32,10,11,17,-1,-4
Virginia Tech,2026-03-10,Wake Forest,114.8,122.5,24,12,16,23,0,-6
Wagner,2025-11-03,VCU,94.2,131.1,17,15,11,20,-1,-29
Wagner,2025-11-07,Seton Hall,94.5,105.3,22,18,8,17,-1,-7
Wagner,2025-11-11,Fordham,101.0,104.3,29,9,10,23,-1,-2
Wagner,2025-11-16,UMBC,89.3,90.6,16,15,9,25,-1,-1
Wagner,2025-11-22,Georgetown,98.5,120.8,25,15,7,25,-1,-17
Wagner,2025-11-26,Manhattan,129.2,126.7,16,13,14,26,-1,2
Wagner,2025-12-02,Maryland,83.5,117.9,23,18,8,27,-1,-26
Wagner,2025-12-06,B&S Albany,115.9,45.3,27,21,16,47,1,56
Wagner,2025-12-11,Bloomfield,111.3,108.9,31,18,15,32,1,2
Wagner,2025-12-17,Maryland Eastern Shore,118.2,97.0,24,4,6,20,1,14
Wagner,2025-12-22,Manor,101.3,78.0,24,11,13,27,1,17
Wagner,2026-01-02,Chicago State,120.5,109.9,16,8,12,26,-1,7
Wagner,2026-01-04,Stonehill,98.1,112.8,12,10,9,19,1,-9
Wagner,2026-01-08,Saint Francis (PA),102.2,105.1,21,13,13,22,1,-2
Wagner,2026-01-10,Mercyhurst,106.5,108.0,21,12,10,26,1,-1
Wagner,2026-01-17,New Haven,117.5,127.0,23,17,12,18,-1,-6
Wagner,2026-01-19,FDU,103.9,115.8,14,7,4,15,-1,-7
Wagner,2026-01-23,Le Moyne,108.2,111.4,19,12,9,24,-1,-2
Wagner,2026-01-29,Central Connecticut State,92.4,104.2,27,7,11,19,1,-7
Wagner,2026-01-31,FDU,106.3,102.0,22,9,10,26,1,3
Wagner,2026-02-05,Le Moyne,115.3,113.9,17,13,6,19,1,1
Wagner,2026-02-07,Central Connecticut State,99.0,124.1,27,9,9,14,-1,-17
Wagner,2026-02-12,LIU,81.2,95.5,20,16,9,24,1,-10
Wagner,2026-02-14,Stonehill,100.2,84.0,16,8,15,25,-1,11
Wagner,2026-02-16,LIU,98.0,125.2,14,15,12,15,-1,-18
Wagner,2026-02-19,Mercyhurst,109.9,105.9,17,16,11,27,-1,3
Wagner,2026-02-21,Saint Francis (PA),97.7,84.2,27,15,10,26,-1,9
Wagner,2026-02-26,New Haven,102.7,97.9,25,7,5,29,1,3
Wagner,2026-02-28,Chicago State,115.3,87.9,21,15,10,30,1,19
Wagner,2026-03-04,Central Connecticut State,116.8,100.1,20,4,8,24,-1,10
Wagner,2026-03-07,LIU,86.3,98.6,22,13,10,21,-1,-8
Wake Forest,2025-11-03,American,114.3,96.1,25,11,10,26,1,14
Wake Forest,2025-11-07,Morehead State,99.2,79.6,24,18,19,30,1,16
Wake Forest,2025-11-11,Michigan,94.6,95.7,34,13,14,25,0,-1
Wake Forest,2025-11-16,UMass Lowell,140.7,96.8,30,7,9,25,1,34
Wake Forest,2025-11-20,Texas Tech,107.5,108.8,18,8,9,22,0,-1
Wake Forest,2025-11-21,Memphis,98.9,97.4,33,14,13,19,0,1
Wake Forest,2025-11-25,Campbell,135.8,70.0,29,8,9,32,1,48
Wake Forest,2025-11-28,Northeastern,115.0,97.6,23,16,9,18,1,13
Wake Forest,2025-12-02,Oklahoma,92.9,117.4,30,12,8,14,1,-18
Wake Forest,2025-12-06,West Virginia,120.4,105.9,25,9,12,12,0,9
Wake Forest,2025-12-14,Queens (NC),155.8,102.4,33,8,7,25,1,38
Wake Forest,2025-12-17,Longwood,96.5,92.4,24,10,6,24,1,3
Wake Forest,2025-12-21,Vanderbilt,88.9,130.0,21,17,10,20,1,-31
Wake Forest,2025-12-31,NC State,78.5,96.4,31,15,9,25,-1,-13
Wake Forest,2026-01-03,Virginia Tech,108.4,104.4,24,10,11,19,1,3
Wake Forest,2026-01-07,Miami (FL),110.9,116.6,21,12,4,14,1,-4
Wake Forest,2026-01-10,North Carolina,114.7,118.8,35,13,7,16,-1,-3
Wake Forest,2026-01-17,Florida State,102.4,100.9,34,5,8,18,-1,1
Wake Forest,2026-01-20,SMU,101.9,117.3,30,11,6,18,1,-12
Wake Forest,2026-01-24,Duke,105.7,137.9,32,9,4,12,-1,-21
Wake Forest,2026-01-27,Pittsburgh,103.5,108.9,24,13,7,28,-1,-4
Wake Forest,2026-01-31,NC State,112.3,138.2,20,8,5,21,1,-18
Wake Forest,2026-02-07,Louisville,112.2,123.4,25,6,9,19,1,-8
Wake Forest,2026-02-11,Georgia Tech,122.3,98.7,28,9,5,29,-1,16
Wake Forest,2026-02-14,Stanford,108.1,100.1,17,10,4,19,1,5
Wake Forest,2026-02-18,Clemson,127.6,115.6,22,9,6,21,1,8
Wake Forest,2026-02-21,Virginia Tech,103.1,134.2,30,6,13,16,-1,-19
Wake Forest,2026-02-25,Boston College,105.3,106.9,30,6,12,23,-1,-1
Wake Forest,2026-02-28,Syracuse,134.1,126.5,16,10,8,19,1,5
Wake Forest,2026-03-03,Virginia,100.7,107.9,25,8,6,22,-1,-5
Wake Forest,2026-03-07,California,111.2,101.4,23,10,10,30,1,7
Wake Forest,2026-03-10,Virginia Tech,122.5,114.8,22,9,6,18,0,6
Wake Forest,2026-03-11,Clemson,101.4,116.1,22,12,6,24,0,-9
Wake Forest,2026-03-18,Navy,119.6,105.0,30,13,12,21,1,10
Wake Forest,2026-03-22,Illinois State,107.2,111.5,16,10,7,25,1,-3
Washington,2025-11-03,Arkansas–Pine Bluff,124.2,66.1,25,14,16,33,1,44
Washington,2025-11-06,Denver,117.6,98.0,20,9,10,26,1,14
Washington,2025-11-09,Baylor,95.2,107.7,20,12,15,23,-1,-9
Washington,2025-11-14,Washington State,125.9,107.2,26,7,10,23,-1,12
Washington,2025-11-18,Southern,104.3,97.9,17,15,14,31,1,6
Washington,2025-11-27,Nevada,116.9,92.9,14,12,12,30,0,17
Washington,2025-11-28,Colorado,96.9,115.4,21,6,10,19,0,-13
Washington,2025-12-03,UCLA,122.0,125.1,24,13,11,18,1,-2
Washington,2025-12-06,Southern California,113.4,102.6,21,12,13,29,-1,8
Washington,2025-12-13,Southern Utah,146.2,96.1,25,2,12,29,1,36
Washington,2025-12-19,Seattle,84.7,89.9,15,16,14,25,-1,-4
Washington,2025-12-22,San Diego,113.2,73.7,21,12,12,33,1,30
Washington,2025-12-29,Utah,104.9,92.1,15,10,4,26,1,9
Washington,2026-01-04,Indiana,123.7,139.1,21,4,8,20,-1,-10
Washington,2026-01-07,Purdue,100.4,111.4,26,13,6,16,-1,-8
Washington,2026-01-11,Ohio State,123.6,112.9,18,7,8,19,1,7
Washington,2026-01-14,Michigan,98.4,112.1,33,11,15,20,1,-10
Washington,2026-01-17,Michigan State,90.2,114.5,19,12,2,24,1,-17
Washington,2026-01-21,Nebraska,103.6,119.3,21,7,10,22,-1,-10
Washington,2026-01-25,Oregon,112.1,88.7,21,11,18,24,1,15
Washington,2026-01-29,Illinois,105.3,119.6,23,9,9,21,-1,-9
Washington,2026-01-31,Northwestern,113.1,92.3,22,11,14,26,-1,14
Washington,2026-02-04,Iowa,121.1,137.5,16,12,7,20,1,-10
Washington,2026-02-07,UCLA,107.9,113.8,17,12,9,19,-1,-4
Washington,2026-02-11,Penn State,90.3,94.8,18,12,12,21,1,-3
Washington,2026-02-14,Minnesota,112.3,92.8,13,13,4,23,1,12
Washington,2026-02-21,Maryland,106.6,113.7,22,5,4,15,-1,-4
Washington,2026-02-24,Rutgers,111.9,102.0,19,9,6,27,-1,7
Washington,2026-02-28,Wisconsin,101.4,125.0,18,9,9,23,1,-17
Washington,2026-03-04,Southern California,118.2,93.5,30,11,18,26,1,19
Washington,2026-03-07,Oregon,119.6,128.7,29,7,10,22,-1,-6
Washington,2026-03-11,Southern California,102.1,97.2,29,10,9,28,0,4
Washington,2026-03-12,Wisconsin,124.9,129.5,23,7,19,23,0,-3
Washington State,2025-11-03,Idaho,113.9,116.8,28,5,6,25,1,-2
Washington State,2025-11-07,Davidson,98.6,121.5,21,15,9,17,-1,-16
Washington State,2025-11-10,St. Thomas,117.2,102.7,26,15,6,28,1,10
Washington State,2025-11-14,Washington,107.2,125.9,31,7,9,21,1,-12
Washington State,2025-11-19,Southern Utah,136.9,103.4,25,6,10,24,1,24
Washington State,2025-11-24,Chaminade,114.5,108.1,25,22,14,27,0,5
Washington State,2025-11-25,Arizona State,130.1,138.4,26,11,9,17,0,-6
Washington State,2025-11-26,Seton Hall,90.5,111.3,24,15,8,17,0,-14
Washington State,2025-12-02,Bradley,84.4,90.0,16,20,5,34,-1,-4
Washington State,2025-12-07,Nevada,98.1,119.6,24,13,9,20,1,-14
Washington State,2025-12-14,Southern California,84.8,94.6,28,13,2,24,-1,-7
Washington State,2025-12-17,Eastern Washington,105.5,85.2,28,14,9,29,0,15
Washington State,2025-12-20,Mercer,109.0,101.2,23,13,3,30,1,6
Washington State,2025-12-28,Portland,95.2,88.1,23,12,9,31,-1,5
Washington State,2025-12-30,Seattle,78.1,98.0,27,19,21,29,-1,-14
Washington State,2026-01-02,Loyola Marymount,110.9,108.1,23,12,5,29,1,2
Washington State,2026-01-04,Oregon State,123.3,102.0,26,11,12,24,1,14
Washington State,2026-01-10,St. Mary's (CA),117.5,126.1,25,12,7,19,-1,-6
Washington State,2026-01-15,Gonzaga,95.2,125.9,28,17,9,16,1,-21
Washington State,2026-01-18,San Francisco,121.2,128.8,21,10,4,15,-1,-5
Washington State,2026-01-21,San Diego,128.6,134.2,26,10,12,19,-1,-4
Washington State,2026-01-24,Pepperdine,129.9,108.0,37,11,12,17,1,16
Washington State,2026-01-28,Seattle,102.1,84.6,19,19,6,31,1,12
Washington State,2026-01-31,Portland,141.2,100.5,31,8,8,26,1,30
Washington State,2026-02-04,Oregon State,93.3,107.9,31,9,6,25,-1,-10
Washington State,2026-02-07,Santa Clara,128.9,134.5,25,13,11,19,1,-4
Washington State,2026-02-10,Gonzaga,75.3,117.9,24,21,3,18,-1,-30
Washington State,2026-02-18,Pacific,130.8,105.2,28,7,6,28,1,17
Washington State,2026-02-21,St. Mary's (CA),102.4,126.8,19,10,7,12,1,-16
Washington State,2026-02-25,Loyola Marymount,96.4,97.9,20,16,7,27,-1,-1
Washington State,2026-02-28,Pepperdine,100.0,111.4,33,13,12,18,-1,-9
Washington State,2026-03-06,Portland,96.3,104.8,31,6,5,24,0,-6
Weber State,2025-11-03,West Coast Baptist,143.3,41.9,44,10,20,52,1,92
Weber State,2025-11-08,Utah,100.8,104.2,20,15,15,33,-1,-3
Weber State,2025-11-12,Utah State,99.9,113.6,26,12,10,25,-1,-10
Weber State,2025-11-15,UC Irvine,88.4,99.7,17,13,14,21,-1,-9
Weber State,2025-11-19,Campbell,120.8,112.8,24,12,12,20,1,6
Weber State,2025-11-22,UT Arlington,107.5,109.0,18,11,6,20,1,-1
Weber State,2025-11-29,Kansas City,118.7,88.3,23,15,10,27,1,21
Weber State,2025-12-03,Oral Roberts,123.0,88.3,17,9,8,31,1,26
Weber State,2025-12-07,St. Thomas,90.5,122.6,20,16,9,20,-1,-23
Weber State,2025-12-10,Kansas City,85.0,79.7,20,18,11,28,-1,4
Weber State,2025-12-17,Utah Valley,109.6,133.3,13,9,12,13,-1,-16
Weber State,2025-12-20,Utah Tech,118.4,121.3,19,11,6,21,1,-2
Weber State,2025-12-22,Lincoln (CA),137.0,85.1,21,11,12,28,1,39
Weber State,2026-01-01,Portland State,104.2,110.0,26,10,10,32,1,-5
Weber State,2026-01-03,Sacramento State,119.1,102.8,18,12,8,31,1,13
Weber State,2026-01-08,Northern Arizona,120.6,100.5,29,5,10,25,-1,13
Weber State,2026-01-10,Northern Colorado,109.2,102.0,10,9,8,19,-1,5
Weber State,2026-01-15,Eastern Washington,118.9,104.5,20,13,11,23,1,11
Weber State,2026-01-17,Idaho,87.1,97.5,21,17,15,27,1,-8
Weber State,2026-01-22,Montana,99.8,124.4,17,11,6,15,-1,-16
Weber State,2026-01-24,Montana State,125.7,130.0,19,7,7,15,-1,-3
Weber State,2026-01-31,Idaho State,121.2,118.2,20,10,12,18,1,2
Weber State,2026-02-02,Sacramento State,114.6,132.4,26,11,11,18,-1,-14
Weber State,2026-02-05,Northern Colorado,107.1,127.4,17,6,9,19,1,-14
Weber State,2026-02-07,Northern Arizona,123.7,91.0,17,8,11,27,1,19
Weber State,2026-02-12,Idaho,121.5,105.4,17,6,4,29,-1,11
Weber State,2026-02-14,Eastern Washington,94.7,120.6,19,8,5,17,-1,-18
Weber State,2026-02-19,Montana State,110.4,106.3,17,9,14,26,1,3
Weber State,2026-02-21,Montana,134.3,105.1,18,10,9,24,1,20
Weber State,2026-02-28,Idaho State,122.9,108.1,20,8,9,28,-1,10
Weber State,2026-03-02,Portland State,84.6,118.4,21,13,7,21,-1,-24
Weber State,2026-03-09,Eastern Washington,113.9,121.1,19,8,6,18,0,-5
West Georgia,2025-11-03,Nebraska,73.6,119.4,24,11,10,24,-1,-33
West Georgia,2025-11-07,Huntingdon,142.3,98.4,24,12,12,34,1,37
West Georgia,2025-11-10,UCLA,89.5,119.8,25,17,5,11,-1,-21
West Georgia,2025-11-14,The Citadel,128.4,118.1,12,9,9,24,1,8
West Georgia,2025-11-17,Tennessee Tech,90.6,87.7,15,11,12,22,-1,2
West Georgia,2025-11-21,USC Upstate,100.5,89.3,12,14,13,33,1,8
West Georgia,2025-11-23,Georgia Tech,89.7,111.5,25,9,7,19,-1,-16
West Georgia,2025-12-01,Troy,105.5,101.0,23,4,17,30,-1,4
West Georgia,2025-12-06,Tennessee Tech,84.5,124.6,21,14,9,19,1,-28
West Georgia,2025-12-13,Georgia Southern,116.1,124.3,21,16,16,23,1,-6
West Georgia,2025-12-17,Brewton-Parker,95.0,66.5,29,9,11,30,1,21
West Georgia,2025-12-22,Georgia,88.0,122.4,21,15,8,22,-1,-29
West Georgia,2026-01-01,Bellarmine,126.9,124.0,39,4,17,19,1,2
West Georgia,2026-01-03,Eastern Kentucky,124.6,107.6,13,8,11,27,1,12
West Georgia,2026-01-08,North Florida,116.7,100.2,21,9,8,22,-1,12
West Georgia,2026-01-10,Jacksonville,72.5,126.5,11,15,5,20,-1,-32
West Georgia,2026-01-15,Stetson,114.4,126.4,25,9,14,17,-1,-9
West Georgia,2026-01-17,Florida Gulf Coast,95.9,119.9,29,9,4,15,-1,-18
West Georgia,2026-01-22,Central Arkansas,95.7,126.7,20,20,8,22,1,-21
West Georgia,2026-01-24,Queens (NC),107.6,96.0,20,12,11,23,1,8
West Georgia,2026-01-28,Bellarmine,120.8,125.7,21,9,10,20,-1,-3
West Georgia,2026-01-31,Austin Peay,102.4,106.3,16,8,7,26,1,-3
West Georgia,2026-02-05,North Florida,96.3,106.8,31,2,16,25,1,-8
West Georgia,2026-02-07,Jacksonville,125.1,105.0,12,7,13,22,1,14
West Georgia,2026-02-11,North Alabama,126.9,113.0,20,6,9,24,-1,9
West Georgia,2026-02-14,Central Arkansas,87.5,111.5,17,14,6,23,-1,-17
West Georgia,2026-02-18,Eastern Kentucky,101.0,102.3,23,13,11,28,-1,-1
West Georgia,2026-02-21,Queens (NC),114.2,123.7,20,10,10,22,-1,-7
West Georgia,2026-02-25,Lipscomb,116.6,108.3,18,7,5,25,1,6
West Georgia,2026-02-28,North Alabama,105.6,88.7,20,14,8,27,1,12
West Georgia,2026-03-04,North Florida,124.6,113.8,24,11,12,29,0,8
West Georgia,2026-03-06,Queens (NC),80.9,91.2,23,14,10,30,0,-8
West Virginia,2025-11-04,Mount St. Mary's,101.7,78.5,18,9,5,20,1,16
West Virginia,2025-11-06,Campbell,106.5,94.9,20,10,11,23,1,8
West Virginia,2025-11-09,Lehigh,105.3,71.7,19,13,8,27,1,22
West Virginia,2025-11-13,Pittsburgh,109.4,75.5,24,6,5,24,1,22
West Virginia,2025-11-17,Lafayette,122.1,88.9,20,10,12,22,1,22
West Virginia,2025-11-21,Clemson,102.3,106.8,23,7,8,21,0,-3
West Virginia,2025-11-23,Xavier,99.4,114.0,22,9,5,22,0,-10
West Virginia,2025-11-30,Mercyhurst,113.5,61.6,18,10,13,28,1,32
West Virginia,2025-12-03,Coppin State,128.4,69.1,34,6,12,30,1,42
West Virginia,2025-12-06,Wake Forest,105.9,120.4,28,17,15,17,0,-9
West Virginia,2025-12-09,Little Rock,137.7,88.8,30,10,13,24,1,32
West Virginia,2025-12-13,Ohio State,104.1,105.3,26,17,11,24,0,-1
West Virginia,2025-12-22,Mississippi Valley State,143.1,84.9,27,6,9,22,1,35
West Virginia,2026-01-02,Iowa State,96.9,131.3,24,11,6,16,-1,-21
West Virginia,2026-01-06,Cincinnati,97.3,94.2,23,15,6,28,1,2
West Virginia,2026-01-10,Kansas,126.2,110.0,26,8,8,26,1,11
West Virginia,2026-01-13,Houston,78.2,125.5,25,15,5,20,-1,-29
West Virginia,2026-01-17,Colorado,120.9,102.4,22,7,11,25,1,11
West Virginia,2026-01-21,Arizona State,113.9,95.7,24,12,6,21,-1,12
West Virginia,2026-01-24,Arizona,77.5,128.6,22,11,7,20,-1,-35
West Virginia,2026-01-27,Kansas State,96.6,88.4,24,12,10,26,1,5
West Virginia,2026-01-31,Baylor,84.9,100.9,19,12,9,19,1,-10
West Virginia,2026-02-05,Cincinnati,96.5,88.3,21,12,8,21,-1,5
West Virginia,2026-02-08,Texas Tech,98.4,109.3,22,7,7,22,1,-7
West Virginia,2026-02-14,UCF,106.0,96.0,23,11,11,23,-1,7
West Virginia,2026-02-18,Utah,91.0,99.1,23,8,7,20,1,-5
West Virginia,2026-02-21,TCU,87.4,97.1,21,15,8,17,-1,-6
West Virginia,2026-02-24,Oklahoma State,113.9,123.4,31,10,11,21,-1,-7
West Virginia,2026-02-28,Brigham Young,121.1,108.8,25,7,16,19,1,8
West Virginia,2026-03-03,Kansas State,92.3,95.3,23,12,13,19,-1,-2
West Virginia,2026-03-06,UCF,113.7,91.6,27,7,5,26,1,15
West Virginia,2026-03-11,Brigham Young,74.2,105.2,18,22,9,20,0,-20
West Virginia,2026-04-02,Stanford,107.3,100.8,20,6,7,26,0,5
West Virginia,2026-04-04,Creighton,127.8,102.8,30,4,7,27,0,17
West Virginia,2026-04-05,Oklahoma,121.4,111.8,33,10,6,19,0,7
Western Carolina,2025-11-03,Cincinnati,79.3,118.3,27,19,12,21,-1,-31
Western Carolina,2025-11-08,Duke,70.2,123.5,26,13,13,27,-1,-41
Western Carolina,2025-11-13,Voorhees,132.9,61.6,27,11,13,25,1,51
Western Carolina,2025-11-16,Stetson,103.9,88.9,28,17,7,32,1,11
Western Carolina,2025-11-19,UNC Asheville,120.6,110.0,19,8,15,23,1,7
Western Carolina,2025-11-22,Lipscomb,82.1,110.0,28,17,4,26,-1,-21
Western Carolina,2025-11-29,High Point,98.3,125.2,25,18,8,19,-1,-20
Western Carolina,2025-12-02,VU Lynchburg,154.7,77.4,44,7,26,34,1,62
Western Carolina,2025-12-06,USC Upstate,92.7,107.9,17,9,7,25,-1,-11
Western Carolina,2025-12-11,Virginia Tech,99.2,128.7,20,14,13,16,-1,-22
Western Carolina,2025-12-18,Georgia,101.2,138.2,21,16,6,20,-1,-30
Western Carolina,2025-12-31,Wofford,100.2,107.0,24,14,16,25,1,-5
Western Carolina,2026-01-03,Furman,109.8,105.7,20,11,13,29,-1,3
Western Carolina,2026-01-07,Samford,111.7,119.0,15,8,12,19,-1,-5
Western Carolina,2026-01-10,The Citadel,107.8,110.6,30,7,11,19,-1,-2
Western Carolina,2026-01-14,East Tennessee State,112.8,106.6,26,12,9,26,1,4
Western Carolina,2026-01-17,Chattanooga,120.6,132.4,25,5,12,18,1,-8
Western Carolina,2026-01-21,Mercer,108.2,125.3,34,14,15,22,-1,-12
Western Carolina,2026-01-24,VMI,147.6,97.3,32,4,17,27,1,30
Western Carolina,2026-01-29,East Tennessee State,128.6,125.8,26,11,8,21,-1,2
Western Carolina,2026-02-01,Samford,100.8,119.8,25,7,8,15,1,-14
Western Carolina,2026-02-04,UNC Greensboro,114.9,119.3,27,10,13,19,-1,-3
Western Carolina,2026-02-07,Wofford,95.3,111.2,26,11,11,20,-1,-11
Western Carolina,2026-02-11,The Citadel,136.1,76.6,27,8,11,28,1,38
Western Carolina,2026-02-14,Chattanooga,113.5,106.5,34,10,14,21,-1,5
Western Carolina,2026-02-18,UNC Greensboro,126.4,107.0,26,10,7,21,1,14
Western Carolina,2026-02-21,VMI,128.3,98.2,30,2,8,30,-1,19
Western Carolina,2026-02-25,Mercer,112.0,106.3,18,10,7,21,1,4
Western Carolina,2026-02-28,Furman,134.2,104.6,23,4,12,24,1,19
Western Carolina,2026-03-07,Mercer,113.6,107.7,28,12,23,26,0,4
Western Carolina,2026-03-08,East Tennessee State,102.4,105.5,28,13,12,21,0,-2
Western Illinois,2025-11-03,Radford,117.9,125.8,18,10,12,16,-1,-5
Western Illinois,2025-11-07,Iowa,93.5,124.1,15,12,5,22,-1,-19
Western Illinois,2025-11-11,Cal State Bakersfield,82.2,104.9,16,16,9,20,-1,-16
Western Illinois,2025-11-14,California Baptist,92.6,108.3,10,8,3,22,-1,-10
Western Illinois,2025-11-17,Coe,106.2,90.4,18,12,6,25,1,11
Western Illinois,2025-11-21,Coastal Carolina,88.6,116.3,17,10,10,20,1,-20
Western Illinois,2025-11-23,North Dakota,95.5,108.0,21,16,8,19,1,-9
Western Illinois,2025-11-30,St. Ambrose,130.0,106.6,27,8,20,24,1,16
Western Illinois,2025-12-02,Drake,90.7,171.9,20,7,9,11,-1,-51
Western Illinois,2025-12-06,Hannibal-LaGrange,123.1,74.2,18,11,19,26,1,31
Western Illinois,2025-12-13,North Dakota,90.9,87.0,19,15,20,24,-1,3
Western Illinois,2025-12-18,Lindenwood,97.8,118.4,13,9,5,24,-1,-16
Western Illinois,2025-12-22,SIU Edwardsville,89.5,96.8,13,12,4,18,1,-5
Western Illinois,2026-01-01,UT Martin,92.3,103.1,29,12,17,23,-1,-7
Western Illinois,2026-01-03,Southeast Missouri State,79.1,115.5,16,13,6,16,-1,-23
Western Illinois,2026-01-08,Tennessee State,95.1,125.8,12,10,11,21,1,-22
Western Illinois,2026-01-10,Tennessee Tech,86.3,94.3,10,13,7,26,1,-5
Western Illinois,2026-01-13,Eastern Illinois,80.6,83.5,15,12,10,25,-1,-2
Western Illinois,2026-01-17,Little Rock,112.0,121.9,22,7,12,22,-1,-7
Western Illinois,2026-01-22,Morehead State,99.5,107.0,24,7,6,20,-1,-5
Western Illinois,2026-01-23,Southern Indiana,85.3,128.0,13,9,4,18,-1,-32
Western Illinois,2026-01-29,Southeast Missouri State,106.9,112.7,27,7,8,18,1,-4
Western Illinois,2026-01-31,UT Martin,69.5,132.7,24,14,6,14,1,-40
Western Illinois,2026-02-05,Tennessee Tech,117.4,158.1,20,9,8,12,-1,-25
Western Illinois,2026-02-07,Tennessee State,82.9,122.8,20,11,10,18,-1,-27
Western Illinois,2026-02-10,Eastern Illinois,111.3,98.6,20,9,8,28,1,9
Western Illinois,2026-02-12,Little Rock,83.0,110.2,24,9,5,27,1,-19
Western Illinois,2026-02-19,Southern Indiana,108.6,119.4,17,12,7,15,1,-7
Western Illinois,2026-02-21,Morehead State,93.7,128.6,16,11,4,14,1,-22
Western Illinois,2026-02-26,SIU Edwardsville,69.8,99.6,20,11,7,23,-1,-20
Western Illinois,2026-02-28,Lindenwood,97.8,129.0,26,12,8,21,1,-22
Western Kentucky,2025-11-03,Tennessee Tech,104.9,89.6,11,11,11,29,1,12
Western Kentucky,2025-11-10,Eastern Kentucky,113.1,102.7,23,3,9,23,-1,8
Western Kentucky,2025-11-16,Tennessee State,120.0,103.6,15,9,10,25,1,13
Western Kentucky,2025-11-18,Bethel (TN),120.6,83.3,27,12,12,27,1,30
Western Kentucky,2025-11-26,Vanderbilt,95.0,101.1,25,17,13,26,0,-5
Western Kentucky,2025-11-27,South Florida,96.5,102.8,26,17,8,30,0,-6
Western Kentucky,2025-11-28,Wichita State,110.9,103.5,20,7,9,22,0,5
Western Kentucky,2025-12-06,Evansville,106.1,104.7,20,14,11,25,1,1
Western Kentucky,2025-12-10,Marshall,85.3,107.6,24,11,15,26,-1,-16
Western Kentucky,2025-12-15,Campbellsville,140.0,81.0,33,8,14,33,1,43
Western Kentucky,2025-12-19,Tulsa,115.2,116.6,29,8,10,28,1,-1
Western Kentucky,2025-12-29,Jacksonville State,90.2,105.1,36,11,13,15,-1,-11
Western Kentucky,2026-01-02,Sam Houston State,125.3,111.8,35,13,17,23,1,11
Western Kentucky,2026-01-04,Louisiana Tech,98.6,91.1,36,10,8,28,1,5
Western Kentucky,2026-01-08,New Mexico State,89.5,111.8,22,5,13,20,-1,-16
Western Kentucky,2026-01-10,UTEP,97.9,80.6,19,10,17,26,-1,12
Western Kentucky,2026-01-14,Missouri State,132.5,109.7,16,6,10,21,1,15
Western Kentucky,2026-01-17,Kennesaw State,86.8,108.2,33,7,9,26,1,-16
Western Kentucky,2026-01-21,Liberty,106.6,117.4,24,12,12,22,1,-7
Western Kentucky,2026-01-24,Sam Houston State,86.5,108.9,23,17,10,27,-1,-15
Western Kentucky,2026-01-28,Kennesaw State,95.1,99.2,29,6,12,22,-1,-3
Western Kentucky,2026-01-31,Middle Tennessee,96.6,89.2,28,8,10,24,-1,5
Western Kentucky,2026-02-05,Jacksonville State,89.7,96.5,30,9,9,20,1,-5
Western Kentucky,2026-02-07,Florida International,112.5,98.5,37,7,16,22,1,10
Western Kentucky,2026-02-14,Middle Tennessee,116.0,113.2,22,14,6,22,1,2
Western Kentucky,2026-02-18,Delaware,126.7,125.3,24,8,9,21,-1,1
Western Kentucky,2026-02-21,Liberty,137.5,106.8,21,8,10,23,-1,21
Western Kentucky,2026-02-26,New Mexico State,117.8,88.7,25,9,4,33,1,23
Western Kentucky,2026-02-28,UTEP,135.6,90.9,20,9,4,31,1,32
Western Kentucky,2026-03-05,Missouri State,109.6,128.9,13,6,12,20,-1,-13
Western Kentucky,2026-03-07,Florida International,88.5,121.5,21,12,7,19,-1,-25
Western Kentucky,2026-03-12,Kennesaw State,110.8,122.3,24,14,9,21,0,-9
Western Michigan,2025-11-03,Coastal Carolina,100.6,94.0,15,13,5,30,1,5
Western Michigan,2025-11-06,Northwood,96.1,100.9,13,21,11,27,1,-4
Western Michigan,2025-11-09,Campbell,100.1,111.1,15,15,9,23,-1,-9
Western Michigan,2025-11-12,Purdue Fort Wayne,107.3,91.8,29,13,15,33,1,12
Western Michigan,2025-11-16,South Dakota,108.6,115.5,16,13,6,29,-1,-5
Western Michigan,2025-11-20,Ohio State,79.4,124.6,22,14,9,18,-1,-33
Western Michigan,2025-11-23,Mount St. Mary's,121.3,87.7,25,5,6,25,1,23
Western Michigan,2025-11-29,Valparaiso,80.9,123.5,17,15,6,14,-1,-29
Western Michigan,2025-12-03,Southern Indiana,120.7,101.5,23,9,5,35,1,14
Western Michigan,2025-12-06,SIU Edwardsville,118.5,104.2,20,18,5,28,-1,10
Western Michigan,2025-12-14,Iowa,75.8,135.3,24,13,10,20,-1,-40
Western Michigan,2025-12-20,Buffalo,104.3,129.3,33,7,9,19,1,-17
Western Michigan,2025-12-22,Defiance,125.2,75.9,13,14,15,22,1,37
Western Michigan,2025-12-30,Toledo,108.4,115.3,26,12,15,21,-1,-5
Western Michigan,2026-01-06,Miami (OH),99.6,114.0,16,11,11,18,-1,-11
Western Michigan,2026-01-10,Eastern Michigan,121.0,95.0,16,11,10,25,1,17
Western Michigan,2026-01-13,Massachusetts,117.1,121.3,31,10,10,23,1,-3
Western Michigan,2026-01-17,Akron,128.1,149.7,26,11,8,15,-1,-15
Western Michigan,2026-01-20,Bowling Green,79.4,105.9,26,14,9,27,1,-18
Western Michigan,2026-01-24,Central Michigan,111.6,94.2,19,7,8,27,1,12
Western Michigan,2026-01-27,Northern Illinois,105.2,137.6,22,11,14,14,-1,-20
Western Michigan,2026-02-03,Ohio,103.4,132.5,15,4,6,21,-1,-20
Western Michigan,2026-02-07,Texas State,94.9,119.8,22,10,8,17,-1,-16
Western Michigan,2026-02-11,Toledo,111.8,127.3,26,8,9,23,1,-11
Western Michigan,2026-02-14,Eastern Michigan,118.6,96.7,16,4,13,30,-1,14
Western Michigan,2026-02-17,Akron,106.7,131.6,27,9,5,17,1,-17
Western Michigan,2026-02-21,Central Michigan,92.8,110.0,14,14,10,21,-1,-13
Western Michigan,2026-02-24,Bowling Green,117.4,105.4,16,9,5,29,-1,9
Western Michigan,2026-02-27,Miami (OH),97.5,100.5,13,10,9,28,1,-2
Western Michigan,2026-03-03,Ball State,99.7,103.9,19,10,6,28,1,-3
Western Michigan,2026-03-06,Kent State,106.6,117.5,34,11,10,19,-1,-8
Wichita St.,2026-03-24,Tulsa,103.2,108.4,19,10,11,29,-1,-4
Wichita State,2025-11-04,UNC Asheville,107.7,83.3,16,14,19,25,1,17
Wichita State,2025-11-08,Prairie View A&M,133.1,78.6,23,9,11,29,1,43
Wichita State,2025-11-13,Loyola Chicago,139.1,108.4,32,2,13,23,1,21
Wichita State,2025-11-18,Boise State,91.5,96.2,15,11,9,25,-1,-3
Wichita State,2025-11-22,Milwaukee,112.0,86.6,17,7,14,29,1,17
Wichita State,2025-11-26,St. Mary's (CA),92.0,99.0,14,13,6,24,0,-5
Wichita State,2025-11-27,Colorado State,114.4,124.2,25,8,18,17,0,-6
Wichita State,2025-11-28,Western Kentucky,103.5,110.9,23,9,11,24,0,-5
Wichita State,2025-12-02,Mount Marty,148.5,107.9,24,11,15,22,1,26
Wichita State,2025-12-06,Northern Iowa,104.6,97.5,25,13,12,26,-1,5
Wichita State,2025-12-13,DePaul,91.3,96.0,17,10,13,18,1,-3
Wichita State,2025-12-17,Wofford,120.0,104.3,20,8,9,21,1,11
Wichita State,2025-12-21,Eastern Kentucky,130.4,84.5,28,6,14,33,1,31
Wichita State,2025-12-31,UAB,111.9,104.5,20,10,13,24,-1,5
Wichita State,2026-01-03,Charlotte,127.8,132.9,26,11,19,21,-1,-4
Wichita State,2026-01-07,Rice,93.2,96.1,22,6,10,24,1,-2
Wichita State,2026-01-11,North Texas,107.4,92.3,11,18,12,25,1,11
Wichita State,2026-01-15,Florida Atlantic,95.7,121.5,15,10,14,18,-1,-18
Wichita State,2026-01-18,South Florida,107.9,106.7,23,11,17,26,-1,1
Wichita State,2026-01-21,East Carolina,115.7,90.2,34,8,16,29,1,17
Wichita State,2026-01-24,Memphis,100.0,79.7,26,12,10,26,1,15
Wichita State,2026-02-01,Tulsa,112.9,126.5,18,8,11,15,-1,-10
Wichita State,2026-02-04,Charlotte,109.6,94.8,19,6,9,24,1,10
Wichita State,2026-02-08,Tulane,101.1,82.2,23,15,13,29,-1,14
Wichita State,2026-02-11,South Florida,81.2,92.4,29,13,14,21,1,-8
Wichita State,2026-02-14,Tulsa,116.7,110.9,14,5,12,26,1,4
Wichita State,2026-02-18,East Carolina,102.1,98.8,22,15,12,31,-1,3
Wichita State,2026-02-21,Temple,108.0,89.2,12,10,10,22,1,12
Wichita State,2026-02-26,Memphis,122.4,114.1,20,8,17,26,-1,6
Wichita State,2026-03-01,UTSA,119.7,95.5,29,9,20,34,-1,17
Wichita State,2026-03-07,Florida Atlantic,123.8,98.5,17,8,12,23,1,18
Wichita State,2026-03-14,Tulsa,120.3,101.0,26,10,12,27,0,13
Wichita State,2026-03-15,South Florida,78.9,100.4,19,13,10,26,0,-15
Wichita State,2026-03-17,Wyoming,96.5,91.2,18,14,13,36,1,4
Wichita State,2026-03-22,Oklahoma State,127.0,92.6,26,7,11,31,-1,26
William & Mary,2025-11-03,Georgian Court,131.5,75.3,18,14,11,35,1,47
William & Mary,2025-11-08,Norfolk State,103.9,100.1,27,17,8,28,-1,3
William & Mary,2025-11-11,Richmond,111.3,116.4,37,7,9,26,-1,-4
William & Mary,2025-11-15,St. John's (NY),74.0,114.7,29,23,9,23,-1,-33
William & Mary,2025-11-19,Bowling Green,104.3,94.1,30,18,7,26,-1,8
William & Mary,2025-11-21,Regent,134.1,73.5,35,9,13,33,1,47
William & Mary,2025-11-24,UTEP,98.9,84.2,23,19,7,28,0,11
William & Mary,2025-11-25,Abilene Christian,120.8,76.2,16,14,5,25,0,34
William & Mary,2025-11-30,Old Dominion,112.5,95.9,22,12,7,30,1,13
William & Mary,2025-12-02,Duquesne,107.8,102.6,30,17,3,16,-1,4
William & Mary,2025-12-06,George Washington,107.2,123.4,28,12,5,18,-1,-13
William & Mary,2025-12-18,Radford,116.2,100.5,21,11,10,29,1,13
William & Mary,2025-12-29,Towson,120.4,100.3,24,8,5,26,1,14
William & Mary,2025-12-31,Stony Brook,115.3,86.5,26,12,7,27,1,19
William & Mary,2026-01-05,College of Charleston,93.1,103.7,36,6,10,25,-1,-9
William & Mary,2026-01-08,Monmouth,96.4,111.6,24,17,11,24,-1,-11
William & Mary,2026-01-10,Drexel,86.0,94.9,23,12,7,16,-1,-6
William & Mary,2026-01-15,North Carolina A&T,128.8,118.2,16,9,6,19,1,8
William & Mary,2026-01-22,UNC Wilmington,106.1,96.5,32,9,6,26,1,7
William & Mary,2026-01-24,Hofstra,129.6,119.4,44,5,14,21,1,7
William & Mary,2026-01-29,Elon,111.5,115.9,30,13,7,22,-1,-3
William & Mary,2026-01-31,Campbell,122.5,132.8,12,13,6,21,1,-8
William & Mary,2026-02-05,UNC Wilmington,124.1,113.9,23,10,10,22,-1,7
William & Mary,2026-02-07,Hampton,103.6,107.7,15,12,4,24,-1,-3
William & Mary,2026-02-12,Northeastern,135.0,96.2,22,8,10,26,-1,27
William & Mary,2026-02-14,Elon,106.6,110.7,24,11,6,27,1,-3
William & Mary,2026-02-19,Campbell,111.8,113.1,22,13,4,25,-1,-1
William & Mary,2026-02-26,Northeastern,104.5,95.8,18,8,1,23,1,7
William & Mary,2026-02-28,North Carolina A&T,122.7,118.6,29,5,7,12,-1,3
William & Mary,2026-03-03,Hampton,124.3,112.4,15,12,5,28,1,9
William & Mary,2026-03-07,Elon,104.9,90.3,20,11,8,20,0,10
William & Mary,2026-03-08,Hofstra,93.6,141.1,22,11,9,21,0,-31
Winthrop,2025-11-03,Queens (NC),105.7,96.5,25,10,12,20,0,7
Winthrop,2025-11-07,George Mason,114.5,122.1,39,6,8,20,-1,-6
Winthrop,2025-11-11,Coastal Carolina,90.5,98.7,22,8,4,22,-1,-6
Winthrop,2025-11-15,Mercer,128.9,84.7,25,11,13,27,1,36
Winthrop,2025-11-18,Arkansas,115.0,116.4,32,10,6,21,-1,-1
Winthrop,2025-11-23,Jackson State,124.5,96.5,30,7,10,24,-1,18
Winthrop,2025-11-25,Nebraska,103.6,113.5,42,11,15,31,-1,-7
Winthrop,2025-11-29,South Carolina State,129.6,101.4,32,14,10,22,1,22
Winthrop,2025-12-02,LIU,120.0,117.5,22,10,14,21,-1,2
Winthrop,2025-12-06,Coastal Carolina,115.5,121.0,31,9,14,23,1,-4
Winthrop,2025-12-09,Toccoa Falls,141.7,79.2,37,12,18,35,1,49
Winthrop,2025-12-13,Bob Jones,131.1,71.4,33,15,17,33,1,46
Winthrop,2025-12-18,North Dakota,127.0,129.8,22,11,8,23,-1,-2
Winthrop,2025-12-21,Clinton College,138.0,52.9,28,15,15,41,1,66
Winthrop,2025-12-28,Texas Tech,79.6,121.4,25,15,14,16,-1,-30
Winthrop,2025-12-31,Longwood,102.1,119.6,24,7,13,18,-1,-12
Winthrop,2026-01-03,Gardner-Webb,126.4,110.6,25,8,16,30,1,11
Winthrop,2026-01-07,Charleston Southern,102.1,97.1,22,10,16,29,1,4
Winthrop,2026-01-10,USC Upstate,107.0,75.4,31,9,17,29,-1,21
Winthrop,2026-01-14,High Point,128.7,104.9,26,7,9,24,1,17
Winthrop,2026-01-17,UNC Asheville,94.4,91.7,26,14,8,26,-1,2
Winthrop,2026-01-21,Radford,106.7,105.3,26,12,6,19,1,1
Winthrop,2026-01-24,Presbyterian,110.4,97.0,19,4,11,22,-1,10
Winthrop,2026-01-31,UNC Asheville,126.6,107.0,31,11,9,23,1,13
Winthrop,2026-02-04,Radford,108.8,106.1,27,11,8,23,-1,2
Winthrop,2026-02-07,Longwood,100.2,93.9,28,14,4,26,1,5
Winthrop,2026-02-12,Gardner-Webb,132.6,109.4,35,11,13,26,-1,18
Winthrop,2026-02-19,USC Upstate,99.8,93.9,23,14,13,31,1,4
Winthrop,2026-02-21,High Point,115.4,118.1,27,8,15,23,-1,-2
Winthrop,2026-02-26,Charleston Southern,99.3,101.7,27,12,12,27,-1,-2
Winthrop,2026-02-28,Presbyterian,104.6,98.9,26,6,9,21,1,4
Winthrop,2026-03-06,Charleston Southern,109.8,103.4,25,7,15,39,0,5
Winthrop,2026-03-07,Presbyterian,103.3,100.5,18,12,6,24,0,2
Winthrop,2026-03-08,High Point,95.6,114.5,33,12,16,27,0,-15
Wisconsin,2025-11-03,Campbell,133.2,88.8,28,9,11,18,1,32
Wisconsin,2025-11-07,Northern Illinois,133.5,99.1,31,8,15,21,1,25
Wisconsin,2025-11-11,Ball State,123.1,78.7,38,15,13,27,1,31
Wisconsin,2025-11-17,SIU Edwardsville,137.6,101.0,39,4,11,24,1,25
Wisconsin,2025-11-21,Brigham Young,92.6,129.7,29,12,9,27,0,-28
Wisconsin,2025-11-27,Providence,128.0,102.1,40,6,12,27,0,21
Wisconsin,2025-11-28,TCU,85.0,99.9,28,16,7,25,0,-11
Wisconsin,2025-12-03,Northwestern,117.3,100.8,31,7,10,18,1,12
Wisconsin,2025-12-06,Marquette,120.9,95.7,33,12,8,37,1,20
Wisconsin,2025-12-10,Nebraska,86.1,129.2,32,10,8,20,-1,-30
Wisconsin,2025-12-19,Villanova,95.1,109.5,23,16,7,24,0,-10
Wisconsin,2025-12-22,Central Michigan,131.9,91.4,31,9,8,29,1,27
Wisconsin,2025-12-30,Milwaukee,105.8,79.4,22,9,6,30,1,20
Wisconsin,2026-01-03,Purdue,97.7,119.2,25,11,7,28,1,-16
Wisconsin,2026-01-06,UCLA,112.1,100.9,30,7,5,25,1,8
Wisconsin,2026-01-10,Michigan,120.3,116.3,33,10,4,21,-1,3
Wisconsin,2026-01-13,Minnesota,122.9,118.2,33,5,6,26,-1,3
Wisconsin,2026-01-17,Rutgers,128.2,116.2,30,9,5,18,1,9
Wisconsin,2026-01-22,Penn State,136.1,98.6,35,7,14,28,-1,27
Wisconsin,2026-01-25,Southern California,108.0,111.1,37,6,16,22,1,-2
Wisconsin,2026-01-28,Minnesota,107.5,101.1,31,12,4,23,1,4
Wisconsin,2026-01-31,Ohio State,127.3,113.5,26,5,7,24,1,10
Wisconsin,2026-02-07,Indiana,107.8,109.2,36,7,10,19,-1,-1
Wisconsin,2026-02-10,Illinois,124.6,121.9,36,4,13,21,-1,2
Wisconsin,2026-02-13,Michigan State,132.8,102.5,35,6,11,23,1,21
Wisconsin,2026-02-17,Ohio State,100.3,125.0,26,11,10,17,-1,-17
Wisconsin,2026-02-22,Iowa,129.5,109.5,24,8,4,22,1,13
Wisconsin,2026-02-25,Oregon,99.7,119.3,45,12,12,22,-1,-14
Wisconsin,2026-02-28,Washington,125.0,101.4,38,5,8,26,-1,17
Wisconsin,2026-03-04,Maryland,132.7,76.6,31,3,4,25,1,33
Wisconsin,2026-03-07,Purdue,140.1,134.4,34,8,4,13,-1,4
Wisconsin,2026-03-12,Washington,129.5,124.9,39,5,12,16,0,3
Wisconsin,2026-03-13,Illinois,121.0,117.0,41,5,11,25,0,3
Wisconsin,2026-03-14,Michigan,95.5,99.9,38,10,6,21,0,-3
Wisconsin,2026-03-19,High Point,110.1,111.4,23,9,5,28,0,-1
Wofford,2025-11-03,George Mason,70.7,107.5,29,15,9,22,-1,-24
Wofford,2025-11-08,Milwaukee,115.2,101.8,20,10,11,30,1,10
Wofford,2025-11-11,Auburn,84.2,126.3,25,12,6,17,-1,-31
Wofford,2025-11-15,Bellarmine,134.2,122.7,28,11,6,21,-1,8
Wofford,2025-11-19,North Florida,117.3,106.4,25,10,12,30,1,8
Wofford,2025-11-21,Erskine,137.4,96.7,33,11,14,24,1,24
Wofford,2025-11-26,Northern Kentucky,111.0,124.4,17,11,12,22,-1,-10
Wofford,2025-11-29,Eastern Kentucky,115.4,107.1,29,5,12,26,-1,6
Wofford,2025-12-03,Presbyterian,99.9,88.8,32,5,16,20,1,7
Wofford,2025-12-06,Elon,84.0,118.0,32,9,8,14,1,-21
Wofford,2025-12-15,Gardner-Webb,119.8,82.3,23,9,16,25,-1,26
Wofford,2025-12-17,Wichita State,104.3,120.0,25,9,9,18,-1,-11
Wofford,2025-12-28,Union (KY),124.2,76.2,31,12,11,19,1,34
Wofford,2025-12-31,Western Carolina,107.0,100.2,29,12,7,25,-1,5
Wofford,2026-01-03,The Citadel,134.7,121.9,32,10,9,14,-1,9
Wofford,2026-01-07,UNC Greensboro,140.2,122.9,28,4,12,26,1,12
Wofford,2026-01-10,Mercer,125.8,141.4,32,12,12,16,-1,-12
Wofford,2026-01-14,Chattanooga,97.9,111.0,28,6,9,25,1,-9
Wofford,2026-01-17,Furman,116.3,110.0,22,6,8,21,-1,4
Wofford,2026-01-21,Samford,133.3,118.1,12,6,2,18,1,10
Wofford,2026-01-24,Mercer,112.2,108.0,18,11,12,24,1,3
Wofford,2026-01-29,Chattanooga,119.5,81.2,28,4,16,31,-1,26
Wofford,2026-02-01,East Tennessee State,110.9,132.4,19,10,4,16,1,-14
Wofford,2026-02-04,VMI,117.9,97.5,30,8,7,30,-1,14
Wofford,2026-02-07,Western Carolina,111.2,95.3,18,11,3,24,1,11
Wofford,2026-02-11,Samford,109.0,132.1,23,4,3,17,-1,-17
Wofford,2026-02-14,UNC Greensboro,125.0,139.1,26,10,14,21,-1,-10
Wofford,2026-02-18,VMI,116.5,108.0,32,11,8,27,1,6
Wofford,2026-02-21,Furman,103.0,116.8,26,7,9,20,1,-9
Wofford,2026-02-25,East Tennessee State,108.3,103.8,27,6,9,20,-1,3
Wofford,2026-02-28,The Citadel,117.3,121.2,34,11,9,25,1,-3
Wofford,2026-03-07,UNC Greensboro,107.2,111.7,26,2,8,22,0,-3
Wright State,2025-11-03,Franklin,117.3,50.5,20,12,18,29,1,49
Wright State,2025-11-06,California,94.2,108.2,34,8,9,23,-1,-10
Wright State,2025-11-11,Toledo,103.5,118.1,16,19,5,13,1,-10
Wright State,2025-11-15,Radford,122.8,78.8,20,12,7,31,0,33
Wright State,2025-11-16,Kent State,95.8,101.1,24,10,7,21,0,-4
Wright State,2025-11-20,Ohio Wesleyan,151.5,71.2,19,9,12,22,1,53
Wright State,2025-11-25,Stetson,120.5,94.6,26,12,7,19,-1,17
Wright State,2025-11-28,Butler,89.7,122.3,22,13,9,19,-1,-25
Wright State,2025-12-03,Youngstown State,98.7,100.1,13,11,5,17,-1,-1
Wright State,2025-12-07,Green Bay,123.4,83.2,27,8,8,21,1,28
Wright State,2025-12-13,Marshall,116.1,119.3,29,5,17,17,-1,-2
Wright State,2025-12-16,Miami (OH),102.9,112.4,21,10,11,23,1,-7
Wright State,2025-12-22,Eastern Michigan,105.4,96.4,15,11,11,26,1,6
Wright State,2025-12-29,Oakland,120.8,100.2,16,13,6,22,1,15
Wright State,2026-01-01,Milwaukee,112.5,103.6,16,8,11,25,1,6
Wright State,2026-01-04,IU Indy,118.2,112.3,17,15,7,21,-1,4
Wright State,2026-01-09,Detroit Mercy,115.0,112.3,16,12,4,20,-1,2
Wright State,2026-01-11,Oakland,126.7,113.3,18,18,9,28,-1,10
Wright State,2026-01-15,Youngstown State,136.8,122.1,9,7,11,22,1,10
Wright State,2026-01-21,Cleveland State,113.7,122.3,24,7,11,22,1,-6
Wright State,2026-01-24,Northern Kentucky,125.1,113.7,14,9,12,18,1,8
Wright State,2026-01-30,Milwaukee,105.1,95.4,26,11,9,27,-1,7
Wright State,2026-02-01,Green Bay,127.1,114.8,23,4,5,19,-1,8
Wright State,2026-02-04,Robert Morris,97.0,105.8,20,10,16,24,-1,-6
Wright State,2026-02-07,Purdue Fort Wayne,111.8,104.2,23,13,11,23,1,5
Wright State,2026-02-12,Detroit Mercy,108.6,113.0,25,7,11,18,1,-3
Wright State,2026-02-15,Cleveland State,132.9,117.3,17,13,6,24,-1,12
Wright State,2026-02-19,IU Indy,116.9,100.4,11,14,7,24,1,12
Wright State,2026-02-22,Robert Morris,100.6,119.9,16,14,9,15,1,-13
Wright State,2026-02-25,Purdue Fort Wayne,102.2,96.7,19,12,11,24,-1,4
Wright State,2026-02-28,Northern Kentucky,127.8,126.4,18,11,12,20,-1,1
Wright State,2026-03-04,Cleveland State,129.1,87.5,15,10,11,30,1,29
Wright State,2026-03-09,Northern Kentucky,128.8,112.6,21,10,5,24,0,13
Wright State,2026-03-10,Detroit Mercy,94.7,90.4,17,10,11,27,0,3
Wright State,2026-03-20,Virginia,110.7,124.4,31,7,7,15,0,-9
Wyoming,2025-11-03,Northern St.,129.0,97.7,16,11,16,27,1,24
Wyoming,2025-11-08,Cal State Fullerton,109.5,97.6,31,11,9,30,1,10
Wyoming,2025-11-11,Austin Peay,101.1,83.2,25,14,9,30,1,14
Wyoming,2025-11-15,Portland,128.5,77.4,33,9,15,30,1,37
Wyoming,2025-11-19,Sam Houston State,96.5,107.5,23,14,13,21,-1,-8
Wyoming,2025-11-23,Norfolk State,108.3,96.8,27,13,14,23,1,8
Wyoming,2025-11-26,Denver,141.4,82.6,22,9,14,29,1,42
Wyoming,2025-11-30,Texas Tech,103.3,109.0,19,12,5,21,-1,-4
Wyoming,2025-12-06,Dartmouth,127.1,109.3,23,7,10,20,1,13
Wyoming,2025-12-09,South Dakota,139.8,104.2,19,11,9,23,1,27
Wyoming,2025-12-15,South Dakota State,128.0,106.0,24,10,8,28,0,15
Wyoming,2025-12-20,Grand Canyon,96.0,112.4,26,12,11,17,1,-12
Wyoming,2025-12-30,Air Force,98.3,81.0,28,20,11,24,-1,12
Wyoming,2026-01-03,New Mexico,92.2,123.9,28,12,12,16,-1,-20
Wyoming,2026-01-06,UNLV,137.9,92.9,21,12,14,27,1,32
Wyoming,2026-01-10,Nevada,132.7,147.1,18,6,8,12,-1,-9
Wyoming,2026-01-14,San Diego State,87.2,113.3,34,9,9,23,1,-17
Wyoming,2026-01-17,Fresno State,97.9,102.8,19,13,11,23,-1,-3
Wyoming,2026-01-20,Boise State,101.8,126.8,19,10,7,18,1,-16
Wyoming,2026-01-24,San Jose State,102.8,96.6,16,10,10,32,1,4
Wyoming,2026-01-28,Utah State,89.5,135.7,32,12,12,19,-1,-32
Wyoming,2026-01-31,Colorado State,112.3,94.1,25,10,6,23,1,11
Wyoming,2026-02-03,San Diego State,92.3,105.5,32,13,11,17,-1,-9
Wyoming,2026-02-07,Utah State,120.0,122.9,28,7,8,15,1,-2
Wyoming,2026-02-14,Colorado State,107.0,124.4,29,5,9,14,-1,-11
Wyoming,2026-02-17,Fresno State,139.8,124.6,33,9,12,20,1,10
Wyoming,2026-02-21,Grand Canyon,104.4,97.0,30,9,11,24,-1,5
Wyoming,2026-02-24,Boise State,95.9,111.4,26,7,3,15,-1,-10
Wyoming,2026-02-28,Air Force,99.6,93.5,28,8,13,20,1,4
Wyoming,2026-03-03,Nevada,122.4,107.7,21,11,2,27,1,10
Wyoming,2026-03-07,San Jose State,143.6,127.3,19,11,14,17,-1,10
Wyoming,2026-03-11,UNLV,105.9,110.4,21,5,18,21,0,-3
Wyoming,2026-03-17,Wichita State,91.2,96.5,28,10,8,23,-1,-4
Xavier,2025-11-03,Marist,95.6,89.8,26,11,8,18,1,4
Xavier,2025-11-06,Le Moyne,107.0,99.8,25,11,8,21,1,5
Xavier,2025-11-10,Santa Clara,89.9,115.1,18,12,6,19,1,-19
Xavier,2025-11-14,Iowa,88.3,115.3,33,12,6,17,-1,-19
Xavier,2025-11-18,Old Dominion,128.6,89.6,36,9,17,28,1,30
Xavier,2025-11-21,Georgia,103.7,105.0,32,7,13,26,0,-1
Xavier,2025-11-23,West Virginia,114.0,99.4,25,10,3,27,0,10
Xavier,2025-11-28,Texas A&M–Corpus Christi,114.4,87.1,28,5,9,32,1,21
Xavier,2025-12-01,Saint Francis (PA),122.1,94.1,32,7,13,28,1,22
Xavier,2025-12-05,Cincinnati,105.8,99.1,28,4,5,31,1,5
Xavier,2025-12-12,Missouri State,115.5,87.8,30,6,12,24,1,18
Xavier,2025-12-17,Creighton,77.8,133.7,24,14,9,18,1,-41
Xavier,2025-12-20,Georgetown,105.2,101.3,22,13,13,30,-1,3
Xavier,2025-12-31,Connecticut,92.4,124.1,18,11,5,20,1,-23
Xavier,2026-01-03,DePaul,110.5,123.4,33,8,14,17,-1,-9
Xavier,2026-01-07,Marquette,88.3,89.7,24,15,7,21,-1,-1
Xavier,2026-01-10,Providence,120.4,104.3,30,3,6,31,1,13
Xavier,2026-01-14,Butler,118.1,99.5,28,9,12,25,1,14
Xavier,2026-01-21,Creighton,127.2,128.6,24,9,5,23,-1,-1
Xavier,2026-01-24,St. John's (NY),106.4,112.9,21,12,3,27,1,-5
Xavier,2026-01-28,Seton Hall,90.6,114.6,28,19,7,20,-1,-18
Xavier,2026-01-31,DePaul,108.4,105.2,17,10,5,24,1,2
Xavier,2026-02-03,Connecticut,86.4,132.5,17,13,8,15,-1,-32
Xavier,2026-02-09,St. John's (NY),97.9,103.8,17,9,8,30,-1,-5
Xavier,2026-02-14,Marquette,128.7,118.0,34,7,10,24,1,8
Xavier,2026-02-17,Villanova,112.2,116.0,23,15,8,31,1,-3
Xavier,2026-02-21,Butler,108.8,116.0,32,6,7,23,-1,-5
Xavier,2026-02-25,Providence,119.1,133.3,22,5,7,23,-1,-10
Xavier,2026-02-28,Georgetown,124.8,115.2,20,9,6,20,1,7
Xavier,2026-03-03,Seton Hall,105.6,119.5,22,10,12,18,1,-9
Xavier,2026-03-07,Villanova,109.1,127.3,26,7,6,18,-1,-13
Xavier,2026-03-11,Marquette,117.8,115.2,23,10,7,27,0,2
Xavier,2026-03-12,Connecticut,103.1,141.1,28,10,10,14,0,-25
Yale,2025-11-07,Navy,126.6,88.8,26,10,10,23,-1,29
Yale,2025-11-11,Quinnipiac,136.7,84.6,18,13,12,22,-1,37
Yale,2025-11-15,Stony Brook,133.6,122.7,19,9,8,19,1,7
Yale,2025-11-18,Rhode Island,114.1,127.5,18,13,11,15,1,-9
Yale,2025-11-21,Green Bay,115.5,106.0,16,9,6,22,0,6
Yale,2025-11-23,College of Charleston,109.7,93.4,21,8,6,24,0,11
Yale,2025-11-24,Akron,145.6,141.1,17,7,6,14,0,3
Yale,2025-11-30,Vermont,123.3,118.5,17,2,5,18,-1,3
Yale,2025-12-02,SUNY Maritime,143.0,64.8,30,11,6,39,1,64
Yale,2025-12-03,Brandeis,117.6,90.8,23,8,10,27,1,18
Yale,2025-12-07,Illinois–Chicago,121.8,100.5,20,7,11,28,1,14
Yale,2025-12-10,Albany (NY),125.5,110.7,19,10,15,30,0,11
Yale,2025-12-29,Alabama,107.6,140.7,23,8,11,23,-1,-24
Yale,2026-01-05,Brown,100.5,76.1,17,13,8,34,-1,17
Yale,2026-01-10,Princeton,91.6,116.0,29,8,10,15,-1,-16
Yale,2026-01-17,Cornell,142.0,94.7,25,5,7,32,1,34
Yale,2026-01-19,Columbia,141.2,114.8,24,8,14,15,1,17
Yale,2026-01-24,Pennsylvania,113.1,88.1,17,12,12,25,-1,17
Yale,2026-01-30,Dartmouth,129.1,105.8,20,9,7,22,1,15
Yale,2026-01-31,Harvard,111.3,114.8,20,5,9,20,1,-2
Yale,2026-02-06,Brown,124.1,105.7,25,10,4,27,1,12
Yale,2026-02-09,Howard,116.6,108.6,24,14,14,26,-1,6
Yale,2026-02-13,Dartmouth,119.7,101.0,15,5,4,21,-1,13
Yale,2026-02-14,Harvard,113.2,111.7,25,10,9,22,-1,1
Yale,2026-02-21,Pennsylvania,107.9,102.0,26,9,11,25,1,4
Yale,2026-02-27,Cornell,109.1,113.8,20,6,7,21,-1,-3
Yale,2026-02-28,Columbia,100.5,90.5,13,14,4,21,-1,6
Yale,2026-03-07,Princeton,112.1,76.2,21,6,6,28,1,25
Yale,2026-03-14,Cornell,137.0,118.3,25,7,13,20,0,12
Yale,2026-03-15,Pennsylvania,113.8,119.2,24,8,15,21,0,-4
Yale,2026-03-17,UNC Wilmington,102.2,103.7,27,8,20,28,1,-1
Youngstown State,2025-11-03,Pittsburgh,90.0,112.9,33,11,7,14,-1,-15
Youngstown State,2025-11-07,Grand Canyon,124.4,112.0,27,9,8,20,-1,9
Youngstown State,2025-11-10,Penn St. Shenango,133.2,61.4,31,12,17,37,1,62
Youngstown State,2025-11-15,St. Bonaventure,113.4,119.1,28,13,9,14,-1,-4
Youngstown State,2025-11-19,Toledo,103.4,126.9,29,20,10,15,-1,-17
Youngstown State,2025-11-23,UNC Greensboro,85.7,94.0,30,11,9,25,0,-6
Youngstown State,2025-11-24,Georgia Southern,97.3,88.6,25,18,8,24,0,6
Youngstown State,2025-11-28,Chicago State,120.2,88.4,41,13,5,23,1,23
Youngstown State,2025-12-03,Wright State,100.1,98.7,20,17,12,24,1,1
Youngstown State,2025-12-06,IU Indy,115.1,81.1,21,15,11,28,-1,23
Youngstown State,2025-12-14,Thiel,152.6,77.0,31,7,14,26,1,51
Youngstown State,2025-12-17,Robert Morris,118.1,122.7,24,20,7,18,-1,-3
Youngstown State,2025-12-20,USC Upstate,103.8,91.1,23,11,9,26,1,9
Youngstown State,2025-12-29,Detroit Mercy,95.5,102.5,38,8,12,24,1,-5
Youngstown State,2026-01-01,Oakland,124.2,127.2,35,6,17,18,1,-2
Youngstown State,2026-01-04,Northern Kentucky,96.9,115.2,34,10,8,18,-1,-15
Youngstown State,2026-01-07,Purdue Fort Wayne,102.1,105.1,27,15,13,25,1,-2
Youngstown State,2026-01-09,Bryant & Stratton OH,143.3,88.3,30,9,15,31,1,38
Youngstown State,2026-01-15,Wright State,122.1,136.8,32,10,12,13,-1,-10
Youngstown State,2026-01-17,Cleveland State,109.0,111.8,43,9,17,16,-1,-2
Youngstown State,2026-01-22,Green Bay,130.9,120.5,36,10,9,17,1,7
Youngstown State,2026-01-24,Milwaukee,92.0,93.5,25,15,8,26,1,-1
Youngstown State,2026-01-30,IU Indy,116.0,103.7,26,17,6,25,1,9
Youngstown State,2026-02-04,Purdue Fort Wayne,142.8,96.8,28,11,4,23,-1,29
Youngstown State,2026-02-07,Robert Morris,99.9,109.0,23,10,6,17,1,-6
Youngstown State,2026-02-12,Oakland,122.3,116.6,35,13,12,21,-1,4
Youngstown State,2026-02-15,Detroit Mercy,95.9,104.1,22,11,4,25,-1,-6
Youngstown State,2026-02-18,Cleveland State,148.9,115.2,22,10,7,29,1,24
Youngstown State,2026-02-22,Northern Kentucky,83.7,75.9,20,17,8,30,1,6
Youngstown State,2026-02-25,Milwaukee,93.6,112.3,31,13,6,19,-1,-13
Youngstown State,2026-02-28,Green Bay,96.4,130.0,21,3,4,18,-1,-22
Youngstown State,2026-03-04,Robert Morris,86.3,110.7,27,10,10,18,-1,-15
