date,team,opponent,location,MOV,OffRtg_diff,DefRtg_diff,ThreePA_diff,TOV_diff,ORB_diff,DRB_diff,RecentForm_diff,SOS_diff,Pace_diff
2025-11-19,Alabama State,Air Force,-1,-2,10.450000000000003,-4.025000000000006,4.5,-1.75,4.25,2.0,12.25,-6.6,4.200000000000003
2026-01-19,Alabama State,Alabama A&M,0,-4,0.529411764705884,8.164705882352933,2.882352941176471,1.2941176470588243,2.4705882352941178,-3.3529411764705905,-14.4,2.500000000000001,3.8000000000000114
2026-02-28,Alabama State,Alabama A&M,-1,1,-3.1464285714285722,2.2749999999999915,4.5,1.7142857142857135,3.0357142857142856,-1.5357142857142847,2.0,2.500000000000001,3.8000000000000114
2026-01-10,Alcorn State,Alabama A&M,-1,2,-10.5548717948718,20.90102564102567,1.23076923076923,4.323076923076924,-0.4153846153846157,-6.661538461538459,-40.8,2.4000000000000004,2.1000000000000085
2026-01-12,Alcorn State,Alabama State,-1,-15,-10.77767857142858,9.268750000000011,-2.553571428571427,2.6071428571428577,-3.1517857142857135,-3.0,-19.400000000000002,-0.10000000000000053,-1.7000000000000028
2026-03-09,Alcorn State,Alabama State,0,12,-4.8197849462365525,8.368064516129039,-3.7612903225806456,0.1913978494623656,-2.6752688172043015,-3.262365591397849,-1.5999999999999996,-0.10000000000000053,-1.7000000000000028
2025-12-13,Arizona,Alabama,0,21,-1.4722222222222001,-10.263888888888886,-20.111111111111114,2.8472222222222214,1.9305555555555554,-1.9166666666666679,-1.1999999999999993,1.1999999999999993,-3.700000000000003
2025-12-16,Arizona,Abilene Christian,1,34,14.939999999999998,-2.4966666666666555,-2.788888888888888,-1.2333333333333343,1.9222222222222207,5.288888888888888,19.2,19.7,2.0
2026-01-14,Arizona State,Arizona,-1,-7,-11.599999999999994,16.099999999999994,5.125,-0.5625,-4.375,-6.1875,-33.6,-6.199999999999999,-0.6000000000000085
2026-01-31,Arizona State,Arizona,1,-13,-11.495238095238093,17.509523809523813,6.0,0.2857142857142865,-4.0,-7.142857142857142,-23.2,-6.199999999999999,-0.6000000000000085
2026-02-18,Arkansas,Alabama,-1,-2,2.352000000000004,-2.367999999999995,-13.680000000000003,-0.6400000000000006,-0.7999999999999989,-4.32,8.2,-1.1999999999999993,-1.5
2026-03-26,Arkansas,Arizona,0,-21,2.4722222222222285,13.224999999999994,5.0,-1.6944444444444446,-2.3888888888888893,-5.055555555555557,-6.6,-2.3999999999999986,2.200000000000003
2026-01-03,Arkansas–Pine Bluff,Alabama A&M,1,12,0.9461538461538481,13.207692307692312,5.846153846153847,3.3076923076923066,1.4615384615384617,-1.9230769230769234,10.4,1.700000000000001,3.9000000000000057
2026-01-05,Arkansas–Pine Bluff,Alabama State,1,11,0.3928571428571388,3.0500000000000114,1.642857142857146,1.7857142857142865,-1.2142857142857135,1.3571428571428577,34.8,-0.7999999999999998,0.09999999999999432
2026-02-07,Arkansas–Pine Bluff,Alcorn State,1,7,9.473160173160167,-7.004112554112552,2.4848484848484844,-0.22727272727272663,0.4848484848484844,3.474025974025974,7.6,-0.6999999999999993,1.7999999999999972
2026-02-14,Arkansas–Pine Bluff,Alabama State,-1,-18,5.42916666666666,2.1625000000000085,-0.5833333333333357,0.25,-2.041666666666666,0.5,17.0,-0.7999999999999998,0.09999999999999432
2026-02-16,Arkansas–Pine Bluff,Alabama A&M,-1,-12,1.6839999999999833,6.912000000000006,3.3999999999999986,2.5600000000000005,0.6800000000000015,-1.759999999999998,6.0,1.700000000000001,3.9000000000000057
2026-03-05,Arkansas–Pine Bluff,Alcorn State,-1,35,7.554022988505736,-3.6790804597701054,2.9160919540229884,0.5724137931034488,0.6287356321839095,2.879310344827587,-3.9999999999999996,-0.6999999999999993,1.7999999999999972
2026-01-18,Army,American,1,-11,-2.7888888888888914,7.055555555555557,5.666666666666668,0.2222222222222232,2.166666666666668,2.333333333333332,-8.4,-2.0,2.299999999999997
2026-02-14,Army,American,-1,-12,-4.334615384615375,6.23846153846155,5.19230769230769,0.3076923076923066,1.8846153846153832,1.3846153846153832,-0.20000000000000018,-2.0,2.299999999999997
2025-12-06,Auburn,Arizona,-1,-29,1.5428571428571587,10.330158730158729,7.3015873015873005,-2.2380952380952372,-1.1269841269841265,-3.2222222222222214,-12.4,-3.599999999999998,-1.5
2026-01-10,Auburn,Arkansas,1,22,-3.513333333333321,5.726666666666674,0.8666666666666671,1.2666666666666675,2.2666666666666675,-0.7999999999999972,-9.0,-1.1999999999999993,-3.700000000000003
2026-02-07,Auburn,Alabama,1,-4,-1.3999999999999915,0.42272727272725774,-12.45454545454545,0.7727272727272734,0.7272727272727266,-5.136363636363637,4.199999999999999,-2.3999999999999986,-5.200000000000003
2026-02-14,Auburn,Arkansas,-1,-13,-3.8833333333333258,4.6416666666666515,1.3333333333333321,0.7916666666666679,2.0,-1.1666666666666679,-10.8,-1.1999999999999993,-3.700000000000003
2026-03-07,Auburn,Alabama,-1,-12,-2.480000000000004,3.2533333333333303,-12.600000000000001,0.3333333333333339,1.333333333333334,-5.333333333333332,-7.0,-2.3999999999999986,-5.200000000000003
2026-01-13,Ball State,Akron,-1,-10,-25.5,2.0062500000000085,-5.8125,-0.5625,-2.8125,-5.4375,-16.2,-4.8999999999999995,-5.0
2026-02-20,Ball State,Akron,1,-13,-24.434615384615398,2.1499999999999773,-7.192307692307693,-0.3461538461538467,-2.5,-5.0,-16.4,-4.8999999999999995,-5.0
2025-12-19,Baylor,Alcorn State,1,57,29.19999999999999,-15.459999999999994,3.788888888888888,-6.31111111111111,5.566666666666666,4.133333333333333,33.4,18.6,-0.10000000000000853
2026-02-21,Baylor,Arizona State,1,5,6.103846153846163,-1.8115384615384613,1.26923076923077,0.5769230769230766,2.8461538461538467,2.3076923076923066,-3.4000000000000004,1.0,-1.5
2026-02-24,Baylor,Arizona,1,-7,-3.611111111111086,13.79629629629629,7.296296296296298,0.8888888888888893,-0.8148148148148149,-5.2592592592592595,-14.8,-5.199999999999999,-2.1000000000000085
2026-03-10,Baylor,Arizona State,0,-4,8.41290322580646,0.6290322580645267,1.1935483870967722,-0.1612903225806459,2.61290322580645,1.3225806451612883,5.4,1.0,-1.5
2026-02-14,Bellarmine,Austin Peay,-1,-20,5.9765000000000015,20.858500000000006,-1.9333333333333336,-0.8650000000000002,-3.4749999999999996,-3.5,-4.800000000000001,-0.8999999999999995,-3.700000000000003
2026-02-28,Bellarmine,Austin Peay,1,14,5.397413793103453,21.099999999999994,-1.4310344827586192,-1.1539408866995071,-3.445812807881774,-3.5874384236453203,-13.399999999999999,-0.8999999999999995,-3.700000000000003
2025-12-22,Bethune-Cookman,Arizona,-1,-36,-21.445454545454524,25.09999999999998,0.5454545454545432,-1.3636363636363633,-3.8181818181818183,-6.636363636363637,-51.0,-22.099999999999998,0.3999999999999915
2026-01-19,Bethune-Cookman,Arkansas–Pine Bluff,-1,5,-1.8797385620915037,-0.1732026143790648,-5.06862745098039,-1.643790849673202,-0.6372549019607838,-0.8006535947712408,-3.2,2.3999999999999995,0.5999999999999943
2026-01-26,Bethune-Cookman,Alcorn State,1,9,9.523684210526312,-8.732456140350862,-1.8128654970760216,-2.1988304093567255,0.38596491228070207,3.9824561403508767,16.8,1.7000000000000002,2.3999999999999915
2026-01-31,Bethune-Cookman,Alabama State,-1,15,0.6650000000000063,-1.9799999999999898,-4.600000000000001,-0.5,-2.0999999999999996,1.4000000000000021,16.0,1.5999999999999996,0.6999999999999886
2026-02-02,Bethune-Cookman,Alabama A&M,-1,18,-0.6285714285714192,4.57619047619049,-1.3809523809523832,1.2380952380952372,0.8095238095238102,-1.4761904761904745,11.399999999999999,4.1000000000000005,4.5
2026-02-14,Bethune-Cookman,Alcorn State,-1,-2,6.976630434782592,-12.28605072463769,-2.3097826086956523,-0.8496376811594217,1.4221014492753614,5.360507246376809,17.0,1.7000000000000002,2.3999999999999915
2026-02-19,Bethune-Cookman,Alabama State,1,11,1.5461538461538282,-0.6346153846153868,-5.23076923076923,-0.384615384615385,-1.8846153846153832,1.5,-6.0,1.5999999999999996,0.6999999999999886
2026-02-21,Bethune-Cookman,Alabama A&M,1,9,-0.46666666666666856,1.7407407407407334,-0.8148148148148167,1.4074074074074083,1.2962962962962967,0.0,0.7999999999999998,4.1000000000000005,4.5
2025-12-23,Binghamton,Army,-1,-10,-6.1756410256410135,5.214743589743591,-16.96794871794872,2.4871794871794872,-3.0705128205128203,-1.564102564102562,-28.4,-3.1000000000000005,-2.0999999999999943
2026-01-15,Binghamton,Albany (NY),-1,-16,-5.666339869281046,1.9745098039215776,-5.813725490196081,0.7875816993464042,-3.1307189542483664,1.1405228758169947,4.800000000000001,-3.9000000000000004,0.6000000000000085
2026-02-14,Binghamton,Albany (NY),1,-3,-6.48569230769229,3.442923076923094,-5.855384615384615,0.6076923076923091,-3.1523076923076934,1.8461538461538467,-3.8000000000000007,-3.9000000000000004,0.6000000000000085
2026-01-24,Boise State,Air Force,1,42,16.505263157894746,-9.73684210526315,3.3684210526315788,-1.9473684210526319,2.6315789473684212,3.2631578947368425,21.4,6.6000000000000005,0.7999999999999972
2026-01-03,Boston University,American,1,-2,2.6571428571428584,11.092857142857142,-2.6428571428571423,-0.5,-0.6428571428571432,-0.2142857142857153,1.7999999999999998,-0.10000000000000053,-1.2999999999999972
2026-01-10,Boston University,Army,1,9,8.943750000000009,5.824999999999989,-7.75,-0.875,-2.5,-2.5,0.6000000000000001,1.8999999999999995,-3.5999999999999943
2026-02-11,Boston University,Army,-1,17,8.780000000000015,2.9879999999999995,-7.760000000000002,-0.27999999999999936,-2.919999999999999,-0.08000000000000185,8.6,1.8999999999999995,-3.5999999999999943
2026-02-28,Boston University,American,-1,3,5.526666666666671,7.38666666666667,-2.666666666666668,0.2666666666666657,-0.9333333333333327,1.8333333333333357,7.6000000000000005,-0.10000000000000053,-1.2999999999999972
2026-03-05,Boston University,American,1,2,5.496774193548376,7.0,-2.9354838709677438,0.41935483870967794,-1.0000000000000009,2.129032258064516,3.8,-0.10000000000000053,-1.2999999999999972
2026-01-09,Bowling Green,Akron,1,-10,-9.138333333333335,-9.427083333333343,-6.25,0.8541666666666661,-1.270833333333334,-2.020833333333332,-2.0,-2.6,-0.6000000000000085
2026-02-03,Bowling Green,Ball State,1,25,13.697835497835499,-8.233116883116878,-1.6515151515151487,1.4675324675324681,1.6645021645021636,3.270562770562769,5.2,2.3,4.3999999999999915
2026-02-07,Bowling Green,Arkansas State,-1,-37,3.940217391304344,-10.577536231884054,-6.934782608695652,-2.6159420289855078,-3.1721014492753614,-1.5217391304347814,4.199999999999999,0.0,-2.8000000000000114
2026-01-01,Bradley,Belmont,-1,-10,-6.528571428571425,2.6642857142857395,-1.5714285714285694,-3.928571428571429,0.0,-4.571428571428573,5.800000000000001,-0.20000000000000007,-1.0
2026-02-09,Bradley,Belmont,1,11,-7.651999999999987,3.543999999999997,-1.4800000000000004,-3.4800000000000004,0.6400000000000006,-2.200000000000003,-9.4,-0.20000000000000007,-1.0
2025-12-19,Brigham Young,Abilene Christian,1,18,16.336363636363643,-5.854545454545459,4.818181818181817,-4.181818181818182,-1.7272727272727284,6.18181818181818,28.2,16.3,1.3999999999999915
2026-01-07,Brigham Young,Arizona State,1,28,9.057142857142878,-12.699999999999989,2.2857142857142847,-0.5,1.9999999999999991,4.357142857142858,26.6,2.8000000000000007,0.0
2026-01-26,Brigham Young,Arizona,1,-3,-1.5926315789473762,5.5876315789473665,7.692105263157895,-0.5789473684210531,-1.9789473684210535,-2.186842105263157,-9.8,-3.3999999999999986,-0.6000000000000085
2026-02-10,Brigham Young,Baylor,-1,5,2.5521739130434753,-3.8173913043478223,1.6086956521739104,-0.9130434782608692,-0.6521739130434785,1.2608695652173907,-5.0,1.8000000000000007,1.5
2026-02-18,Brigham Young,Arizona,-1,-7,-0.21600000000000819,10.092000000000013,8.799999999999997,-0.6799999999999997,-1.5199999999999996,-3.4800000000000004,-12.6,-3.3999999999999986,-0.6000000000000085
2025-12-05,Bryant,Brown,-1,-19,-4.355555555555554,1.8444444444444485,6.222222222222225,0.11111111111111249,-1.2222222222222223,0.6666666666666679,-4.2,-3.8000000000000007,-2.5999999999999943
2026-01-10,Bryant,Albany (NY),-1,-25,-12.118749999999991,-7.012500000000003,4.9375,1.8125,-1.625,0.8125,6.4,-0.9000000000000004,-0.3999999999999915
2026-01-29,Bryant,Binghamton,-1,-3,-6.004545454545465,-5.295000000000016,10.8,0.5909090909090917,1.713636363636363,-1.1409090909090907,-1.4000000000000004,3.0,-1.0
2026-02-05,Bryant,Albany (NY),1,-2,-10.346442687747043,-0.7559288537549378,4.254940711462449,1.1106719367588926,-1.2648221343873525,0.38339920948616424,-1.5999999999999996,-0.9000000000000004,-0.3999999999999915
2026-02-19,Bryant,Binghamton,1,-12,-3.4296296296296163,-3.0915954415954303,9.941595441595442,0.9900284900284895,2.068376068376068,-1.1239316239316253,0.0,3.0,-1.0
2025-11-24,Bucknell,Bowling Green,0,-5,-20.213333333333324,22.893333333333345,2.2666666666666693,1.7333333333333343,-2.0666666666666673,-1.3999999999999986,-37.599999999999994,-2.9000000000000004,-3.0
2025-12-03,Bucknell,Akron,-1,-20,-32.13472222222221,12.422222222222231,-6.902777777777779,3.5277777777777786,-2.75,-3.833333333333332,-36.0,-5.5,-3.6000000000000085
2026-01-21,Bucknell,Army,1,-3,-11.368421052631575,-0.8263157894736679,-7.89473684210526,2.3684210526315788,-2.578947368421053,-2.7368421052631575,3.8000000000000007,2.3999999999999995,-1.2000000000000028
2026-01-31,Bucknell,Boston University,1,6,-14.65909090909092,-1.8227272727272918,0.09090909090908994,1.4545454545454533,0.5909090909090908,-1.7272727272727266,0.39999999999999947,0.5,2.3999999999999915
2026-02-04,Bucknell,American,-1,1,-9.947826086956525,8.434782608695642,-2.1739130434782616,1.4347826086956523,-0.39130434782608603,-0.8695652173913047,-7.199999999999999,0.39999999999999947,1.0999999999999943
2026-02-14,Bucknell,Boston University,-1,-13,-15.938461538461524,-1.8076923076923208,0.1923076923076934,1.3461538461538467,0.42307692307692335,-1.5,-10.0,0.5,2.3999999999999915
2026-02-18,Bucknell,American,1,-18,-10.740740740740748,7.103703703703687,-2.518518518518519,1.2592592592592595,-0.8148148148148158,-0.11111111111111072,-6.6,0.39999999999999947,1.0999999999999943
2026-02-25,Bucknell,Army,-1,2,-6.675862068965515,0.1413793103448171,-7.896551724137932,1.0344827586206886,-2.5172413793103443,-1.0,-7.0,2.3999999999999995,-1.2000000000000028
2026-03-03,Bucknell,Army,1,10,-5.787096774193543,0.6290322580645267,-8.387096774193544,0.8387096774193541,-2.290322580645161,-1.129032258064516,-4.0,2.3999999999999995,-1.2000000000000028
2025-11-26,Buffalo,Bucknell,0,2,26.264285714285705,-3.854761904761915,-0.9523809523809526,-4.357142857142858,1.6428571428571432,-1.7619047619047592,30.200000000000003,2.1000000000000005,0.5
2026-01-03,Buffalo,Ball State,1,13,20.191208791208794,6.156043956043959,1.439560439560438,-0.5274725274725274,0.5109890109890118,0.12087912087912045,5.6,1.5,1.8999999999999915
2026-01-20,Buffalo,Akron,1,-19,-7.283333333333331,4.811111111111117,-4.833333333333332,-0.2222222222222232,-1.7777777777777768,-3.9444444444444464,-7.6,-3.4,-3.1000000000000085
2026-01-27,Buffalo,Bowling Green,-1,11,1.5150000000000006,13.844999999999999,3.75,-1.0999999999999996,-0.75,-2.4499999999999993,-10.0,-0.7999999999999998,-2.5
2026-02-11,Buffalo,Ball State,-1,10,16.437137681159427,5.207246376811582,3.333333333333332,0.7137681159420293,0.5615942028985517,1.253623188405797,3.2,1.5,1.8999999999999915
2026-02-24,Buffalo,Akron,-1,-14,-7.425925925925924,6.729629629629628,-4.2592592592592595,0.2592592592592595,-2.296296296296296,-3.9629629629629655,-6.2,-3.4,-3.1000000000000085
2026-03-12,Buffalo,Akron,0,-3,-8.445161290322588,9.454838709677418,-3.8387096774193523,-0.1612903225806459,-1.9999999999999991,-4.516129032258064,-26.4,-3.4,-3.1000000000000085
2025-12-06,Butler,Boise State,1,-9,10.199999999999989,-3.4375,-3.0,0.375,2.5,2.25,6.8,2.4000000000000004,3.700000000000003
2026-01-29,Cal State Bakersfield,Cal Poly,1,-25,-3.180952380952391,-4.228571428571442,-15.714285714285712,-2.428571428571429,1.0,-2.857142857142854,3.0,-3.0999999999999996,-3.5
2026-03-07,Cal State Bakersfield,Cal Poly,-1,-32,-6.138709677419371,-0.519354838709674,-15.806451612903228,-1.96774193548387,0.48387096774193594,-2.9354838709677438,-8.799999999999999,-3.0999999999999996,-3.5
2025-12-04,Cal State Fullerton,Cal Poly,1,-3,6.729166666666671,1.9361111111111171,-2.625,-6.666666666666668,-0.9861111111111107,-0.23611111111111072,1.0,0.30000000000000004,-1.0
2026-01-24,Cal State Fullerton,Cal Poly,-1,15,4.502857142857138,-4.711904761904748,-6.049999999999997,-4.0619047619047635,-0.6238095238095234,-0.8357142857142854,17.4,0.30000000000000004,-1.0
2026-02-07,Cal State Fullerton,Cal State Bakersfield,1,16,8.191666666666663,-2.4749999999999943,9.041666666666668,-2.208333333333334,-1.875,2.333333333333332,21.0,3.3999999999999995,2.5
2026-02-21,Cal State Fullerton,Cal State Bakersfield,-1,8,9.864417989417987,-2.388492063492052,9.593915343915345,-2.3346560846560838,-1.9669312169312168,1.8690476190476168,17.8,3.3999999999999995,2.5
2025-12-04,Cal State Northridge,Cal State Bakersfield,1,21,2.0428571428571445,3.1339285714285836,7.535714285714285,1.3392857142857135,1.7321428571428577,2.303571428571427,-1.3999999999999986,2.8999999999999995,3.1000000000000085
2026-01-08,Cal State Northridge,Cal Poly,1,5,2.9312500000000057,-5.4937499999999915,-8.5,-2.125,1.5625,-0.5,14.399999999999999,-0.20000000000000018,-0.3999999999999915
2026-01-10,Cal State Northridge,Cal State Fullerton,-1,-7,-2.2235294117647015,-4.741176470588229,-3.647058823529413,2.5882352941176467,2.6470588235294112,2.1764705882352935,11.0,-0.5000000000000002,0.6000000000000085
2026-02-05,Cal State Northridge,Cal Poly,-1,1,0.5043478260869421,-8.473913043478248,-9.26086956521739,-2.1739130434782616,1.3478260869565215,2.5652173913043477,10.6,-0.20000000000000018,-0.3999999999999915
2026-03-05,Cal State Northridge,Cal State Bakersfield,-1,2,7.086666666666673,-7.480000000000004,4.766666666666666,-0.40000000000000036,0.9666666666666668,4.699999999999999,16.0,2.8999999999999995,3.1000000000000085
2026-03-07,Cal State Northridge,Cal State Fullerton,1,-13,-2.2838709677419473,-4.406451612903226,-4.935483870967744,2.064516129032258,2.741935483870968,2.967741935483872,0.8,-0.5000000000000002,0.6000000000000085
2026-02-14,California,Boston College,-1,11,11.985166666666672,1.8966666666666612,-0.21999999999999886,-0.20333333333333314,-1.795,-0.9133333333333304,3.1999999999999993,1.7000000000000002,2.799999999999997
2025-12-03,California Baptist,Brigham Young,0,-31,-10.412499999999994,-2.9571428571428697,-6.75,2.0,4.821428571428571,-2.75,-1.5999999999999996,-13.7,-2.5999999999999943
2026-01-15,California Baptist,Abilene Christian,-1,16,0.7003267973856282,-1.105228758169929,0.7679738562091494,-1.3006535947712425,2.901960784313724,4.545751633986928,-2.4,2.5999999999999996,-1.2000000000000028
2026-02-07,California Baptist,Abilene Christian,1,2,4.043478260869577,-3.9588932806323953,0.249011857707508,-1.3616600790513829,2.8063241106719357,5.57707509881423,20.6,2.5999999999999996,-1.2000000000000028
2026-03-05,California Baptist,Abilene Christian,1,39,3.827586206896555,-3.299999999999997,0.5862068965517224,-2.0344827586206904,2.931034482758621,4.758620689655171,3.2,2.5999999999999996,-1.2000000000000028
2025-12-14,Campbell,Ball State,1,5,14.684444444444438,3.235555555555564,-2.18888888888889,2.68888888888889,4.144444444444444,5.677777777777777,11.2,3.9,3.799999999999997
2025-11-23,Canisius,Binghamton,1,9,1.7523809523809462,4.602380952380955,2.0238095238095255,-0.9047619047619051,0.21428571428571352,-2.7142857142857153,2.8,3.8000000000000007,-1.9000000000000057
2025-11-29,Canisius,Buffalo,1,-18,-19.17142857142855,2.8999999999999915,-2.428571428571427,3.428571428571427,-0.2857142857142865,-0.7142857142857117,-18.0,-3.8,-3.299999999999997
2026-01-08,Central Arkansas,Bellarmine,-1,-6,-9.133333333333326,-15.932380952380939,11.776190476190475,1.1380952380952376,4.057142857142856,4.24761904761905,15.200000000000001,1.4,4.1000000000000085
2026-02-11,Central Arkansas,Bellarmine,1,8,-8.163166666666669,-16.813666666666677,9.195,1.498333333333333,3.461666666666667,3.9549999999999983,3.0,1.4,4.1000000000000085
2026-02-25,Central Arkansas,Austin Peay,-1,5,-1.571902937420191,3.5540229885057357,7.478927203065133,0.255427841634738,0.10600255427841532,0.6424010217113647,-4.4,0.5000000000000004,0.4000000000000057
2026-03-06,Central Arkansas,Bellarmine,0,13,-7.270967741935493,-17.638709677419357,8.806451612903228,1.225806451612904,3.419354838709677,3.741935483870968,5.8,1.4,4.1000000000000085
2025-12-13,Central Connecticut State,Binghamton,-1,17,11.98999999999998,-9.611111111111114,3.0888888888888886,-3.6999999999999993,1.4111111111111105,5.677777777777777,12.4,2.5999999999999996,-1.2999999999999972
2026-01-06,Central Michigan,Akron,-1,-13,-24.731904761904744,9.403809523809528,-8.080952380952382,1.6095238095238091,-1.2238095238095248,-3.6380952380952394,-19.6,-3.7,-3.0
2026-01-20,Central Michigan,Ball State,1,-1,1.50555555555556,9.555555555555557,-2.333333333333332,1.666666666666666,2.0555555555555562,1.1111111111111107,-4.200000000000001,1.1999999999999997,2.0
2026-01-31,Central Michigan,Bowling Green,1,3,-11.67619047619047,16.123809523809513,-0.7142857142857153,0.0952380952380949,0.3333333333333339,-2.0476190476190474,-3.4,-1.1,-2.3999999999999915
2026-02-28,Central Michigan,Buffalo,-1,5,-9.482142857142861,0.835714285714289,-5.571428571428573,1.0357142857142847,0.8928571428571423,-0.25,10.0,-0.30000000000000027,0.10000000000000853
2026-03-03,Central Michigan,Akron,1,-13,-17.131034482758636,7.9793103448275815,-9.137931034482758,1.2413793103448274,-0.8275862068965516,-4.241379310344826,-5.4,-3.7,-3.0
2026-03-06,Central Michigan,Ball State,-1,-16,5.713333333333324,6.836666666666659,-2.366666666666667,2.1000000000000014,1.2333333333333334,0.2666666666666657,-4.8,1.1999999999999997,2.0
2025-11-21,Charlotte,Appalachian State,-1,-2,-0.4200000000000017,7.610000000000014,-4.100000000000001,1.9000000000000004,0.75,-1.1499999999999986,-6.1,3.7,0.7999999999999972
2025-12-13,Chattanooga,Auburn,0,-14,-3.069999999999993,-4.180000000000007,8.799999999999997,-1.200000000000001,-3.0,1.3000000000000007,27.6,-18.5,-2.799999999999997
2025-12-17,Chattanooga,Bellarmine,-1,-15,-0.2554545454545405,-11.550909090909087,10.572727272727274,-1.8272727272727263,2.990909090909092,3.9636363636363647,8.8,-0.40000000000000036,1.1000000000000085
2025-12-21,Chattanooga,Alabama A&M,-1,7,16.53560606060607,0.07272727272726343,13.318181818181817,-2.5530303030303028,0.2575757575757569,-0.8257575757575779,4.6,4.1000000000000005,-0.19999999999998863
2025-12-16,Chicago State,Bowling Green,-1,-21,-21.9818181818182,30.458181818181828,-4.645454545454548,1.0545454545454547,-1.163636363636364,-4.618181818181817,-34.0,-3.8,-3.8999999999999915
2026-02-05,Chicago State,Central Connecticut State,-1,-11,-15.477922077922074,8.193506493506504,-2.6515151515151487,0.8744588744588739,0.2813852813852824,-5.045454545454547,0.8000000000000007,2.000000000000001,1.2999999999999972
2026-02-21,Chicago State,Central Connecticut State,1,19,-13.754945054945068,7.4571428571428555,-2.4532967032967044,-0.14285714285714235,0.23901098901098905,-5.041208791208792,-7.0,2.000000000000001,1.2999999999999972
2025-12-17,Cincinnati,Alabama State,1,37,-6.709999999999994,-21.58,5.800000000000001,1.700000000000001,-0.09999999999999964,5.299999999999997,6.2,17.7,-1.9000000000000057
2026-01-21,Cincinnati,Arizona,-1,-26,-18.20555555555555,-0.34444444444444855,11.055555555555554,0.16666666666666785,-2.5,-2.833333333333332,-12.6,-5.999999999999998,-2.200000000000003
2026-01-24,Cincinnati,Arizona State,-1,-14,-7.405263157894723,-16.39999999999999,5.105263157894736,0.4210526315789487,1.6315789473684212,3.684210526315791,12.600000000000001,0.20000000000000107,-1.5999999999999943
2026-01-28,Cincinnati,Baylor,1,10,-16.82894736842107,-11.791315789473686,3.515789473684208,0.47368421052631504,-2.155263157894737,0.7421052631578924,5.6,-0.7999999999999989,-0.09999999999999432
2026-03-03,Cincinnati,Brigham Young,1,22,-12.806896551724137,-7.020689655172404,1.4827586206896548,0.7586206896551726,-0.6206896551724128,-0.5172413793103416,14.8,-2.5999999999999996,-1.5999999999999943
2025-11-28,Clemson,Alabama A&M,1,36,26.49642857142858,-7.907142857142873,8.5,-4.25,3.8928571428571423,4.5,13.1,20.3,-2.1999999999999886
2025-12-03,Clemson,Alabama,-1,-6,3.3160714285714334,-11.892857142857153,-6.053571428571431,-2.3392857142857135,2.4642857142857135,-0.25,-0.40000000000000036,-4.699999999999999,-10.0
2025-12-09,Clemson,Brigham Young,0,-3,4.012499999999989,0.6708333333333343,1.6944444444444429,-0.8888888888888893,3.4722222222222214,0.22222222222222143,-3.0,-2.5,-5.699999999999989
2025-12-21,Clemson,Cincinnati,0,3,17.020454545454555,8.182575757575762,-4.234848484848484,-4.856060606060607,0.9848484848484844,-1.3560606060606055,3.5999999999999996,0.09999999999999964,-4.099999999999994
2026-01-13,Clemson,Boston College,1,24,14.973529411764716,-1.2823529411764554,-1.610294117647058,-1.2904411764705888,-0.7683823529411757,-0.360294117647058,8.8,6.5,-2.299999999999997
2026-02-07,Clemson,California,-1,22,2.7521739130434923,-4.182608695652178,-0.5652173913043477,-0.43478260869565055,1.1739130434782608,0.7826086956521756,2.1999999999999993,4.8,-5.099999999999994
2025-11-30,Coastal Carolina,Alabama A&M,1,7,7.568571428571431,-15.137142857142862,9.857142857142858,-0.8000000000000007,2.0857142857142863,10.485714285714284,6.8,6.1000000000000005,2.1000000000000085
2025-12-18,Coastal Carolina,Appalachian State,-1,-18,-8.889393939393926,-3.2356060606060453,1.0378787878787854,0.4696969696969706,-1.8181818181818183,6.378787878787879,-31.6,0.0,4.799999999999997
2026-01-10,Coastal Carolina,Appalachian State,1,5,-7.9588235294117595,0.5235294117646987,1.0,0.0,-1.1764705882352935,3.882352941176471,-5.8,0.0,4.799999999999997
2026-02-04,Coastal Carolina,Arkansas State,1,-4,-7.7963768115942,-5.107608695652175,-1.6539855072463752,-4.076086956521738,-2.9547101449275353,3.496376811594203,9.0,-1.2000000000000002,-3.700000000000003
2025-11-28,Colgate,Albany (NY),0,2,0.13333333333333997,12.283333333333331,-5.333333333333332,-4.166666666666668,-5.333333333333333,0.5,-15.0,1.7999999999999998,2.5
2026-01-03,Colgate,Army,-1,7,4.464285714285722,-1.3214285714285694,-12.07142857142857,-1.7857142857142865,-3.5,-0.9285714285714306,-11.8,2.5999999999999996,-0.20000000000000284
2026-01-07,Colgate,American,1,2,-0.6400000000000006,1.7600000000000051,-6.666666666666664,-1.2666666666666657,-1.2000000000000002,2.2666666666666657,-0.20000000000000018,0.5999999999999996,2.0999999999999943
2026-01-17,Colgate,Bucknell,1,19,16.13333333333334,-2.694444444444443,-4.333333333333332,-3.666666666666666,-0.666666666666667,3.166666666666668,6.6000000000000005,0.20000000000000018,1.0
2026-01-21,Colgate,American,-1,-4,1.7631578947368496,2.8157894736842195,-6.578947368421055,-1.0,-0.8947368421052637,2.578947368421055,3.8,0.5999999999999996,2.0999999999999943
2026-01-24,Colgate,Boston University,1,1,-2.3299999999999983,-7.454999999999998,-4.299999999999997,-0.9000000000000004,0.14999999999999947,1.0,2.4000000000000004,0.7000000000000002,3.3999999999999915
2026-02-04,Colgate,Army,1,14,5.495652173913044,-4.317391304347822,-12.478260869565219,-1.1304347826086953,-2.5652173913043477,0.608695652173914,10.4,2.5999999999999996,-0.20000000000000284
2026-02-07,Colgate,Bucknell,-1,19,11.900000000000006,-5.591666666666654,-4.208333333333332,-2.083333333333334,0.08333333333333393,2.7083333333333357,3.6,0.20000000000000018,1.0
2026-02-16,Colgate,Boston University,-1,-27,-3.670370370370364,-7.644444444444446,-4.296296296296298,-0.7777777777777768,0.29629629629629584,1.037037037037038,-1.799999999999999,0.7000000000000002,3.3999999999999915
2025-11-30,College of Charleston,Belmont,1,-23,-9.04285714285713,17.473214285714278,-5.625,-6.125,1.0714285714285712,-2.75,-19.8,-2.5,-1.1999999999999886
2025-12-14,College of Charleston,Charlotte,1,7,-1.3799999999999955,-2.260000000000005,1.7000000000000028,-2.5,0.7999999999999989,3.1999999999999993,0.6000000000000001,-1.7,3.700000000000003
2026-01-22,College of Charleston,Campbell,1,4,-3.631578947368439,-4.2842105263158174,1.6315789473684212,-1.8947368421052637,-2.2105263157894743,3.7368421052631575,-5.199999999999999,-0.7999999999999999,-0.5999999999999943
2026-02-15,College of Charleston,Campbell,-1,5,-4.630923076923082,-5.894769230769228,0.14000000000000057,-1.2338461538461534,-1.9107692307692297,4.136923076923075,-0.6000000000000001,-0.7999999999999999,-0.5999999999999943
2025-11-17,Colorado,Alabama State,1,28,18.733333333333334,15.800000000000011,-8.0,-4.333333333333334,-5.333333333333332,-1.6666666666666679,-0.6666666666666661,15.5,-0.20000000000000284
2025-12-01,Colorado,California Baptist,1,8,14.799999999999997,15.257142857142853,-1.7142857142857153,-2.2857142857142865,-4.142857142857142,-1.1428571428571423,1.799999999999999,8.899999999999999,2.700000000000003
2026-01-03,Colorado,Arizona State,-1,6,7.207692307692312,2.115384615384613,-3.9230769230769234,-0.9230769230769234,2.384615384615385,0.9230769230769234,-2.3999999999999995,-2.0,0.10000000000000853
2026-01-14,Colorado,Cincinnati,-1,-9,15.493750000000006,14.868749999999991,-9.75,-2.5,-0.25,-1.6875,-2.4,-2.200000000000001,1.7000000000000028
2026-02-04,Colorado,Baylor,-1,-19,-0.6285714285714477,4.664069264069255,-3.532467532467532,-2.2056277056277054,-2.6688311688311686,-1.7424242424242422,2.8000000000000007,-3.0,1.6000000000000085
2026-02-07,Colorado,Arizona State,1,8,5.58695652173914,1.3608695652173992,-2.782608695652172,-1.8695652173913047,0.9130434782608692,0.9565217391304337,-6.3999999999999995,-2.0,0.10000000000000853
2026-02-14,Colorado,Brigham Young,-1,-4,-6.423500000000004,8.299333333333337,-5.055,-0.6066666666666656,-1.626666666666667,-2.965,-5.000000000000001,-4.800000000000001,0.10000000000000853
2026-03-07,Colorado,Arizona,1,-10,-6.533333333333331,17.22666666666666,4.133333333333333,-0.8333333333333321,-3.3000000000000007,-6.100000000000001,-13.4,-8.2,-0.5
2025-12-06,Colorado State,Colorado,1,5,6.5625,4.1000000000000085,9.0,1.5,-1.75,-0.625,-9.0,-4.499999999999999,-7.1000000000000085
2026-01-16,Colorado State,Boise State,-1,-6,14.788235294117655,7.388235294117635,1.882352941176471,-1.0,-1.1764705882352935,-2.4705882352941195,5.0,-2.2,-3.9000000000000057
2026-01-20,Colorado State,Air Force,1,29,28.29444444444445,-1.4166666666666714,5.277777777777779,-2.3888888888888893,1.4444444444444438,1.3888888888888893,24.4,4.4,-3.1000000000000085
2026-02-10,Colorado State,Air Force,-1,17,25.913043478260875,-6.604347826086965,4.304347826086957,-2.8260869565217384,1.8260869565217384,1.6086956521739104,29.0,4.4,-3.1000000000000085
2026-03-07,Colorado State,Boise State,1,-11,5.303333333333342,4.0,0.5,0.1999999999999993,-1.7666666666666666,-1.5,1.3999999999999995,-2.2,-3.9000000000000057
2025-11-18,Columbia,Boston University,1,5,-7.033333333333346,-18.38333333333334,-7.083333333333332,3.083333333333334,1.25,2.916666666666668,7.166666666666667,3.2,3.0999999999999943
2025-12-06,Columbia,Albany (NY),1,28,8.677777777777777,-6.444444444444443,-1.4444444444444464,-0.6666666666666661,0.2222222222222232,4.777777777777779,14.8,4.3,2.200000000000003
2025-12-21,Columbia,California,-1,-18,-3.625,-0.4507575757575637,-0.7954545454545467,2.7348484848484844,3.371212121212121,3.575757575757578,2.400000000000002,-8.4,-2.200000000000003
2026-01-17,Columbia,Brown,-1,-6,9.505416666666676,3.512500000000003,-1.0249999999999986,1.333333333333334,0.8249999999999993,3.2541666666666664,-16.4,1.3999999999999995,0.0
2026-02-27,Columbia,Brown,1,18,8.583666666666659,4.142333333333326,0.11166666666666814,0.8149999999999995,1.0783333333333331,2.1149999999999984,-4.6,1.3999999999999995,0.0
2025-11-15,Connecticut,Brigham Young,0,2,8.099999999999994,-12.599999999999994,-1.6666666666666679,3.666666666666667,0.3333333333333339,1.6666666666666679,15.666666666666668,1.3000000000000007,-4.699999999999989
2025-11-19,Connecticut,Arizona,1,-4,11.949999999999989,-3.674999999999997,5.5,-3.0,-2.75,1.0,11.25,-2.099999999999998,-5.299999999999997
2025-11-23,Connecticut,Bryant,1,23,37.3,-14.419999999999987,-6.600000000000001,-4.6,0.20000000000000018,1.3999999999999986,37.0,22.200000000000003,0.7000000000000028
2025-12-16,Connecticut,Butler,1,19,-2.671818181818196,-9.165454545454537,-0.19090909090909136,-2.209090909090909,-3.7818181818181813,-2.1818181818181834,2.4000000000000004,6.0,-5.299999999999997
2026-02-11,Connecticut,Butler,-1,10,4.962500000000006,-11.791666666666671,0.625,-0.75,-1.083333333333334,0.25,22.6,6.0,-5.299999999999997
2025-11-14,Coppin State,Central Michigan,0,-23,-18.325000000000003,14.091666666666669,-7.25,5.833333333333334,-3.583333333333334,-6.416666666666668,-22.833333333333332,-6.300000000000001,1.2999999999999972
2025-11-18,Cornell,Army,1,13,21.66666666666667,0.5750000000000028,-0.5833333333333357,-0.4166666666666661,-2.166666666666666,4.083333333333332,15.25,7.1,3.299999999999997
2025-11-20,Cornell,Colgate,1,1,6.609999999999999,-4.599999999999994,15.55,3.0,3.25,4.0,7.85,4.5,3.5
2025-11-30,Cornell,Bucknell,-1,29,19.84999999999998,-7.1875,14.291666666666664,0.6666666666666661,1.833333333333334,5.291666666666668,32.2,4.7,4.5
2025-12-21,Cornell,Albany (NY),-1,8,12.746153846153845,4.957692307692312,10.50769230769231,1.092307692307692,-0.6846153846153857,2.161538461538459,12.0,6.3,6.0
2026-01-05,Cornell,Columbia,1,-5,7.536263736263734,16.24230769230769,12.521978021978022,-0.0219780219780219,-1.6868131868131861,-3.3681318681318686,-5.200000000000001,2.0,3.799999999999997
2026-01-19,Cornell,Brown,-1,22,15.375,19.743750000000006,12.6875,0.875,0.0625,0.0625,-6.2,3.3999999999999995,3.799999999999997
2026-02-07,Cornell,Columbia,-1,21,9.104285714285723,12.155238095238076,11.478571428571424,-0.5738095238095244,-1.180952380952382,-2.8952380952380956,5.6,2.0,3.799999999999997
2026-02-28,Cornell,Brown,1,6,17.63600000000001,12.328000000000003,10.599999999999998,-0.16000000000000014,0.11999999999999922,0.28000000000000114,8.8,3.3999999999999995,3.799999999999997
2025-11-24,Creighton,Baylor,0,-7,-6.200000000000003,-6.075000000000003,4.5,-0.08333333333333393,5.833333333333334,3.333333333333332,-1.583333333333334,-1.8999999999999986,-0.8999999999999915
2025-12-30,Creighton,Butler,1,4,-3.153846153846146,3.0999999999999943,6.846153846153847,-0.6923076923076916,-3.23076923076923,-0.23076923076922995,6.0,1.0,-3.0
2026-01-31,Creighton,Connecticut,1,-27,-1.86666666666666,14.333333333333329,7.142857142857142,-0.3809523809523796,-1.5714285714285712,0.42857142857142705,-15.0,-5.0,2.299999999999997
2026-02-18,Creighton,Connecticut,-1,7,-6.169230769230765,13.496153846153845,5.615384615384617,0.07692307692307843,-1.5,0.1538461538461533,-22.0,-5.0,2.299999999999997
2026-03-04,Creighton,Butler,-1,17,-1.4183908045977063,1.8996551724138016,7.195402298850574,0.018390804597700594,-2.3471264367816094,0.5954022988505763,-4.0,1.0,-3.0
2025-12-09,Dartmouth,Colorado State,-1,-21,-20.425396825396803,-7.380952380952394,2.4603174603174622,3.333333333333334,1.666666666666667,3.3492063492063515,5.799999999999999,-6.9,5.5
2025-12-13,Dartmouth,Boston University,1,13,-6.665909090909096,-8.938636363636363,3.8636363636363633,3.2159090909090917,0.7159090909090908,4.795454545454547,5.0,2.7,4.3999999999999915
2026-01-10,Dartmouth,Cornell,-1,11,-12.014285714285705,-9.51428571428572,-6.785714285714288,0.5714285714285712,-1.2142857142857135,1.6428571428571423,0.40000000000000036,-2.5,-2.5
2026-01-24,Dartmouth,Columbia,1,-10,-2.150326797385617,3.1643790849673223,6.2483660130718945,-0.7124183006535958,-2.1993464052287575,-0.5098039215686256,12.6,-0.5,1.2999999999999972
2026-01-31,Dartmouth,Brown,-1,7,7.747368421052627,8.531578947368416,6.210526315789473,0.3157894736842106,-1.0,2.1052631578947363,4.4,0.8999999999999995,1.2999999999999972
2026-02-14,Dartmouth,Brown,1,-3,7.13636363636364,7.668181818181836,5.59090909090909,0.31818181818181834,-1.59090909090909,1.90909090909091,-0.40000000000000036,0.8999999999999995,1.2999999999999972
2026-02-21,Dartmouth,Columbia,-1,1,-3.534057971014491,2.6195652173912976,5.708333333333332,-0.49818840579710155,-2.474637681159421,-0.08333333333333215,-2.0,-0.5,1.2999999999999972
2026-03-07,Dartmouth,Cornell,1,-21,-12.573076923076925,-5.199999999999989,-4.57692307692308,-0.07692307692307665,-1.6923076923076916,1.6538461538461533,-10.6,-2.5,-2.5
2025-11-15,Davidson,Bowling Green,1,4,1.3333333333333286,20.200000000000003,2.333333333333332,-0.6666666666666661,-3.333333333333333,-4.0,-18.666666666666664,4.2,-5.799999999999997
2025-11-21,Davidson,Boston College,0,10,19.60000000000001,9.655000000000001,-4.050000000000001,3.0,-5.65,-6.0,7.45,-2.3,-2.9000000000000057
2025-11-15,Dayton,Bethune-Cookman,1,9,2.0,-19.23333333333332,-0.33333333333333215,-4.0,-3.333333333333333,-3.666666666666668,12.666666666666668,10.9,-3.8999999999999915
2025-11-28,Dayton,Brigham Young,0,-4,-8.361904761904754,-0.17142857142857792,-2.2142857142857153,3.1190476190476204,-0.9047619047619051,-3.380952380952383,-14.200000000000001,-7.8,-2.8999999999999915
2026-02-15,Dayton,Davidson,1,11,-4.708333333333329,-2.2041666666666657,-2.083333333333332,1.6666666666666679,-0.9999999999999991,1.0416666666666679,-31.200000000000003,3.5,3.4000000000000057
2026-03-18,Dayton,Bradley,-1,14,-2.2998217468805677,-3.5840463458110463,-2.1586452762923365,2.3244206773618554,-1.0802139037433145,0.15953654188948363,-4.2,4.6000000000000005,-1.3999999999999915
2025-12-06,DePaul,Arkansas–Pine Bluff,1,4,18.430555555555557,-23.17083333333332,0.44444444444444287,-2.6944444444444446,0.5972222222222214,2.6527777777777786,31.8,14.7,-3.5999999999999943
2025-12-21,DePaul,Connecticut,1,-18,-8.291666666666643,6.366666666666646,1.0833333333333321,1.75,-0.5833333333333339,-1.9166666666666679,-11.2,-7.700000000000001,1.5
2026-01-10,DePaul,Connecticut,-1,-12,-10.568749999999994,6.487499999999997,-0.8125,1.4375,-0.8125,-1.875,-20.4,-7.700000000000001,1.5
2026-01-20,DePaul,Butler,-1,-7,-7.855555555555554,-3.74444444444444,-1.5,0.16666666666666607,-2.7777777777777786,-1.5,8.4,-1.700000000000001,-3.799999999999997
2026-02-11,DePaul,Creighton,1,1,-6.7875000000000085,-6.779166666666683,-6.833333333333332,0.9166666666666661,0.5,-1.9583333333333357,4.6000000000000005,-2.700000000000001,-0.7999999999999972
2026-02-25,DePaul,Creighton,-1,1,-4.922222222222217,-7.240608465608474,-6.203703703703702,0.6825396825396819,1.0714285714285712,-2.5198412698412724,2.5999999999999996,-2.700000000000001,-0.7999999999999972
2026-03-07,DePaul,Butler,1,-10,-6.230000000000004,-5.796666666666653,0.7666666666666657,0.6666666666666679,-1.4666666666666668,-1.6666666666666643,5.2,-1.700000000000001,-3.799999999999997
2025-12-13,Delaware,Cal State Northridge,1,-22,-2.7577777777777612,0.32222222222220864,1.12222222222222,-1.31111111111111,-5.588888888888889,-0.6444444444444422,3.2,-0.7999999999999998,-11.400000000000006
2025-12-06,Delaware State,Delaware,1,3,-15.149999999999991,-4.969999999999999,-7.857142857142858,-0.9571428571428573,1.6285714285714281,-1.1000000000000014,-8.600000000000001,-9.7,1.4000000000000057
2026-01-03,Delaware State,Coppin State,1,-2,-0.09764705882354008,-17.54901960784312,-3.8156862745098046,-3.223529411764707,-0.8313725490196084,1.1607843137254896,27.6,-2.799999999999999,-3.0999999999999943
2026-02-07,Delaware State,Coppin State,-1,-18,-1.4357142857142975,-15.600595238095238,-3.8988095238095255,-3.291666666666668,-1.2678571428571441,1.4642857142857153,6.6,-2.799999999999999,-3.0999999999999943
2025-11-21,Denver,Colorado State,-1,2,-29.700000000000003,11.375,-7.5,3.0,-0.5,-6.25,-28.0,-8.0,5.300000000000011
2025-11-24,Denver,Arizona,-1,-30,-1.039999999999992,26.83999999999999,7.199999999999999,-2.0,-3.5999999999999996,-6.0,-20.2,-20.7,-2.299999999999997
2025-12-13,Denver,Cal State Fullerton,1,-19,8.718181818181804,15.709090909090904,-3.0,-0.2727272727272716,0.18181818181818343,-6.272727272727273,-5.4,-2.5999999999999996,-6.3999999999999915
2025-11-23,Detroit Mercy,DePaul,-1,-20,-9.27333333333334,17.136666666666684,2.5,-0.6666666666666661,1.6333333333333346,-1.6999999999999993,-18.6,-9.8,2.0
2025-12-06,Detroit Mercy,Cleveland State,-1,12,-3.5544444444444423,-5.2222222222222,-3.68888888888889,-3.144444444444444,2.4555555555555557,2.2444444444444436,-3.2,1.7999999999999998,-1.7999999999999972
2026-01-11,Detroit Mercy,Cleveland State,1,10,-1.636078431372539,-6.716862745098027,-7.764705882352942,-1.568627450980392,1.7098039215686267,1.6274509803921546,13.8,1.7999999999999998,-1.7999999999999972
2025-11-17,Drake,College of Charleston,-1,9,-7.674999999999997,-16.174999999999997,3.75,1.0,-3.5,2.25,6.0,1.5999999999999999,-1.1000000000000085
2026-01-07,Drake,Bradley,-1,-27,4.846249999999998,1.7108333333333263,0.03333333333333499,-0.7583333333333329,-1.0750000000000002,1.6791666666666671,-3.8,-0.7,-1.2999999999999972
2026-01-10,Drake,Belmont,1,-2,-4.213602941176461,7.299632352941174,0.10294117647058698,-4.169117647058824,-0.4889705882352935,-2.944852941176471,-19.4,-0.9,-2.299999999999997
2026-01-31,Drake,Bradley,1,-14,1.440909090909102,-0.05454545454547599,2.0909090909090935,0.6818181818181817,-1.2272727272727266,1.7272727272727266,9.8,-0.7,-1.2999999999999972
2026-02-03,Drake,Belmont,-1,-13,-5.31304347826088,5.678260869565207,1.304347826086957,-3.304347826086957,-0.304347826086957,-1.304347826086957,-6.0,-0.9,-2.299999999999997
2026-03-06,Drake,Belmont,0,21,-9.57651209677418,6.1726814516129025,0.10383064516129181,-2.444556451612904,0.254032258064516,-1.403225806451612,-23.2,-0.9,-2.299999999999997
2025-12-03,Drexel,American,-1,-2,-6.730555555555554,7.2152777777777715,-3.6388888888888893,-1.125,4.930555555555555,0.45833333333333215,-18.2,2.5,-1.0
2025-12-29,Drexel,College of Charleston,-1,-9,-2.053846153846166,-2.946153846153848,0.4615384615384599,2.23076923076923,1.615384615384615,-2.30769230769231,3.6,-1.5999999999999999,-3.9000000000000057
2026-02-05,Drexel,Campbell,-1,-21,-7.986956521739145,-12.352173913043472,0.1739130434782581,-0.7826086956521738,-0.695652173913043,1.391304347826086,12.0,-2.4,-4.5
2026-02-26,Drexel,Campbell,1,5,-7.244704433497546,-8.633128078817734,0.12561576354679715,0.014778325123153024,-1.3706896551724146,1.6046798029556655,-4.6,-2.4,-4.5
2025-11-27,Duke,Arkansas,0,9,9.107142857142847,-14.680952380952377,5.4761904761904745,0.8333333333333339,1.5476190476190474,2.9761904761904745,21.4,1.1999999999999993,-7.0
2026-01-14,Duke,California,-1,15,7.638602941176458,-6.343382352941177,3.154411764705884,2.389705882352942,2.617647058823529,3.7610294117647065,11.0,9.5,-3.5999999999999943
2026-02-03,Duke,Boston College,1,18,22.12380952380954,-7.357142857142861,1.3809523809523796,0.9047619047619051,1.7142857142857153,1.3809523809523796,27.0,11.2,-0.7999999999999972
2026-02-14,Duke,Clemson,1,13,6.057166666666674,-4.869,1.821666666666669,1.7550000000000008,2.298333333333334,2.1016666666666666,7.3999999999999995,4.699999999999999,1.5
2026-03-13,Duke,Clemson,0,12,9.13712121212123,-7.568749999999994,1.9696969696969688,1.4299242424242422,2.8740530303030303,2.867424242424242,20.2,4.699999999999999,1.5
2025-12-10,Duquesne,Boise State,-1,-22,3.37777777777778,4.87777777777778,0.44444444444444287,3.8888888888888893,-1.8888888888888893,-0.8888888888888893,1.7999999999999998,-4.300000000000001,2.4000000000000057
2025-12-22,Duquesne,Canisius,1,44,16.94999999999999,1.297727272727272,5.674242424242422,1.6363636363636367,0.1439393939393927,2.1363636363636367,8.6,8.7,5.6000000000000085
2025-12-30,Duquesne,Davidson,-1,6,3.160256410256409,-1.7025641025640965,2.666666666666668,3.6538461538461533,0.6666666666666661,2.929487179487179,14.4,-0.09999999999999987,5.6000000000000085
2026-01-13,Duquesne,Dayton,1,-6,3.7250000000000085,6.5687500000000085,3.1875,3.375,0.8125,2.125,7.800000000000001,-3.6,2.200000000000003
2026-02-21,Duquesne,Dayton,-1,-12,3.065384615384602,2.803846153846166,3.9230769230769234,1.1538461538461533,0.8076923076923075,1.4230769230769234,11.6,-3.6,2.200000000000003
2026-02-25,Duquesne,Davidson,1,-11,0.574074074074062,0.9037037037037123,1.3703703703703702,2.6296296296296298,0.0,2.555555555555557,-13.2,-0.09999999999999987,5.6000000000000085
2025-11-21,East Carolina,Charleston Southern,1,-12,-9.974999999999994,5.908333333333331,-13.583333333333336,0.0,0.16666666666666607,-5.666666666666668,-18.4,3.5,-5.200000000000003
2025-12-11,East Carolina,Appalachian State,1,-13,-14.28444444444446,5.397777777777776,-8.23333333333333,5.199999999999999,-1.5666666666666664,-0.5555555555555571,-16.2,2.0,5.699999999999989
2025-12-14,East Carolina,Buffalo,1,3,-21.939999999999998,1.4500000000000028,-4.099999999999998,3.4000000000000004,3.0,1.4000000000000021,-14.2,1.5999999999999999,2.5
2026-01-18,East Carolina,Charlotte,1,-3,-15.784313725490193,-3.7019607843137265,-5.581699346405227,2.1535947712418313,0.04901960784313708,0.6241830065359473,-16.8,-1.7,4.8999999999999915
2026-02-21,East Carolina,Charlotte,-1,-12,-11.707692307692312,-4.803846153846152,-5.884615384615387,0.15384615384615508,0.4615384615384599,0.5769230769230766,10.600000000000001,-1.7,4.8999999999999915
2025-11-29,East Tennessee State,Central Arkansas,1,23,14.757142857142853,-14.219047619047615,-9.214285714285715,-2.2142857142857135,1.666666666666666,-2.7142857142857153,16.6,0.0,-3.5
2025-12-02,East Tennessee State,Dayton,-1,-17,5.210714285714289,-9.773214285714275,-0.7857142857142847,-1.1964285714285712,1.3392857142857135,1.303571428571427,12.2,-9.1,-1.2999999999999972
2025-12-12,East Tennessee State,Austin Peay,-1,-1,10.493333333333325,-3.6966666666666583,-1.4444444444444429,-0.17777777777777892,0.9666666666666668,1.3000000000000007,22.6,0.5000000000000004,-3.0999999999999943
2026-01-21,East Tennessee State,Chattanooga,-1,1,1.773684210526298,-7.815789473684205,-8.368421052631582,1.2105263157894726,1.6315789473684221,-0.6315789473684212,7.199999999999999,1.8000000000000003,-0.5
2026-02-11,East Tennessee State,Chattanooga,1,12,6.0519999999999925,-7.800000000000011,-7.84,0.2400000000000002,1.8399999999999999,-0.4399999999999977,21.4,1.8000000000000003,-0.5
2025-11-25,East Texas A&M,Army,0,17,14.75,-19.78333333333333,-6.0,0.8333333333333321,-1.0,2.5,26.0,3.7,-0.29999999999999716
2025-12-05,East Texas A&M,Connecticut,-1,-24,-7.155357142857142,3.4785714285714135,5.267857142857142,3.178571428571429,-1.0535714285714288,-0.375,4.2,-18.4,2.0999999999999943
2025-12-07,East Texas A&M,Central Arkansas,1,7,5.777777777777786,-2.86666666666666,-5.277777777777779,-0.5138888888888893,-0.6527777777777786,-2.75,3.4000000000000004,-0.19999999999999973,-1.9000000000000057
2025-11-25,Eastern Illinois,Central Arkansas,-1,-21,-7.876666666666651,-0.3999999999999915,-15.8,-0.033333333333333215,-2.0,-4.366666666666667,-12.200000000000001,-3.1999999999999997,-3.200000000000003
2025-12-10,Eastern Kentucky,Eastern Illinois,-1,9,18.4375,-5.49722222222222,17.138888888888886,0.16666666666666607,6.708333333333334,2.791666666666668,25.0,2.5,2.700000000000003
2026-01-10,Eastern Kentucky,Central Arkansas,1,4,3.049999999999997,8.956250000000011,0.3125,-0.875,2.5,-2.75,-17.6,-0.6999999999999997,-0.5
2026-01-15,Eastern Kentucky,Austin Peay,-1,-2,0.815686274509801,16.325490196078434,6.898039215686275,0.5254901960784313,2.3568627450980397,-1.768627450980393,-25.799999999999997,-0.1999999999999993,-0.09999999999999432
2026-01-17,Eastern Kentucky,Bellarmine,1,20,-5.333660130718954,-6.694771241830068,11.343137254901958,0.9215686274509807,6.0816993464052285,1.2483660130718945,6.6000000000000005,0.7000000000000002,3.6000000000000085
2026-01-28,Eastern Kentucky,Austin Peay,1,-8,2.1268170426065183,15.647368421052619,6.0852130325814535,0.8496240601503757,1.882205513784461,-1.7769423558897266,-4.8,-0.1999999999999993,-0.09999999999999432
2026-01-31,Eastern Kentucky,Central Arkansas,-1,-9,2.0512987012987054,9.686580086580094,0.5194805194805205,0.0800865800865811,3.0519480519480506,-3.054112554112553,-11.0,-0.6999999999999997,-0.5
2026-02-21,Eastern Kentucky,Bellarmine,-1,3,-7.211111111111123,-8.008730158730145,9.55952380952381,1.5912698412698418,6.1230158730158735,1.3981481481481488,-2.2,0.7000000000000002,3.6000000000000085
2025-11-18,Eastern Michigan,Detroit Mercy,-1,10,-1.7166666666666544,-9.700000000000003,-13.333333333333332,-0.4166666666666661,1.416666666666666,0.33333333333333215,6.25,1.4000000000000001,-0.9000000000000057
2025-11-26,Eastern Michigan,Cincinnati,-1,8,-2.883333333333354,21.26666666666665,-10.333333333333332,-2.0,1.333333333333334,-2.5,-20.0,-12.200000000000001,-0.5
2025-12-02,Eastern Michigan,Butler,-1,-16,-18.387500000000003,4.833928571428558,-4.017857142857142,-0.23214285714285765,-3.2857142857142865,-2.571428571428573,-13.600000000000001,-10.100000000000001,-2.700000000000003
2025-12-19,Eastern Michigan,Akron,-1,-21,-25.790909090909096,-4.027272727272745,-10.454545454545453,2.2727272727272734,-0.8181818181818183,-0.6363636363636367,-2.0,-1.9000000000000001,-2.200000000000003
2026-01-06,Eastern Michigan,Ball State,-1,22,1.6504761904761978,1.53857142857143,-5.399999999999999,1.1095238095238091,1.8761904761904757,3.209523809523809,-13.8,3.0,2.799999999999997
2026-01-17,Eastern Michigan,Bowling Green,-1,-6,-12.710784313725483,8.248692810457513,-3.428104575163399,-0.1339869281045747,-0.006535947712418277,0.9869281045751634,-1.8000000000000007,0.7,-1.5999999999999943
2026-01-27,Eastern Michigan,Central Michigan,-1,-35,1.125,-11.195000000000007,-1.6000000000000014,-0.6000000000000014,-0.1999999999999993,2.6999999999999993,15.8,1.8,0.7999999999999972
2026-02-03,Eastern Michigan,Akron,1,-2,-21.88636363636364,2.890909090909105,-10.136363636363637,0.8636363636363633,-1.3181818181818183,-2.0,-21.799999999999997,-1.9000000000000001,-2.200000000000003
2026-02-07,Eastern Michigan,Appalachian State,-1,-5,-6.397565217391303,5.65930434782608,-7.610434782608696,2.725217391304348,-1.12695652173913,-1.888695652173915,-22.8,1.9000000000000001,4.099999999999994
2026-02-17,Eastern Michigan,Central Michigan,1,12,-3.2464615384615314,-5.8290769230769115,-0.564615384615383,-0.3707692307692305,-0.3492307692307701,2.1523076923076943,-19.4,1.8,0.7999999999999972
2026-03-03,Eastern Michigan,Buffalo,-1,-5,-12.789655172413802,-4.5724137931034505,-6.172413793103448,1.0,0.6551724137931041,2.6206896551724164,-5.6,1.4999999999999998,0.9000000000000057
2026-03-06,Eastern Michigan,Bowling Green,1,-8,-9.77666666666667,7.346666666666664,-2.0,0.43333333333333357,0.033333333333333215,-0.533333333333335,-7.0,0.7,-1.5999999999999943
2025-11-23,Eastern Washington,Central Arkansas,-1,-27,14.780000000000001,6.400000000000006,-13.2,-0.5999999999999996,-2.1999999999999993,-3.400000000000002,5.4,2.9,-0.8000000000000114
2025-12-03,Eastern Washington,Denver,-1,-4,-4.585714285714275,-11.085714285714289,-1.1428571428571423,3.0,-0.14285714285714235,4.857142857142858,4.799999999999999,3.3,0.19999999999998863
2025-12-12,Eastern Washington,California Baptist,1,-5,0.1955555555555719,13.075555555555567,3.1111111111111107,2.488888888888889,-4.933333333333334,-0.4111111111111114,5.3999999999999995,-0.30000000000000004,1.0999999999999943
2025-12-22,Eastern Washington,Brigham Young,-1,-28,-14.058333333333309,23.908333333333317,-1.8333333333333357,3.25,-0.41666666666666785,-5.666666666666668,-31.8,-14.0,-1.5
2025-11-24,Elon,Appalachian State,-1,35,9.709999999999994,10.280000000000001,6.733333333333331,1.5333333333333332,1.6999999999999993,-1.0666666666666664,-5.799999999999999,0.7000000000000002,4.299999999999997
2025-12-31,Elon,College of Charleston,1,-4,14.51428571428572,3.278571428571425,4.428571428571427,0.5,2.571428571428573,-2.1428571428571423,5.800000000000001,-1.3,-0.20000000000000284
2026-01-10,Elon,Campbell,1,1,9.592279411764707,-0.6569852941176464,5.742647058823529,-2.757352941176471,0.23161764705882426,-0.03676470588235148,1.0,-2.1,-0.7999999999999972
2026-01-24,Elon,College of Charleston,-1,-10,10.88000000000001,4.509999999999991,3.6499999999999986,-0.40000000000000036,2.3500000000000014,-3.5,-2.4,-1.3,-0.20000000000000284
2026-02-07,Elon,Drexel,1,-5,13.162500000000009,9.629166666666663,3.5,-1.0416666666666679,1.041666666666666,-0.16666666666666785,-4.6000000000000005,0.2999999999999998,3.700000000000003
2025-11-23,Evansville,Akron,0,-38,-15.626666666666651,4.579999999999998,-9.5,1.9666666666666668,-2.5,-5.733333333333331,-9.6,-0.7,-3.4000000000000057
2025-11-24,Evansville,College of Charleston,0,-19,-2.0714285714285694,-0.6999999999999886,0.7142857142857153,3.571428571428571,-1.2857142857142847,-4.0,-2.4000000000000004,1.1,-1.6000000000000085
2025-12-03,Evansville,Ball State,1,12,4.5249999999999915,3.3375000000000057,-1.625,0.5,0.75,-0.125,-5.6,4.2,1.5999999999999943
2025-12-16,Evansville,Belmont,1,-5,-18.354545454545473,10.845454545454544,-4.18181818181818,-0.8181818181818183,-0.2727272727272734,-6.0,-24.8,-1.4,-2.799999999999997
2025-12-21,Evansville,Drake,1,-1,-17.17500000000001,4.266666666666666,-1.4166666666666679,3.5,0.5,-4.25,-15.8,-0.5,-0.5
2025-12-29,Evansville,Bradley,-1,-8,-9.869230769230768,7.8538461538461775,-1.6153846153846168,2.1538461538461533,0.384615384615385,-1.1538461538461569,-19.6,-1.2,-1.7999999999999972
2026-01-13,Evansville,Bradley,1,-4,-13.805555555555557,4.161111111111126,-3.1111111111111107,3.777777777777777,-1.3888888888888893,-0.6666666666666679,-13.2,-1.2,-1.7999999999999972
2026-01-28,Evansville,Drake,-1,-4,-14.32119047619048,2.7633333333333354,-3.3785714285714263,3.7809523809523817,-0.0690476190476188,-2.1714285714285744,-14.2,-0.5,-0.5
2026-02-25,Evansville,Belmont,-1,-34,-20.068103448275863,9.119581280788182,-2.4519704433497544,0.08866995073891637,-1.1083743842364537,-3.8534482758620676,-22.0,-1.4,-2.799999999999997
2025-11-24,FDU,East Texas A&M,1,-5,-7.719999999999999,22.680000000000007,3.0,0.3999999999999986,2.200000000000001,-1.8000000000000007,-25.6,-4.700000000000001,-3.700000000000003
2025-11-26,FDU,Army,1,-8,6.98571428571428,-0.41904761904761756,-3.4523809523809526,2.333333333333334,1.9285714285714288,2.666666666666668,19.8,-1.0000000000000009,-4.0
2025-12-22,FDU,Boston College,-1,-11,2.009090909090901,10.481818181818184,3.5454545454545467,2.454545454545455,0.7272727272727266,-2.09090909090909,3.9999999999999996,-12.8,-2.9000000000000057
2026-01-08,FDU,Chicago State,1,7,8.713333333333338,-9.853333333333339,11.933333333333334,1.0,1.8666666666666671,3.9333333333333336,13.6,-2.500000000000001,-1.9000000000000057
2026-01-23,FDU,Central Connecticut State,-1,10,-11.652631578947378,-0.040557275541814874,7.433436532507738,2.5170278637770895,2.0804953560371526,-1.7337461300309585,-4.8,-0.5,-0.6000000000000085
2026-02-14,FDU,Central Connecticut State,1,-6,-8.584294871794867,-1.0153846153846189,6.6185897435897445,0.7948717948717956,2.0673076923076916,-1.5544871794871788,0.6000000000000005,-0.5,-0.6000000000000085
2026-02-19,FDU,Chicago State,-1,1,5.6000000000000085,-8.222222222222214,8.444444444444443,0.9629629629629637,1.851851851851853,3.4074074074074083,4.4,-2.500000000000001,-1.9000000000000057
2025-11-26,Fairfield,Columbia,1,-29,-4.933333333333337,5.433333333333337,2.0,-3.166666666666666,0.3333333333333339,0.0,-3.0000000000000004,-3.5,-0.7999999999999972
2025-12-18,Fairfield,Central Connecticut State,-1,14,-7.344545454545454,8.384545454545446,2.281818181818185,0.6363636363636367,3.663636363636364,-3.672727272727272,-16.6,2.1000000000000005,2.0999999999999943
2026-01-02,Fairfield,Canisius,-1,-4,14.750549450549443,-4.389010989010984,5.642857142857142,-3.3186813186813193,3.8296703296703285,2.967032967032967,27.6,0.8999999999999995,2.700000000000003
2026-01-24,Fairfield,Canisius,1,6,14.016190476190474,-2.404047619047617,3.0,-2.0809523809523807,3.3119047619047635,1.3857142857142861,11.6,0.8999999999999995,2.700000000000003
2025-12-02,Florida,Duke,-1,-1,-16.237499999999997,11.482142857142847,0.48214285714285765,3.8928571428571423,5.107142857142858,0.5,-19.0,0.20000000000000107,5.3999999999999915
2025-12-09,Florida,Connecticut,0,-4,-7.445833333333326,5.075000000000003,5.75,4.986111111111111,6.083333333333334,4.569444444444443,-1.0,1.0999999999999996,5.8999999999999915
2025-12-21,Florida,Colgate,1,30,1.5545454545454618,-7.74545454545455,6.454545454545457,3.545454545454545,7.636363636363636,4.363636363636363,-5.000000000000002,20.6,3.700000000000003
2025-12-29,Florida,Dartmouth,1,22,7.558333333333323,-9.525757575757567,-2.2651515151515156,-1.1818181818181817,5.75,3.1439393939393945,18.8,18.6,2.700000000000003
2026-01-24,Florida,Auburn,1,-9,-0.08947368421054591,-9.305263157894728,2.2105263157894726,0.9473684210526319,3.2105263157894743,5.210526315789476,10.399999999999999,2.5999999999999996,2.0999999999999943
2026-02-01,Florida,Alabama,1,23,-1.8695238095238125,-8.373333333333335,-9.745238095238093,2.269047619047619,4.157142857142858,0.3500000000000014,8.8,0.20000000000000107,-3.1000000000000085
2026-02-28,Florida,Arkansas,1,34,-4.30714285714285,-9.253571428571433,2.75,2.6428571428571423,4.678571428571427,5.285714285714285,2.4000000000000004,1.4000000000000004,-1.6000000000000085
2026-01-03,Florida A&M,Bethune-Cookman,-1,-4,-7.354545454545473,-6.799999999999983,2.09090909090909,2.664335664335665,-1.3426573426573425,-0.8461538461538467,14.599999999999998,-2.8,-1.2999999999999972
2026-01-17,Florida A&M,Arkansas–Pine Bluff,-1,4,-7.198739495798321,-3.940336134453787,-2.1302521008403374,0.5252100840336134,-1.76890756302521,-2.693277310924369,-24.200000000000003,-0.40000000000000036,-0.7000000000000028
2026-01-24,Florida A&M,Alcorn State,1,8,3.6555147058823536,-12.960294117647067,1.110294117647058,0.16911764705882426,-1.007352941176471,2.220588235294116,9.0,-1.0999999999999996,1.0999999999999943
2026-01-31,Florida A&M,Alabama A&M,-1,-7,-5.747222222222206,2.036666666666676,2.605555555555558,3.1722222222222207,-0.2055555555555557,-3.894444444444442,3.2,1.3000000000000007,3.200000000000003
2026-02-02,Florida A&M,Alabama State,-1,-13,-3.6583959899749345,-5.007769423558912,-1.1203007518797001,1.4837092731829582,-2.704260651629074,-0.526315789473685,7.800000000000001,-1.2000000000000002,-0.6000000000000085
2026-02-16,Florida A&M,Alcorn State,-1,8,0.8302536231884119,-10.964311594202897,1.5181159420289845,1.6231884057971016,0.47101449275362395,2.867753623188406,-4.999999999999999,-1.0999999999999996,1.0999999999999943
2026-02-19,Florida A&M,Alabama A&M,1,-2,-5.873076923076923,2.2846153846153783,2.4935897435897445,3.522435897435896,0.49679487179487225,-3.1282051282051277,-4.4,1.3000000000000007,3.200000000000003
2026-02-21,Florida A&M,Alabama State,1,13,-3.2577777777777612,-0.6081481481481461,-1.4251851851851853,1.6429629629629634,-2.554074074074075,-1.348148148148148,-9.6,-1.2000000000000002,-0.6000000000000085
2026-03-05,Florida A&M,Bethune-Cookman,1,4,-5.045952380952372,-0.6330952380952368,3.7190476190476183,1.6357142857142861,-0.3119047619047617,-2.192857142857143,2.8000000000000007,-2.8,-1.2999999999999972
2025-12-13,Florida Atlantic,Albany (NY),1,26,11.689090909090908,-4.449090909090913,1.9818181818181841,-1.381818181818181,2.7181818181818187,1.9909090909090885,18.4,8.2,5.200000000000003
2026-02-01,Florida Atlantic,East Carolina,1,-1,15.26341991341991,-5.32445887445887,7.257575757575758,0.3658008658008658,1.3766233766233782,2.963203463203463,4.199999999999999,2.9,0.7000000000000028
2026-03-01,Florida Atlantic,Charlotte,1,1,-1.4891625615763644,-9.040886699507396,0.6231527093596085,0.862068965517242,1.4408866995073897,3.5,5.0,1.2,5.599999999999994
2025-11-15,Florida Gulf Coast,Chattanooga,1,18,6.733333333333334,8.5,0.6666666666666714,-3.333333333333333,12.0,0.6666666666666679,-2.6666666666666665,0.7999999999999998,3.0999999999999943
2025-12-07,Florida Gulf Coast,Florida Atlantic,1,-5,0.2958333333333343,3.3444444444444485,0.04166666666666785,-0.5555555555555554,0.8888888888888893,-0.16666666666666785,-4.4,-6.1000000000000005,-0.7999999999999972
2026-01-01,Florida Gulf Coast,Central Arkansas,-1,-2,9.230769230769226,7.853846153846149,-5.76923076923077,-1.3846153846153832,3.0769230769230766,-2.76923076923077,-13.2,-1.0000000000000004,0.09999999999999432
2026-01-08,Florida Gulf Coast,Austin Peay,1,-11,4.654358974358971,13.074358974358972,0.04615384615384599,0.3333333333333339,1.661538461538461,-0.5948717948717928,-8.6,-0.5,0.5
2026-01-22,Florida Gulf Coast,Austin Peay,-1,-21,2.372755417956654,11.358204334365325,-0.7554179566563448,0.5572755417956667,0.7213622291021675,0.10526315789473628,-3.5999999999999996,-0.5,0.5
2026-02-05,Florida Gulf Coast,Eastern Kentucky,-1,-2,-1.5478260869565332,-4.886956521739137,-7.260869565217387,-0.13043478260869534,-1.5217391304347814,1.391304347826086,2.6,-0.3000000000000007,0.5999999999999943
2026-02-07,Florida Gulf Coast,Bellarmine,-1,-16,-9.09130434782611,-12.328985507246372,3.295289855072461,1.8931159420289863,4.4728260869565215,2.9637681159420275,-8.4,0.39999999999999947,4.200000000000003
2026-02-21,Florida Gulf Coast,Central Arkansas,1,4,-1.9285714285714306,6.049999999999983,-6.535714285714285,0.5714285714285712,0.8214285714285712,-1.0357142857142847,-11.4,-1.0000000000000004,0.09999999999999432
2026-03-07,Florida Gulf Coast,Central Arkansas,0,-10,-3.86770833333334,3.1527462121212153,-6.321022727272727,0.13731060606060552,1.1571969696969688,-0.5520833333333321,-2.6,-1.0000000000000004,0.09999999999999432
2025-12-03,Florida International,Florida Gulf Coast,1,6,-8.225000000000009,-7.537499999999994,1.6666666666666679,1.833333333333334,1.25,1.1666666666666679,-13.799999999999999,2.9000000000000004,2.5999999999999943
2026-02-12,Florida International,Delaware,1,-2,5.991304347826073,-7.065217391304358,-2.2608695652173907,1.3478260869565215,5.521739130434783,1.0434782608695627,2.8000000000000003,1.0,8.099999999999994
2025-11-25,Florida State,Cal State Bakersfield,1,30,18.90666666666668,-10.716666666666669,22.166666666666668,-3.033333333333333,0.13333333333333464,2.366666666666667,17.599999999999998,14.0,-1.5
2025-12-16,Florida State,Dayton,-1,-28,-2.9981818181818056,4.709090909090904,12.554545454545455,0.8454545454545457,3.8272727272727263,-0.35454545454545183,-18.2,3.7,3.5999999999999943
2026-01-03,Florida State,Duke,1,-4,-12.56923076923077,12.097252747252739,8.346153846153847,0.8406593406593412,1.1263736263736277,-5.719780219780219,-2.8,-6.299999999999999,4.8999999999999915
2026-01-28,Florida State,California,1,2,-3.5149999999999864,7.105000000000004,9.049999999999997,2.75,4.199999999999999,-1.6999999999999993,-6.000000000000001,3.2,1.2999999999999972
2026-02-17,Florida State,Boston College,1,8,9.99199999999999,4.3160000000000025,8.200000000000003,0.8399999999999999,1.8399999999999999,-2.3200000000000003,16.2,4.9,4.099999999999994
2026-02-21,Florida State,Clemson,-1,5,-3.806125356125335,7.237037037037055,8.569800569800574,1.8475783475783487,2.6566951566951555,-1.5,9.2,-1.5999999999999996,6.3999999999999915
2026-03-11,Florida State,California,0,6,1.3161290322580612,4.41612903225807,6.838709677419356,1.129032258064516,3.258064516129033,-1.5806451612903203,4.0,3.2,1.2999999999999972
2026-03-12,Florida State,Duke,0,-1,-10.864818548387092,15.078125,5.789314516129032,0.5927419354838701,-0.45463709677419395,-4.42842741935484,-20.0,-6.299999999999999,4.8999999999999915
2025-11-29,Fordham,Albany (NY),0,20,2.9857142857142804,-12.02857142857141,1.5714285714285694,-3.7142857142857135,3.142857142857144,5.714285714285715,-6.399999999999999,5.1,-1.3999999999999915
2025-11-30,Fordham,Colgate,0,-10,1.5124999999999886,-16.787499999999994,4.875,0.625,6.75,3.5,9.4,3.3000000000000003,-3.8999999999999915
2025-12-10,Fordham,FDU,1,21,5.271111111111097,-16.72555555555556,-6.31111111111111,-2.522222222222222,0.2666666666666657,2.4333333333333336,-4.0,6.9,-0.09999999999999432
2025-12-31,Fordham,Dayton,-1,-7,-0.41538461538462457,-6.876923076923077,-1.4615384615384635,-0.23076923076923173,3.3076923076923084,3.6153846153846168,1.0,-7.1,-3.5
2026-01-17,Fordham,Duquesne,1,-11,-4.868627450980384,-7.009150326797382,-3.209150326797385,-2.931372549019608,3.401960784313724,1.0947712418300668,-14.4,-3.5,-5.700000000000003
2026-01-21,Fordham,Davidson,-1,-5,-2.3374613003095845,-6.178328173374609,-0.44582043343653055,0.6532507739938076,4.126934984520123,3.439628482972136,-8.2,-3.5999999999999996,-0.09999999999999432
2026-02-21,Fordham,Davidson,1,4,-5.690028490028482,-5.500284900284896,-1.6168091168091152,0.9658119658119659,2.8262108262108274,3.6994301994301964,-11.799999999999999,-3.5999999999999996,-0.09999999999999432
2025-11-30,Fresno State,Cal State Bakersfield,1,-5,13.49642857142858,-9.119642857142864,6.642857142857142,-2.25,-3.9821428571428577,0.875,12.6,7.0,-4.0
2025-12-06,Fresno State,Arkansas,-1,-24,-9.654166666666669,-2.509722222222223,-0.08333333333333215,3.625,-1.1944444444444446,-1.9444444444444429,-5.800000000000001,-12.1,-4.6000000000000085
2025-12-10,Fresno State,Cal State Northridge,-1,-2,4.154444444444451,-8.468888888888898,1.0111111111111093,-0.9333333333333336,-3.522222222222222,-0.4555555555555557,7.0,4.1,-7.1000000000000085
2026-01-13,Fresno State,Colorado State,1,10,-19.325000000000003,-10.537499999999994,-1.8125,2.6875,0.1875,1.375,4.2,-1.8000000000000003,5.200000000000003
2026-01-31,Fresno State,Air Force,-1,17,10.724999999999994,-15.530000000000001,2.5,-0.1999999999999993,1.8999999999999995,3.200000000000003,22.0,2.5999999999999996,2.0999999999999943
2026-02-14,Fresno State,Air Force,1,30,11.858333333333334,-15.291666666666671,2.583333333333332,-1.041666666666666,1.75,2.833333333333332,23.8,2.5999999999999996,2.0999999999999943
2026-02-24,Fresno State,Colorado State,-1,-4,-13.196296296296296,-7.085185185185196,-1.6666666666666679,1.481481481481481,0.37037037037037024,1.037037037037038,-11.0,-1.8000000000000003,5.200000000000003
2026-02-28,Fresno State,Boise State,1,-16,-7.439285714285717,-2.8714285714285666,-0.6428571428571423,1.5,-0.8928571428571432,-0.5357142857142847,-0.6000000000000001,-4.0,1.2999999999999972
2026-03-11,Fresno State,Colorado State,0,-4,-13.767741935483869,-6.3741935483870975,-1.612903225806452,1.0322580645161281,0.7741935483870979,1.3870967741935516,-11.0,-1.8000000000000003,5.200000000000003
2025-12-03,Furman,Elon,-1,9,-13.319642857142853,-6.210714285714289,-0.4107142857142847,2.053571428571429,-1.625,0.9821428571428577,3.8,-0.20000000000000018,-2.0
2025-12-21,Furman,Charleston Southern,1,8,1.620512820512829,2.553846153846166,-7.955128205128208,-0.10256410256410398,0.14743589743589602,-4.698717948717949,-5.6,2.0,-8.599999999999994
2026-01-07,Furman,Chattanooga,-1,11,0.7133333333333383,-3.3599999999999994,-2.666666666666668,2.7333333333333343,2.866666666666667,2.133333333333333,19.4,2.5,-0.20000000000000284
2026-02-01,Furman,Chattanooga,1,5,3.2954545454545467,-5.13181818181819,-1.6818181818181799,2.59090909090909,3.590909090909091,1.6818181818181834,9.4,2.5,-0.20000000000000284
2026-02-04,Furman,East Tennessee State,-1,-4,-2.4304347826086854,2.4304347826086996,6.173913043478262,2.1739130434782616,1.4347826086956523,2.4782608695652186,-3.1999999999999993,0.6999999999999997,0.29999999999999716
2026-02-18,Furman,East Tennessee State,1,-9,-2.7629629629629733,2.333333333333343,6.481481481481481,2.185185185185185,0.9629629629629637,2.555555555555557,-5.2,0.6999999999999997,0.29999999999999716
2026-03-09,Furman,East Tennessee State,0,15,-2.5636363636363626,1.8606060606060737,5.363636363636367,1.7272727272727266,0.8484848484848477,2.787878787878789,2.0000000000000004,0.6999999999999997,0.29999999999999716
2026-03-20,Furman,Connecticut,0,-11,-2.6205882352941074,6.861764705882351,3.5,1.0294117647058822,-0.5882352941176467,2.0,1.7999999999999998,-17.5,0.7999999999999972
2025-11-15,Gardner-Webb,Elon,-1,-11,-34.33333333333336,21.299999999999983,-13.333333333333332,5.000000000000001,-9.333333333333334,-3.3333333333333357,-39.666666666666664,-4.5,1.5
2025-11-18,Gardner-Webb,DePaul,-1,-31,-6.250000000000014,30.450000000000003,-0.75,-1.25,-3.75,-4.75,-27.5,-14.1,2.799999999999997
2025-12-31,Gardner-Webb,Charleston Southern,1,-10,-14.74666666666667,20.826666666666668,-14.73333333333333,1.0666666666666664,-3.0666666666666655,-8.133333333333333,-27.8,-2.3,-5.099999999999994
2026-02-17,Gardner-Webb,Charleston Southern,-1,-9,-12.05925925925925,18.337037037037035,-11.777777777777779,-0.11111111111111072,-3.2592592592592595,-7.074074074074073,-11.000000000000002,-2.3,-5.099999999999994
2025-11-25,George Mason,Florida Atlantic,0,9,0.20000000000001705,-13.149999999999991,-6.166666666666664,1.666666666666666,-2.666666666666666,0.33333333333333215,6.399999999999999,0.10000000000000009,-6.5
2025-12-02,George Mason,Cornell,1,18,-0.6517857142857082,-11.012500000000003,-17.42857142857143,-3.053571428571429,0.19642857142857117,-2.4107142857142847,-3.8000000000000007,2.0,-7.299999999999997
2026-01-07,George Mason,Fordham,-1,9,6.2933333333333366,3.579999999999984,-5.533333333333335,-1.333333333333334,-3.5999999999999996,-1.7333333333333307,-2.8,3.2,0.09999999999999432
2026-01-28,George Mason,Davidson,1,8,6.474473684210523,-3.908684210526303,-6.352631578947371,-0.3578947368421037,-0.36842105263157876,3.1473684210526294,5.0,-0.3999999999999999,0.0
2026-02-04,George Mason,Duquesne,1,-6,2.7272727272727195,-3.554545454545476,-8.90909090909091,-3.0454545454545467,-0.8181818181818183,-0.5,-2.0,-0.30000000000000004,-5.6000000000000085
2026-02-18,George Mason,Dayton,1,-15,4.32892307692309,0.6809230769230794,-4.243076923076924,-1.1415384615384614,0.27076923076923,1.258461538461539,4.800000000000001,-3.9000000000000004,-3.4000000000000057
2025-12-02,George Washington,Army,-1,14,24.55833333333335,-11.454166666666666,-9.208333333333336,1.3472222222222214,0.40277777777777857,3.305555555555557,19.2,11.1,1.2000000000000028
2025-12-10,George Washington,Delaware,1,-12,23.122500000000016,-8.219999999999999,0.3500000000000014,-0.025000000000000355,3.5250000000000004,2.5749999999999993,11.0,6.3,5.0
2025-12-13,George Washington,Florida,0,-10,9.921212121212122,5.14747474747476,-1.8585858585858581,-0.787878787878789,-5.080808080808081,-3.6262626262626263,-2.1999999999999993,-12.100000000000001,-2.299999999999997
2026-01-06,George Washington,Dayton,-1,-7,9.986666666666665,1.9866666666666504,2.333333333333332,1.8000000000000007,2.333333333333334,2.5333333333333314,2.799999999999999,-1.9000000000000004,1.7999999999999972
2026-01-14,George Washington,Davidson,1,-5,11.09595588235294,-3.775735294117652,2.8713235294117645,2.2757352941176467,2.4669117647058822,3.7941176470588225,32.0,1.5999999999999999,5.200000000000003
2026-01-19,George Washington,George Mason,-1,-5,2.9833333333333343,1.5944444444444343,9.833333333333332,2.3888888888888893,2.722222222222223,0.8333333333333321,4.000000000000001,1.9999999999999998,5.200000000000003
2026-01-31,George Washington,Fordham,1,-14,11.376190476190473,3.3142857142856883,4.333333333333336,1.0,-1.238095238095239,-0.1904761904761898,13.2,5.199999999999999,5.299999999999997
2026-02-07,George Washington,Duquesne,-1,-2,4.20869565217393,-1.4086956521739182,1.9565217391304373,-0.8695652173913047,2.0,0.0434782608695663,-6.0,1.6999999999999997,-0.4000000000000057
2026-02-13,George Washington,George Mason,1,19,3.4039999999999964,2.6759999999999877,10.799999999999997,1.8800000000000008,2.879999999999999,0.120000000000001,-3.8,1.9999999999999998,5.200000000000003
2026-02-27,George Washington,Dayton,1,-2,8.253571428571448,3.2892857142857252,6.178571428571431,0.8571428571428577,3.1071428571428577,1.25,1.5999999999999996,-1.9000000000000004,1.7999999999999972
2026-03-12,George Washington,Fordham,0,4,10.719354838709663,4.961290322580652,5.12903225806452,1.548387096774194,-0.032258064516128115,-1.225806451612904,3.4,5.199999999999999,5.299999999999997
2025-11-15,Georgetown,Clemson,1,5,-21.16666666666667,17.333333333333343,-6.666666666666664,2.0,-1.0,-4.666666666666664,-25.0,-2.0,2.3999999999999915
2025-11-27,Georgetown,Dayton,0,-5,3.5233333333333547,3.90333333333335,-2.0333333333333314,-3.7666666666666657,2.033333333333333,1.3666666666666671,6.800000000000001,3.3,-0.4000000000000057
2025-12-22,Georgetown,Coppin State,1,30,20.87166666666667,-15.483333333333334,1.2333333333333307,-6.6,1.5333333333333332,3.8000000000000007,34.4,18.4,-1.7000000000000028
2026-01-06,Georgetown,DePaul,-1,-6,6.706190476190471,7.032380952380947,-0.7142857142857153,-2.9714285714285715,1.7476190476190467,0.6333333333333329,11.2,1.9000000000000004,-0.10000000000000853
2026-01-13,Georgetown,Creighton,-1,-3,-2.3393382352941217,0.9220588235294116,-8.551470588235293,-1.2463235294117645,1.9117647058823533,-1.727941176470587,-2.4,-0.8000000000000007,-0.9000000000000057
2026-01-17,Georgetown,Connecticut,1,-2,-4.083333333333329,14.892483660130722,-1.5915032679738559,-1.8464052287581687,1.0751633986928102,-0.970588235294116,-12.2,-5.800000000000001,1.3999999999999915
2026-01-28,Georgetown,DePaul,1,9,4.424999999999997,7.324999999999989,-1.6000000000000014,-2.3499999999999996,1.8499999999999996,0.6000000000000014,-5.0,1.9000000000000004,-0.10000000000000853
2026-01-31,Georgetown,Butler,-1,13,-3.1857142857142833,1.8714285714285808,-2.095238095238095,-2.095238095238095,-0.5238095238095237,-0.47619047619047805,-0.20000000000000018,0.1999999999999993,-3.9000000000000057
2026-02-04,Georgetown,Creighton,1,8,-1.6136363636363598,-2.9363636363636374,-8.90909090909091,-0.7272727272727266,1.6818181818181817,-0.6818181818181834,12.0,-0.8000000000000007,-0.9000000000000057
2026-02-14,Georgetown,Connecticut,-1,-4,-6.798333333333332,11.024166666666659,-2.666666666666668,-0.8650000000000002,0.4900000000000002,0.021666666666668277,-7.999999999999999,-5.800000000000001,1.3999999999999915
2026-02-18,Georgetown,Butler,1,-4,-0.15753846153846496,0.13215384615385517,-1.3215384615384593,-1.3676923076923089,-0.5307692307692307,0.09076923076922938,14.8,0.1999999999999993,-3.9000000000000057
2026-03-11,Georgetown,DePaul,0,7,5.038709677419348,5.329032258064515,-1.35483870967742,-1.32258064516129,0.7741935483870979,1.387096774193548,-1.7999999999999998,1.9000000000000004,-0.10000000000000853
2026-03-13,Georgetown,Connecticut,0,-16,-7.792140151515156,10.110984848484861,-3.2045454545454533,-0.1875,0.12784090909090828,-0.41098484848484773,-10.6,-5.800000000000001,1.3999999999999915
2025-11-17,Georgia,Florida A&M,1,30,46.85000000000001,-41.391666666666666,12.75,-7.083333333333332,6.416666666666666,11.166666666666668,69.16666666666667,19.8,4.400000000000006
2025-11-23,Georgia,Clemson,0,-3,-1.3666666666666742,-7.883333333333326,3.0,2.499999999999999,2.333333333333334,2.0,11.399999999999999,0.8000000000000007,9.799999999999997
2025-12-02,Georgia,Florida State,-1,34,12.837499999999991,-4.814285714285717,-5.535714285714285,-0.9464285714285712,0.4285714285714288,4.892857142857142,8.6,2.4000000000000004,3.4000000000000057
2025-12-13,Georgia,Cincinnati,0,19,24.066666666666663,0.8888888888888857,2.8888888888888857,-2.8888888888888893,3.1111111111111107,1.4444444444444429,16.4,0.9000000000000004,5.700000000000003
2026-01-03,Georgia,Auburn,1,4,6.015384615384619,-15.769230769230774,5.5384615384615365,0.38461538461538325,1.6153846153846168,6.076923076923077,23.799999999999997,-1.5,5.0
2026-01-06,Georgia,Florida,-1,-15,9.285714285714278,-4.057142857142864,3.7142857142857153,-1.4285714285714288,-2.571428571428571,-0.2857142857142847,-0.8000000000000007,-4.1,2.9000000000000057
2026-01-17,Georgia,Arkansas,1,14,-0.6529411764706055,-8.17647058823529,5.705882352941174,1.235294117647058,2.4705882352941178,3.9411764705882355,-10.4,-2.6999999999999993,1.2999999999999972
2026-02-11,Georgia,Florida,1,-20,0.9217391304347728,3.295652173913055,3.608695652173914,-0.43478260869565233,-2.6521739130434767,-2.9565217391304337,-24.0,-4.1,2.9000000000000057
2026-03-03,Georgia,Alabama,1,10,-0.6586206896551658,-3.275862068965509,-7.172413793103448,0.3793103448275854,1.068965517241379,-3.1724137931034484,-7.2,-3.8999999999999986,-0.20000000000000284
2025-11-21,Georgia Southern,Florida State,-1,-26,-9.094999999999999,12.590000000000018,-7.899999999999999,2.0500000000000007,-2.5500000000000007,-2.0500000000000007,-16.65,-13.2,0.7000000000000028
2025-12-06,Georgia Southern,Gardner-Webb,-1,4,13.419999999999987,-21.27000000000001,4.599999999999998,-2.1999999999999993,1.1000000000000014,2.0,23.2,3.2,1.7999999999999972
2026-01-01,Georgia Southern,Coastal Carolina,-1,1,12.120952380952374,6.047619047619037,3.666666666666668,1.0476190476190474,0.7333333333333325,-7.4523809523809526,21.200000000000003,-0.5999999999999996,2.799999999999997
2026-01-17,Georgia Southern,Coastal Carolina,1,-4,9.015789473684208,3.336842105263159,4.0,1.0,0.9473684210526319,-5.368421052631579,3.0,-0.5999999999999996,2.799999999999997
2026-01-22,Georgia Southern,Arkansas State,1,-17,-1.620526315789462,-1.9471052631578942,1.8684210526315788,-3.792105263157895,-2.102631578947369,-1.6342105263157904,2.2,-1.7999999999999998,-0.9000000000000057
2026-02-11,Georgia Southern,Appalachian State,1,-16,0.3767692307692414,8.208307692307699,2.610769230769229,1.6276923076923087,-0.6769230769230763,-3.4246153846153824,-18.4,-0.5999999999999996,7.599999999999994
2026-02-21,Georgia Southern,Appalachian State,-1,-15,-0.7924876847290676,6.663793103448285,3.045566502463057,1.6650246305418719,-0.9963054187192117,-3.0357142857142847,-7.199999999999999,-0.5999999999999996,7.599999999999994
2026-03-05,Georgia Southern,Arkansas State,0,3,-3.259274193548393,4.057862903225811,1.4425403225806441,-3.808467741935484,-3.513104838709678,-4.661290322580644,-12.200000000000001,-1.7999999999999998,-0.9000000000000057
2026-03-07,Georgia Southern,Coastal Carolina,0,24,7.0526565464895725,7.107495256166999,3.688804554079695,0.21726755218216276,-0.4876660341555983,-6.693548387096776,1.0,-0.5999999999999996,2.799999999999997
2025-11-17,Georgia State,Arizona State,-1,-13,-13.166666666666671,-3.0333333333333314,-0.16666666666666785,4.166666666666666,2.583333333333333,-0.75,-6.666666666666667,-14.5,-1.6999999999999886
2025-12-18,Georgia State,Georgia Southern,-1,-23,-18.850349650349656,2.1867132867132852,-1.9020979020979034,0.8181818181818183,-0.35664335664335667,0.3286713286713301,-28.4,0.0,-3.0999999999999943
2025-12-20,Georgia State,Appalachian State,-1,7,-18.544871794871796,8.501282051282047,2.1410256410256387,2.532051282051281,-1.7756410256410255,-2.2564102564102555,-37.4,-0.5999999999999996,4.5
2026-01-03,Georgia State,Coastal Carolina,-1,18,-3.046666666666667,7.860000000000014,1.9333333333333336,2.2666666666666657,-0.3333333333333339,-6.800000000000001,10.8,-0.5999999999999996,-0.29999999999999716
2026-01-08,Georgia State,Appalachian State,1,-2,-10.325000000000003,4.912499999999994,3.125,1.9375,-1.1875,-1.875,3.2,-0.5999999999999996,4.5
2026-01-24,Georgia State,Arkansas State,1,1,-12.920000000000002,-3.815000000000012,0.0,-2.8000000000000007,-2.9499999999999993,-1.5,10.0,-1.7999999999999998,-4.0
2026-02-19,Georgia State,Georgia Southern,1,2,-8.344444444444434,-1.2925925925925839,-2.1851851851851833,-0.2592592592592595,-0.29629629629629584,0.5925925925925917,-5.0,0.0,-3.0999999999999943
2026-02-24,Georgia State,Coastal Carolina,1,-5,-2.6275862068965665,4.231034482758616,0.1724137931034484,0.0,-0.06896551724138078,-6.172413793103448,-8.8,-0.5999999999999996,-0.29999999999999716
2025-11-14,Georgia Tech,Georgia,-1,-5,-46.5,-1.0999999999999943,-14.000000000000004,6.333333333333334,-7.666666666666667,1.3333333333333321,-35.33333333333333,-7.500000000000001,-2.799999999999997
2025-11-18,Georgia Tech,Georgia Southern,1,2,-22.625,-29.52499999999999,-5.0,3.0,0.25,6.0,4.5,8.1,-0.09999999999999432
2025-11-28,Georgia Tech,DePaul,0,-14,-14.5,-11.466666666666669,-3.666666666666668,3.0,-0.33333333333333215,5.166666666666668,1.5999999999999996,-2.8,4.5
2025-11-29,Georgia Tech,Drake,0,-10,-13.899999999999991,-4.54285714285713,-7.142857142857146,5.428571428571429,1.2857142857142865,1.0,-14.599999999999998,3.9,4.1000000000000085
2025-12-28,Georgia Tech,Florida A&M,1,24,12.498333333333349,-12.83499999999998,-0.25,-3.1999999999999993,2.75,5.966666666666669,7.6,12.3,1.6000000000000085
2025-12-31,Georgia Tech,Duke,-1,-6,-16.98653846153846,8.320512820512832,-8.756410256410255,1.448717948717949,-1.2115384615384617,-1.5128205128205146,2.000000000000001,-11.399999999999999,5.5
2026-01-03,Georgia Tech,Boston College,1,12,2.7423076923076906,1.7510989010988993,-7.692307692307693,2.7032967032967044,-1.2417582417582427,0.9340659340659343,8.6,-0.20000000000000018,4.700000000000003
2026-01-24,Georgia Tech,Clemson,1,-14,-11.406842105263166,3.0739473684210736,-5.671052631578949,3.897368421052631,-0.00263157894736743,2.19736842105263,-15.200000000000001,-6.7,7.0
2026-02-04,Georgia Tech,California,-1,-5,-9.0,1.0636363636363626,-6.227272727272727,3.3181818181818183,1.6363636363636358,2.8636363636363633,-11.4,-1.9000000000000004,1.9000000000000057
2026-02-28,Georgia Tech,Florida State,1,-9,-7.724999999999994,-0.40714285714284415,-12.82142857142857,1.8214285714285712,-1.6071428571428577,2.8928571428571423,-24.0,-5.1000000000000005,0.6000000000000085
2026-03-04,Georgia Tech,California,1,-11,-7.765517241379314,4.062068965517241,-4.931034482758623,2.7586206896551726,1.7241379310344822,1.0689655172413808,-16.200000000000003,-1.9000000000000004,1.9000000000000057
2026-03-07,Georgia Tech,Clemson,-1,-3,-11.08999999999999,6.666666666666657,-4.066666666666666,3.666666666666666,0.6999999999999993,1.06666666666667,-10.6,-6.7,7.0
2025-11-24,Gonzaga,Alabama,0,10,7.459999999999994,-28.835000000000008,-14.05,0.3000000000000007,3.4499999999999993,3.8000000000000007,27.950000000000003,-5.5,-4.900000000000006
2025-12-17,Gonzaga,Campbell,1,28,14.097272727272738,-15.97454545454545,-0.9363636363636374,-3.509090909090908,-1.1727272727272737,1.9545454545454533,11.6,10.6,0.5
2025-11-21,Grambling State,California Baptist,-1,-13,-7.460000000000008,11.050000000000011,-2.8999999999999986,6.449999999999999,-8.05,-6.399999999999999,-12.85,-7.3999999999999995,0.9000000000000057
2026-01-10,Grambling State,Bethune-Cookman,-1,-9,3.530000000000001,-15.043809523809529,0.34285714285714164,2.352380952380953,0.10952380952380913,-0.6619047619047613,35.0,-2.3999999999999995,-2.6999999999999886
2026-01-12,Grambling State,Florida A&M,-1,-7,8.890865384615395,-7.7009615384615415,-2.0576923076923066,-0.2884615384615383,0.8990384615384617,0.17788461538461675,17.2,0.40000000000000036,-1.3999999999999915
2026-02-02,Grambling State,Alcorn State,-1,24,7.326842105263154,-15.498947368421057,-0.9210526315789487,-0.03684210526315823,0.1263157894736846,1.931578947368422,-0.3999999999999999,-0.6999999999999993,-0.29999999999999716
2026-02-04,Grambling State,Arkansas–Pine Bluff,1,-3,-0.8400000000000034,-10.50333333333333,-3.2476190476190467,0.242857142857142,-0.257142857142858,-1.0500000000000007,1.0,0.0,-2.0999999999999943
2026-02-07,Grambling State,Alabama State,1,10,1.2248917748917592,-8.48419913419913,-2.906926406926406,0.7727272727272734,-1.8722943722943715,-0.18181818181818343,4.3999999999999995,-0.7999999999999998,-2.0
2026-02-09,Grambling State,Alabama A&M,1,-8,-0.7316205533596616,-4.400197628458486,1.4150197628458514,2.5612648221343868,0.5059288537549413,-2.4980237154150196,7.0,1.700000000000001,1.8000000000000114
2026-02-26,Grambling State,Bethune-Cookman,1,-5,-2.660846560846565,-5.165211640211638,2.5132275132275126,1.5410052910052912,-0.48148148148148096,-2.0462962962962976,-6.3999999999999995,-2.3999999999999995,-2.6999999999999886
2026-02-28,Grambling State,Florida A&M,1,-7,1.9009259259259181,-4.8921957671957585,-0.9828042328042343,-0.26719576719576743,0.01058201058200936,0.0886243386243386,-3.2,0.40000000000000036,-1.3999999999999915
2026-03-03,Grambling State,Alabama A&M,-1,-14,-4.296551724137927,-5.024137931034488,2.0,3.068965517241379,0.9655172413793096,-1.9655172413793096,-4.2,1.700000000000001,1.8000000000000114
2026-03-05,Grambling State,Alabama State,-1,2,-0.8533333333333388,-6.09666666666665,-2.400000000000002,1.2666666666666675,-1.8666666666666654,-0.5666666666666664,-5.199999999999999,-0.7999999999999998,-2.0
2025-12-13,Grand Canyon,Coastal Carolina,1,21,3.5933333333333337,2.2877777777777766,-6.777777777777779,2.355555555555556,1.7888888888888896,-7.399999999999999,11.4,8.4,-1.1000000000000085
2026-01-03,Grand Canyon,Colorado State,1,-10,-15.021794871794867,-12.86730769230769,-4.666666666666668,1.3910256410256423,3.846153846153846,1.9743589743589745,8.2,1.0,4.5
2026-01-07,Grand Canyon,Boise State,-1,17,0.013186813186806035,-1.093956043956041,-3.010989010989011,0.3516483516483522,1.489010989010989,-1.4120879120879124,3.2,-1.2000000000000002,0.5999999999999943
2026-01-24,Grand Canyon,Fresno State,-1,11,4.574269005847938,-1.0973684210526216,-1.190058479532162,-1.3187134502923978,2.0672514619883042,0.2690058479532169,4.6,2.8000000000000003,-0.7000000000000028
2026-01-30,Grand Canyon,Boise State,1,17,-5.568095238095253,-4.536428571428559,-1.3047619047619037,0.9952380952380953,1.2547619047619047,0.26666666666666927,-19.599999999999998,-1.2000000000000002,0.5999999999999943
2026-02-03,Grand Canyon,Air Force,1,24,16.004761904761907,-17.304761904761904,0.9523809523809526,-1.571428571428573,3.666666666666667,3.8571428571428577,28.799999999999997,5.4,1.3999999999999915
2026-03-03,Grand Canyon,Air Force,-1,26,15.982758620689651,-19.051724137931032,0.275862068965516,-1.8275862068965516,3.5862068965517233,3.8965517241379324,26.0,5.4,1.3999999999999915
2026-03-07,Grand Canyon,Fresno State,1,25,3.3300000000000125,-4.923333333333318,-1.1666666666666679,-0.20000000000000107,1.4666666666666668,1.3999999999999986,11.4,2.8000000000000003,-0.7000000000000028
2025-12-23,Green Bay,Campbell,-1,-23,2.066666666666677,3.2262820512820554,-0.0641025641025621,-4.256410256410257,-6.256410256410257,-1.5320512820512846,-0.40000000000000036,-2.1,-4.700000000000003
2026-01-15,Green Bay,Cleveland State,-1,15,2.4166666666666714,-3.577777777777783,-8.166666666666668,-3.333333333333334,-3.5555555555555554,1.6111111111111107,9.8,2.0,-6.400000000000006
2026-01-30,Green Bay,Cleveland State,1,-7,2.4404761904761756,-2.6435064935064787,-6.926406926406926,-3.179653679653679,-2.716450216450217,1.0346320346320361,5.8,2.0,-6.400000000000006
2026-02-07,Green Bay,Detroit Mercy,1,13,3.6578181818182003,4.817272727272737,0.3672727272727272,-1.7618181818181817,-5.549090909090908,-1.7672727272727258,-5.8,0.20000000000000018,-4.6000000000000085
2026-02-22,Green Bay,Detroit Mercy,-1,-4,4.431299734748023,3.6689655172413893,0.33421750663129757,-1.7639257294429704,-4.748010610079575,-2.0331564986737405,4.2,0.20000000000000018,-4.6000000000000085
2025-11-14,Hampton,Brown,-1,9,11.700000000000017,-11.5,1.3333333333333357,-0.3333333333333339,3.0,7.666666666666664,17.333333333333336,-0.10000000000000053,-0.8999999999999915
2025-11-18,Hampton,Boston College,-1,-11,5.655000000000001,11.659999999999997,-6.649999999999999,2.8499999999999996,0.0,-5.949999999999999,-2.8,-8.2,-0.29999999999999716
2025-12-19,Hampton,Grambling State,0,-9,7.123333333333335,-3.923333333333332,3.9833333333333307,-3.2333333333333343,3.216666666666666,3.166666666666668,17.4,3.8999999999999995,-2.0
2026-01-08,Hampton,Campbell,-1,-14,-6.243750000000006,-10.9375,-0.3125,-2.0625,-2.0,0.125,-0.2,-3.3000000000000003,-2.5999999999999943
2026-01-10,Hampton,College of Charleston,-1,-4,-4.471323529411762,-5.465808823529414,-2.7536764705882355,0.6654411764705888,0.5625,-2.992647058823529,-12.0,-2.5,-2.0
2026-01-29,Hampton,Drexel,-1,-7,0.3333333333333286,0.057142857142849834,-2.3333333333333357,-0.9047619047619051,-0.3333333333333339,-0.2380952380952408,-10.799999999999999,-0.9000000000000004,1.9000000000000057
2026-02-05,Hampton,Elon,1,8,-14.34782608695653,-8.717391304347828,-5.217391304347824,0.0,-1.1739130434782616,0.2608695652173907,-0.7999999999999998,-1.2000000000000002,-1.7999999999999972
2026-02-26,Hampton,College of Charleston,1,-14,-5.704679802955667,-0.8656403940886577,-0.887931034482758,-0.08251231527093594,1.067733990147783,-3.5197044334975374,-9.2,-2.5,-2.0
2025-11-15,Harvard,Army,-1,23,13.133333333333326,-13.766666666666666,-21.666666666666668,-0.33333333333333215,-5.333333333333334,5.666666666666664,20.333333333333332,6.1,-4.099999999999994
2025-11-22,Harvard,Boston University,0,-1,3.030000000000001,-16.689999999999984,-4.199999999999999,1.666666666666666,-2.1333333333333337,2.8000000000000007,8.4,4.2,-0.5
2025-11-26,Harvard,Boston College,-1,-13,10.728571428571428,7.057142857142878,-7.0,1.5714285714285712,-4.857142857142857,-4.857142857142858,0.19999999999999996,-5.7,-3.0
2025-11-29,Harvard,Bryant,1,3,20.691071428571433,0.0982142857142776,-7.607142857142858,-3.571428571428571,-1.4285714285714288,-0.9821428571428577,6.4,6.2,-1.0
2025-12-06,Harvard,Furman,-1,-10,-4.8500000000000085,-2.8066666666666578,-10.333333333333332,-1.1111111111111107,-4.222222222222221,-1.5222222222222221,-14.200000000000001,1.5000000000000002,-2.5
2025-12-28,Harvard,Colgate,-1,9,-3.262820512820525,-2.2846153846154067,-1.0320512820512846,0.7628205128205128,0.02564102564102555,-1.0769230769230766,-12.6,3.5,-3.8999999999999915
2026-01-05,Harvard,Dartmouth,1,-8,-2.735164835164852,0.5164835164835182,-9.285714285714285,-2.5989010989010985,-2.3406593406593412,-4.296703296703296,-12.799999999999999,1.5000000000000002,-4.8999999999999915
2026-01-10,Harvard,Columbia,-1,25,-8.799999999999997,7.393333333333345,-2.7333333333333343,-2.333333333333334,-3.9333333333333327,-6.466666666666669,-10.6,1.0000000000000002,-3.5999999999999943
2026-01-24,Harvard,Cornell,1,-7,-11.938562091503272,-10.72026143790849,-14.3921568627451,-2.068627450980392,-2.3627450980392153,-2.4411764705882355,-1.2000000000000002,-1.0,-7.3999999999999915
2026-01-30,Harvard,Brown,-1,10,6.333333333333343,7.694736842105257,-1.3362573099415194,-1.5029239766081872,-2.1754385964912286,-2.5204678362573105,13.799999999999999,2.3999999999999995,-3.5999999999999943
2026-02-07,Harvard,Dartmouth,-1,13,-0.32833333333333314,-1.1350000000000051,-7.683333333333334,-1.6571428571428584,-1.2880952380952388,-4.169047619047621,7.800000000000001,1.5000000000000002,-4.8999999999999915
2026-02-13,Harvard,Brown,1,3,7.323593073593074,4.570129870129861,-1.846320346320347,-1.2900432900432897,-2.792207792207792,-1.5606060606060588,16.0,2.3999999999999995,-3.5999999999999943
2026-02-21,Harvard,Cornell,-1,19,-12.787499999999994,-9.166485507246392,-11.951086956521742,-1.6576086956521738,-2.6394927536231885,-1.5072463768115938,-5.0,-1.0,-7.3999999999999915
2026-03-06,Harvard,Columbia,1,10,-2.974074074074082,-1.2037037037036953,-0.7777777777777786,-2.185185185185185,-3.2962962962962967,-2.962962962962962,1.6,1.0000000000000002,-3.5999999999999943
2025-11-21,Hawaii,Arizona State,1,-7,4.115000000000009,-9.820000000000007,-4.0,4.1,2.3499999999999996,1.6999999999999993,10.350000000000001,-12.6,2.0
2025-12-07,Hawaii,Cal State Fullerton,1,10,2.299999999999997,-19.799999999999997,-6.888888888888889,3.5555555555555554,0.11111111111111072,1.8888888888888893,11.4,-0.7,-2.700000000000003
2026-01-15,Hawaii,Cal Poly,-1,20,7.056666666666658,-20.674444444444447,-9.522222222222219,-2.3888888888888893,0.33333333333333215,1.2666666666666657,19.8,-0.3999999999999999,-3.700000000000003
2026-01-23,Hawaii,Cal State Bakersfield,1,27,10.174999999999983,-16.784705882352952,5.973529411764705,-0.4764705882352942,-0.9029411764705895,4.3088235294117645,13.8,2.6999999999999997,-0.20000000000000284
2026-01-25,Hawaii,Cal State Northridge,1,21,4.86055555555555,-14.141111111111101,0.3500000000000014,-0.31666666666666643,-1.0,0.35555555555555785,3.5999999999999996,-0.19999999999999973,-3.3000000000000114
2026-02-12,Hawaii,Cal State Bakersfield,-1,15,11.328545454545448,-17.352000000000018,6.614545454545453,-0.43454545454545546,-0.6945454545454552,4.870909090909091,28.2,2.6999999999999997,-0.20000000000000284
2026-02-14,Hawaii,Cal State Northridge,-1,-24,3.738086956521741,-11.84921739130435,0.8678260869565229,-0.11999999999999922,-0.8747826086956518,0.1652173913043491,2.0,-0.19999999999999973,-3.3000000000000114
2026-02-20,Hawaii,Cal Poly,1,-11,3.9569444444444315,-17.78055555555555,-8.912037037037042,-2.1990740740740726,0.40277777777777857,2.2731481481481453,-4.2,-0.3999999999999999,-3.700000000000003
2026-02-28,Hawaii,Cal State Fullerton,-1,2,0.20051085568326243,-13.167432950191568,-3.021711366538952,2.182630906768839,1.481481481481481,2.5989782886334645,-4.2,-0.7,-2.700000000000003
2026-03-13,Hawaii,Cal State Fullerton,0,15,1.0530303030302974,-10.579090909090922,-3.4818181818181806,1.9575757575757589,1.1636363636363631,2.087878787878786,-3.2,-0.7,-2.700000000000003
2026-03-19,Hawaii,Arkansas,0,-19,-12.53511029411763,-12.905698529411765,1.9944852941176485,4.1452205882352935,-0.003676470588235503,3.1286764705882355,-1.3999999999999995,-16.4,-0.8000000000000114
2025-11-17,High Point,Canisius,1,43,24.67500000000001,-15.674999999999997,0.75,-4.25,0.75,4.25,30.0,5.1,7.1000000000000085
2025-12-14,High Point,Appalachian State,0,-8,15.040000000000006,-3.587272727272733,-2.0636363636363626,-0.08181818181818201,-2.036363636363637,-1.3545454545454518,2.0,1.7000000000000002,7.0
2025-12-22,High Point,Bryant,1,46,33.90320512820513,-7.2923076923076735,-2.3782051282051277,-5.064102564102564,2.8269230769230766,0.2564102564102555,25.0,5.9,6.200000000000003
2026-01-07,High Point,Gardner-Webb,1,55,32.10588235294118,-25.376470588235293,2.235294117647058,-3.7058823529411757,2.4705882352941178,2.117647058823529,39.400000000000006,5.5,1.2000000000000028
2026-01-10,High Point,Charleston Southern,-1,2,18.63333333333331,-7.416666666666671,-9.999999999999996,-3.166666666666666,-0.6111111111111107,-5.0,37.0,3.2,-3.8999999999999915
2026-02-04,High Point,Charleston Southern,1,25,17.511594202898564,-4.756884057971007,-9.273550724637683,-4.028985507246377,-0.3405797101449277,-5.472826086956523,10.0,3.2,-3.8999999999999915
2026-02-14,High Point,Gardner-Webb,-1,25,29.5974358974359,-24.714245014245023,2.9088319088319103,-4.837606837606836,2.767806267806267,1.9430199430199409,27.0,5.5,1.2000000000000028
2026-03-06,High Point,Gardner-Webb,0,22,28.297782258064515,-22.755443548387106,3.93951612903226,-3.99899193548387,3.03225806451613,2.36391129032258,24.0,5.5,1.2000000000000028
2026-03-21,High Point,Arkansas,0,-6,1.434285714285707,-10.888571428571424,4.9714285714285715,0.14285714285714235,0.5142857142857142,-0.1999999999999993,1.5999999999999996,-16.0,-2.0
2025-11-14,Hofstra,Bucknell,-1,6,3.0333333333333172,-1.7000000000000028,6.333333333333332,3.0,4.666666666666667,0.0,4.333333333333333,5.5,-1.1999999999999886
2025-12-03,Hofstra,Columbia,-1,-2,-7.9125000000000085,2.8999999999999915,2.75,-0.375,-1.625,-4.125,-15.799999999999999,2.8000000000000003,-1.8999999999999915
2025-12-29,Hofstra,Campbell,1,14,4.376923076923092,-12.58461538461539,2.3846153846153832,-2.6153846153846168,-2.153846153846155,0.8461538461538467,4.800000000000001,1.0,-3.5999999999999943
2026-01-03,Hofstra,Drexel,-1,3,10.622857142857143,-7.207619047619048,-0.3095238095238102,-0.71904761904762,-1.0428571428571427,2.147619047619049,20.400000000000002,3.4,0.9000000000000057
2026-01-17,Hofstra,Elon,1,-4,-5.87222222222222,-10.3611111111111,-2.666666666666668,0.0,-1.1111111111111107,1.8333333333333357,3.8000000000000003,3.1,-2.799999999999997
2026-01-29,Hofstra,College of Charleston,1,-2,6.328571428571436,-2.8428571428571274,2.523809523809522,-0.9047619047619051,1.4761904761904763,-2.1428571428571423,-3.4,1.8,-3.0
2026-02-12,Hofstra,College of Charleston,-1,4,6.039999999999992,-4.39200000000001,3.240000000000002,-0.7200000000000006,1.92,-1.4399999999999977,4.999999999999999,1.8,-3.0
2026-02-19,Hofstra,Hampton,1,36,10.019943019943014,-0.7971509971510073,4.4743589743589745,-0.5370370370370363,0.7037037037037042,1.988603988603991,16.8,4.3,-1.0
2026-03-03,Hofstra,Drexel,1,11,9.920000000000016,-1.9733333333333292,3.2333333333333343,-1.7333333333333325,0.8333333333333339,1.6666666666666679,12.4,3.4,0.9000000000000057
2026-03-20,Hofstra,Alabama,0,-20,-6.085845588235301,-9.970772058823542,-9.579044117647058,0.20955882352941124,0.547794117647058,-2.1286764705882355,6.4,-15.1,-9.0
2025-11-16,Holy Cross,Hampton,0,6,-17.516666666666666,24.291666666666643,3.75,0.25,-5.666666666666667,-3.083333333333332,-31.083333333333332,-2.5999999999999996,-1.9000000000000057
2025-11-18,Holy Cross,Brown,-1,-19,-0.3500000000000085,6.474999999999994,0.75,-2.0,-2.5,2.5,-6.0,-2.7,-2.799999999999997
2025-12-06,Holy Cross,Fordham,-1,1,-10.444444444444443,16.71111111111111,-0.6666666666666679,1.1111111111111107,-5.888888888888888,-3.555555555555557,-11.4,-4.9,0.7999999999999972
2025-12-16,Holy Cross,Dartmouth,1,-25,-6.571717171717182,0.417171717171712,-5.939393939393941,-1.8989898989898997,-0.9696969696969706,-2.7878787878787854,10.8,-3.5999999999999996,-4.099999999999994
2025-12-20,Holy Cross,Harvard,-1,-28,-5.515909090909105,4.4265151515151615,3.5984848484848513,0.43939393939393945,0.2575757575757578,0.007575757575757791,13.399999999999999,-5.1,0.7999999999999972
2025-12-31,Holy Cross,Bucknell,1,7,5.184615384615384,-4.223076923076903,-0.4615384615384599,-2.846153846153845,-0.4615384615384608,1.0,17.0,-1.3999999999999995,-2.0999999999999943
2026-01-10,Holy Cross,American,-1,11,-11.837500000000006,2.7687500000000114,-4.4375,-0.3125,-0.625,0.125,-2.0,-1.0,-1.0
2026-01-14,Holy Cross,Army,1,7,-6.941176470588246,-3.523529411764713,-10.882352941176467,-0.35294117647058876,-3.1764705882352935,-2.2941176470588225,-3.6,1.0,-3.299999999999997
2026-01-24,Holy Cross,American,1,-9,-9.805000000000007,4.815000000000012,-5.050000000000001,-0.40000000000000036,-1.5499999999999998,-0.25,-8.4,-1.0,-1.0
2026-01-28,Holy Cross,Colgate,-1,-5,-10.92857142857143,2.1857142857142975,1.3333333333333357,0.6190476190476204,-0.7619047619047619,-2.19047619047619,-9.600000000000001,-1.5999999999999996,-3.0999999999999943
2026-01-31,Holy Cross,Army,-1,-1,-5.450000000000003,-2.6363636363636402,-10.545454545454543,-0.45454545454545325,-3.454545454545454,-1.1818181818181834,-0.5999999999999996,1.0,-3.299999999999997
2026-02-02,Holy Cross,Boston University,1,-8,-12.19130434782609,-5.356521739130443,-3.1304347826086953,-0.39130434782608603,-0.6956521739130439,-0.43478260869565233,-4.6,-0.8999999999999995,0.29999999999999716
2026-02-11,Holy Cross,Colgate,1,-4,-9.352000000000004,4.1359999999999815,1.0,-0.1999999999999993,-1.3199999999999994,-1.8800000000000026,-10.399999999999999,-1.5999999999999996,-3.0999999999999943
2026-02-22,Holy Cross,Bucknell,-1,9,4.385714285714286,-2.017857142857139,-3.321428571428573,-2.2857142857142865,-0.8928571428571423,1.0,9.8,-1.3999999999999995,-2.0999999999999943
2026-02-25,Holy Cross,Boston University,-1,-15,-12.713793103448268,-3.0068965517241253,-3.620689655172413,-0.7241379310344822,-0.9655172413793105,-0.6551724137931068,-12.4,-0.8999999999999995,0.29999999999999716
2025-11-16,Houston,Auburn,0,1,-18.30000000000001,-17.86666666666666,3.333333333333332,0.3333333333333339,-3.666666666666666,-3.333333333333332,-2.0,1.8999999999999986,-4.6000000000000085
2025-12-06,Houston,Florida State,0,15,1.6749999999999972,-11.112499999999997,-10.75,-2.375,-0.75,1.625,11.6,5.799999999999999,-6.200000000000003
2025-12-20,Houston,Arkansas,0,9,-5.072727272727263,-13.963636363636368,2.7272727272727266,0.0,1.545454545454545,-1.5454545454545467,9.399999999999999,0.6999999999999993,-8.300000000000011
2026-01-03,Houston,Cincinnati,-1,7,12.953846153846158,-1.0692307692307566,-3.0769230769230766,-3.7692307692307683,0.9230769230769234,-5.0,15.999999999999998,4.299999999999999,-3.9000000000000057
2026-01-10,Houston,Baylor,-1,22,-7.966666666666669,-12.056666666666658,2.0285714285714285,-2.466666666666667,-2.3619047619047624,-3.0047619047619065,-15.400000000000002,3.5,-4.0
2026-01-18,Houston,Arizona State,1,30,4.952941176470588,-19.80588235294117,4.0,-2.9411764705882355,3.235294117647058,0.5294117647058805,22.4,4.5,-5.5
2026-01-31,Houston,Cincinnati,1,22,16.103809523809517,-2.3302380952381014,-0.5857142857142854,-3.609523809523811,1.6380952380952376,-3.542857142857141,19.599999999999998,4.299999999999999,-3.9000000000000057
2026-02-07,Houston,Brigham Young,-1,11,-0.9000000000000199,-8.722727272727283,0.5,-2.7272727272727284,0.8636363636363633,-3.9545454545454533,19.8,1.6999999999999993,-5.5
2026-02-21,Houston,Arizona,1,-7,-1.0538461538461377,0.2730769230769141,9.538461538461537,-3.1923076923076925,-0.6923076923076934,-7.0,2.0,-1.6999999999999993,-6.1000000000000085
2026-02-28,Houston,Colorado,1,40,3.9964285714285523,-15.075000000000003,4.928571428571431,-1.9642857142857144,2.1428571428571423,-0.9642857142857153,2.4,6.5,-5.6000000000000085
2026-03-04,Houston,Baylor,1,13,1.4379310344827587,-14.465517241379317,2.1034482758620676,-3.5172413793103443,-0.068965517241379,-1.0689655172413772,11.8,3.5,-4.0
2026-03-12,Houston,Brigham Young,0,7,-0.312414467253177,-10.314760508308893,0.8064516129032242,-2.591397849462366,0.16617790811339184,-2.714565004887586,6.0,1.6999999999999993,-5.5
2026-03-14,Houston,Arizona,0,-5,-1.9696969696969546,-0.26363636363636545,8.878787878787879,-2.757575757575757,-0.9090909090909101,-6.272727272727273,3.200000000000001,-1.6999999999999993,-6.1000000000000085
2025-11-25,Houston Christian,Bellarmine,0,-5,-12.533333333333331,-24.299999999999983,2.25,3.666666666666666,4.666666666666667,7.333333333333332,1.95,0.7000000000000002,-1.2999999999999972
2025-11-29,Houston Christian,Georgia Southern,-1,-18,3.9749999999999943,-4.112499999999997,-6.0,-0.4583333333333339,-0.08333333333333393,0.625,8.2,-0.2999999999999998,-7.5
2026-01-17,Houston Christian,East Texas A&M,1,11,3.4643790849673195,7.5098039215686185,-7.032679738562091,-1.4967320261437909,0.14052287581699296,-2.1764705882352935,-8.999999999999998,-0.5,-3.5
2026-02-23,Houston Christian,East Texas A&M,-1,1,2.0986453201970505,4.575492610837443,-7.0110837438423665,-0.695812807881774,0.7783251231527091,-2.933497536945815,2.0,-0.5,-3.5
2025-11-13,Howard,Alcorn State,1,8,23.97500000000001,-14.48333333333332,0.25,-4.666666666666666,1.583333333333334,1.5,28.416666666666668,-0.1999999999999993,0.5
2025-11-23,Howard,Duke,-1,-37,-23.13333333333334,22.36666666666666,-10.166666666666664,3.0,-1.833333333333334,-9.333333333333336,-32.199999999999996,-22.799999999999997,3.299999999999997
2025-12-13,Howard,Hampton,0,4,-0.585454545454553,2.4381818181818176,-2.8090909090909086,1.6454545454545446,-0.9090909090909083,-1.927272727272726,-3.5999999999999996,-3.3999999999999995,2.799999999999997
2025-12-16,Howard,Drexel,-1,8,2.1416666666666657,-4.343333333333334,-4.483333333333331,0.9166666666666661,-3.7333333333333343,-2.1833333333333336,17.6,-4.3,4.700000000000003
2026-01-12,Howard,Delaware State,1,26,12.994117647058829,-2.67647058823529,2.647058823529413,1.1764705882352935,1.3529411764705888,1.352941176470587,-0.20000000000000018,5.1,3.799999999999997
2026-02-02,Howard,Coppin State,-1,19,11.961857707509864,-21.625889328063238,-1.1719367588932776,-2.405138339920949,0.9683794466403164,3.019762845849801,25.6,2.3000000000000007,0.7000000000000028
2026-02-16,Howard,Delaware State,-1,32,15.20737179487179,-8.24326923076923,3.4006410256410273,0.7051282051282044,1.9551282051282044,1.9839743589743613,27.4,5.1,3.799999999999997
2026-03-02,Howard,Coppin State,1,20,14.99310344827586,-18.88965517241381,-0.8275862068965516,-2.1034482758620676,0.8965517241379324,2.793103448275861,17.6,2.3000000000000007,0.7000000000000028
2025-11-18,IU Indy,Charleston Southern,-1,-12,2.480000000000004,4.560000000000002,-2.6000000000000014,2.5999999999999996,0.0,-7.0,-1.0,-0.09999999999999964,-0.5999999999999943
2025-11-21,IU Indy,Alabama State,0,-21,7.403333333333336,5.780000000000015,7.833333333333332,1.4000000000000004,-1.166666666666666,-1.4666666666666686,2.2,2.0,3.799999999999997
2025-11-23,IU Indy,Air Force,-1,-13,10.676190476190456,7.726190476190467,12.238095238095237,0.23809523809523725,1.166666666666666,-2.833333333333332,1.7999999999999998,-4.6,8.0
2025-12-03,IU Indy,Detroit Mercy,-1,-14,7.8500000000000085,1.2736111111111086,10.722222222222221,2.3472222222222214,-1.708333333333334,-3.0,5.3999999999999995,-2.0999999999999996,5.299999999999997
2025-12-11,IU Indy,Green Bay,1,-10,-0.20000000000000284,3.0545454545454476,11.545454545454543,3.09090909090909,3.6363636363636376,-3.0,-17.0,-2.3,9.900000000000006
2025-12-22,IU Indy,Grand Canyon,-1,-13,-0.9517482517482563,14.704895104895115,12.503496503496507,0.6923076923076916,-0.8321678321678316,-4.97202797202797,-5.0,-10.0,6.6000000000000085
2025-12-29,IU Indy,Cleveland State,-1,-13,0.014285714285691142,-1.9785714285714278,7.0000000000000036,-0.6428571428571423,0.6428571428571423,-2.2142857142857153,2.0,-0.2999999999999998,3.5
2026-01-09,IU Indy,Green Bay,-1,-16,-1.7106617647058897,1.6886029411764554,13.110294117647058,2.7132352941176467,4.0036764705882355,-2.944852941176471,0.5999999999999996,-2.3,9.900000000000006
2026-01-17,IU Indy,Detroit Mercy,1,-3,1.2623529411764594,5.684705882352944,11.511764705882353,0.30294117647058805,-2.4264705882352935,-4.761764705882353,-3.5999999999999996,-2.0999999999999996,5.299999999999997
2026-02-07,IU Indy,Cleveland State,1,8,-3.5166666666666657,-1.4458333333333258,2.5,-0.75,1.083333333333334,-2.5,-7.4,-0.2999999999999998,3.5
2025-11-26,Idaho,Cal State Northridge,0,14,7.3799999999999955,-7.159999999999997,7.0,-4.800000000000001,-3.4000000000000004,1.0,11.4,-0.19999999999999973,-6.6000000000000085
2025-12-21,Idaho,Cal Poly,-1,3,11.702797202797214,-9.23706293706293,0.08391608391608685,-5.6433566433566416,-0.5244755244755233,0.1608391608391635,13.399999999999999,-0.3999999999999999,-7.0
2025-12-23,Idaho,Cal State Bakersfield,-1,-1,15.65320512820513,-5.191025641025647,14.141025641025639,-3.147435897435896,-1.3782051282051277,4.455128205128208,22.2,2.6999999999999997,-3.5
2026-01-03,Idaho,Eastern Washington,1,3,7.876923076923063,-16.892307692307682,7.7692307692307665,-2.0769230769230766,0.3076923076923084,5.0,18.4,-1.4,0.20000000000000284
2026-03-02,Idaho,Eastern Washington,-1,4,-0.6599999999999966,-7.99666666666667,8.466666666666665,-1.3000000000000007,-0.16666666666666607,3.5666666666666664,-8.4,-1.4,0.20000000000000284
2026-03-10,Idaho,Eastern Washington,0,13,-1.1921401515151473,-9.153409090909093,8.235795454545453,-1.3257575757575761,-0.16950757575757613,3.725378787878789,-2.4000000000000004,-1.4,0.20000000000000284
2026-03-19,Idaho,Houston,0,-31,-5.795462184873955,7.611596638655456,2.852100840336135,2.37563025210084,-2.5100840336134453,2.9747899159663866,2.1999999999999993,-17.099999999999998,4.200000000000003
2025-11-28,Idaho State,Cal State Northridge,0,32,6.316666666666663,2.2047619047619236,2.071428571428573,-4.261904761904763,-2.2857142857142865,-7.4761904761904745,9.799999999999999,-1.6999999999999997,-9.600000000000009
2025-12-06,Idaho State,Denver,1,14,0.4125000000000085,-23.965277777777757,1.7916666666666679,1.2638888888888893,1.8055555555555554,1.9305555555555571,27.6,0.3999999999999999,-2.6000000000000085
2026-01-15,Idaho State,Idaho,1,8,0.7636029411764724,5.583088235294127,-5.4558823529411775,0.5625,0.922794117647058,-3.7867647058823515,-3.1999999999999997,-1.5,-3.0
2026-01-17,Idaho State,Eastern Washington,1,-18,9.064705882352953,-7.395424836601293,2.2941176470588225,-1.7549019607843128,0.5261437908496731,0.6535947712418313,9.8,-2.9,-2.799999999999997
2026-02-12,Idaho State,Eastern Washington,-1,-13,3.6098333333333272,-1.9585000000000008,2.6099999999999994,-1.7699999999999996,0.3466666666666658,-0.07000000000000028,-11.2,-2.9,-2.799999999999997
2026-02-14,Idaho State,Idaho,-1,-30,1.3210769230769017,8.87015384615384,-5.650769230769232,0.13846153846153797,1.4892307692307707,-3.8984615384615395,-7.6000000000000005,-1.5,-3.0
2025-11-14,Illinois,Colgate,1,19,29.16666666666667,-20.96666666666667,9.666666666666668,-1.3333333333333321,8.333333333333332,10.333333333333336,37.333333333333336,20.3,-2.1999999999999886
2025-11-19,Illinois,Alabama,0,-4,16.908333333333317,-13.125000000000014,-3.25,0.16666666666666607,6.333333333333334,5.5,21.333333333333336,-0.09999999999999964,-9.0
2025-11-28,Illinois,Connecticut,0,-13,9.254761904761907,6.635714285714286,6.4523809523809526,0.8333333333333339,4.428571428571429,5.142857142857142,-7.6,0.7999999999999989,0.0
2026-03-26,Illinois,Houston,0,10,8.13120915032681,8.346732026143783,6.29738562091503,0.7189542483660132,1.2254901960784306,3.2924836601307206,-0.1999999999999993,0.40000000000000036,0.8000000000000114
2025-11-23,Illinois State,Coastal Carolina,1,52,4.076666666666668,14.469999999999999,-6.733333333333331,-1.5666666666666664,0.5666666666666664,-7.199999999999999,-15.8,5.9,-2.200000000000003
2025-11-27,Illinois State,Charlotte,0,10,4.200000000000017,-15.25,2.0,-2.166666666666666,-1.833333333333334,6.166666666666668,19.6,2.2,1.7999999999999972
2025-11-28,Illinois State,Furman,0,7,5.914285714285725,-6.614285714285714,-6.285714285714288,-4.2857142857142865,-3.1428571428571423,3.1428571428571423,5.600000000000001,5.4,0.29999999999999716
2025-12-03,Illinois State,Eastern Kentucky,1,11,8.326785714285705,-15.626785714285703,-9.035714285714285,-3.9642857142857135,-3.7142857142857135,4.803571428571427,38.0,6.8,-2.4000000000000057
2025-12-06,Illinois State,Chicago State,1,42,20.74444444444444,-21.377777777777794,7.0,-3.8888888888888893,0.6666666666666679,7.888888888888889,37.8,8.5,0.7999999999999972
2025-12-29,Illinois State,Drake,-1,17,1.7846153846153925,-3.3000000000000114,-1.3846153846153868,0.7692307692307683,1.4615384615384608,0.23076923076922995,8.4,2.3000000000000003,-0.7999999999999972
2026-01-01,Illinois State,Evansville,1,26,17.421428571428564,-8.564285714285717,0.14285714285714235,-1.5,0.2142857142857153,4.071428571428573,24.0,2.8000000000000003,-0.29999999999999716
2026-01-17,Illinois State,Bradley,1,26,3.8084795321637586,-3.214619883040939,-1.3654970760233915,1.2251461988304104,0.2660818713450297,2.0087719298245617,4.199999999999999,1.6,-2.0999999999999943
2026-01-24,Illinois State,Belmont,-1,-11,-1.0899999999999892,-0.6950000000000074,-1.8499999999999979,-2.549999999999999,0.7999999999999989,-0.8999999999999986,-1.3999999999999995,1.4000000000000001,-3.0999999999999943
2026-02-06,Illinois State,Drake,1,10,-0.5990942028985557,-9.884420289855072,-2.8840579710144922,1.0652173913043477,1.1721014492753623,1.3949275362318865,3.8000000000000003,2.3000000000000003,-0.7999999999999972
2026-02-09,Illinois State,Evansville,-1,-8,14.59999999999998,-10.979166666666671,0.75,-2.208333333333334,1.7500000000000009,3.958333333333332,16.0,2.8000000000000003,-0.29999999999999716
2026-02-21,Illinois State,Bradley,-1,-14,1.6035714285714135,-5.267857142857139,-0.46428571428571175,1.7857142857142865,0.14285714285714235,2.5357142857142847,0.9999999999999998,1.6,-2.0999999999999943
2026-03-01,Illinois State,Belmont,1,7,-7.309999999999988,-1.4166666666666572,-2.2333333333333343,-1.5,0.7000000000000002,-0.10000000000000142,-12.4,1.4000000000000001,-3.0999999999999943
2025-11-15,Illinois–Chicago,Chicago State,-1,4,28.83333333333333,-33.766666666666666,8.0,-0.6666666666666661,5.0,2.666666666666668,48.0,7.3,1.5999999999999943
2025-11-20,Illinois–Chicago,High Point,0,-10,-10.739999999999995,6.864999999999995,-1.4499999999999993,5.050000000000001,1.5999999999999996,-3.1999999999999993,-13.600000000000001,3.0,-3.6000000000000085
2025-12-03,Illinois–Chicago,Arkansas–Pine Bluff,1,-1,23.041071428571414,-23.846428571428575,-3.4642857142857153,-0.6428571428571423,2.428571428571429,0.39285714285714235,38.0,9.1,-3.200000000000003
2025-12-13,Illinois–Chicago,Belmont,-1,-3,-7.396666666666661,13.315555555555548,-7.988888888888891,0.033333333333333215,3.31111111111111,-7.755555555555556,-23.200000000000003,0.19999999999999996,-2.299999999999997
2025-12-21,Illinois–Chicago,Charlotte,-1,-12,-0.10909090909090935,-4.000757575757575,-2.992424242424242,1.5303030303030294,1.9848484848484844,-1.9545454545454533,-6.199999999999999,1.0,2.5999999999999943
2026-01-10,Illinois–Chicago,Illinois State,-1,4,-6.5249999999999915,8.606249999999989,-3.625,1.75,2.625,-5.1875,-7.200000000000001,-1.2000000000000002,0.7999999999999972
2026-01-17,Illinois–Chicago,Drake,1,7,-2.677777777777777,-0.08888888888888857,-7.611111111111111,2.0,3.5,-3.6111111111111107,11.0,1.1,0.0
2026-01-20,Illinois–Chicago,Evansville,1,27,10.836842105263159,-2.321052631578951,-3.0,-1.5263157894736832,3.6315789473684212,-1.526315789473685,15.2,1.6,0.5
2026-01-24,Illinois–Chicago,Bradley,-1,15,-1.2011904761904901,-0.8523809523809405,-5.364285714285714,2.640476190476189,1.9976190476190467,-1.7047619047619058,8.200000000000001,0.4,-1.2999999999999972
2026-02-06,Illinois–Chicago,Belmont,1,-6,-8.787499999999994,1.8125,-6.208333333333332,-0.9166666666666661,3.083333333333334,-3.916666666666668,-1.6000000000000005,0.19999999999999996,-2.299999999999997
2026-02-12,Illinois–Chicago,Drake,-1,10,-3.207692307692298,-5.262153846153851,-7.136923076923075,2.0953846153846154,2.7723076923076917,-2.6923076923076934,8.799999999999999,1.1,0.0
2026-02-15,Illinois–Chicago,Illinois State,1,27,-3.5076923076923094,4.199999999999989,-4.692307692307693,0.9230769230769234,2.23076923076923,-4.576923076923077,-4.8,-1.2000000000000002,0.7999999999999972
2026-02-18,Illinois–Chicago,Evansville,-1,38,11.15669515669515,-7.653988603988594,-4.125356125356124,-1.3547008547008552,4.034188034188034,-0.12962962962962976,17.6,1.6,0.5
2026-02-24,Illinois–Chicago,Bradley,1,7,-0.3034482758620811,-2.7931034482758577,-5.241379310344829,2.482758620689655,2.482758620689655,-1.0344827586206904,9.8,0.4,-1.2999999999999972
2026-03-07,Illinois–Chicago,Drake,0,21,0.03020833333333428,-6.747632575757564,-7.538825757575758,1.7092803030303028,2.9365530303030303,-1.5757575757575744,8.6,1.1,0.0
2026-03-18,Illinois–Chicago,California,-1,-18,0.5398897058823593,-0.9830882352941188,-5.639705882352942,1.398897058823529,3.6672794117647065,-2.022058823529413,4.8,-4.7,-2.200000000000003
2025-11-22,Incarnate Word,High Point,0,-11,-6.990000000000009,17.526666666666642,-0.1999999999999993,0.4666666666666668,4.266666666666666,1.7333333333333307,-17.0,-1.9,-6.200000000000003
2026-01-03,Incarnate Word,Houston Christian,1,17,13.623076923076923,-4.23846153846155,3.46153846153846,-1.9230769230769234,3.0,0.8461538461538467,13.600000000000001,0.6999999999999997,0.7000000000000028
2026-01-19,Incarnate Word,East Texas A&M,1,-22,13.157309941520467,-0.3701754385964904,-4.3654970760233915,-3.6345029239766085,2.190058479532164,-1.0029239766081872,5.999999999999999,0.19999999999999973,-2.799999999999997
2026-01-27,Incarnate Word,Houston Christian,-1,-6,6.355000000000018,-6.469999999999985,2.8999999999999986,-2.1499999999999986,2.0,1.1999999999999993,-4.0,0.6999999999999997,0.7000000000000028
2026-02-21,Incarnate Word,East Texas A&M,-1,9,10.684656084656083,5.822354497354496,-3.753968253968253,-1.9722222222222214,2.9153439153439153,-2.325396825396826,-5.800000000000001,0.19999999999999973,-2.799999999999997
2025-11-16,Indiana,Incarnate Word,1,8,9.433333333333323,-18.133333333333326,-2.6666666666666643,-0.6666666666666661,-7.666666666666667,0.6666666666666679,17.333333333333332,15.4,1.7999999999999972
2025-11-29,Indiana,Bethune-Cookman,1,44,16.757142857142853,-21.533333333333346,8.214285714285715,-1.2142857142857135,-1.7619047619047628,2.3571428571428577,15.200000000000001,17.2,-4.599999999999994
2025-12-20,Indiana,Chicago State,1,20,25.40303030303029,-23.652272727272717,11.280303030303031,-2.25,-1.1287878787878798,5.318181818181817,21.8,17.8,0.7999999999999972
2026-02-15,Indiana,Illinois,-1,-20,-8.352000000000004,0.9599999999999937,-1.759999999999998,0.4400000000000013,-4.4,-3.240000000000002,-6.8,-3.5999999999999996,1.0999999999999943
2025-11-14,Indiana State,Duke,-1,-38,-18.30000000000001,20.766666666666666,-4.666666666666668,3.0,1.6666666666666679,-7.666666666666664,-29.0,-16.099999999999998,3.299999999999997
2025-11-22,Indiana State,Ball State,1,18,0.23499999999999943,1.960000000000008,8.7,1.3499999999999996,5.050000000000001,2.1999999999999993,-2.0,3.9,4.0
2025-11-28,Indiana State,Alcorn State,0,-7,9.514285714285705,-23.54285714285713,6.571428571428573,-3.571428571428571,1.8571428571428577,4.714285714285715,22.8,6.5,0.5
2025-12-18,Indiana State,Bradley,1,-9,-5.672727272727286,-1.2181818181818045,1.3636363636363633,3.1818181818181834,0.2727272727272716,3.0909090909090935,-1.799999999999999,-1.5,0.6000000000000085
2025-12-21,Indiana State,Illinois State,-1,-20,-12.625,-0.9749999999999943,3.25,3.0,-1.166666666666666,-0.16666666666666785,-2.4000000000000004,-3.1,2.700000000000003
2025-12-29,Indiana State,Belmont,1,1,-13.592307692307699,5.123076923076923,0.8461538461538467,-0.4615384615384617,-0.5384615384615392,-3.0,-2.0,-1.7000000000000002,-0.3999999999999915
2026-01-04,Indiana State,Drake,-1,-2,-10.117619047619044,-1.4547619047619094,2.2190476190476183,3.942857142857143,-0.3809523809523814,0.05238095238095042,0.0,-0.8,1.9000000000000057
2026-01-10,Indiana State,Evansville,1,-3,7.861397058823542,-3.8551470588235333,5.345588235294116,-0.0661764705882355,-0.3272058823529411,1.9485294117647065,4.000000000000001,-0.30000000000000004,2.4000000000000057
2026-01-14,Indiana State,Illinois State,1,5,-10.335294117647052,5.211764705882345,3.647058823529413,2.3529411764705888,-1.7058823529411757,-1.235294117647058,-17.2,-3.1,2.700000000000003
2026-01-21,Indiana State,Bradley,-1,-7,-4.298947368421054,0.5857894736842155,2.2026315789473685,3.113157894736842,-1.2710526315789474,0.9947368421052651,-0.8,-1.5,0.6000000000000085
2026-01-24,Indiana State,Drake,1,-14,-5.75,-0.5149999999999864,0.40000000000000213,2.9000000000000004,-0.25,-0.40000000000000213,2.2,-0.8,1.9000000000000057
2026-01-27,Indiana State,Illinois–Chicago,-1,-2,-5.471428571428547,1.547619047619051,7.238095238095237,1.4761904761904763,-3.666666666666667,3.0,-16.799999999999997,-1.9,1.9000000000000057
2026-02-03,Indiana State,Evansville,-1,21,7.037944664031642,-3.493675889328074,3.6027667984189726,0.13438735177865624,0.07312252964426857,1.9525691699604764,3.3999999999999995,-0.30000000000000004,2.4000000000000057
2026-02-21,Indiana State,Belmont,-1,-17,-12.635714285714286,3.6178571428571473,-0.17857142857142705,0.17857142857142883,-0.6071428571428577,-1.4642857142857153,-9.6,-1.7000000000000002,-0.3999999999999915
2026-03-01,Indiana State,Illinois–Chicago,1,16,-6.450000000000003,4.193333333333342,6.600000000000001,1.5999999999999996,-3.533333333333334,1.7333333333333343,-26.0,-1.9,1.9000000000000057
2025-11-21,Iona,Akron,0,-21,-8.750000000000014,3.1499999999999915,-10.5,3.5,-6.25,-2.0,-10.5,-5.3,-1.1000000000000085
2025-11-24,Iona,Green Bay,0,-5,7.276190476190493,-12.283333333333346,4.333333333333332,3.166666666666666,2.023809523809523,3.4523809523809526,6.6,-2.2,4.799999999999997
2025-12-01,Iona,Delaware,-1,23,7.269047619047626,-4.459523809523802,2.261904761904759,0.4285714285714288,1.9047619047619042,2.5476190476190474,5.6000000000000005,-2.2,5.099999999999994
2025-12-10,Iona,Bryant,1,6,18.689999999999998,1.3400000000000034,-0.8000000000000007,-1.700000000000001,0.8000000000000007,2.1000000000000014,4.6,2.7,4.3999999999999915
2026-01-11,Iona,Canisius,1,26,5.499632352941177,-5.465441176470591,6.272058823529413,-0.3786764705882355,-0.9705882352941178,3.352941176470587,4.2,1.8999999999999995,5.299999999999997
2026-01-30,Iona,Fairfield,1,-1,-6.336363636363643,-3.2818181818181813,2.90909090909091,1.454545454545455,-4.409090909090909,1.6363636363636367,-0.3999999999999999,1.0,2.5999999999999943
2026-02-13,Iona,Canisius,-1,6,7.936000000000007,-5.02000000000001,5.279999999999998,-0.8399999999999999,-1.200000000000001,2.7600000000000016,8.4,1.8999999999999995,5.299999999999997
2025-11-20,Iowa,Chicago State,1,39,42.405,-20.694999999999993,2.6999999999999993,-2.75,1.2999999999999998,3.3000000000000007,44.75,19.4,-3.9000000000000057
2025-11-26,Iowa,Grand Canyon,0,13,20.35666666666667,-5.1299999999999955,-1.4333333333333336,-4.566666666666666,-4.033333333333333,-4.666666666666668,14.6,8.399999999999999,-5.799999999999997
2025-11-26,Iowa,Grand Canyon,0,13,22.19999999999999,-2.5833333333333286,0.6666666666666679,-3.333333333333332,-3.666666666666668,-3.8333333333333357,16.4,8.399999999999999,-5.799999999999997
2025-12-20,Iowa,Bucknell,0,55,25.05303030303031,-15.810606060606062,-3.3181818181818166,-3.121212121212121,-0.6060606060606064,-0.11363636363636331,18.8,18.5,-4.799999999999997
2026-01-11,Iowa,Illinois,1,-6,-3.5,-4.019999999999996,-8.200000000000003,0.2666666666666675,-4.0,-6.466666666666665,4.800000000000001,-2.0,-3.6000000000000085
2026-01-17,Iowa,Indiana,-1,17,2.205882352941174,-2.2235294117647015,-7.1764705882352935,-0.2941176470588225,0.0,-3.529411764705884,0.5999999999999996,1.5999999999999996,-4.700000000000003
2026-03-20,Iowa,Clemson,0,6,5.721657754010707,2.84349376114082,-1.66488413547237,0.3538324420677377,-0.3351158645276291,-4.316399286987522,-0.6,2.5999999999999996,-2.6000000000000085
2026-03-22,Iowa,Florida,0,1,-1.8911764705882206,5.817647058823525,-1.382352941176471,-2.235294117647058,-6.558823529411765,-8.823529411764707,-17.8,-2.3000000000000007,-9.5
2026-03-28,Iowa,Illinois,0,-12,-6.528492063492067,2.500317460317447,-8.392063492063492,0.4047619047619051,-4.332539682539682,-6.606349206349208,-9.600000000000001,-2.0,-3.6000000000000085
2025-11-25,Iowa State,Creighton,0,18,14.120000000000005,-11.199999999999989,-5.599999999999998,-2.0,-2.0,-0.8000000000000007,19.6,5.0,-0.20000000000000284
2025-12-03,Iowa State,Alcorn State,1,64,32.78253968253969,-30.085714285714275,2.2063492063492056,-7.222222222222221,1.8095238095238084,3.7777777777777786,35.2,21.700000000000003,-1.2000000000000028
2025-12-11,Iowa State,Iowa,1,4,6.266666666666666,-8.088888888888903,2.5555555555555536,0.5555555555555554,1.9999999999999991,2.444444444444443,15.999999999999998,1.200000000000001,5.700000000000003
2025-12-14,Iowa State,Eastern Illinois,1,25,34.868888888888875,-23.89777777777779,5.944444444444443,-2.6333333333333346,2.844444444444445,2.12222222222222,42.6,21.4,1.2999999999999972
2025-12-29,Iowa State,Houston Christian,1,28,18.558333333333337,-21.54166666666667,1.25,-1.5833333333333321,0.6666666666666661,1.25,33.6,18.9,3.5
2026-01-07,Iowa State,Baylor,-1,10,0.8049450549450512,-12.668681318681308,-0.950549450549449,-0.76923076923077,-2.9230769230769234,-2.0824175824175803,-15.8,3.1000000000000014,-1.0999999999999943
2026-01-17,Iowa State,Cincinnati,-1,-9,19.588235294117652,-0.7529411764705856,-5.7058823529411775,-1.882352941176471,0.6470588235294112,-2.411764705882355,4.8,3.9000000000000004,-1.0
2026-01-29,Iowa State,Colorado,1,30,6.119999999999976,-16.36499999999998,2.5,0.9499999999999993,1.25,0.25,12.4,6.100000000000001,-2.700000000000003
2026-02-07,Iowa State,Baylor,1,3,6.527272727272731,-12.190909090909074,-1.2272727272727266,-1.045454545454545,-1.0,-0.9545454545454533,21.0,3.1000000000000014,-1.0999999999999943
2026-02-16,Iowa State,Houston,1,3,2.9039999999999964,1.2360000000000042,-3.120000000000001,2.6000000000000005,-1.0,1.4800000000000004,-1.4000000000000004,-0.3999999999999986,2.9000000000000057
2026-02-21,Iowa State,Brigham Young,-1,-10,2.542307692307702,-8.838461538461544,-2.3076923076923066,-0.15384615384615508,-0.07692307692307665,-2.23076923076923,13.399999999999999,1.3000000000000007,-2.5999999999999943
2026-03-02,Iowa State,Arizona,-1,-16,0.4275862068965637,1.868965517241378,6.206896551724139,-0.6206896551724146,-2.0,-5.896551724137932,-4.6,-2.099999999999998,-3.200000000000003
2026-03-07,Iowa State,Arizona State,1,21,9.813333333333333,-11.796666666666681,0.7333333333333343,-0.9333333333333336,1.5999999999999996,1.0333333333333314,-5.4,4.100000000000001,-2.5999999999999943
2026-03-11,Iowa State,Arizona State,0,49,10.237096774193546,-12.30766129032257,0.9133064516129039,-1.40725806451613,1.815524193548388,0.9475806451612918,1.6,4.100000000000001,-2.5999999999999943
2026-03-13,Iowa State,Arizona,0,-2,-0.10596590909091219,0.7030303030303031,6.683712121212121,-0.6837121212121211,-1.6278409090909083,-6.046401515151516,-2.1999999999999993,-2.099999999999998,-3.200000000000003
2025-11-19,Jackson State,Auburn,-1,-46,-41.633333333333326,32.974999999999994,5.666666666666668,1.833333333333334,-8.166666666666668,-6.75,-55.25,-20.4,1.7000000000000028
2025-11-21,Jackson State,Arkansas,-1,-54,-34.3,35.83,1.9499999999999993,3.4499999999999993,-3.0999999999999996,-8.8,-53.45,-21.6,-2.0
2025-12-10,Jackson State,Houston,-1,-42,-25.94027777777778,36.46111111111111,-0.9027777777777786,4.069444444444445,-4.611111111111111,-4.791666666666668,-39.8,-22.299999999999997,6.300000000000011
2025-12-18,Jackson State,Hampton,0,-7,-24.423636363636362,26.66272727272728,3.2727272727272734,3.5999999999999996,-4.590909090909092,-4.454545454545453,-33.4,-3.3999999999999995,4.5
2026-01-03,Jackson State,Alcorn State,1,3,-2.705769230769235,0.4621794871794833,5.865384615384617,-1.7243589743589762,-1.4743589743589736,1.198717948717949,5.0,-0.1999999999999993,2.200000000000003
2026-01-10,Jackson State,Alabama State,-1,11,-14.970476190476191,10.442380952380958,3.0476190476190474,1.9571428571428573,-3.9571428571428564,-1.8714285714285737,-3.6000000000000014,-0.2999999999999998,0.5
2026-01-12,Jackson State,Alabama A&M,-1,-9,-11.962500000000006,18.603750000000005,5.954166666666666,2.770833333333334,-2.0125,-4.912500000000001,-17.0,2.200000000000001,4.300000000000011
2026-01-24,Jackson State,Bethune-Cookman,-1,-37,-8.588888888888889,7.894444444444446,7.277777777777779,1.1111111111111125,-1.6111111111111116,-1.4444444444444429,-3.2,-1.8999999999999995,-0.19999999999998863
2026-01-26,Jackson State,Florida A&M,-1,1,-5.269969040247673,14.252321981424146,4.188854489164086,-1.321981424148607,-0.7770897832817338,-0.45510835913312775,-13.399999999999999,0.9000000000000004,1.1000000000000085
2026-01-31,Jackson State,Grambling State,1,-3,-9.752777777777766,16.10055555555556,6.605555555555558,-0.8388888888888886,-1.0277777777777786,-0.10000000000000142,-4.6,0.5,2.5
2026-02-09,Jackson State,Arkansas–Pine Bluff,-1,-21,-9.800000000000011,6.139130434782601,3.4347826086956523,-0.39130434782608603,-0.9565217391304337,-0.913043478260871,-8.399999999999999,0.5,0.4000000000000057
2026-02-14,Jackson State,Florida A&M,1,20,-2.653787878787881,12.32992424242424,4.541666666666668,-1.670454545454545,-0.2424242424242422,0.09848484848485128,2.0000000000000004,0.9000000000000004,1.1000000000000085
2026-02-16,Jackson State,Bethune-Cookman,1,5,-7.124000000000009,11.336000000000013,7.760000000000002,0.40000000000000036,-1.0,-2.3999999999999986,-8.0,-1.8999999999999995,-0.19999999999998863
2026-02-21,Jackson State,Alcorn State,-1,-18,-0.3772307692307635,-0.7815384615384602,5.783076923076923,0.14769230769230823,0.4292307692307702,3.190769230769231,8.8,-0.1999999999999993,2.200000000000003
2026-03-03,Jackson State,Arkansas–Pine Bluff,1,3,-8.799999999999997,4.993103448275875,3.034482758620687,0.068965517241379,-0.068965517241379,-0.4827586206896548,4.199999999999999,0.5,0.4000000000000057
2026-03-10,Jackson State,Grambling State,0,3,-3.206955645161301,16.245060483870958,4.355846774193548,-0.810483870967742,0.1572580645161299,-0.4717741935483879,-8.399999999999999,0.5,2.5
2026-03-11,Jackson State,Florida A&M,0,-10,-1.9469827586206918,10.788038793103453,4.164870689655171,-1.3448275862068968,0.193965517241379,-0.5517241379310356,-10.6,0.9000000000000004,1.1000000000000085
2025-11-18,Jacksonville,George Mason,-1,-22,0.14999999999999147,13.099999999999994,13.0,-0.5,3.0,-4.0,-5.0,-6.5,0.7000000000000028
2025-11-24,Jacksonville,Bethune-Cookman,0,5,-4.0,-11.060000000000002,7.399999999999999,3.1999999999999993,2.8000000000000007,-1.1999999999999993,7.8,0.5,-6.599999999999994
2025-12-02,Jacksonville,Florida A&M,1,3,22.457142857142856,-16.396428571428572,3.7142857142857153,-5.178571428571429,1.1785714285714288,4.571428571428573,20.3,3.3,-5.299999999999997
2025-12-06,Jacksonville,Florida International,-1,-23,-2.1571428571428584,3.596428571428561,-1.2142857142857153,0.125,-2.2321428571428577,-2.0892857142857153,-9.0,-3.2,-7.599999999999994
2025-12-17,Jacksonville,Florida A&M,-1,-7,15.384415584415578,-5.818181818181841,5.649350649350648,-3.194805194805193,3.545454545454545,1.571428571428573,10.6,3.3,-5.299999999999997
2025-12-22,Jacksonville,Florida State,-1,-24,-0.5500000000000114,4.908333333333317,-10.583333333333332,0.3333333333333339,-1.1666666666666679,-0.33333333333333215,9.4,-14.100000000000001,-6.299999999999997
2026-01-03,Jacksonville,Austin Peay,-1,-3,-2.1857142857142833,15.498809523809513,-1.6071428571428577,1.3809523809523796,1.095238095238095,-2.3928571428571423,-12.0,-0.7999999999999998,-4.5
2026-01-15,Jacksonville,Central Arkansas,-1,-2,-1.2705882352941131,4.270588235294127,-8.0,0.5294117647058822,0.6470588235294112,-2.882352941176471,-7.0,-1.3000000000000003,-4.900000000000006
2026-01-22,Jacksonville,Bellarmine,1,-7,-8.891812865497073,-13.033040935672531,2.795321637426902,1.6695906432748533,4.649122807017544,1.730994152046783,15.6,0.09999999999999964,-0.7999999999999972
2026-01-24,Jacksonville,Eastern Kentucky,1,5,-5.490000000000009,-4.5049999999999955,-8.450000000000003,0.4499999999999993,-1.6499999999999986,0.04999999999999716,-1.7999999999999998,-0.6000000000000005,-4.400000000000006
2026-01-31,Jacksonville,Florida Gulf Coast,1,-19,-2.904545454545456,-1.8409090909090935,-1.7727272727272734,0.04545454545454497,-0.545454545454545,-1.1363636363636367,8.8,-0.2999999999999998,-5.0
2026-02-18,Jacksonville,Florida Gulf Coast,-1,-2,-3.5148148148148266,0.07037037037038374,-2.074074074074076,0.18518518518518512,-0.37037037037037024,-1.2962962962962976,-10.4,-0.2999999999999998,-5.0
2026-02-21,Jacksonville,Austin Peay,1,-4,-6.669230769230779,9.880769230769232,-1.310439560439562,0.7829670329670328,0.5439560439560438,-2.01923076923077,-18.4,-0.7999999999999998,-4.5
2026-03-04,Jacksonville,Bellarmine,0,-3,-11.807741935483875,-12.655483870967728,-0.1935483870967758,1.6978494623655909,4.209677419354838,1.947311827956991,9.2,0.09999999999999964,-0.7999999999999972
2025-11-24,Jacksonville State,Arkansas State,-1,-11,19.058333333333337,-29.583333333333314,7.666666666666668,-6.416666666666666,1.75,7.583333333333332,40.5,-0.20000000000000018,-6.700000000000003
2025-12-13,Jacksonville State,Georgia State,-1,-4,18.08999999999999,-19.200000000000003,0.125,-0.625,2.8000000000000007,6.850000000000001,21.0,1.5999999999999996,-2.700000000000003
2025-12-17,Jacksonville State,Eastern Kentucky,1,-3,-2.152525252525251,-18.148484848484856,-6.101010101010104,-1.454545454545455,-1.4343434343434343,6.0808080808080796,-9.0,1.8999999999999995,-3.200000000000003
2025-12-20,Jacksonville State,East Tennessee State,-1,6,-6.171666666666667,-4.096666666666664,1.4166666666666679,-0.6666666666666661,2.033333333333333,3.616666666666667,-1.0,1.1999999999999997,-0.20000000000000284
2026-01-02,Jacksonville State,Delaware,-1,3,9.816666666666663,-13.650000000000006,1.75,-1.666666666666666,4.916666666666667,3.083333333333332,12.0,0.2999999999999998,1.7000000000000028
2026-01-07,Jacksonville State,Florida International,1,7,-4.792857142857159,-5.278571428571411,1.071428571428573,-1.9285714285714288,-1.9285714285714288,2.1428571428571423,-14.799999999999999,-0.7000000000000002,-6.3999999999999915
2026-01-28,Jacksonville State,Florida International,-1,4,-0.8497368421052442,-4.658157894736846,1.2684210526315773,-1.6684210526315795,-1.973684210526315,1.1684210526315795,6.800000000000001,-0.7000000000000002,-6.3999999999999915
2026-02-26,Jacksonville State,Delaware,1,10,3.5333333333333456,-10.462962962962976,-1.2592592592592595,-0.3333333333333339,3.666666666666667,0.9259259259259274,-0.8,0.2999999999999998,1.7000000000000028
2025-11-24,James Madison,Florida International,-1,8,2.2333333333333343,9.200000000000003,0.08333333333333215,-2.75,-7.416666666666666,-3.5,-4.25,-1.2000000000000002,-5.199999999999989
2025-11-29,James Madison,George Mason,-1,-16,-4.132142857142867,18.123214285714283,7.714285714285715,-0.8392857142857135,-0.3035714285714288,-1.1428571428571423,-17.8,-4.5,3.1000000000000085
2025-12-20,James Madison,Georgia Southern,-1,-4,-1.3785714285714334,5.738095238095255,-3.011904761904759,-0.6428571428571423,-1.1071428571428577,0.5,-18.200000000000003,1.0999999999999996,-4.599999999999994
2025-12-29,James Madison,Arkansas,-1,-29,-10.103205128205119,8.515384615384605,2.7756410256410255,0.647435897435896,-0.6858974358974361,-0.6282051282051277,-16.4,-17.2,-6.0
2026-01-03,James Madison,Arkansas State,-1,4,-3.6999999999999886,7.585714285714289,0.571428571428573,-3.6428571428571423,-1.7857142857142847,-1.428571428571427,-23.4,-0.7000000000000002,-5.5
2026-01-15,James Madison,Appalachian State,-1,-15,0.8019607843137351,9.648039215686282,0.4052287581699332,1.7679738562091512,-1.3725490196078418,-0.6013071895424851,-4.2,0.5,3.0
2026-02-12,James Madison,Georgia State,1,2,7.852000000000004,5.14800000000001,-1.2799999999999976,0.4800000000000004,0.4800000000000004,1.3599999999999994,9.6,1.0999999999999996,-1.5
2026-02-14,James Madison,Appalachian State,1,11,0.051282051282058205,11.812820512820522,-0.3019943019943021,2.3717948717948723,-0.7678062678062663,-1.1780626780626768,-11.2,0.5,3.0
2026-02-18,James Madison,Coastal Carolina,-1,2,5.7962962962962905,7.685185185185176,-0.4814814814814845,0.5925925925925934,0.2222222222222232,-4.296296296296294,0.4,0.5,-1.7999999999999972
2026-02-21,James Madison,Georgia State,-1,15,8.282142857142858,3.767857142857139,-1.321428571428573,0.5,0.07142857142857117,1.6071428571428577,9.8,1.0999999999999996,-1.5
2026-02-25,James Madison,Georgia Southern,1,16,0.8310344827586107,1.331034482758625,-4.448275862068964,0.3793103448275872,0.1724137931034484,2.517241379310345,11.4,1.0999999999999996,-4.599999999999994
2026-02-27,James Madison,Coastal Carolina,1,-1,6.013333333333335,6.436666666666667,-1.5333333333333314,0.8666666666666671,-0.13333333333333286,-3.9666666666666686,6.3999999999999995,0.5,-1.7999999999999972
2025-11-18,Kansas,Duke,0,-12,-12.75,6.575000000000003,-6.0,1.0,-4.75,-1.25,-17.25,-0.8999999999999986,2.0999999999999943
2025-12-02,Kansas,Connecticut,1,-5,-8.77857142857141,3.7303571428571303,-2.321428571428573,1.4821428571428577,-1.9642857142857135,3.9642857142857153,-5.6,0.0,2.5999999999999943
2025-12-22,Kansas,Davidson,1,29,-5.231060606060581,-8.945454545454552,-0.8106060606060588,0.08333333333333393,0.3333333333333339,5.810606060606059,-1.1999999999999993,12.600000000000001,4.200000000000003
2026-01-13,Kansas,Iowa State,1,21,-13.03125,7.918750000000003,0.375,0.3125,-1.875,4.375,-12.399999999999999,0.0,0.5
2026-01-16,Kansas,Baylor,1,18,-9.601102941176464,-6.5577205882352985,-1.139705882352942,-1.077205882352942,-4.216911764705882,3.0183823529411775,-0.5999999999999996,3.1000000000000014,-0.5999999999999943
2026-01-20,Kansas,Colorado,-1,6,-3.5500000000000114,-10.905555555555551,2.7222222222222214,0.05555555555555536,-1.1111111111111107,4.666666666666668,6.0,6.100000000000001,-2.200000000000003
2026-01-31,Kansas,Brigham Young,1,8,-6.139999999999986,-0.7550000000000097,-3.8000000000000007,-0.5999999999999996,-2.0999999999999996,2.1499999999999986,10.0,1.3000000000000007,-2.0999999999999943
2026-02-09,Kansas,Arizona,1,4,-7.68695652173912,5.986956521739145,4.782608695652176,-1.2608695652173907,-3.913043478260871,-1.0,-12.200000000000001,-2.099999999999998,-2.700000000000003
2026-02-14,Kansas,Iowa State,-1,-18,-8.454166666666666,3.8458333333333172,-1.375,-0.6666666666666661,-2.125,4.666666666666664,-4.4,0.0,0.5
2026-02-21,Kansas,Cincinnati,1,-16,8.607692307692304,1.8884615384615415,-5.115384615384613,-1.4615384615384617,-1.1538461538461533,2.9230769230769234,-2.6,3.9000000000000004,-0.5
2026-02-23,Kansas,Houston,1,13,-5.862962962962968,5.233333333333334,-5.222222222222221,2.222222222222223,-2.7407407407407405,5.37037037037037,-7.0,-0.3999999999999986,3.4000000000000057
2026-02-28,Kansas,Arizona,-1,-23,-7.992857142857133,4.357142857142847,4.178571428571427,-0.39285714285714235,-3.6071428571428577,-1.0,-3.8,-2.099999999999998,-2.700000000000003
2026-03-03,Kansas,Arizona State,-1,-10,1.23793103448277,-9.713793103448282,-1.448275862068968,-0.6896551724137936,-0.1034482758620694,5.793103448275861,-8.4,4.100000000000001,-2.0999999999999943
2026-03-13,Kansas,Houston,0,-22,-6.965625000000003,4.6625000000000085,-4.53125,2.40625,-1.96875,5.40625,-10.0,-0.3999999999999986,3.4000000000000057
2026-03-20,Kansas,California Baptist,0,8,2.9090909090909207,1.8090909090909122,2.0,-1.1515151515151505,-2.8484848484848495,2.969696969696969,-21.6,15.0,0.5
2025-12-03,Kansas City,Idaho State,1,-9,-18.9375,11.303571428571416,-2.821428571428573,1.6964285714285712,-1.1071428571428577,0.07142857142857295,-29.8,-4.199999999999999,5.0
2025-12-06,Kansas City,Eastern Washington,-1,-24,-13.237499999999997,-3.3375000000000057,-0.875,-0.625,1.125,-3.375,-9.4,-7.1,2.200000000000003
2025-12-31,Kansas City,Denver,-1,-13,-23.175714285714278,-9.430000000000007,-1.7428571428571438,3.742857142857142,0.5761904761904759,0.5904761904761919,-10.6,-3.8,2.3999999999999915
2026-01-28,Kansas City,Denver,1,-8,-20.403896103896102,-5.652597402597408,-1.7121212121212146,3.428571428571429,0.4718614718614731,-0.16883116883116855,-13.599999999999998,-3.8,2.3999999999999915
2025-11-25,Kansas State,Indiana,-1,-17,-1.5633333333333326,16.63333333333334,-0.23333333333333073,5.300000000000001,-0.43333333333333357,-2.666666666666668,-15.600000000000001,-2.5999999999999996,6.400000000000006
2025-12-01,Kansas State,Bowling Green,1,-16,4.428571428571416,18.299999999999997,3.7142857142857117,1.8571428571428577,-1.7142857142857153,-0.8571428571428577,-8.4,11.4,3.3000000000000114
2025-12-13,Kansas State,Creighton,-1,7,5.952222222222218,-1.5999999999999943,-2.62222222222222,2.6111111111111107,-0.40000000000000036,-1.0111111111111093,6.0,-0.40000000000000036,5.200000000000003
2026-01-03,Kansas State,Brigham Young,1,-10,-4.107692307692318,10.461538461538467,2.0769230769230766,3.2307692307692317,0.9230769230769216,-2.46153846153846,-7.599999999999998,-4.1,2.8000000000000114
2026-01-07,Kansas State,Arizona,-1,-25,-6.6000000000000085,13.107142857142847,8.785714285714288,0.6428571428571441,-2.7857142857142865,-3.8571428571428577,-9.0,-7.499999999999998,2.200000000000003
2026-01-10,Kansas State,Arizona State,-1,-3,3.933333333333337,-2.333333333333343,4.466666666666665,1.666666666666666,2.133333333333333,1.5333333333333314,11.600000000000001,-1.299999999999999,2.8000000000000114
2026-01-24,Kansas State,Kansas,1,-24,1.0315789473684163,9.378947368421052,5.94736842105263,2.526315789473683,1.3684210526315788,-5.105263157894736,-14.6,-5.4,4.900000000000006
2026-02-01,Kansas State,Iowa State,1,-34,-11.257142857142853,14.214285714285722,5.380952380952383,1.666666666666666,-0.7142857142857153,-0.5714285714285694,-15.8,-5.4,5.400000000000006
2026-02-11,Kansas State,Cincinnati,1,-29,8.417934782608683,12.47735507246378,0.8496376811594182,0.12681159420289845,-0.19021739130434767,-3.132246376811594,-10.2,-1.5,4.400000000000006
2026-02-14,Kansas State,Houston,-1,-14,-9.191666666666663,17.224999999999994,1.25,4.541666666666667,-2.0,0.2083333333333357,-34.8,-5.799999999999999,8.300000000000011
2026-02-17,Kansas State,Baylor,1,16,-7.7239999999999895,2.36399999999999,3.3999999999999986,1.040000000000001,-1.7200000000000006,-1.759999999999998,-18.8,-2.299999999999999,4.300000000000011
2026-02-25,Kansas State,Colorado,-1,-9,-4.474074074074082,-0.3629629629629676,5.592592592592592,2.703703703703704,0.11111111111111072,-0.8148148148148131,-4.4,0.7000000000000011,2.700000000000003
2026-03-07,Kansas State,Kansas,-1,-19,-2.7900000000000063,9.566666666666663,5.166666666666668,2.299999999999999,0.10000000000000142,-5.166666666666664,-0.7999999999999998,-5.4,4.900000000000006
2026-03-10,Kansas State,Brigham Young,0,-14,-10.635483870967732,3.980645161290326,1.0,2.225806451612904,-1.64516129032258,-2.806451612903224,-7.199999999999999,-4.1,2.8000000000000114
2025-11-26,Kennesaw State,Florida Gulf Coast,-1,2,3.2642857142857054,-14.26428571428572,2.595238095238095,2.8095238095238084,0.07142857142857117,5.4523809523809526,-0.5999999999999996,3.6000000000000005,2.700000000000003
2025-12-02,Kennesaw State,Jackson State,1,15,34.04285714285713,-30.857142857142847,1.7142857142857153,-0.14285714285714235,6.7142857142857135,10.857142857142858,32.0,6.3,1.2999999999999972
2025-12-06,Kennesaw State,Georgia State,1,23,28.36944444444444,-10.416666666666671,1.0972222222222214,0.22222222222222143,5.263888888888889,6.055555555555557,20.0,3.0,3.799999999999997
2025-12-21,Kennesaw State,Alabama,0,-11,-2.4545454545454533,-12.5090909090909,-6.818181818181817,2.3636363636363633,3.6363636363636367,0.6363636363636331,4.600000000000001,-16.5,-2.200000000000003
2026-01-04,Kennesaw State,Delaware,-1,-15,16.038461538461547,-12.115384615384613,4.4615384615384635,1.0,8.846153846153847,5.23076923076923,16.2,1.7,8.200000000000003
2026-01-10,Kennesaw State,Jacksonville State,1,6,4.739999999999995,0.28000000000000114,4.866666666666667,2.533333333333333,4.066666666666666,2.2666666666666657,-8.6,1.4000000000000001,6.5
2026-01-14,Kennesaw State,Florida International,1,3,2.143749999999997,-4.956249999999997,6.125,0.8125,2.25,4.5625,-5.4,0.7,0.10000000000000853
2026-02-07,Kennesaw State,Jacksonville State,-1,-19,5.777272727272731,0.4636363636363541,6.09090909090909,0.8181818181818183,3.6363636363636367,2.0,1.4000000000000004,1.4000000000000001,6.5
2026-02-28,Kennesaw State,Delaware,1,8,7.799999999999997,-10.235714285714295,4.214285714285712,0.7857142857142847,6.821428571428571,1.9642857142857153,4.2,1.7,8.200000000000003
2026-03-19,Kennesaw State,Gonzaga,0,-9,-7.627985739750443,9.595365418894843,7.275401069518715,2.1336898395721917,1.1844919786096266,-0.8039215686274481,-8.600000000000001,-11.0,2.700000000000003
2025-11-15,Kent State,Cleveland State,0,7,21.633333333333326,-5.466666666666654,5.333333333333336,-3.333333333333334,2.666666666666668,2.333333333333332,20.0,3.4,2.200000000000003
2025-11-18,Kent State,Eastern Kentucky,1,15,10.759999999999977,12.193333333333328,-3.8666666666666636,0.4666666666666668,1.2666666666666657,-2.0666666666666664,-3.5999999999999996,2.9999999999999996,4.0
2025-11-22,Kent State,Cleveland State,1,20,12.61666666666666,-10.25,-0.5,-0.5,3.0,2.0,21.2,3.4,2.200000000000003
2025-12-03,Kent State,Austin Peay,1,12,14.374999999999986,12.717857142857142,3.696428571428573,1.125,1.4821428571428577,2.196428571428573,23.2,2.8000000000000003,3.9000000000000057
2026-01-06,Kent State,Bowling Green,1,3,-2.0323809523809615,11.971904761904767,6.56190476190476,2.885714285714286,0.795238095238096,1.8428571428571416,-15.0,0.8999999999999999,3.3000000000000114
2026-01-10,Kent State,Central Michigan,-1,-2,13.606249999999989,-8.351249999999993,8.2625,2.3125,0.9250000000000007,3.491666666666667,5.2,2.0,5.700000000000003
2026-01-13,Kent State,Buffalo,-1,6,-3.46875,-1.4874999999999972,4.375,3.9375,1.875,4.3125,-17.6,1.6999999999999997,5.800000000000011
2026-01-24,Kent State,Eastern Michigan,-1,1,12.647368421052619,3.8578947368420984,10.0,2.6842105263157894,1.6842105263157894,1.3157894736842088,-2.4000000000000004,0.19999999999999996,4.900000000000006
2026-01-30,Kent State,Akron,-1,-17,-11.023809523809533,2.323809523809544,-1.0,3.8095238095238084,0.5238095238095237,0.8095238095238102,-11.2,-1.7000000000000002,2.700000000000003
2026-02-11,Kent State,Eastern Michigan,1,4,10.320833333333326,0.7541666666666629,8.583333333333332,2.583333333333332,2.583333333333334,2.3333333333333357,9.399999999999999,0.19999999999999996,4.900000000000006
2026-02-14,Kent State,Ball State,-1,7,13.71650000000001,0.6336666666666702,5.356666666666669,3.721666666666666,3.8599999999999994,5.608333333333331,9.4,3.1999999999999997,7.700000000000003
2026-02-17,Kent State,Bowling Green,-1,7,0.19615384615384812,8.792307692307688,6.846153846153843,2.5,2.7307692307692317,1.8461538461538467,-3.0,0.8999999999999999,3.3000000000000114
2026-02-24,Kent State,Central Michigan,1,2,7.229629629629613,-5.5,7.925925925925927,1.9629629629629637,2.2222222222222214,4.814814814814813,-2.4000000000000004,2.0,5.700000000000003
2026-02-27,Kent State,Akron,1,-22,-10.175000000000011,2.52500000000002,-1.6428571428571423,3.1428571428571423,1.1785714285714288,0.39285714285714235,-4.3999999999999995,-1.7000000000000002,2.700000000000003
2026-03-13,Kent State,Akron,0,-7,-9.434375000000003,4.243750000000006,-1.21875,2.5625,1.03125,-0.46875,-13.2,-1.7000000000000002,2.700000000000003
2026-03-18,Kent State,Illinois State,-1,-21,1.9557765151515127,4.999810606060606,3.1392045454545467,2.28125,2.558712121212121,0.37689393939393767,5.2,-3.8000000000000003,6.400000000000006
2025-11-14,Kentucky,Eastern Illinois,1,46,30.23333333333332,-8.066666666666691,13.666666666666668,-2.666666666666666,2.333333333333334,8.333333333333336,27.0,21.4,2.799999999999997
2025-12-05,Kentucky,Gonzaga,0,-35,0.8500000000000085,0.38749999999998863,3.875,-0.375,-1.875,2.625,5.0,4.600000000000001,-0.5
2025-12-13,Kentucky,Indiana,1,12,-3.140000000000015,0.5100000000000051,-1.1000000000000014,0.6999999999999993,2.5999999999999996,3.6999999999999993,1.1999999999999993,2.8000000000000007,2.5
2025-12-23,Kentucky,Bellarmine,1,14,2.617424242424235,-19.858333333333334,4.484848484848484,-1.2575757575757578,5.393939393939394,6.8030303030303045,-4.0,19.6,3.700000000000003
2026-01-03,Kentucky,Alabama,-1,-15,-1.9000000000000057,-9.438461538461539,-10.53846153846154,-0.07692307692307665,-0.15384615384615508,-1.1538461538461569,-5.6000000000000005,-0.8999999999999986,-5.400000000000006
2026-01-31,Kentucky,Arkansas,-1,8,-5.785714285714278,-4.328571428571436,1.2857142857142847,0.4285714285714288,0.7142857142857135,1.2857142857142847,-12.2,0.3000000000000007,-3.9000000000000057
2026-02-14,Kentucky,Florida,-1,-9,-0.7041666666666657,5.683333333333337,-1.4583333333333321,-1.75,-4.208333333333332,-4.25,-17.8,-1.0999999999999996,-2.299999999999997
2026-02-17,Kentucky,Georgia,1,-8,-0.951999999999984,0.4399999999999977,-5.16,-1.0,-1.4400000000000013,-0.7200000000000024,6.6,3.0,-5.200000000000003
2026-02-21,Kentucky,Auburn,-1,-1,-0.8307692307692349,-7.149999999999977,0.38461538461538325,0.0,-1.1538461538461533,2.23076923076923,9.8,1.5,-0.20000000000000284
2026-03-07,Kentucky,Florida,1,-7,-3.739999999999995,7.013333333333335,-0.5666666666666664,-1.0999999999999996,-3.7333333333333343,-4.366666666666667,-22.2,-1.0999999999999996,-2.299999999999997
2026-03-13,Kentucky,Florida,0,-8,-3.827468230694052,7.361290322580643,-0.5307917888563054,-1.2502443792766371,-3.8054740957966775,-4.6520039100684265,-20.0,-1.0999999999999996,-2.299999999999997
2026-03-22,Kentucky,Iowa State,0,-19,-4.111428571428561,9.882857142857134,0.45714285714285907,0.0,0.11428571428571566,1.457142857142859,-24.6,0.0,1.5
2025-11-15,LIU,James Madison,1,9,-3.3416666666666686,5.633333333333326,-15.0,5.0,3.166666666666666,-2.75,-5.666666666666667,-2.2,0.6999999999999886
2025-11-20,LIU,Fordham,-1,-16,-5.905000000000001,19.0,-13.3,6.0,-4.050000000000001,-6.899999999999999,-19.05,-3.5000000000000004,3.8999999999999915
2025-11-22,LIU,Illinois,-1,-40,-28.58,10.600000000000009,-18.0,5.4,-4.200000000000001,-6.599999999999998,-28.2,-20.5,2.1999999999999886
2025-12-20,LIU,Florida International,-1,-7,-3.5777777777777686,7.578787878787878,-8.181818181818183,1.7272727272727266,-1.717171717171718,-1.7070707070707059,1.1999999999999997,-3.4000000000000004,-4.5
2025-12-29,LIU,Georgia,-1,-15,-19.95833333333333,20.424999999999997,-12.916666666666664,3.083333333333332,-2.583333333333334,-8.0,-30.400000000000002,-16.700000000000003,-6.6000000000000085
2026-01-02,LIU,Central Connecticut State,1,6,-6.533566433566435,9.35734265734267,-4.46853146853147,4.335664335664335,1.3216783216783217,-5.314685314685317,-9.2,2.9000000000000004,3.1999999999999886
2026-01-04,LIU,Chicago State,-1,19,12.98571428571428,-5.5,0.35714285714285765,2.071428571428571,2.3571428571428577,1.428571428571427,14.2,0.8999999999999995,1.8999999999999915
2026-01-17,LIU,FDU,-1,7,4.964705882352959,1.9235294117647186,-11.882352941176471,1.7058823529411775,1.117647058823529,-1.764705882352942,6.4,3.4000000000000004,3.799999999999997
2026-01-31,LIU,Central Connecticut State,-1,21,-5.358809523809512,0.2547619047618923,-2.576190476190476,3.585714285714287,3.338095238095237,-2.5857142857142854,9.0,2.9000000000000004,3.1999999999999886
2026-02-26,LIU,Chicago State,1,17,8.017241379310349,-8.796551724137942,-1.448275862068968,3.275862068965516,2.6896551724137936,2.758620689655171,0.19999999999999973,0.8999999999999995,1.8999999999999915
2026-02-28,LIU,FDU,1,14,2.760000000000005,-4.006666666666661,-9.033333333333331,2.366666666666667,0.5666666666666664,-0.03333333333333144,9.600000000000001,3.4000000000000004,3.799999999999997
2026-03-04,LIU,Chicago State,1,4,9.15161290322581,-9.777419354838699,-1.35483870967742,3.290322580645162,2.451612903225807,2.838709677419356,15.8,0.8999999999999995,1.8999999999999915
2026-03-20,LIU,Arizona,0,-34,-11.338235294117652,7.658823529411777,0.20588235294117752,1.9705882352941178,-1.4117647058823533,-6.147058823529413,-0.5999999999999996,-21.799999999999997,-3.1000000000000085
2025-11-28,La Salle,Hofstra,0,-5,-5.220000000000013,-1.5133333333333354,-11.399999999999999,1.4000000000000004,-1.1333333333333346,0.6000000000000014,-7.3999999999999995,1.5999999999999999,0.5999999999999943
2025-12-06,La Salle,Drexel,0,5,-3.433333333333337,-2.36666666666666,-7.0,1.2222222222222214,-2.333333333333334,-1.4444444444444429,-4.3999999999999995,5.0,1.5
2025-12-13,La Salle,LIU,-1,-10,-3.256666666666675,-10.092222222222219,1.0666666666666647,-1.855555555555556,0.155555555555555,2.0888888888888886,12.0,7.1000000000000005,-1.5999999999999943
2025-12-19,La Salle,High Point,-1,-12,-26.359090909090895,5.6113636363636346,-10.318181818181817,4.348484848484848,0.6666666666666661,-0.3560606060606055,-25.400000000000002,3.7,-4.900000000000006
2025-12-31,La Salle,George Mason,1,-5,-18.907692307692315,8.253846153846155,-2.384615384615387,2.5384615384615383,1.6923076923076934,-2.1538461538461533,-21.0,0.3999999999999999,2.200000000000003
2026-01-03,La Salle,George Washington,-1,-22,-20.5,7.007142857142853,-9.5,0.2857142857142865,0.571428571428573,-2.7857142857142883,-27.200000000000003,-1.5999999999999999,-3.0
2026-01-21,La Salle,Dayton,1,3,-10.395614035087718,12.599707602339194,-6.760233918128652,1.8771929824561404,2.0058479532163744,-1.0847953216374258,-18.6,-3.5,-1.2000000000000028
2026-01-28,La Salle,Fordham,-1,-6,-6.489999999999981,10.514999999999986,-6.25,1.0,-2.1999999999999993,-3.6000000000000014,4.8,3.5999999999999996,2.299999999999997
2026-02-18,La Salle,Duquesne,-1,-1,-14.475999999999999,3.86399999999999,-9.240000000000002,-0.7599999999999998,0.7599999999999998,-2.3599999999999994,-15.6,0.09999999999999987,-3.4000000000000057
2026-02-24,La Salle,George Washington,1,-27,-18.870370370370367,2.455555555555563,-11.296296296296298,-0.18518518518518512,-1.2222222222222232,-2.0740740740740726,-7.2,-1.5999999999999999,-3.0
2026-03-01,La Salle,Davidson,-1,-7,-12.574999999999989,4.7607142857143,-6.928571428571427,2.0357142857142865,1.0357142857142847,0.0357142857142847,-21.4,0.0,2.200000000000003
2026-03-04,La Salle,Fordham,1,3,-7.310344827586206,8.827586206896541,-5.310344827586206,1.1034482758620694,-1.4827586206896548,-3.275862068965516,-5.4,3.5999999999999996,2.299999999999997
2025-11-29,Lafayette,Ball State,1,18,0.24047619047618696,8.683333333333337,0.14285714285714235,0.3333333333333339,2.8095238095238093,0.5238095238095255,-12.6,-1.7999999999999998,0.7000000000000028
2025-12-18,Lafayette,Charlotte,-1,-14,-6.927272727272737,-2.718181818181833,-2.0,0.18181818181818166,-2.2727272727272725,0.7272727272727266,5.6000000000000005,-6.6,1.2000000000000028
2025-12-20,Lafayette,Georgia Tech,-1,-14,-0.7553030303030255,13.432575757575762,2.15909090909091,-1.1969696969696972,-1.8106060606060597,-5.060606060606059,1.8,-10.399999999999999,-5.5
2025-12-31,Lafayette,Colgate,1,-8,-7.046153846153857,4.953846153846143,2.9230769230769234,0.6153846153846168,1.3076923076923075,-1.5384615384615365,-8.6,-1.3999999999999995,-1.6999999999999886
2026-01-07,Lafayette,Boston University,1,-16,-9.933333333333337,-4.78666666666669,-2.5333333333333314,0.0,-0.2666666666666666,1.3333333333333321,-0.9999999999999996,-0.6999999999999993,1.7000000000000028
2026-01-14,Lafayette,Bucknell,-1,-7,7.71764705882353,1.264705882352942,-1.647058823529413,-2.9411764705882355,-0.6470588235294112,2.235294117647058,4.799999999999999,-1.1999999999999993,-0.6999999999999886
2026-01-17,Lafayette,Holy Cross,1,19,0.6388888888888857,4.205555555555563,1.222222222222225,-0.05555555555555536,0.33333333333333304,0.7777777777777786,-10.4,0.20000000000000018,1.4000000000000057
2026-01-21,Lafayette,Boston University,-1,-4,-11.968421052631584,-4.963157894736852,-1.6315789473684212,-0.5263157894736832,0.3157894736842106,0.526315789473685,-3.8,-0.6999999999999993,1.7000000000000028
2026-01-28,Lafayette,Bucknell,1,2,5.080952380952382,-1.7428571428571473,-1.4285714285714306,-2.7619047619047628,0.04761904761904745,2.19047619047619,-1.1999999999999997,-1.1999999999999993,-0.6999999999999886
2026-01-31,Lafayette,American,-1,2,-6.827272727272728,6.099999999999994,-3.1818181818181834,-1.0,0.0,0.7727272727272698,-4.8,-0.7999999999999998,0.4000000000000057
2026-02-07,Lafayette,Army,-1,3,-3.2833333333333314,-1.9499999999999886,-8.666666666666668,-1.25,-2.166666666666666,-0.125,3.0,1.2000000000000002,-1.8999999999999915
2026-02-18,Lafayette,Holy Cross,-1,3,-0.9185185185185247,-0.9777777777777885,2.5555555555555536,0.0,1.5185185185185182,0.6666666666666679,-3.8,0.20000000000000018,1.4000000000000057
2026-02-22,Lafayette,American,1,-14,-7.699999999999989,4.732142857142861,-3.4642857142857117,-0.6428571428571423,-0.10714285714285587,1.75,-8.8,-0.7999999999999998,0.4000000000000057
2026-02-25,Lafayette,Colgate,-1,1,-8.665517241379305,2.8724137931034335,2.6896551724137936,-0.1034482758620694,0.5172413793103443,-1.3793103448275872,-5.2,-1.3999999999999995,-1.6999999999999886
2026-02-28,Lafayette,Army,1,6,-2.430000000000007,-1.960000000000008,-9.3,-1.4666666666666668,-1.9333333333333336,0.5666666666666664,1.2000000000000002,1.2000000000000002,-1.8999999999999915
2026-03-03,Lafayette,Holy Cross,1,-5,0.17096774193547049,-0.7032258064516128,2.29032258064516,-0.12903225806451601,1.516129032258065,0.870967741935484,3.9999999999999996,0.20000000000000018,1.4000000000000057
2025-12-31,Lamar,East Texas A&M,-1,7,3.0698717948718013,-6.953205128205127,-6.108974358974361,-1.7115384615384617,2.8461538461538467,0.6730769230769234,14.2,0.19999999999999973,-2.0999999999999943
2026-01-10,Lamar,Incarnate Word,1,12,-13.266666666666666,-6.340000000000018,-2.93333333333333,1.9333333333333336,0.5999999999999996,0.8666666666666671,-6.8,0.0,0.7000000000000028
2026-01-12,Lamar,Houston Christian,1,8,0.20624999999999716,-14.150000000000006,0.75,-0.6875,3.25,2.1875,21.6,0.6999999999999997,1.4000000000000057
2026-01-27,Lamar,East Texas A&M,1,21,4.569999999999993,-3.3200000000000074,-5.800000000000001,-1.5500000000000007,2.799999999999999,-0.6999999999999993,2.4,0.19999999999999973,-2.0999999999999943
2026-02-28,Lamar,Incarnate Word,-1,-12,-5.596551724137925,-8.779310344827593,-2.103448275862071,0.724137931034484,0.862068965517242,1.9310344827586228,0.5999999999999996,0.0,0.7000000000000028
2026-03-02,Lamar,Houston Christian,-1,-22,2.1200000000000188,-8.793333333333337,1.0666666666666664,-0.33333333333333215,2.466666666666667,2.900000000000002,-0.8000000000000007,0.6999999999999997,1.4000000000000057
2025-11-22,Le Moyne,Fairfield,1,-14,7.240000000000009,3.4599999999999937,-1.2000000000000028,2.8000000000000007,-3.0,-2.3999999999999986,2.6,-1.3999999999999995,1.5
2025-11-28,Le Moyne,Lafayette,-1,13,10.366666666666674,-1.76666666666668,3.0,1.666666666666666,-0.8333333333333321,2.333333333333332,-0.5999999999999996,-1.0,2.0999999999999943
2025-11-30,Le Moyne,Ball State,0,-11,18.92857142857143,7.700000000000003,0.0,1.4285714285714288,0.9642857142857144,3.2678571428571423,15.0,-2.8,2.799999999999997
2025-12-06,Le Moyne,Binghamton,-1,15,13.177777777777791,4.055555555555557,6.222222222222221,-1.1111111111111107,0.11111111111111072,1.1111111111111143,1.2000000000000002,3.3000000000000007,2.299999999999997
2025-12-28,Le Moyne,Boston College,-1,-8,6.116666666666646,16.125,-4.333333333333332,2.166666666666666,-2.999999999999999,-2.75,-12.4,-11.6,1.2999999999999972
2026-01-10,Le Moyne,Central Connecticut State,1,-10,-5.803571428571416,3.237499999999997,1.7678571428571423,2.4107142857142865,-0.23214285714285765,-1.0446428571428577,0.7999999999999998,0.7000000000000011,3.5999999999999943
2026-01-17,Le Moyne,Chicago State,-1,15,11.658823529411762,-9.341176470588238,5.4705882352941195,1.2941176470588225,0.117647058823529,4.7058823529411775,15.2,-1.2999999999999998,2.299999999999997
2026-01-19,Le Moyne,LIU,1,6,0.17222222222223138,-1.4222222222222172,6.055555555555557,-1.6111111111111125,-3.4444444444444446,2.5,1.0,-2.1999999999999993,0.4000000000000057
2026-01-26,Le Moyne,FDU,-1,13,4.134999999999991,-0.08999999999997499,-5.399999999999999,0.40000000000000036,-2.1500000000000004,1.3000000000000007,6.4,1.200000000000001,4.200000000000003
2026-01-29,Le Moyne,LIU,-1,-22,2.138333333333321,-0.9554761904761904,5.223809523809525,-1.2023809523809526,-3.8309523809523807,2.6047619047619044,3.2,-2.1999999999999993,0.4000000000000057
2026-02-14,Le Moyne,Chicago State,1,18,7.734615384615381,-7.842307692307699,3.9230769230769234,2.7692307692307683,-0.6153846153846159,5.346153846153847,-9.6,-1.2999999999999998,2.299999999999997
2026-02-19,Le Moyne,Central Connecticut State,-1,-1,-5.82948148148148,-0.8675555555555547,2.120000000000001,2.626666666666667,-0.5348148148148146,0.47555555555555884,-1.8,0.7000000000000011,3.5999999999999943
2026-02-26,Le Moyne,FDU,1,17,1.76206896551723,-0.9413793103448427,-4.0,1.931034482758621,-2.655172413793103,2.344827586206897,2.6,1.200000000000001,4.200000000000003
2025-11-21,Lehigh,Columbia,1,-15,-6.349999999999994,-1.6049999999999898,3.9499999999999993,-0.15000000000000036,-2.5,-2.75,-1.7,-4.2,0.10000000000000853
2025-12-02,Lehigh,Binghamton,-1,-9,0.8680555555555571,-4.688888888888897,5.055555555555557,-1.541666666666666,-1.6805555555555554,-0.5138888888888893,2.2,4.0,1.7000000000000028
2025-12-06,Lehigh,LIU,1,-5,-5.4824999999999875,-7.184999999999988,8.925,-2.4250000000000007,-2.45,-0.3999999999999986,-2.0,-1.5,-0.19999999999998863
2025-12-31,Lehigh,Army,1,-7,-5.476923076923072,-2.7923076923076877,-8.23076923076923,1.6923076923076934,-2.4615384615384626,-2.1538461538461533,-15.0,0.8999999999999995,-0.3999999999999915
2026-01-03,Lehigh,Bucknell,-1,-7,5.121428571428567,-7.492857142857147,0.2142857142857153,-0.4285714285714288,-1.0714285714285712,1.6428571428571423,10.0,-1.5,0.8000000000000114
2026-01-07,Lehigh,Holy Cross,1,8,-0.9133333333333411,-3.180000000000007,1.1999999999999993,2.7333333333333325,-0.6666666666666661,1.0666666666666664,1.4000000000000004,-0.10000000000000053,2.9000000000000057
2026-01-10,Lehigh,Colgate,-1,1,-11.518749999999997,-2.4375,3.3125,3.625,-0.4375,-0.9375,2.2,-1.7000000000000002,-0.19999999999998863
2026-01-14,Lehigh,Boston University,-1,2,-16.18235294117646,-10.929411764705875,-1.5882352941176485,2.5882352941176467,-0.5882352941176467,0.5294117647058805,-9.8,-1.0,3.200000000000003
2026-01-24,Lehigh,Lafayette,1,5,0.355000000000004,-3.8799999999999955,0.09999999999999787,2.0999999999999996,-1.0999999999999996,-0.3999999999999986,9.8,-0.3000000000000007,1.5
2026-01-28,Lehigh,Army,-1,-3,-4.238095238095227,-7.580952380952368,-9.333333333333336,1.2857142857142865,-3.2857142857142865,0.04761904761904745,12.8,0.8999999999999995,-0.3999999999999915
2026-01-31,Lehigh,Colgate,1,1,-9.568181818181813,-1.9727272727272833,2.6818181818181834,2.2727272727272716,-0.9090909090909092,-0.7727272727272698,-3.8000000000000003,-1.7000000000000002,-0.19999999999998863
2026-02-07,Lehigh,Holy Cross,-1,-9,1.3291666666666515,-4.241666666666674,2.0,2.208333333333332,0.08333333333333304,1.0,9.0,-0.10000000000000053,2.9000000000000057
2026-02-11,Lehigh,American,1,8,-6.512000000000015,1.1359999999999957,-3.879999999999999,1.3199999999999985,-1.799999999999999,1.4800000000000004,0.19999999999999973,-1.1000000000000005,1.9000000000000057
2026-02-14,Lehigh,Lafayette,-1,9,2.3384615384615444,-2.369230769230768,-0.6923076923076898,2.4615384615384617,-1.8076923076923075,0.07692307692307665,2.8000000000000003,-0.3000000000000007,1.5
2026-02-22,Lehigh,Boston University,1,3,-12.614285714285714,-6.217857142857142,-1.8571428571428577,1.2857142857142865,-0.9285714285714279,-0.10714285714285765,-18.8,-1.0,3.200000000000003
2026-02-25,Lehigh,American,-1,5,-6.624137931034468,2.186206896551724,-4.27586206896552,1.4827586206896548,-1.6206896551724137,1.5172413793103452,-7.800000000000001,-1.1000000000000005,1.9000000000000057
2026-02-28,Lehigh,Bucknell,1,10,5.7933333333333366,-5.0,-1.6000000000000014,-0.33333333333333215,-1.0333333333333332,1.3666666666666671,11.200000000000001,-1.5,0.8000000000000114
2026-03-05,Lehigh,Holy Cross,1,3,1.9313508064516043,-3.3622983870967857,1.5756048387096762,2.153225806451612,0.04435483870967705,0.6350806451612918,4.4,-0.10000000000000053,2.9000000000000057
2026-03-08,Lehigh,Colgate,1,7,-6.2250000000000085,-1.109375,1.71875,2.03125,-1.0,-1.15625,5.199999999999999,-1.7000000000000002,-0.19999999999998863
2026-03-11,Lehigh,Boston University,1,14,-10.73030303030302,-5.739393939393949,-2.1515151515151523,1.1515151515151523,-0.7272727272727275,0.060606060606058776,1.9999999999999996,-1.0,3.200000000000003
2025-11-26,Liberty,Bradley,0,-10,21.285714285714263,-5.411904761904751,3.404761904761905,-2.833333333333333,-2.261904761904762,5.428571428571427,17.6,-1.0,-4.599999999999994
2025-12-06,Liberty,Coppin State,1,42,36.16363636363636,-15.201298701298683,9.857142857142858,-7.376623376623377,-4.311688311688312,3.025974025974026,23.4,9.5,-4.5
2025-12-20,Liberty,Dayton,-1,3,10.548333333333332,1.8633333333333155,4.383333333333333,-2.8166666666666664,-2.8833333333333337,1.0,-4.799999999999999,-5.6000000000000005,-3.200000000000003
2025-12-28,Liberty,Florida International,-1,3,9.945454545454552,-0.9545454545454533,2.636363636363633,-4.181818181818182,-6.636363636363637,0.3636363636363633,-7.4,1.6,-8.099999999999994
2026-01-02,Liberty,Kennesaw State,1,8,4.88333333333334,6.2666666666666515,0.6666666666666643,-4.833333333333334,-8.833333333333334,-5.333333333333332,-7.0,0.9,-8.200000000000003
2026-01-04,Liberty,Jacksonville State,1,9,11.907692307692301,5.846153846153854,3.23076923076923,-2.2307692307692317,-5.384615384615385,-2.7692307692307665,-0.20000000000000018,2.3000000000000003,-1.7000000000000028
2026-01-24,Liberty,Delaware,1,16,20.117251461988303,-6.600584795321652,2.108187134502927,-2.959064327485379,-1.0438596491228065,-0.16081871345029342,14.600000000000001,2.6,0.0
2026-02-04,Liberty,Delaware,-1,6,20.599999999999994,-7.36666666666666,2.571428571428573,-3.428571428571429,-1.1904761904761907,-0.1904761904761898,20.8,2.6,0.0
2026-02-19,Liberty,Florida International,1,1,12.348000000000013,-0.10000000000000853,4.479999999999997,-4.52,-6.680000000000001,-1.0399999999999991,7.0,1.6,-8.099999999999994
2026-02-26,Liberty,Kennesaw State,-1,-9,7.951851851851856,3.299999999999997,-2.3333333333333357,-3.333333333333334,-7.851851851851851,-2.7407407407407405,2.5999999999999996,0.9,-8.200000000000003
2026-02-28,Liberty,Jacksonville State,-1,3,11.024999999999991,4.071428571428569,3.5357142857142883,-2.142857142857144,-4.678571428571428,-1.928571428571427,-0.8000000000000003,2.3000000000000003,-1.7000000000000028
2026-03-17,Liberty,George Mason,-1,6,7.106250000000003,3.9375,8.0,-1.9375,-3.75,-1.75,-5.0,-1.7000000000000002,0.20000000000000284
2025-11-14,Lindenwood,Charleston Southern,0,6,-7.316666666666677,3.39166666666668,-13.0,1.916666666666666,-2.916666666666666,-2.083333333333332,-7.833333333333333,-1.7000000000000002,-2.0
2025-11-16,Lindenwood,Alabama A&M,-1,-9,8.274999999999991,0.9583333333333286,1.25,1.75,1.166666666666666,2.166666666666668,5.166666666666667,2.9000000000000004,6.200000000000003
2025-11-20,Lindenwood,Indiana,-1,-20,-28.985,14.670000000000002,-5.399999999999999,5.1,0.25,-2.1000000000000014,-31.05,-18.4,6.299999999999997
2025-11-24,Lindenwood,Kansas City,1,13,2.6500000000000057,-10.049999999999997,-3.633333333333333,0.8666666666666654,-0.43333333333333357,3.0,16.400000000000002,1.1999999999999993,2.0
2025-12-06,Lindenwood,Eastern Illinois,-1,8,10.25357142857142,-14.899999999999991,2.1428571428571423,0.125,4.607142857142857,4.535714285714285,29.4,0.1999999999999993,6.599999999999994
2026-02-26,Lindenwood,Eastern Illinois,1,-4,4.73793103448277,-5.775862068965509,2.068965517241381,2.1034482758620676,1.793103448275863,3.2413793103448256,-5.6,0.1999999999999993,6.599999999999994
2025-11-19,Lipscomb,Belmont,-1,-7,-7.666666666666657,21.041666666666657,10.25,-3.416666666666666,3.166666666666666,-2.25,-20.416666666666664,-4.7,-0.09999999999999432
2025-12-07,Lipscomb,Alabama A&M,1,34,10.173015873015885,-0.050793650793664824,12.793650793650794,0.3333333333333339,2.2857142857142856,0.46031746031746223,10.799999999999999,5.9,2.9000000000000057
2025-12-16,Lipscomb,Duke,-1,-24,-12.900000000000006,15.739999999999995,3.400000000000002,1.3000000000000007,-0.9000000000000004,-4.699999999999999,-3.8000000000000007,-19.099999999999998,3.5999999999999943
2025-12-29,Lipscomb,Cincinnati,-1,-27,10.424999999999997,10.408333333333346,2.1666666666666643,-1.25,-0.75,-2.5,11.799999999999999,-14.3,1.0
2026-01-01,Lipscomb,Jacksonville,1,19,3.392307692307682,-6.169230769230765,5.4615384615384635,-0.5384615384615383,-1.76923076923077,2.9230769230769234,13.4,1.3000000000000003,5.0
2026-01-10,Lipscomb,Florida Gulf Coast,-1,7,-0.3125,-5.349999999999994,3.8125,-0.375,-2.0,1.5625,6.4,1.0000000000000004,0.0
2026-01-15,Lipscomb,Bellarmine,1,10,-4.301838235294113,-15.531985294117646,9.025735294117649,0.547794117647058,3.757352941176471,3.555147058823529,7.999999999999999,1.4,4.200000000000003
2026-01-17,Lipscomb,Austin Peay,1,4,2.645833333333343,6.682638888888889,4.055555555555557,0.7777777777777786,-0.6944444444444446,1.3333333333333321,-2.2,0.5000000000000004,0.5
2026-01-23,Lipscomb,Florida Gulf Coast,1,15,0.8799999999999955,-6.515000000000001,4.600000000000001,-0.4499999999999993,-1.5999999999999996,1.4499999999999993,10.0,1.0000000000000004,0.0
2026-01-29,Lipscomb,Jacksonville,-1,-5,5.404761904761898,-4.790476190476198,6.142857142857142,-0.7619047619047628,-1.095238095238095,2.80952380952381,-1.8000000000000007,1.3000000000000003,5.0
2026-02-04,Lipscomb,Austin Peay,-1,-11,3.0929606625258685,6.957349896480338,4.010351966873706,-0.200828157349898,-0.8550724637681171,0.341614906832298,-2.2,0.5000000000000004,0.5
2026-02-07,Lipscomb,Central Arkansas,1,-8,2.513405797101427,2.8280797101449195,-2.442028985507246,-0.2898550724637694,-0.3641304347826093,-0.5144927536231911,-16.0,0.0,0.09999999999999432
2026-02-11,Lipscomb,Eastern Kentucky,1,14,0.25600000000001444,-7.143999999999991,-2.8800000000000026,-0.4399999999999995,-3.16,2.5599999999999987,1.0,0.6999999999999997,0.5999999999999943
2026-02-18,Lipscomb,Bellarmine,-1,3,-6.153418803418816,-15.22179487179487,7.099715099715102,1.349002849002849,3.1310541310541318,3.9729344729344724,-3.4,1.4,4.200000000000003
2026-02-28,Lipscomb,Eastern Kentucky,-1,3,0.23999999999999488,-9.0,-2.5333333333333314,-0.09999999999999964,-3.166666666666668,3.0333333333333314,12.0,0.6999999999999997,0.5999999999999943
2026-03-06,Lipscomb,Florida Gulf Coast,0,-24,3.664818548387089,-2.6139112903225765,5.36592741935484,-0.012096774193548043,-1.487903225806452,1.3064516129032242,4.0,1.0000000000000004,0.0
2025-11-15,Little Rock,Ball State,-1,6,-0.4000000000000057,19.799999999999983,-4.0,2.666666666666668,5.333333333333333,-3.333333333333332,-13.666666666666668,-1.2999999999999998,1.5
2025-12-03,Little Rock,Central Arkansas,-1,-38,-1.1946428571428527,8.032142857142858,-18.017857142857142,2.678571428571429,2.071428571428571,-7.035714285714285,-14.6,-2.1999999999999997,-2.700000000000003
2025-12-06,Little Rock,Arkansas State,1,-12,-13.11666666666666,6.9180555555555685,-10.5,1.2222222222222214,-1.041666666666666,-5.541666666666668,-12.6,-3.5999999999999996,-5.700000000000003
2026-01-10,Little Rock,Lindenwood,-1,8,-6.343750000000014,16.60624999999999,-1.9375,1.9375,-1.3125,-6.4375,-3.6000000000000014,0.8000000000000007,-6.099999999999994
2026-01-15,Little Rock,Eastern Illinois,1,11,5.423529411764704,5.876470588235293,-0.35294117647059053,2.235294117647058,2.4117647058823533,-2.4705882352941195,7.2,1.0,0.5
2026-02-05,Little Rock,Lindenwood,1,-5,-2.9351449275362285,12.941847826086956,-1.371376811594203,-0.20289855072463858,-1.096014492753623,-5.396739130434781,-7.4,0.8000000000000007,-6.099999999999994
2026-02-14,Little Rock,Eastern Illinois,-1,-6,3.9807692307692264,4.76153846153845,0.9615384615384599,0.884615384615385,2.3076923076923075,-1.3461538461538467,5.8,1.0,0.5
2026-03-04,Little Rock,Lindenwood,0,-10,-0.8935483870967715,10.270967741935479,-0.9677419354838719,-1.3225806451612918,-0.8387096774193559,-4.161290322580644,4.4,0.8000000000000007,-6.099999999999994
2025-11-16,Long Beach State,Illinois State,1,-2,-17.433333333333323,1.3333333333333428,-2.666666666666668,5.0,-3.666666666666667,-6.0,-14.0,-4.9,4.5
2025-12-21,Long Beach State,Iowa State,-1,-31,-22.1128787878788,21.974999999999994,-0.6287878787878789,1.8409090909090917,-0.537878787878789,-3.2651515151515156,-31.799999999999997,-17.0,3.5
2026-01-03,Long Beach State,Cal Poly,1,8,-0.12380952380952692,-0.4000000000000057,-9.80952380952381,-4.085714285714287,-1.0857142857142872,-6.219047619047618,7.199999999999999,-0.7000000000000002,-4.799999999999997
2026-01-10,Long Beach State,Cal State Bakersfield,1,6,2.4496323529411796,1.7308823529411796,4.297794117647058,-1.7830882352941178,-2.507352941176471,-1.397058823529413,-2.8000000000000003,2.3999999999999995,-1.2999999999999972
2026-01-17,Long Beach State,Cal State Northridge,-1,7,-2.211403508771923,2.732163742690048,-2.397660818713451,-1.4941520467836256,-2.997076023391813,-5.3187134502924,12.6,-0.5,-4.400000000000006
2026-01-22,Long Beach State,Cal State Fullerton,-1,-10,-2.6884210526315826,-0.9563157894736776,-5.402631578947371,0.4815789473684209,-0.8578947368421046,-2.6473684210526294,7.6,-1.0000000000000002,-3.799999999999997
2026-01-31,Long Beach State,Hawaii,1,-7,-6.348636363636359,16.285909090909087,-2.981818181818184,-1.3272727272727263,-2.077272727272727,-5.600000000000001,-8.6,-0.30000000000000027,-1.0999999999999943
2026-02-12,Long Beach State,Cal State Fullerton,1,-4,-3.438666666666677,1.6976666666666773,-5.171666666666667,0.5483333333333338,-0.4499999999999993,-2.796666666666667,-13.2,-1.0000000000000002,-3.799999999999997
2026-02-21,Long Beach State,Cal State Northridge,1,-2,-4.6925925925925895,4.066666666666663,-1.6666666666666643,-0.6666666666666679,-2.5925925925925926,-5.666666666666664,-20.0,-0.5,-4.400000000000006
2026-02-26,Long Beach State,Cal Poly,-1,-10,-3.242857142857133,-3.2964285714285637,-11.607142857142858,-3.178571428571429,-1.25,-3.1428571428571423,-10.8,-0.7000000000000002,-4.799999999999997
2026-02-28,Long Beach State,Cal State Bakersfield,-1,1,3.9517241379310235,-2.84137931034482,4.0,-1.2758620689655178,-1.9999999999999991,-0.4827586206896548,7.0,2.3999999999999995,-1.2999999999999972
2026-03-08,Long Beach State,Hawaii,-1,9,-7.124916573971078,12.077641824249156,-2.630700778642936,-0.8409343715239164,-1.5661846496106788,-4.624026696329256,-9.0,-0.30000000000000027,-1.0999999999999943
2025-11-15,Longwood,Binghamton,1,8,15.091666666666669,-14.783333333333346,-0.5,-1.166666666666666,6.166666666666666,2.166666666666668,21.916666666666664,4.800000000000001,4.700000000000003
2025-11-23,Longwood,Columbia,-1,-25,1.0,-0.6599999999999966,-0.20000000000000284,-0.5999999999999996,1.6000000000000014,-4.400000000000002,2.2,-3.3999999999999995,3.1000000000000085
2025-11-30,Longwood,American,-1,-26,-4.875000000000014,5.950000000000003,-9.625,1.25,1.875,-1.25,-29.2,-0.2999999999999998,4.900000000000006
2025-12-13,Longwood,Delaware State,1,-5,18.518181818181816,-3.2272727272727195,0.3636363636363633,2.4545454545454533,1.7272727272727266,0.9090909090909065,19.8,6.6,5.0
2026-01-03,Longwood,High Point,-1,-13,-22.625,5.862499999999997,-6.3125,4.8125,0.0625,0.3125,-33.599999999999994,-4.1,-0.5
2026-01-21,Longwood,Gardner-Webb,1,35,12.450000000000017,-17.864999999999995,-3.75,0.0,3.2,1.9000000000000021,23.0,1.4000000000000004,0.7000000000000028
2026-01-23,Longwood,Charleston Southern,1,2,-0.942857142857136,0.9666666666666544,-14.904761904761905,1.238095238095239,0.3809523809523814,-5.714285714285715,5.6,-0.8999999999999995,-4.3999999999999915
2026-01-31,Longwood,High Point,1,-12,-19.23913043478261,4.782608695652186,-6.304347826086957,4.956521739130434,0.304347826086957,0.0434782608695663,3.8000000000000003,-4.1,-0.5
2026-02-04,Longwood,Gardner-Webb,-1,20,12.139492753623188,-18.512862318840575,-3.2771739130434767,0.26811594202898625,3.025362318840579,2.2554347826086953,23.200000000000003,1.4000000000000004,0.7000000000000028
2026-02-21,Longwood,Charleston Southern,-1,11,-1.2573891625615943,-0.44593596059112883,-14.506157635467982,0.22660098522167438,-0.04310344827586121,-4.326354679802957,5.0,-0.8999999999999995,-4.3999999999999915
2025-11-28,Louisiana,Jackson State,1,-6,5.859523809523807,-19.966666666666683,-6.833333333333332,-2.2857142857142865,0.2857142857142856,1.904761904761905,11.200000000000003,3.5,-7.300000000000011
2025-12-03,Louisiana,Lamar,-1,-10,-19.61250000000001,19.595833333333346,-2.291666666666668,0.08333333333333393,-5.208333333333334,-5.0,-30.2,-0.19999999999999973,-1.8000000000000114
2026-01-22,Louisiana,Appalachian State,-1,-14,-15.324999999999989,5.144999999999996,-0.6999999999999993,2.1500000000000004,-3.1500000000000004,-4.949999999999999,-5.199999999999999,-0.39999999999999947,-0.30000000000001137
2026-01-29,Louisiana,Georgia State,1,10,-5.985714285714295,4.514285714285705,-3.142857142857146,-0.2857142857142865,-1.4761904761904754,-3.571428571428573,-12.8,0.20000000000000018,-4.800000000000011
2026-01-31,Louisiana,Georgia Southern,1,9,-14.024703557312236,1.7005928853754853,-5.387351778656129,0.4169960474308301,-2.3774703557312247,-2.7569169960474333,-1.2000000000000002,0.20000000000000018,-7.900000000000006
2026-02-04,Louisiana,James Madison,-1,3,-12.721739130434784,-2.969565217391306,-2.304347826086957,-0.3478260869565215,-2.086956521739131,-4.260869565217391,-2.1999999999999997,-0.8999999999999995,-3.3000000000000114
2026-02-07,Louisiana,Central Michigan,1,5,-7.194202898550728,-5.1688405797101495,3.788043478260871,-1.5362318840579707,-1.9746376811594208,-1.5090579710144922,-1.5999999999999996,-0.49999999999999956,-3.6000000000000085
2026-02-12,Louisiana,Coastal Carolina,1,-4,-4.877230769230749,6.067999999999998,-2.975384615384616,0.35999999999999943,-1.552307692307692,-9.133846153846154,-0.6000000000000001,-0.39999999999999947,-5.1000000000000085
2026-02-19,Louisiana,Arkansas State,1,-17,-13.833333333333329,2.981481481481481,-5.037037037037038,-3.518518518518519,-4.888888888888888,-6.222222222222221,-11.799999999999999,-1.5999999999999996,-8.800000000000011
2026-02-27,Louisiana,Arkansas State,-1,-23,-14.25666666666666,3.3599999999999994,-4.766666666666666,-3.966666666666667,-4.766666666666667,-6.766666666666666,-19.4,-1.5999999999999996,-8.800000000000011
2026-03-03,Louisiana,Georgia State,0,9,-2.5580645161290363,2.3451612903225936,-2.903225806451612,0.0,-1.1290322580645151,-3.06451612903226,-1.5999999999999996,0.20000000000000018,-4.800000000000011
2026-03-04,Louisiana,James Madison,0,-15,-10.608467741935485,0.3272177419354847,-2.023185483870968,-0.866935483870968,-0.939516129032258,-4.950604838709676,-16.0,-0.8999999999999995,-3.3000000000000114
2025-11-18,Louisiana State,Alcorn State,1,26,40.26000000000002,-30.85333333333334,-0.46666666666666856,-4.066666666666665,4.933333333333334,15.733333333333334,51.53333333333333,16.9,0.7999999999999972
2025-11-28,Louisiana State,Drake,0,9,19.526666666666642,4.11999999999999,-4.166666666666668,2.466666666666667,1.7666666666666657,2.6999999999999993,10.2,9.6,2.200000000000003
2025-11-29,Louisiana State,DePaul,0,33,16.385714285714272,-0.7571428571428669,-1.8095238095238102,-0.7142857142857135,0.6428571428571423,6.428571428571427,12.600000000000001,2.9000000000000004,2.5999999999999943
2025-12-03,Louisiana State,Boston College,-1,9,27.1982142857143,-0.9678571428571274,-6.75,2.071428571428571,-0.5,3.553571428571427,19.0,5.5,2.799999999999997
2026-01-14,Louisiana State,Kentucky,1,-1,2.375,4.0,-3.75,1.0,-0.3125,1.75,-2.4,-4.800000000000001,0.5
2026-01-20,Louisiana State,Florida,-1,-18,2.694444444444443,4.8555555555555685,-4.833333333333336,-1.1111111111111107,-4.611111111111111,-1.8333333333333357,-15.0,-5.9,-1.7999999999999972
2026-01-24,Louisiana State,Arkansas,-1,-4,-2.6999999999999886,-0.0842105263158004,-2.842105263157894,1.0,-0.05263157894736814,2.526315789473685,-12.4,-4.5,-3.4000000000000057
2026-02-07,Louisiana State,Georgia,1,-12,-0.9727272727272833,5.627272727272711,-8.545454545454547,-0.18181818181818166,-2.3181818181818183,-0.3636363636363633,-0.5999999999999996,-1.8000000000000007,-4.700000000000003
2026-02-10,Louisiana State,Arkansas,1,-29,-4.013043478260869,0.9652173913043498,-2.1304347826086953,1.5217391304347831,0.4782608695652186,1.9565217391304373,-17.6,-4.5,-3.4000000000000057
2026-02-21,Louisiana State,Alabama,1,-7,-4.003846153846169,0.47307692307691696,-15.269230769230766,0.5,-0.11538461538461497,-3.346153846153843,-18.200000000000003,-5.699999999999999,-4.900000000000006
2026-03-03,Louisiana State,Auburn,-1,-14,-1.396551724137936,-2.0413793103448086,-2.7586206896551744,0.068965517241379,-1.2758620689655178,2.206896551724139,1.4000000000000004,-3.3000000000000007,0.29999999999999716
2026-03-11,Louisiana State,Kentucky,0,-5,-0.9580645161290278,5.551612903225831,-3.35483870967742,0.612903225806452,-0.6129032258064502,0.4516129032258078,-7.3999999999999995,-4.800000000000001,0.5
2025-11-19,Louisiana Tech,Indiana State,-1,-9,-0.7666666666666657,-26.683333333333337,-7.333333333333332,-1.916666666666666,2.083333333333334,5.75,19.5,-1.8000000000000003,-4.200000000000003
2025-11-26,Louisiana Tech,Indiana State,1,2,-6.158333333333331,-15.541666666666657,-9.916666666666668,-1.25,3.0,4.5,3.95,-1.8000000000000003,-4.200000000000003
2025-11-29,Louisiana Tech,Alcorn State,1,25,4.772500000000008,-31.7325,-3.0,-4.824999999999999,5.050000000000001,7.774999999999999,21.4,4.7,-3.700000000000003
2025-12-03,Louisiana Tech,Georgia Southern,-1,-8,-0.9222222222222172,-17.21666666666667,-10.5,-1.0,3.4444444444444446,4.555555555555557,24.400000000000002,1.5999999999999996,-6.5
2025-12-13,Louisiana Tech,Louisiana,1,21,18.33250000000001,-23.007500000000007,-2.5,-0.9499999999999993,4.1,6.699999999999999,28.6,1.3999999999999995,1.4000000000000057
2026-01-08,Louisiana Tech,Liberty,1,-16,-14.771428571428572,-10.228571428571428,-8.428571428571427,3.0,6.57142857142857,2.8571428571428577,-9.2,-2.3000000000000003,1.0
2026-01-10,Louisiana Tech,Delaware,1,2,5.5,-13.853333333333339,-4.533333333333331,-0.6000000000000014,5.933333333333333,2.8000000000000007,3.4,0.2999999999999998,1.0
2026-01-17,Louisiana Tech,Jacksonville State,-1,-4,-3.811764705882368,-6.299999999999997,-4.8235294117647065,0.0,1.5882352941176467,0.823529411764703,-7.0,0.0,-0.7000000000000028
2026-01-23,Louisiana Tech,Kennesaw State,1,6,-9.551461988304098,-5.411988304093569,-10.476608187134506,-1.9093567251461998,-2.4035087719298236,-2.2631578947368425,-10.2,-1.4000000000000001,-7.200000000000003
2026-02-14,Louisiana Tech,Florida International,-1,-13,-3.3208333333333258,-6.858333333333334,-2.625,-1.2083333333333321,0.75,0.9583333333333321,0.8,-0.7000000000000002,-7.099999999999994
2026-02-18,Louisiana Tech,Jacksonville State,1,6,-3.151999999999987,-2.1200000000000045,-3.2399999999999984,0.4399999999999995,2.5600000000000005,-0.1999999999999993,-6.199999999999999,0.0,-0.7000000000000028
2026-02-21,Louisiana Tech,Kennesaw State,-1,-3,-8.376923076923077,-4.661538461538456,-9.23076923076923,-0.23076923076922995,-1.0384615384615383,-0.9230769230769234,-1.4,-1.4000000000000001,-7.200000000000003
2026-02-28,Louisiana Tech,Florida International,1,-8,-3.6499999999999915,-7.0607142857142975,-1.8928571428571423,-0.8928571428571441,0.4642857142857135,0.9642857142857117,2.6,-0.7000000000000002,-7.099999999999994
2026-03-05,Louisiana Tech,Liberty,-1,5,-15.372413793103462,-7.4655172413793025,-6.586206896551722,3.413793103448276,7.275862068965518,2.0,0.19999999999999973,-2.3000000000000003,1.0
2026-03-07,Louisiana Tech,Delaware,-1,43,-0.2533333333333445,-13.36666666666666,-4.5,0.7666666666666657,6.233333333333333,1.3333333333333321,6.0,0.2999999999999998,1.0
2026-03-14,Louisiana Tech,Kennesaw State,0,-11,-6.136363636363626,-4.709090909090918,-7.939393939393941,-0.3939393939393945,-0.6969696969696972,-0.5757575757575744,8.200000000000001,-1.4000000000000001,-7.200000000000003
2025-11-23,Louisiana–Monroe,East Tennessee State,-1,-42,-11.623333333333335,17.58,1.9666666666666686,2.0666666666666664,-3.9333333333333327,-0.6333333333333329,-18.8,0.0,0.0
2025-12-20,Louisiana–Monroe,Louisiana,1,-14,12.958333333333329,3.2083333333333144,4.25,0.75,0.08333333333333304,1.25,5.4,0.0,0.0
2025-12-28,Louisiana–Monroe,Kansas State,-1,-9,-17.817307692307708,8.882051282051279,-1.4230769230769234,0.012820512820512775,-2.5256410256410264,-1.9871794871794854,-24.4,0.0,0.0
2026-01-08,Louisiana–Monroe,Louisiana,-1,-6,8.8125,6.1499999999999915,1.375,1.8125,-0.4375,1.1875,-9.799999999999999,0.0,0.0
2026-01-17,Louisiana–Monroe,Georgia State,1,-20,1.4666666666666544,7.666666666666657,-3.2777777777777786,1.8888888888888893,-2.1111111111111107,-1.1111111111111107,-20.4,0.0,0.0
2026-01-23,Louisiana–Monroe,Appalachian State,-1,-16,-11.594047619047615,12.43047619047617,-1.0880952380952387,3.8428571428571416,-3.385714285714286,-3.2214285714285715,-24.0,0.0,0.0
2026-01-30,Louisiana–Monroe,Georgia Southern,1,-3,-13.237445887445887,6.390909090909076,-5.582251082251084,2.6190476190476186,-2.9112554112554108,-0.6926406926406905,-13.599999999999998,0.0,0.0
2026-02-01,Louisiana–Monroe,Coastal Carolina,1,-4,-5.650790513833996,11.238537549407127,-2.0,2.9426877470355723,-1.8241106719367588,-6.8774703557312264,-25.0,0.0,0.0
2026-02-07,Louisiana–Monroe,Ball State,1,-5,-1.4371212121212125,7.017803030303028,1.8106060606060588,2.7348484848484844,0.06060606060606055,2.1022727272727266,-8.0,0.0,0.0
2026-02-11,Louisiana–Monroe,Arkansas State,-1,-33,-12.944000000000017,7.063999999999993,-3.8000000000000007,-1.4000000000000004,-4.759999999999999,-3.2399999999999984,-9.8,0.0,0.0
2026-02-21,Louisiana–Monroe,Arkansas State,1,-8,-12.853571428571428,9.457142857142856,-3.9642857142857117,-1.8928571428571441,-5.07142857142857,-4.714285714285715,-26.2,0.0,0.0
2025-11-21,Louisville,Cincinnati,0,10,30.100000000000023,12.325000000000003,8.25,-4.75,4.25,-1.0,14.5,2.4000000000000004,1.4000000000000057
2025-11-24,Louisville,Eastern Michigan,1,41,19.560000000000016,-10.11999999999999,15.400000000000002,-0.6000000000000014,1.4000000000000004,2.0,23.8,14.600000000000001,1.9000000000000057
2025-12-03,Louisville,Arkansas,-1,-9,11.785714285714278,-12.62857142857142,10.999999999999996,1.0,4.428571428571429,4.285714285714285,10.8,-1.1999999999999993,-3.0
2025-12-06,Louisville,Indiana,0,9,6.0,-1.2249999999999943,7.875,1.375,5.0,3.875,8.8,1.3000000000000007,3.4000000000000057
2025-12-30,Louisville,California,-1,20,6.570512820512803,-2.1358974358974336,11.0,1.48076923076923,3.5,3.5320512820512846,-11.399999999999999,7.1000000000000005,0.4000000000000057
2026-01-06,Louisville,Duke,1,-11,1.1499999999999915,2.3785714285714192,6.4999999999999964,-0.2857142857142865,0.9285714285714288,0.0,4.3999999999999995,-2.3999999999999986,4.0
2026-01-10,Louisville,Boston College,1,13,20.02666666666667,-2.3133333333333184,8.533333333333331,1.0666666666666664,1.5999999999999996,2.3333333333333357,5.3999999999999995,8.8,3.200000000000003
2026-01-26,Louisville,Duke,-1,-31,-0.10000000000000853,3.5842105263158004,7.05263157894737,0.10526315789473628,0.5789473684210531,1.0,-7.200000000000001,-2.3999999999999986,4.0
2026-02-14,Louisville,Baylor,0,11,3.5708333333333258,-8.26666666666668,9.333333333333332,-0.08333333333333393,-0.375,3.4166666666666643,6.3999999999999995,1.6000000000000014,1.3000000000000114
2026-02-21,Louisville,Georgia Tech,1,17,17.84928774928774,-6.157407407407405,13.544159544159545,-0.9401709401709404,2.0227920227920215,1.6666666666666679,29.2,9.0,-1.5
2026-02-28,Louisville,Clemson,-1,-5,6.328571428571422,0.392857142857153,8.714285714285712,2.75,2.428571428571429,2.9642857142857153,14.0,2.3000000000000007,5.5
2025-11-16,Loyola (MD),Fairfield,-1,-3,11.400000000000006,-3.799999999999997,-2.5,-1.75,-0.75,-4.5,10.5,-1.5,2.0999999999999943
2025-11-19,Loyola (MD),Duquesne,-1,-14,-4.75,-4.135000000000005,-3.1499999999999986,-3.8000000000000007,-0.5999999999999996,0.3999999999999986,-0.7999999999999998,-9.3,-0.8000000000000114
2025-11-21,Loyola (MD),Kentucky,-1,-42,-13.456666666666678,8.976666666666674,-4.966666666666669,-0.5,-1.9666666666666677,-6.066666666666666,-13.4,-22.0,-0.4000000000000057
2025-11-30,Loyola (MD),Coppin State,1,11,13.8263888888889,-13.206944444444446,6.138888888888889,-3.458333333333334,-0.8611111111111107,3.9722222222222214,6.800000000000001,2.2,0.09999999999999432
2025-12-03,Loyola (MD),Hampton,-1,-22,0.7000000000000028,2.3888888888888857,3.0,1.4444444444444429,-2.5555555555555554,0.0,-4.199999999999999,-3.5,2.1999999999999886
2025-12-21,Loyola (MD),George Mason,-1,-7,-11.26590909090909,11.668181818181836,8.348484848484851,0.6893939393939394,0.5909090909090917,-2.2727272727272734,-5.800000000000001,-9.0,4.799999999999997
2025-12-31,Loyola (MD),American,-1,-15,-4.2846153846153925,2.7461538461538595,-1.3076923076923102,0.615384615384615,0.6153846153846168,0.6153846153846168,-4.4,-1.9000000000000004,3.0999999999999943
2026-01-03,Loyola (MD),Lafayette,1,-15,3.742857142857133,-2.3785714285714334,4.071428571428573,1.7142857142857135,1.9285714285714288,-0.14285714285714235,-7.6,-1.1000000000000005,2.6999999999999886
2026-01-07,Loyola (MD),Army,-1,8,-0.13999999999998636,1.3400000000000176,-5.199999999999999,0.6000000000000014,-0.9333333333333318,-2.2666666666666657,-26.4,0.09999999999999964,0.7999999999999972
2026-01-10,Loyola (MD),Bucknell,-1,-3,12.306249999999991,-1.9437499999999943,2.5625,-1.1875,1.625,2.375,5.199999999999999,-2.3,2.0
2026-01-14,Loyola (MD),Colgate,1,-6,-5.382352941176478,1.7823529411764696,7.8235294117647065,2.4705882352941178,2.352941176470588,-0.882352941176471,-7.800000000000001,-2.5,1.0
2026-01-17,Loyola (MD),Boston University,1,17,-10.688888888888897,-6.561111111111103,3.8888888888888893,1.4444444444444446,2.166666666666666,0.4444444444444464,-9.4,-1.7999999999999998,4.3999999999999915
2026-01-19,Loyola (MD),Lehigh,-1,-7,4.321052631578937,2.3736842105263207,4.473684210526315,-0.6842105263157894,2.842105263157894,0.3157894736842124,0.0,-0.7999999999999998,1.1999999999999886
2026-01-24,Loyola (MD),Bucknell,1,5,9.49499999999999,-2.730000000000004,3.8000000000000007,-1.5,1.8499999999999996,1.9499999999999993,8.4,-2.3,2.0
2026-01-28,Loyola (MD),American,1,9,-4.304761904761904,4.404761904761898,1.7142857142857153,0.7142857142857135,1.1904761904761916,1.0,-4.2,-1.9000000000000004,3.0999999999999943
2026-02-04,Loyola (MD),Lehigh,1,5,3.5173913043478393,3.1782608695652073,4.913043478260871,-0.7826086956521756,2.7826086956521747,-0.304347826086957,0.20000000000000018,-0.7999999999999998,1.1999999999999886
2026-02-07,Loyola (MD),Boston University,-1,-9,-7.300000000000011,-6.012500000000003,3.6666666666666643,0.875,2.25,0.41666666666666785,-0.20000000000000007,-1.7999999999999998,4.3999999999999915
2026-02-11,Loyola (MD),Lafayette,-1,14,4.227999999999994,-0.21599999999999397,4.719999999999999,1.4000000000000004,1.120000000000001,-0.120000000000001,1.4000000000000001,-1.1000000000000005,2.6999999999999886
2026-02-15,Loyola (MD),Holy Cross,1,10,4.0,-1.9192307692307793,7.115384615384617,1.3076923076923084,2.384615384615384,0.9230769230769234,2.4,-0.9000000000000004,4.099999999999994
2026-02-18,Loyola (MD),Army,1,-10,2.0888888888888886,-4.181481481481484,-3.703703703703706,-0.03703703703703809,-1.1851851851851851,0.9259259259259274,9.8,0.09999999999999964,0.7999999999999972
2026-02-21,Loyola (MD),Colgate,-1,-3,-3.9107142857142776,1.2071428571428555,8.142857142857142,1.0714285714285712,1.2857142857142865,-0.3214285714285694,0.8,-2.5,1.0
2026-02-28,Loyola (MD),Holy Cross,-1,14,3.3299999999999983,-1.2000000000000028,7.733333333333334,1.0333333333333332,2.7,1.43333333333333,1.3999999999999995,-0.9000000000000004,4.099999999999994
2026-03-05,Loyola (MD),Colgate,-1,-13,-3.8548387096774093,0.9612903225806377,8.129032258064516,0.67741935483871,1.6774193548387109,-0.7096774193548363,5.8,-2.5,1.0
2025-11-16,Loyola Chicago,Colorado State,1,-13,-36.366666666666674,9.091666666666669,-1.5,1.083333333333334,0.4166666666666661,-13.833333333333332,-30.666666666666668,-3.3000000000000003,2.200000000000003
2025-12-02,Loyola Chicago,Central Michigan,1,11,-6.701785714285705,12.085714285714275,4.696428571428573,-0.75,-3.196428571428571,-4.125,-22.4,4.0,-1.9000000000000057
2025-12-14,Loyola Chicago,Chicago State,1,-9,10.079999999999998,-5.259999999999991,7.899999999999999,-1.6999999999999993,-0.40000000000000036,1.5,12.0,6.7,-0.4000000000000057
2026-01-03,Loyola Chicago,Dayton,1,-2,-6.092857142857142,17.599999999999994,1.8571428571428577,0.7857142857142865,0.6428571428571441,-2.5714285714285694,-10.8,-4.8,-1.9000000000000057
2026-01-07,Loyola Chicago,Davidson,1,-15,-6.5,10.80380952380952,1.9904761904761905,1.78095238095238,0.6380952380952376,-0.7095238095238088,-3.5999999999999996,-1.2999999999999998,1.5
2026-01-10,Loyola Chicago,George Washington,-1,-35,-15.681250000000006,13.650000000000006,-0.4375,-0.8125,-1.3125,-4.125,-20.2,-2.9,-3.700000000000003
2026-01-13,Loyola Chicago,George Mason,1,-8,-13.86470588235295,16.37647058823528,9.0,2.6470588235294112,1.1764705882352953,-3.4117647058823515,-16.2,-0.9,1.5
2026-01-16,Loyola Chicago,Dayton,-1,-27,-7.409477124182999,17.497712418300665,2.7516339869281055,1.9215686274509807,1.218954248366014,-1.81045751633987,-15.0,-4.8,-1.9000000000000057
2026-01-24,Loyola Chicago,Duquesne,1,-12,-10.643157894736845,11.82236842105263,-0.8894736842105289,-0.8842105263157887,0.4526315789473685,-2.9184210526315795,-16.0,-1.2000000000000002,-4.1000000000000085
2026-02-03,Loyola Chicago,La Salle,1,10,1.6577075098814333,8.30770750988141,8.996047430830039,0.6561264822134394,-0.2509881422924902,0.02569169960474227,-11.8,-1.2999999999999998,-0.7000000000000028
2026-02-06,Loyola Chicago,Davidson,-1,-20,-8.60984848484847,10.459090909090904,1.84090909090909,2.545454545454545,0.6893939393939394,1.0265151515151487,-11.6,-1.2999999999999998,1.5
2026-02-18,Loyola Chicago,Fordham,-1,-3,-5.630769230769232,17.8423076923077,3.115384615384613,1.6538461538461533,-2.3076923076923066,-3.1923076923076934,-17.4,2.3,1.5999999999999943
2026-03-07,Loyola Chicago,George Washington,1,6,-16.873333333333335,11.163333333333327,-2.0,0.06666666666666643,-2.333333333333334,-1.7666666666666693,-18.8,-2.9,-3.700000000000003
2026-03-12,Loyola Chicago,Davidson,0,-5,-9.182056451612908,11.609274193548401,1.4193548387096762,2.569556451612904,-0.11391129032258007,0.41733870967741993,-5.4,-1.2999999999999998,1.5
2025-11-24,Loyola Marymount,Florida Atlantic,0,-11,4.373333333333349,-11.296666666666667,0.3999999999999986,-0.09999999999999964,-3.166666666666666,2.633333333333333,0.7999999999999989,-1.4,-2.299999999999997
2026-01-04,Loyola Marymount,Gonzaga,-1,-35,-12.025000000000006,5.331249999999997,5.25,0.5625,-2.9375,-3.5,-5.6,-9.899999999999999,-1.5
2025-11-23,Maine,Brown,1,-5,-12.413333333333341,-3.663333333333327,-4.899999999999999,0.6333333333333346,-2.0999999999999996,-0.9666666666666686,-7.6,-3.2,-3.0999999999999943
2025-11-28,Maine,American,-1,-13,-25.5,2.9833333333333343,-11.166666666666668,0.8333333333333339,-3.666666666666666,-4.166666666666668,-24.599999999999998,-1.5,-1.2999999999999972
2025-11-29,Maine,Longwood,0,-4,-15.742857142857147,0.09999999999999432,-1.0,0.8571428571428577,-4.57142857142857,-1.4285714285714306,-5.6,-1.2000000000000002,-6.200000000000003
2025-12-10,Maine,Boston University,-1,10,-26.075454545454534,-9.037272727272722,-6.609090909090909,3.9454545454545453,-0.5545454545454538,-2.172727272727272,-19.8,-1.3999999999999995,0.0
2025-12-13,Maine,Canisius,1,-27,-4.536666666666676,-4.508333333333326,-2.2166666666666686,1.8166666666666664,-2.3833333333333337,-2.0666666666666664,-2.4000000000000004,-0.20000000000000018,0.4000000000000057
2025-12-21,Maine,Drexel,-1,-18,-14.51666666666668,1.97499999999998,-6.2243589743589745,2.4551282051282044,-5.455128205128204,-4.070512820512821,-14.6,-4.0,-0.29999999999999716
2026-01-03,Maine,Bryant,1,-5,-2.1709523809523716,0.24809523809524592,-9.80952380952381,0.12380952380952515,-1.166666666666667,-2.666666666666668,2.8,0.6000000000000005,-0.5
2026-01-22,Maine,Albany (NY),1,3,-14.974473684210523,-3.1197368421052687,-4.33421052631579,1.723684210526315,-2.9526315789473685,-1.4842105263157919,-7.4,-0.2999999999999998,-0.8999999999999915
2026-01-24,Maine,Binghamton,1,16,-7.876190476190473,-8.009523809523813,1.3809523809523796,0.7142857142857153,-0.3809523809523805,-2.571428571428573,4.799999999999999,3.6000000000000005,-1.5
2026-02-07,Maine,Bryant,-1,-6,-0.6996376811594303,-2.3833333333333258,-8.48913043478261,-0.320652173913043,-2.362318840579711,-2.3659420289855078,5.0,0.6000000000000005,-0.5
2026-02-26,Maine,Albany (NY),-1,11,-12.742857142857147,-4.203571428571422,-2.8928571428571423,0.9642857142857135,-4.071428571428572,-1.6071428571428577,-6.2,-0.2999999999999998,-0.8999999999999915
2026-02-28,Maine,Binghamton,-1,-7,-6.3550574712643595,-8.352183908045973,2.8977011494252842,0.36666666666666714,-0.6367816091954026,-3.0850574712643706,-1.4,3.6000000000000005,-1.5
2025-11-15,Manhattan,Hawaii,-1,-30,15.466666666666669,24.033333333333346,2.0,-3.333333333333334,1.6666666666666679,0.6666666666666679,-6.0,-4.5,-4.299999999999997
2025-11-29,Manhattan,Army,-1,-3,17.25892857142857,6.075000000000003,-11.071428571428573,-0.23214285714285765,0.35714285714285765,-0.6428571428571423,-1.200000000000001,0.8999999999999995,0.0
2025-12-05,Manhattan,Fairfield,1,4,7.487499999999997,9.212500000000006,-0.5,0.875,-1.5,-3.0,-12.600000000000001,-0.7000000000000002,1.2999999999999972
2025-12-13,Manhattan,Fordham,-1,-29,-1.057272727272732,20.53090909090909,-1.427272727272726,0.6727272727272737,-2.7454545454545443,-4.454545454545453,-17.200000000000003,-5.0,4.099999999999994
2025-12-18,Manhattan,Furman,1,-7,-7.281818181818181,13.045454545454547,-7.727272727272727,-1.0909090909090917,-2.1818181818181817,-3.81818181818182,-20.6,-3.7,1.5999999999999943
2026-01-09,Manhattan,Canisius,1,-6,9.836666666666673,3.5333333333333314,2.029166666666665,-1.9833333333333325,0.9291666666666671,-0.3500000000000014,4.4,0.1999999999999993,4.0
2026-01-14,Manhattan,Fairfield,-1,-36,-2.051960784313721,7.245751633986941,-2.8398692810457504,0.8627450980392162,-3.1241830065359473,-2.552287581699346,-13.8,-0.7000000000000002,1.2999999999999972
2026-01-24,Manhattan,Iona,-1,-9,3.1571428571428726,12.076190476190476,-5.238095238095241,-1.0,1.7142857142857135,-3.904761904761905,-16.200000000000003,-1.7000000000000002,-1.2999999999999972
2026-02-15,Manhattan,Canisius,-1,4,11.42891737891739,5.110113960113964,0.5569800569800591,-1.9943019943019955,0.23076923076922995,-0.002849002849004023,11.8,0.1999999999999993,4.0
2026-03-01,Manhattan,Iona,1,-4,2.6100000000000136,10.963333333333324,-4.866666666666667,-1.299999999999999,1.2666666666666666,-3.466666666666665,-6.6000000000000005,-1.7000000000000002,-1.2999999999999972
2026-03-05,Manhattan,Fairfield,0,-11,-1.4677419354838577,8.280645161290323,-0.25806451612903203,-0.32258064516129004,-2.870967741935482,-2.29032258064516,-3.1999999999999997,-0.7000000000000002,1.2999999999999972
2025-11-16,Marist,Harvard,1,-2,-0.0833333333333286,-5.466666666666669,1.75,0.3333333333333339,2.0,-0.5833333333333321,4.166666666666666,-3.5999999999999996,1.8999999999999915
2025-11-21,Marist,Army,1,11,12.079999999999998,-24.015,-15.100000000000001,0.25,-2.0,3.6000000000000014,26.05,2.5,-2.200000000000003
2025-11-25,Marist,Lehigh,1,23,10.783333333333346,-9.769999999999996,-2.3000000000000007,-1.4333333333333336,2.3666666666666663,3.133333333333333,9.799999999999999,1.6000000000000005,-1.8000000000000114
2025-12-07,Marist,Manhattan,1,12,-5.500000000000014,-27.077777777777797,-1.095238095238095,0.8888888888888893,-0.14285714285714235,3.9523809523809526,21.4,1.6000000000000005,-2.200000000000003
2025-12-13,Marist,Bryant,-1,8,14.246590909090912,-15.095454545454544,-5.852272727272727,-1.7272727272727266,1.8295454545454541,2.6022727272727266,8.4,2.6000000000000005,0.8999999999999915
2025-12-16,Marist,Georgia Tech,-1,-11,8.075555555555567,-4.724444444444444,1.1111111111111107,-0.5222222222222221,-0.68888888888889,-1.4555555555555557,14.0,-9.1,-5.800000000000011
2026-01-04,Marist,Iona,1,45,-2.0205128205128204,-10.93538461538462,-4.4871794871794854,0.07179487179487154,1.6307692307692303,-0.3076923076923066,4.0,-0.09999999999999964,-3.5
2026-01-17,Marist,Fairfield,1,15,-5.3888888888889,-14.018055555555563,-2.0486111111111107,1.25,-3.0486111111111107,0.9583333333333321,2.5999999999999996,0.9000000000000004,-0.9000000000000057
2026-01-30,Marist,Canisius,-1,2,8.607857142857142,-14.86309523809524,0.05238095238095397,-0.961904761904762,-0.26428571428571423,3.083333333333332,12.4,1.7999999999999998,1.7999999999999972
2026-02-07,Marist,Fairfield,-1,-3,-3.6064347826087015,-12.763826086956527,-3.3321739130434764,0.8052173913043479,-4.073043478260869,1.8660869565217375,5.0,0.9000000000000004,-0.9000000000000057
2026-02-20,Marist,Manhattan,-1,14,-3.2931318681318658,-18.70851648351649,-2.0549450549450547,0.7912087912087902,-0.5467032967032956,3.4642857142857153,-0.40000000000000013,1.6000000000000005,-2.200000000000003
2025-11-19,Marquette,Dayton,1,-6,-1.2850000000000108,0.25499999999999545,6.199999999999999,2.3000000000000007,5.449999999999999,2.6000000000000014,0.25,3.7,3.200000000000003
2025-11-22,Marquette,Central Michigan,1,14,6.603333333333339,-10.359999999999985,6.066666666666666,0.7666666666666657,2.1999999999999993,-0.1999999999999993,8.0,12.5,3.200000000000003
2025-12-17,Marquette,Georgetown,1,-9,-3.4845454545454544,-1.4263636363636465,5.663636363636364,3.3454545454545457,1.427272727272726,-0.672727272727272,-0.5999999999999996,0.40000000000000036,3.6000000000000085
2025-12-20,Marquette,Creighton,-1,-21,-4.779545454545456,0.9787878787878697,-2.5681818181818166,0.7196969696969706,2.0303030303030294,-2.4848484848484844,-18.0,-0.40000000000000036,2.700000000000003
2026-01-04,Marquette,Connecticut,-1,-16,-10.885714285714286,15.23571428571428,5.071428571428573,0.8571428571428577,2.071428571428571,-2.7142857142857153,-29.6,-5.4,5.0
2026-01-16,Marquette,DePaul,-1,-5,-1.6581699346405259,7.523856209150338,4.758169934640524,-0.4346405228758172,2.480392156862745,-0.9967320261437926,-5.6,2.3000000000000007,3.5
2026-01-23,Marquette,Butler,-1,-11,-9.14289473684208,4.192105263157899,3.4157894736842103,-0.5736842105263147,-0.5500000000000007,-2.7684210526315773,-0.40000000000000036,0.5999999999999996,-0.29999999999999716
2026-01-27,Marquette,Creighton,1,24,-9.835714285714289,0.7723809523809564,-3.0071428571428562,1.3476190476190482,1.8880952380952376,-2.9714285714285715,-5.6000000000000005,-0.40000000000000036,2.700000000000003
2026-02-07,Marquette,Butler,1,15,-7.456521739130437,0.9086956521739182,3.521739130434785,0.08695652173913082,-0.7391304347826075,-2.0434782608695627,6.2,0.5999999999999996,-0.29999999999999716
2026-02-24,Marquette,Georgetown,-1,16,-4.151851851851845,0.4111111111111114,4.7407407407407405,1.666666666666666,-0.7777777777777768,-1.3333333333333321,0.8000000000000003,0.40000000000000036,3.6000000000000085
2026-03-01,Marquette,DePaul,1,-11,0.7000000000000028,4.114285714285714,3.2857142857142883,0.0,0.5357142857142865,0.10714285714285765,4.199999999999999,2.3000000000000007,3.5
2026-03-07,Marquette,Connecticut,1,6,-11.680000000000007,9.15666666666668,1.9666666666666686,1.200000000000001,-0.3000000000000007,-1.7333333333333343,-6.0,-5.4,5.0
2025-11-20,Marshall,Arkansas–Pine Bluff,1,28,21.04166666666667,-17.508333333333326,5.75,2.0,-0.9166666666666661,4.916666666666668,26.15,5.3,-0.29999999999999716
2025-11-26,Marshall,Lipscomb,1,-23,8.466666666666683,-1.1833333333333371,-4.5,2.5,-3.0,1.8333333333333357,-1.7999999999999998,1.1,0.7000000000000028
2025-12-31,Marshall,Georgia State,1,4,14.675824175824175,-2.5549450549450654,0.16483516483516425,1.7252747252747245,1.3076923076923084,3.071428571428573,10.200000000000001,1.5,1.7999999999999972
2026-01-03,Marshall,Appalachian State,1,7,1.5395238095238142,3.5061904761904827,3.4952380952380935,4.019047619047619,0.014285714285714235,0.985714285714284,5.0,0.9000000000000004,6.299999999999997
2026-01-07,Marshall,James Madison,-1,2,1.826666666666668,-7.773333333333326,1.7333333333333343,2.333333333333334,0.5333333333333332,2.200000000000003,18.6,0.40000000000000036,3.299999999999997
2026-01-10,Marshall,Georgia State,-1,-8,13.203676470588235,-0.9158088235294031,0.647058823529413,1.4338235294117645,0.9264705882352935,2.547794117647058,-0.20000000000000107,1.5,1.7999999999999972
2026-01-14,Marshall,Coastal Carolina,1,-2,9.570588235294125,3.254575163398684,2.5065359477124183,3.3660130718954253,0.7189542483660141,-3.6111111111111107,13.4,0.9000000000000004,1.5
2026-01-17,Marshall,James Madison,1,5,2.2888888888888914,-6.588888888888889,1.9444444444444429,1.7222222222222214,0.5,1.0555555555555571,8.799999999999999,0.40000000000000036,3.299999999999997
2026-01-22,Marshall,Louisiana–Monroe,1,55,11.847368421052622,-6.910526315789468,3.1052631578947363,-0.6315789473684212,3.421052631578948,2.8947368421052637,11.8,0.0,0.0
2026-01-31,Marshall,Arkansas State,-1,9,0.8266233766233881,-2.675541125541116,0.5476190476190474,-2.004329004329003,-1.3484848484848477,-0.2705627705627691,12.6,-0.2999999999999998,-2.200000000000003
2026-02-14,Marshall,Georgia Southern,-1,-14,4.224923076923076,-1.6238461538461593,-1.6815384615384588,1.2938461538461539,0.8123076923076908,2.549230769230771,5.6,1.5,-1.2999999999999972
2026-02-19,Marshall,Appalachian State,-1,1,4.6678571428571445,8.027380952380952,1.8227513227513228,2.802910052910052,-0.1415343915343925,-1.4338624338624335,-12.0,0.9000000000000004,6.299999999999997
2026-02-21,Marshall,Coastal Carolina,-1,-4,10.732142857142847,5.95714285714287,1.6428571428571423,1.2142857142857135,0.9642857142857153,-4.785714285714288,-5.6,0.9000000000000004,1.5
2026-02-27,Marshall,Georgia Southern,1,-17,5.909999999999997,0.20999999999999375,-1.8999999999999986,0.8333333333333339,0.6999999999999993,2.166666666666668,6.2,1.5,-1.2999999999999972
2026-03-08,Marshall,Georgia Southern,0,-4,2.3440552995391783,-0.07944700460828358,-2.4377880184331815,1.186175115207373,0.7769585253456217,2.062672811059908,-12.8,1.5,-1.2999999999999972
2025-11-15,Maryland,Marquette,-1,7,-8.716666666666669,-1.4249999999999972,0.75,0.6666666666666661,-2.333333333333334,-2.166666666666668,-4.833333333333334,0.29999999999999893,-4.1000000000000085
2025-11-25,Maryland,Gonzaga,0,-39,-14.199999999999989,15.25,5.0,3.666666666666666,-3.666666666666666,-4.333333333333332,-21.4,-0.5,-3.200000000000003
2025-11-27,Maryland,Alabama,0,-33,-13.58809523809525,-2.9285714285714306,-8.261904761904763,3.7857142857142865,0.04761904761904745,-3.5238095238095255,-6.6,-6.0,-8.100000000000009
2025-12-06,Maryland,Iowa,-1,-19,-17.488888888888894,7.43472222222222,3.9861111111111107,3.75,2.8194444444444446,2.916666666666668,-20.2,-3.9000000000000004,4.5
2026-01-07,Maryland,Indiana,1,-18,-16.007142857142853,12.271428571428558,-3.2857142857142847,2.928571428571429,2.6428571428571423,-2.571428571428573,-24.0,-2.3000000000000007,-0.20000000000000284
2026-01-21,Maryland,Illinois,-1,-19,-20.36666666666666,9.933333333333323,-3.166666666666668,2.7777777777777786,-1.5555555555555554,-4.166666666666668,-19.0,-5.9,0.8999999999999915
2026-02-11,Maryland,Iowa,1,7,-17.817391304347836,14.834782608695633,4.782608695652172,2.5217391304347814,2.3478260869565224,1.6521739130434803,-29.599999999999998,-3.9000000000000004,4.5
2026-03-08,Maryland,Illinois,1,-6,-22.5,11.446666666666673,-5.066666666666666,3.0,-2.0666666666666664,-3.633333333333333,-23.4,-5.9,0.8999999999999915
2026-03-11,Maryland,Iowa,0,-11,-14.842540322580646,9.98578629032258,4.424395161290324,2.43649193548387,2.288306451612903,2.64516129032258,-7.199999999999999,-3.9000000000000004,4.5
2025-11-18,Maryland Eastern Shore,Longwood,-1,1,-28.674999999999997,6.759999999999991,-1.8000000000000007,7.800000000000001,-4.2,0.0,-25.65,-3.5,-5.6000000000000085
2025-11-21,Maryland Eastern Shore,Canisius,-1,-3,-11.336666666666673,-10.079999999999998,0.06666666666666643,5.133333333333333,0.23333333333333428,2.5,-3.8000000000000007,-2.5,1.0
2025-11-22,Maryland Eastern Shore,Binghamton,0,11,-10.857142857142861,-3.9023809523809376,1.7142857142857153,3.666666666666666,1.1428571428571423,-1.3809523809523832,-1.4,1.3000000000000007,-0.9000000000000057
2025-11-25,Maryland Eastern Shore,Hampton,1,-6,-14.503571428571433,-0.8482142857142776,-2.6607142857142847,5.553571428571429,-2.071428571428571,-1.571428571428573,-0.20000000000000107,-5.3999999999999995,-1.6000000000000085
2025-12-02,Maryland Eastern Shore,East Carolina,-1,-12,1.547142857142859,-8.078571428571422,2.057142857142857,1.0428571428571427,0.17142857142857082,-0.571428571428573,21.0,-7.8999999999999995,-4.799999999999997
2025-12-06,Maryland Eastern Shore,American,-1,-18,-17.319090909090903,5.161818181818177,-7.790909090909089,3.1545454545454543,0.7727272727272734,-1.336363636363636,-16.599999999999998,-3.8,-0.7000000000000028
2026-01-10,Maryland Eastern Shore,Howard,1,12,-8.870138888888903,7.887499999999989,-0.22222222222222143,1.770833333333334,-0.8888888888888893,-0.29166666666666785,-8.8,-2.0,-4.400000000000006
2026-01-17,Maryland Eastern Shore,Coppin State,1,3,4.075000000000003,-13.274999999999991,-1.3500000000000014,-0.5500000000000007,-0.40000000000000036,2.1499999999999986,14.2,0.3000000000000007,-3.700000000000003
2026-01-31,Maryland Eastern Shore,Delaware State,-1,-8,6.079285714285717,2.278809523809514,2.459523809523809,2.2476190476190467,0.02857142857142847,0.6809523809523803,10.0,3.0999999999999996,-0.6000000000000085
2026-02-14,Maryland Eastern Shore,Howard,-1,-26,-9.152000000000015,9.423999999999992,-1.0400000000000027,1.4399999999999995,-1.5199999999999996,-1.0,-18.4,-2.0,-4.400000000000006
2026-02-21,Maryland Eastern Shore,Coppin State,-1,-6,4.044444444444437,-7.455555555555549,-1.7777777777777786,-0.5925925925925917,-0.6296296296296298,1.0,-8.600000000000001,0.3000000000000007,-3.700000000000003
2026-03-05,Maryland Eastern Shore,Delaware State,1,-1,5.985238095238088,0.7961904761904748,1.966666666666665,2.7357142857142858,0.6547619047619051,0.9738095238095248,10.200000000000001,3.0999999999999996,-0.6000000000000085
2025-11-16,Massachusetts,Central Connecticut State,1,7,1.9666666666666544,5.800000000000011,-4.0,6.0,-3.0,-8.666666666666668,-4.0,5.800000000000001,7.599999999999994
2025-11-21,Massachusetts,College of Charleston,0,-4,-2.190000000000012,-13.120000000000005,-0.10000000000000142,7.15,-2.6500000000000004,-2.0500000000000007,7.6,-0.8,3.5999999999999943
2025-11-22,Massachusetts,Green Bay,0,-4,5.266666666666666,-19.18333333333335,-1.8666666666666671,5.266666666666666,3.4333333333333327,0.7333333333333307,10.2,0.5,7.700000000000003
2025-12-03,Massachusetts,Harvard,1,7,-1.1507936507936591,-2.5793650793650897,2.6031746031746046,2.9682539682539684,3.4444444444444446,-0.9365079365079367,6.800000000000001,-0.8,8.299999999999997
2025-12-10,Massachusetts,Boston College,0,2,4.823333333333338,0.8277777777777686,-5.6555555555555586,3.2777777777777786,-0.6222222222222218,-3.5333333333333314,6.4,-6.5,5.299999999999997
2025-12-13,Massachusetts,Florida State,0,8,-1.1922222222222274,-2.893333333333331,-15.766666666666666,1.4666666666666668,-1.8000000000000007,0.8000000000000007,12.399999999999999,-11.4,1.2000000000000028
2025-12-20,Massachusetts,Kent State,1,-10,-12.781818181818167,-3.309090909090912,-8.0,-0.7272727272727284,-0.45454545454545325,-4.0,-16.8,-0.8999999999999999,-0.9000000000000057
2025-12-30,Massachusetts,Eastern Michigan,-1,-6,5.484615384615381,-8.315384615384602,3.0,1.9230769230769216,1.23076923076923,0.8461538461538467,18.2,-0.7,4.0
2026-01-03,Massachusetts,Bowling Green,1,-1,-10.314285714285703,7.121428571428581,-0.7857142857142883,1.7142857142857135,1.5714285714285712,0.42857142857142705,-23.200000000000003,0.0,2.4000000000000057
2026-01-10,Massachusetts,Ball State,1,8,7.643749999999997,-4.9437500000000085,-1.095833333333335,3.3708333333333336,2.895833333333333,4.558333333333334,3.4000000000000004,2.3,6.799999999999997
2026-01-23,Massachusetts,Buffalo,-1,1,-10.000263157894736,-9.291315789473686,-2.8342105263157897,3.239473684210525,1.7210526315789476,3.25,6.800000000000001,0.7999999999999998,4.900000000000006
2026-01-31,Massachusetts,Eastern Michigan,1,3,5.735497835497824,-3.1878787878787875,3.0606060606060588,1.8506493506493502,1.454545454545455,0.43290043290043556,8.6,-0.7,4.0
2026-02-03,Massachusetts,Central Michigan,1,6,5.24822134387351,-10.260671936758897,1.3478260869565233,1.4150197628458496,0.8063241106719357,2.2826086956521756,3.1999999999999997,1.1,4.799999999999997
2026-02-07,Massachusetts,Coastal Carolina,-1,-3,6.567999999999998,0.5651666666666699,-4.82,2.708333333333334,1.248333333333333,-5.066666666666666,-1.0,1.2000000000000002,3.299999999999997
2026-02-13,Massachusetts,Akron,-1,-7,-13.389500000000012,0.3795000000000073,-7.528333333333332,2.2633333333333336,0.5983333333333345,-1.2833333333333314,-7.0,-2.6,1.7999999999999972
2026-02-21,Massachusetts,Buffalo,1,-4,-5.804843304843303,-5.208974358974373,-3.2578347578347575,2.2393162393162402,2.2250712250712255,2.4373219373219364,1.6,0.7999999999999998,4.900000000000006
2026-02-24,Massachusetts,Ball State,-1,-1,11.010582010582013,-0.8817460317460188,-0.4007936507936485,2.784391534391535,2.6230158730158735,3.4973544973545003,4.0,2.3,6.799999999999997
2026-02-28,Massachusetts,Bowling Green,-1,-19,-2.0655172413793252,6.110344827586218,1.3448275862068968,1.6206896551724128,1.8275862068965516,-0.06896551724138078,-4.0,0.0,2.4000000000000057
2025-11-14,McNeese State,Louisiana,1,26,40.900000000000006,-15.766666666666666,-3.0,0.6666666666666661,8.0,4.666666666666664,47.0,4.699999999999999,3.0
2025-11-23,McNeese State,George Washington,0,6,15.284999999999997,-0.1150000000000091,-3.1999999999999993,-2.4499999999999993,2.8499999999999996,-3.3500000000000014,14.7,-2.6999999999999997,-2.4000000000000057
2025-12-01,McNeese State,Incarnate Word,-1,-4,2.0285714285714107,-15.04285714285713,-4.571428571428573,0.2857142857142847,0.14285714285714413,-1.2857142857142847,9.799999999999997,4.5,1.8999999999999915
2025-12-12,McNeese State,East Texas A&M,1,36,15.938888888888883,-3.268888888888881,-9.38888888888889,-2.9555555555555557,4.0,-2.711111111111112,-3.3999999999999986,4.699999999999999,-0.9000000000000057
2025-12-15,McNeese State,Houston Christian,-1,10,15.75090909090909,-14.530909090909105,-2.2909090909090892,-1.1090909090909076,2.618181818181819,-0.10000000000000142,17.799999999999997,5.199999999999999,2.5999999999999943
2026-01-02,McNeese State,Lamar,1,12,16.269230769230774,-0.17692307692307452,-0.07692307692307665,-1.7692307692307683,0.384615384615385,-2.23076923076923,11.0,4.5,1.1999999999999886
2026-01-31,McNeese State,Lamar,-1,1,13.752380952380932,-2.44285714285715,-0.6190476190476168,-2.1428571428571423,0.5714285714285712,-1.3333333333333357,9.8,4.5,1.1999999999999886
2026-02-07,McNeese State,Incarnate Word,1,17,6.513043478260883,-9.91304347826086,-1.8695652173913047,-1.0,1.3043478260869552,0.17391304347826164,17.2,4.5,1.8999999999999915
2026-02-09,McNeese State,Houston Christian,1,4,14.487500000000011,-13.554166666666674,0.7916666666666679,-2.416666666666668,2.833333333333334,1.2916666666666679,15.6,5.199999999999999,2.5999999999999943
2026-02-14,McNeese State,East Texas A&M,-1,43,17.311230769230775,-6.0564615384615195,-6.487692307692306,-3.092307692307692,3.3200000000000003,-1.8846153846153832,6.4,4.699999999999999,-0.9000000000000057
2025-12-06,Memphis,Baylor,1,7,-18.10000000000001,-8.214285714285737,-0.8571428571428577,2.7142857142857153,-2.1428571428571423,-0.8571428571428577,-5.800000000000001,-7.1,3.0
2025-12-13,Memphis,Louisville,-1,-26,-20.286111111111097,12.347222222222229,-13.222222222222221,2.1944444444444446,-0.6944444444444446,-8.125,-15.8,-8.700000000000001,1.6999999999999886
2025-12-22,Memphis,Alabama State,1,21,-1.3636363636363598,-8.427272727272708,-1.5454545454545467,1.3636363636363633,1.6363636363636367,-0.45454545454545325,12.2,11.399999999999999,1.1999999999999886
2026-01-11,Memphis,Florida Atlantic,-1,-11,-11.66517857142857,0.05267857142858645,-5.705357142857142,1.8571428571428577,0.6428571428571423,-3.375,0.0,2.8999999999999995,1.2999999999999972
2026-01-29,Memphis,Florida Atlantic,1,27,-11.693734335839608,0.1253132832080297,-3.709273182957393,1.9273182957393473,0.2581453634085218,-3.0476190476190474,-8.2,2.8999999999999995,1.2999999999999972
2026-02-08,Memphis,Charlotte,1,23,-9.511462450592873,-10.253359683794471,-1.5810276679841877,2.7233201581027675,1.5296442687747032,0.928853754940711,-1.4,4.1,6.8999999999999915
2026-03-01,Memphis,East Carolina,-1,-16,2.846428571428575,-4.364285714285728,2.678571428571427,1.7142857142857153,1.1071428571428577,-0.0714285714285694,-16.2,5.8,2.0
2025-11-22,Mercer,Eastern Kentucky,-1,12,-0.8500000000000085,-0.25,-8.0,-3.0,-0.75,-2.25,-1.5,1.4999999999999996,-0.20000000000000284
2025-11-26,Mercer,Appalachian State,1,8,2.722857142857137,-1.5114285714285955,0.22857142857142776,2.685714285714287,0.5999999999999996,0.37142857142857366,8.0,0.6000000000000001,4.799999999999997
2025-11-29,Mercer,Elon,-1,7,-12.683333333333337,-1.8666666666666742,-4.833333333333332,1.666666666666666,-1.333333333333334,-0.6666666666666679,4.8,-0.10000000000000009,0.5
2025-12-02,Mercer,Georgia State,1,11,23.644642857142856,1.3142857142857167,-1.4107142857142847,-1.9107142857142865,0.9285714285714288,-0.6428571428571423,13.2,1.1999999999999997,0.29999999999999716
2025-12-13,Mercer,Clemson,-1,-7,-7.896666666666675,3.0644444444444474,1.9666666666666686,2.0444444444444443,-0.844444444444445,-2.644444444444442,11.000000000000002,-13.6,4.299999999999997
2025-12-31,Mercer,Furman,-1,-2,-2.523076923076914,-2.4538461538461576,-0.4615384615384599,-1.6153846153846168,0.615384615384615,-0.07692307692307665,2.0,0.10000000000000009,2.5
2026-01-03,Mercer,East Tennessee State,-1,-6,-3.1499999999999915,2.8500000000000085,4.428571428571427,-0.5,2.1428571428571423,2.1428571428571423,5.0,0.7999999999999998,2.799999999999997
2026-02-05,Mercer,Chattanooga,-1,-4,6.599999999999994,-4.20869565217393,-2.8260869565217384,1.4782608695652169,4.434782608695652,0.4782608695652186,17.2,2.6,2.299999999999997
2026-02-11,Mercer,Furman,1,5,2.195999999999998,1.308000000000007,-0.9200000000000017,-1.4000000000000004,1.5599999999999987,-1.6000000000000014,-4.2,0.10000000000000009,2.5
2026-02-19,Mercer,Chattanooga,1,-4,4.962962962962962,-5.229629629629613,-3.333333333333332,0.9629629629629637,4.5555555555555545,0.33333333333333215,7.2,2.6,2.299999999999997
2026-02-28,Mercer,East Tennessee State,1,6,0.0,4.480000000000004,3.7666666666666657,0.6666666666666679,2.2666666666666675,0.3000000000000007,-0.7999999999999998,0.7999999999999998,2.799999999999997
2025-11-12,Mercyhurst,Canisius,-1,-3,0.13333333333332575,-26.666666666666686,-0.3333333333333357,-2.666666666666666,-2.000000000000001,6.0,18.0,-0.9000000000000004,1.0
2025-11-23,Mercyhurst,Marshall,-1,-9,-7.88333333333334,-10.013333333333321,-7.699999999999999,-5.466666666666667,-0.5666666666666673,-2.3000000000000007,7.6,-5.2,-5.400000000000006
2025-12-05,Mercyhurst,Lafayette,-1,-8,0.9555555555555628,-8.084722222222211,-0.8333333333333321,-0.4861111111111107,-1.0694444444444446,0.31944444444444287,0.0,-1.4000000000000004,-1.1000000000000085
2025-12-13,Mercyhurst,Davidson,-1,-33,-12.342222222222219,-4.167777777777772,-3.977777777777778,-0.6333333333333346,0.7666666666666666,0.5,-4.8,-9.7,1.0
2025-12-20,Mercyhurst,Binghamton,1,21,1.1499999999999915,-9.641666666666666,1.9166666666666643,-4.25,0.666666666666667,-0.8333333333333321,2.8000000000000007,2.9000000000000004,-0.9000000000000057
2026-01-02,Mercyhurst,FDU,1,-7,-0.461538461538467,-5.092307692307685,-11.46153846153846,-2.6923076923076934,-3.23076923076923,-2.4615384615384635,-7.6,0.8000000000000007,1.0
2026-01-04,Mercyhurst,Le Moyne,1,14,-8.171428571428578,-7.178571428571431,-3.9285714285714306,-2.7142857142857135,-0.14285714285714324,-3.2142857142857153,3.2,-0.40000000000000036,-3.200000000000003
2026-01-08,Mercyhurst,LIU,-1,-2,-6.626666666666665,-8.419999999999987,0.8000000000000007,-3.9333333333333336,-2.666666666666666,-0.3999999999999986,-3.5999999999999996,-2.5999999999999996,-2.799999999999997
2026-01-19,Mercyhurst,Central Connecticut State,1,18,-14.496527777777786,-3.756944444444457,-2.9236111111111107,-0.28472222222222143,-0.45833333333333304,-3.7847222222222214,-5.8,0.3000000000000007,0.3999999999999915
2026-01-25,Mercyhurst,Chicago State,1,2,7.485000000000014,-14.795000000000002,0.3999999999999986,-1.75,-0.5499999999999998,2.5500000000000007,13.600000000000001,-1.7000000000000002,-0.9000000000000057
2026-01-31,Mercyhurst,Chicago State,-1,-4,7.852164502164499,-15.048701298701303,0.43073593073592775,-1.6233766233766218,-0.5411255411255418,2.7813852813852797,17.0,-1.7000000000000002,-0.9000000000000057
2026-02-07,Mercyhurst,FDU,-1,-3,-0.27916666666665435,-5.1875,-8.875,-1.625,-2.0,-0.9166666666666679,4.2,0.8000000000000007,1.0
2026-02-12,Mercyhurst,Le Moyne,-1,-1,-3.391999999999996,-5.396000000000015,-3.6799999999999997,-3.3599999999999994,0.47999999999999954,-2.599999999999998,8.399999999999999,-0.40000000000000036,-3.200000000000003
2026-02-21,Mercyhurst,LIU,1,8,-2.4678571428571416,-1.3678571428571331,1.9642857142857117,-3.9642857142857135,-2.928571428571429,-0.6785714285714306,-3.4,-2.5999999999999996,-2.799999999999997
2026-02-26,Mercyhurst,Central Connecticut State,-1,-2,-6.156321839080462,-4.338186462324387,-1.7228607918263101,-1.1800766283524897,0.012771392081736721,-2.6500638569604114,1.2000000000000002,0.3000000000000007,0.3999999999999915
2026-03-04,Mercyhurst,FDU,1,9,1.1741935483871089,-5.016129032258064,-7.06451612903226,-2.193548387096774,-1.967741935483871,-0.5806451612903238,12.8,0.8000000000000007,1.0
2026-03-10,Mercyhurst,LIU,-1,-9,-3.193939393939388,-1.6212121212121247,1.8181818181818166,-4.0,-2.6969696969696964,0.09090909090908994,-2.4000000000000004,-2.5999999999999996,-2.799999999999997
2025-11-15,Merrimack,Boston University,-1,12,-23.33333333333333,-0.36666666666667425,4.333333333333336,2.0,-1.333333333333334,-6.0,-17.0,2.7,-0.7000000000000028
2025-11-19,Merrimack,Maine,1,7,15.274999999999991,13.950000000000003,10.25,-0.5,3.0,-2.25,0.0,4.1,-0.7000000000000028
2025-11-21,Merrimack,Florida,-1,-35,-6.860000000000014,19.904999999999987,-1.3000000000000007,-2.5999999999999996,-9.8,-14.8,-20.9,-18.6,-7.799999999999997
2025-11-29,Merrimack,Hofstra,0,-20,-9.554761904761918,14.183333333333323,0.5476190476190474,-0.6666666666666661,-2.7619047619047628,-5.833333333333332,-14.8,-3.3000000000000003,-1.9000000000000057
2025-11-30,Merrimack,La Salle,0,6,-6.849999999999994,12.450000000000003,11.625,-1.875,-3.25,-6.625,-8.2,-4.9,-2.5
2025-12-07,Merrimack,Fairfield,1,11,-6.723333333333329,4.179999999999978,4.066666666666666,-0.36666666666666536,-5.4,-8.01111111111111,-9.4,3.0,-3.0
2026-01-04,Merrimack,Manhattan,1,7,-6.106666666666669,-4.933333333333337,4.266666666666666,-1.2666666666666675,-2.8666666666666663,-4.266666666666666,10.2,3.7,-4.299999999999997
2026-01-19,Merrimack,Marist,-1,13,-3.066563467492273,17.405882352941177,3.7027863777089784,-1.291021671826627,-2.4798761609907123,-7.9721362229102155,-11.2,2.0999999999999996,-2.0999999999999943
2026-01-22,Merrimack,Iona,-1,-1,0.18499999999998806,4.375,-1.4499999999999993,-1.9000000000000004,-1.0500000000000007,-7.450000000000003,8.399999999999999,2.0,-5.599999999999994
2026-02-12,Merrimack,Marist,1,25,0.3504999999999967,11.08583333333334,4.068333333333332,-1.1449999999999996,-1.3633333333333342,-6.513333333333332,4.0,2.0999999999999996,-2.0999999999999943
2026-02-22,Merrimack,Iona,1,2,2.0642857142857025,-0.5821428571428413,-2.75,-1.5,-1.1428571428571432,-5.071428571428573,16.799999999999997,2.0,-5.599999999999994
2026-02-27,Merrimack,Canisius,-1,-5,10.84137931034482,-4.920689655172424,2.586206896551726,-2.8275862068965516,-2.13793103448276,-2.379310344827587,21.4,3.8999999999999995,-0.29999999999999716
2026-03-08,Merrimack,Marist,0,1,2.9833333333333343,7.51062499999999,4.089583333333334,-1.2375000000000007,-1.9770833333333329,-5.485416666666666,5.199999999999999,2.0999999999999996,-2.0999999999999943
2025-11-16,Miami (FL),Florida,0,-14,16.16666666666667,-11.633333333333326,-12.0,-3.666666666666666,-11.000000000000002,-1.3333333333333321,20.666666666666664,-5.6,-2.8999999999999915
2025-11-20,Miami (FL),Elon,1,27,-8.550000000000011,-17.075000000000003,-16.25,2.5,-4.5,4.75,7.5,12.8,0.20000000000000284
2025-11-23,Miami (FL),Delaware State,1,56,30.260000000000005,-14.953333333333333,0.5,-0.5999999999999996,2.033333333333333,4.633333333333333,31.0,22.5,3.0
2025-11-27,Miami (FL),Brigham Young,0,-10,0.4133333333333269,-11.123333333333335,-7.133333333333333,3.0999999999999996,0.16666666666666607,2.0666666666666664,11.399999999999999,-3.1999999999999993,-1.6999999999999886
2025-11-28,Miami (FL),Georgetown,0,13,5.269047619047612,-11.75,-1.5,2.2619047619047628,0.6904761904761916,2.0238095238095255,12.0,1.3000000000000007,1.6000000000000085
2025-12-13,Miami (FL),Louisiana–Monroe,1,25,19.019999999999996,-18.83999999999999,-3.8999999999999986,-0.3999999999999986,3.499999999999999,3.6999999999999993,26.599999999999998,0.0,0.0
2025-12-16,Miami (FL),Florida International,1,17,10.757954545454538,-7.592045454545456,-5.375,-0.545454545454545,-0.8409090909090917,2.5,0.5999999999999996,11.8,-3.6999999999999886
2026-01-10,Miami (FL),Georgia Tech,1,10,17.84208333333332,-2.248750000000001,1.970833333333335,-1.291666666666666,2.404166666666667,-1.4541666666666657,11.399999999999999,6.000000000000001,-3.0
2026-01-17,Miami (FL),Clemson,-1,-10,5.701307189542504,-0.34575163398692155,-3.562091503267972,2.1601307189542496,1.601307189542485,0.4575163398692794,4.0,-0.6999999999999993,4.0
2026-01-20,Miami (FL),Florida State,1,-2,10.899999999999991,-10.794444444444451,-13.5,-1.333333333333334,-1.0555555555555554,3.555555555555557,18.6,0.9000000000000004,-2.3999999999999915
2026-01-31,Miami (FL),California,1,-1,7.347619047619062,-2.4285714285714306,-4.5238095238095255,1.8095238095238102,2.857142857142856,0.9047619047619051,4.0,4.1000000000000005,-1.0999999999999943
2026-02-07,Miami (FL),Boston College,-1,6,19.64090909090912,-1.7727272727272663,-4.954545454545453,1.0,0.954545454545455,-0.09090909090908994,4.6,5.800000000000001,1.7000000000000028
2026-02-24,Miami (FL),Florida State,-1,10,7.599999999999994,-5.822222222222223,-13.037037037037038,0.03703703703703631,-0.18518518518518512,2.037037037037038,-4.4,0.9000000000000004,-2.3999999999999915
2026-02-28,Miami (FL),Boston College,1,22,17.55357142857143,-3.2464285714285808,-5.785714285714285,1.1785714285714288,1.3571428571428577,0.35714285714285765,13.2,5.800000000000001,1.7000000000000028
2026-03-07,Miami (FL),Louisville,1,-3,-1.8533333333333388,-0.3333333333333286,-13.93333333333333,-0.36666666666666714,0.09999999999999964,-2.3333333333333357,4.8,-3.0,-1.5
2026-03-12,Miami (FL),Louisville,0,5,-1.3361895161290391,0.06360887096775514,-13.434475806451612,-0.2157258064516121,0.32459677419354804,-2.028225806451612,4.0,-3.0,-1.5
2025-11-20,Miami (OH),Mercyhurst,1,5,24.519999999999996,-9.079999999999998,5.933333333333334,2.1333333333333346,1.5999999999999996,6.466666666666669,27.266666666666666,6.7,6.299999999999997
2025-11-23,Miami (OH),Arkansas–Pine Bluff,1,27,36.73214285714285,-37.8,2.75,-3.1428571428571423,-0.6428571428571423,8.321428571428573,58.95,6.8,0.5999999999999943
2025-12-06,Miami (OH),Maine,1,32,37.14857142857143,-13.717142857142846,10.042857142857141,-3.2857142857142865,2.2142857142857135,9.671428571428574,30.0,6.0,6.8999999999999915
2025-12-13,Miami (OH),Eastern Kentucky,-1,10,15.811111111111103,-14.526666666666657,-5.366666666666671,-1.9666666666666668,-4.544444444444444,5.37777777777778,16.2,3.3,2.1999999999999886
2025-12-20,Miami (OH),Ball State,-1,9,28.736363636363635,-7.718181818181833,3.81818181818182,-0.9090909090909083,-0.9090909090909083,6.81818181818182,24.799999999999997,3.5,5.8999999999999915
2025-12-30,Miami (OH),Bowling Green,-1,10,10.053846153846166,10.0,4.923076923076923,-1.384615384615385,-2.769230769230769,2.846153846153843,-15.399999999999999,1.2,1.5
2026-01-03,Miami (OH),Akron,1,3,-2.0967032967032964,-5.425274725274733,-1.0659340659340657,0.9670329670329672,-3.5274725274725283,1.670329670329668,-0.8000000000000007,-1.4000000000000001,0.8999999999999915
2026-01-13,Miami (OH),Central Michigan,1,39,21.552941176470597,-14.864705882352936,7.294117647058826,-0.764705882352942,-2.2941176470588243,5.7058823529411775,29.799999999999997,2.3,3.8999999999999915
2026-01-17,Miami (OH),Buffalo,1,3,6.815686274509801,-10.18464052287581,3.101307189542485,0.7320261437908488,-1.4673202614379086,6.464052287581698,7.6000000000000005,1.9999999999999998,4.0
2026-01-20,Miami (OH),Kent State,-1,6,9.323391812865509,-7.604385964912268,-0.9093567251461998,-3.087719298245613,-3.821637426900584,1.6666666666666679,11.2,0.30000000000000004,-1.8000000000000114
2026-01-27,Miami (OH),Massachusetts,1,2,18.240952380952365,-0.2928571428571445,5.788095238095238,-2.935714285714287,-3.5309523809523817,2.652380952380952,12.2,1.2,-0.9000000000000057
2026-02-03,Miami (OH),Buffalo,-1,2,7.731818181818198,-10.290909090909096,3.3636363636363633,-0.04545454545454497,-0.9545454545454541,5.363636363636363,19.6,1.9999999999999998,4.0
2026-02-07,Miami (OH),Marshall,-1,16,11.904347826086948,-3.9782608695652186,-0.0869565217391326,-1.5217391304347814,-3.2608695652173916,1.6521739130434767,-6.4,1.4999999999999998,0.8999999999999915
2026-02-17,Miami (OH),Massachusetts,-1,9,14.933384615384597,-3.213384615384598,4.8707692307692305,-2.4092307692307706,-3.3061538461538467,2.6246153846153817,12.6,1.2,-0.9000000000000057
2026-02-20,Miami (OH),Bowling Green,1,14,12.513247863247855,3.799572649572653,6.018518518518519,-1.1039886039886042,-1.784900284900286,2.149572649572651,12.0,1.2,1.5
2026-02-24,Miami (OH),Eastern Michigan,-1,10,21.684788359788357,-5.03624338624337,7.772486772486772,-1.313492063492065,-1.8280423280423275,2.822751322751323,17.4,0.5,3.0999999999999943
2026-03-12,Miami (OH),Massachusetts,0,-4,13.119354838709683,-4.087096774193554,4.516129032258068,-2.61290322580645,-3.290322580645161,2.193548387096776,10.2,1.2,-0.9000000000000057
2025-11-25,Michigan,Auburn,0,30,-8.883333333333326,-8.409999999999997,1.6333333333333329,5.166666666666666,-1.833333333333334,8.566666666666666,-2.3999999999999986,4.300000000000001,1.7000000000000028
2025-11-26,Michigan,Gonzaga,0,40,-6.1119047619047535,5.628571428571433,5.166666666666668,2.8809523809523796,-1.3809523809523796,4.690476190476193,-12.0,7.400000000000002,1.4000000000000057
2025-12-13,Michigan,Maryland,-1,18,17.26777777777778,-20.821111111111108,4.266666666666669,-0.6111111111111107,-0.14444444444444393,9.988888888888887,47.4,7.900000000000002,4.6000000000000085
2025-12-21,Michigan,La Salle,1,52,22.85166666666666,-15.054999999999993,11.95,-0.5833333333333339,-0.75,9.183333333333334,36.4,15.400000000000002,4.900000000000006
2025-12-29,Michigan,McNeese State,1,41,1.4856060606060453,-7.405303030303031,7.818181818181817,2.2651515151515156,-1.3257575757575744,9.280303030303031,19.4,16.5,4.300000000000011
2026-01-20,Michigan,Indiana,1,14,4.497058823529414,-9.862745098039213,-2.0065359477124183,1.8267973856209156,1.8790849673202619,6.375816993464053,13.0,5.600000000000001,4.400000000000006
2026-02-21,Michigan,Duke,0,-5,0.7961538461538566,0.3461538461538538,0.5,1.4230769230769234,-0.3076923076923084,1.6153846153846132,6.800000000000001,1.9000000000000021,5.0
2026-02-27,Michigan,Illinois,-1,14,-5.232142857142847,-8.517857142857139,-5.464285714285715,2.9642857142857135,-2.3928571428571423,1.8214285714285694,1.5999999999999996,2.0000000000000018,5.5
2026-03-05,Michigan,Iowa,-1,3,2.0310344827585993,-8.689655172413794,4.0,2.931034482758621,2.137931034482759,8.172413793103448,14.8,4.000000000000002,9.100000000000009
2026-03-19,Michigan,Howard,0,21,10.108823529411765,-0.264705882352942,5.794117647058826,-0.764705882352942,-0.7058823529411757,4.6764705882352935,-8.6,24.700000000000003,1.7000000000000028
2026-03-27,Michigan,Alabama,0,13,0.514705882352942,-11.459640522875816,-10.503267973856211,1.9967320261437909,-1.1388888888888893,0.7434640522875817,-0.5999999999999996,1.9000000000000021,-3.5
2026-04-04,Michigan,Arizona,0,18,1.3605263157894711,1.3157894736842053,9.157894736842106,1.0,-2.2894736842105257,-0.7105263157894726,-1.0,0.7000000000000028,0.20000000000000284
2025-11-18,Michigan State,Kentucky,0,17,-14.816666666666677,7.825000000000003,-8.5,-0.8333333333333339,4.666666666666666,-5.333333333333332,-17.0,-0.10000000000000142,-2.5999999999999943
2025-11-21,Michigan State,Detroit Mercy,1,28,13.46499999999999,-12.534999999999982,-7.300000000000001,-0.8000000000000007,1.0999999999999996,3.1000000000000014,18.7,17.4,-2.5
2025-11-25,Michigan State,East Carolina,0,33,17.060000000000002,-19.019999999999982,2.6000000000000014,-1.8000000000000007,3.0,3.400000000000002,25.2,15.899999999999999,-3.1999999999999886
2025-12-02,Michigan State,Iowa,1,19,-12.98571428571428,-4.842857142857142,0.14285714285714235,2.0,4.714285714285715,5.142857142857142,1.6000000000000014,1.0999999999999996,4.6000000000000085
2025-12-06,Michigan State,Duke,1,-6,-9.36666666666666,4.776388888888889,-8.23611111111111,0.9305555555555554,1.9722222222222214,-2.833333333333332,-0.7999999999999972,-1.0,0.5
2025-12-29,Michigan State,Cornell,1,17,-5.063636363636363,-19.27651515151514,-13.757575757575761,-1.4090909090909083,3.666666666666666,2.84090909090909,9.200000000000001,14.899999999999999,-4.699999999999989
2026-01-13,Michigan State,Indiana,1,21,-6.0062500000000085,-3.737499999999997,-7.8125,1.9375,4.0625,2.9375,0.0,2.6999999999999993,-0.09999999999999432
2026-01-24,Michigan State,Maryland,1,43,9.921052631578945,-17.55263157894737,-5.578947368421055,-0.3157894736842106,1.2105263157894743,4.631578947368421,27.200000000000003,5.0,0.10000000000000853
2026-01-30,Michigan State,Michigan,1,-12,-3.520476190476188,1.6076190476190533,-5.3119047619047635,-0.9238095238095241,1.6238095238095234,-2.0047619047619065,11.399999999999999,-2.900000000000002,-4.5
2026-02-07,Michigan State,Illinois,1,3,-10.27391304347826,-5.12173913043479,-9.652173913043477,2.17391304347826,-0.4782608695652186,0.043478260869562746,-6.000000000000002,-0.9000000000000004,1.0
2026-03-01,Michigan State,Indiana,-1,13,0.6285714285714192,-7.617857142857133,-7.392857142857142,1.2857142857142847,4.392857142857143,4.0,9.4,2.6999999999999993,-0.09999999999999432
2026-03-08,Michigan State,Michigan,-1,-10,-4.166666666666671,4.63333333333334,-4.199999999999999,-1.0,1.4000000000000004,-1.3666666666666671,3.0,-2.900000000000002,-4.5
2026-03-21,Michigan State,Louisville,0,8,-1.429857397504449,-0.9269162210338777,-10.786096256684495,-0.739750445632799,0.8502673796791438,-0.20855614973261893,1.3999999999999995,1.3999999999999986,-3.5
2025-11-19,Middle Tennessee,Michigan,-1,-25,8.199999999999989,-16.23333333333332,10.333333333333332,-6.666666666666668,2.666666666666666,-4.0,19.666666666666664,-17.6,-3.5
2025-11-24,Middle Tennessee,George Washington,0,-13,-6.813333333333333,-1.48333333333332,6.666666666666668,-5.033333333333333,1.7666666666666657,-0.8999999999999986,-2.6000000000000014,-3.8,-1.5999999999999943
2025-11-25,Middle Tennessee,McNeese State,0,-10,-14.366666666666646,7.616666666666674,9.333333333333332,0.6666666666666661,-1.5,2.5,-18.4,-1.1,0.8000000000000114
2025-12-07,Middle Tennessee,Belmont,1,-21,-3.7916666666666714,9.43472222222222,-1.0416666666666679,-4.0,1.9722222222222214,-3.625,-28.8,-1.3,-2.1999999999999886
2025-12-17,Middle Tennessee,Kennesaw State,1,1,-10.674444444444447,9.775555555555556,-0.7222222222222214,-3.333333333333334,-3.322222222222221,-4.644444444444442,-22.599999999999998,0.8,-4.799999999999997
2025-12-29,Middle Tennessee,Houston,-1,-9,-7.963636363636368,12.644696969696966,1.075757575757578,1.1060606060606073,-0.5075757575757578,1.25,-23.400000000000002,-15.2,2.8000000000000114
2026-01-02,Middle Tennessee,Louisiana Tech,1,37,-0.7749999999999915,15.758333333333326,8.5,-0.5833333333333339,-1.166666666666666,-3.25,-25.6,2.2,2.4000000000000057
2026-01-14,Middle Tennessee,Louisiana Tech,-1,-1,4.162499999999994,6.849999999999994,8.75,-0.875,-1.9375,-2.1875,14.8,2.2,2.4000000000000057
2026-01-23,Middle Tennessee,Jacksonville State,-1,-17,0.48888888888890847,0.8611111111111143,3.9444444444444464,-0.16666666666666785,-0.22222222222222143,-0.33333333333333215,4.6,2.2,1.7000000000000028
2026-01-29,Middle Tennessee,Liberty,1,-16,-12.588421052631588,-0.4005263157894774,1.276315789473685,2.2710526315789465,4.515789473684211,0.8368421052631589,-11.600000000000001,-0.09999999999999998,3.4000000000000057
2026-02-04,Middle Tennessee,Florida International,1,-4,-2.038095238095252,-0.961904761904762,5.0476190476190474,-2.0476190476190474,-2.0,0.571428571428573,-2.6000000000000005,1.5,-4.699999999999989
2026-02-07,Middle Tennessee,Delaware,-1,-1,5.61818181818181,-7.272727272727266,4.40909090909091,-0.6363636363636367,3.590909090909091,1.2272727272727302,3.6000000000000005,2.5,3.4000000000000057
2026-02-12,Middle Tennessee,Kennesaw State,-1,3,-4.09999999999998,4.260869565217391,-0.304347826086957,-1.695652173913043,-3.6521739130434767,-2.391304347826086,-7.6,0.8,-4.799999999999997
2026-02-21,Middle Tennessee,Delaware,1,12,4.403846153846146,-5.40384615384616,4.076923076923077,-0.73076923076923,3.7692307692307683,0.3076923076923066,-3.4,2.5,3.4000000000000057
2026-03-05,Middle Tennessee,Florida International,-1,6,1.696551724137933,1.013793103448279,6.206896551724139,-2.3103448275862064,-1.4482758620689662,0.3103448275862064,4.6,1.5,-4.699999999999989
2026-03-12,Middle Tennessee,Louisiana Tech,0,-11,3.964516129032262,7.306451612903231,7.838709677419352,-1.258064516129032,-2.064516129032258,-0.6774193548387082,0.39999999999999947,2.2,2.4000000000000057
2025-11-29,Milwaukee,Akron,-1,-24,-16.514285714285734,10.92857142857143,-9.285714285714285,0.2857142857142865,-0.7142857142857135,-0.28571428571428825,-17.2,-2.9,-1.9000000000000057
2025-12-14,Milwaukee,Indiana State,1,-2,4.834444444444458,18.311111111111117,-3.2555555555555564,-3.0,2.7444444444444454,-2.1000000000000014,-14.799999999999999,-1.9,-0.9000000000000057
2025-12-21,Milwaukee,Cleveland State,-1,10,3.5279720279720124,-0.3748251748251761,-2.7342657342657333,-4.531468531468532,2.5034965034965033,-0.027972027972030133,13.2,2.2,-2.4000000000000057
2026-01-05,Milwaukee,Green Bay,-1,-3,0.8400000000000034,-1.5266666666666708,3.466666666666665,-0.3333333333333339,6.2,0.8000000000000007,5.4,0.20000000000000018,4.0
2026-01-11,Milwaukee,IU Indy,1,12,3.319281045751623,-1.0251633986928113,-9.101307189542485,-2.741830065359478,1.8725490196078418,3.186274509803919,6.0,2.5,-5.900000000000006
2026-02-01,Milwaukee,Cleveland State,1,-2,-2.3592885375494035,-4.1304347826087024,-3.8023715415019765,-2.7312252964426875,2.8853754940711465,1.1205533596837967,-7.800000000000001,2.2,-2.4000000000000057
2026-02-04,Milwaukee,Detroit Mercy,1,-13,0.3791666666666771,2.4190476190476176,3.208333333333332,-1.6309523809523796,-0.6785714285714288,-1.4226190476190474,-2.8,0.40000000000000036,-0.6000000000000085
2026-02-10,Milwaukee,IU Indy,-1,4,-0.29953846153846087,-1.3883076923077056,-6.9815384615384595,-1.7646153846153858,1.476923076923077,2.960000000000001,-4.8,2.5,-5.900000000000006
2026-02-15,Milwaukee,Green Bay,1,3,-5.037037037037038,-0.7555555555555458,3.2962962962962976,0.44444444444444464,4.518518518518519,0.40740740740740833,-8.2,0.20000000000000018,4.0
2026-02-20,Milwaukee,Detroit Mercy,-1,-5,0.4798571428571563,3.4695714285714416,3.351428571428574,-1.4800000000000004,-0.5471428571428572,-1.6171428571428592,-7.0,0.40000000000000036,-0.6000000000000085
2026-03-04,Milwaukee,Detroit Mercy,-1,-21,-0.2522803114571701,2.7704115684093438,4.014460511679644,-1.0478309232480534,-0.1523915461624039,-1.385984427141267,-1.2,0.40000000000000036,-0.6000000000000085
2025-11-15,Minnesota,Green Bay,1,7,16.591666666666654,-23.61666666666669,-4.25,1.416666666666666,7.833333333333334,3.916666666666668,28.583333333333332,11.7,-1.3999999999999915
2025-11-18,Minnesota,Chicago State,1,12,19.0,-27.67500000000001,4.25,-2.75,6.0,9.0,36.0,15.0,-2.799999999999997
2025-12-03,Minnesota,Indiana,1,9,-15.671428571428564,15.489285714285714,-7.0,2.2321428571428577,1.8035714285714288,-3.071428571428573,-25.6,-2.8000000000000007,-3.5999999999999943
2025-12-21,Minnesota,Campbell,1,28,2.0818181818181642,-3.5818181818181927,0.18181818181818343,-2.7272727272727284,-3.0,-1.2727272727272698,-0.6,9.6,-6.099999999999994
2025-12-29,Minnesota,FDU,1,17,7.316666666666663,-7.516666666666666,-8.416666666666668,-0.8333333333333321,-1.916666666666666,-0.0833333333333357,2.8,17.5,-0.8999999999999915
2026-01-06,Minnesota,Iowa,1,3,-13.514285714285705,6.335714285714289,1.7142857142857153,1.5714285714285712,0.9285714285714288,2.7142857142857117,-14.599999999999998,-4.4,1.1000000000000085
2026-01-17,Minnesota,Illinois,-1,-10,-15.517647058823528,1.8352941176470523,-6.470588235294116,1.117647058823529,-3.5882352941176467,-3.882352941176471,-12.799999999999999,-6.4,-2.5
2026-02-04,Minnesota,Michigan State,1,3,-7.61363636363636,10.13636363636364,3.1363636363636367,-1.1818181818181817,-3.5454545454545467,-4.272727272727273,-23.2,-5.5,-3.5
2026-02-08,Minnesota,Maryland,1,-5,5.864822134387353,-9.738142292490139,-2.0592885375494063,-1.8221343873517775,-2.217391304347826,0.89328063241107,11.8,-0.5,-3.3999999999999915
2026-02-24,Minnesota,Michigan,-1,-10,-11.996296296296293,10.985185185185173,-0.9259259259259274,-1.6296296296296298,-2.2592592592592595,-5.925925925925927,-9.4,-8.400000000000002,-8.0
2026-03-04,Minnesota,Indiana,-1,-30,-5.106896551724134,-0.7965517241379274,-3.9655172413793096,0.3793103448275854,0.3793103448275863,-0.862068965517242,13.399999999999999,-2.8000000000000007,-3.5999999999999943
2026-04-01,Minnesota,Baylor,0,-19,-7.075000000000003,-2.221874999999997,0.90625,-1.28125,-4.03125,-1.4375,-8.4,-2.5,-5.699999999999989
2025-11-20,Mississippi State,Kansas State,0,-21,-14.99166666666666,-2.424999999999997,3.0,1.0,4.166666666666666,5.583333333333332,-10.0,0.5,-1.5
2025-12-03,Mississippi State,Georgia Tech,-1,12,7.38035714285715,14.228571428571428,6.660714285714285,-0.4107142857142865,0.5357142857142865,1.0178571428571423,-1.5999999999999996,5.6000000000000005,0.0
2025-12-16,Mississippi State,LIU,1,4,1.7299999999999898,-3.990000000000009,11.100000000000001,-3.0999999999999996,-0.29999999999999893,7.0,5.4,14.8,3.8000000000000114
2025-12-20,Mississippi State,Memphis,1,5,4.633636363636356,1.027272727272745,5.300000000000001,-1.7272727272727266,-2.163636363636364,6.90909090909091,1.8,5.300000000000001,-0.19999999999998863
2025-12-29,Mississippi State,Alabama State,1,38,4.266666666666666,-8.958333333333343,1.9166666666666643,-0.6666666666666661,-1.5,6.25,21.599999999999998,16.7,1.0
2026-01-10,Mississippi State,Kentucky,-1,-24,-7.74666666666667,3.8533333333333246,0.33333333333333215,1.1333333333333329,0.4666666666666668,1.466666666666665,10.200000000000001,-4.9,2.4000000000000057
2026-01-13,Mississippi State,Alabama,1,-15,-11.84375,-2.6499999999999915,-11.3125,1.5625,-0.4375,-0.5625,0.1999999999999993,-5.799999999999999,-3.0
2026-01-28,Mississippi State,Louisiana State,-1,14,-12.905000000000001,1.4950000000000045,4.800000000000001,0.3500000000000014,0.5999999999999996,1.0,-13.2,-0.09999999999999964,1.9000000000000057
2026-02-07,Mississippi State,Arkansas,1,-20,-14.86363636363636,0.11363636363635976,2.40909090909091,2.0909090909090917,1.0909090909090917,3.863636363636367,-11.0,-4.6,-1.5
2026-02-18,Mississippi State,Auburn,1,6,-11.043999999999997,-3.195999999999998,1.1600000000000001,1.3200000000000003,-1.3600000000000012,4.800000000000001,3.8000000000000003,-3.4000000000000004,2.200000000000003
2026-02-25,Mississippi State,Alabama,-1,-25,-12.322222222222209,0.07777777777778283,-10.333333333333332,1.1851851851851851,0.03703703703703631,-1.0,-13.0,-5.799999999999999,-3.0
2026-03-03,Mississippi State,Florida,-1,-34,-12.206896551724128,12.465517241379317,0.862068965517242,-0.4137931034482758,-4.275862068965518,-2.3103448275862064,-25.6,-6.0,0.10000000000000853
2026-03-07,Mississippi State,Georgia,1,-6,-13.153333333333322,5.856666666666683,-3.0333333333333314,0.9000000000000004,-1.299999999999999,1.4333333333333336,-25.0,-1.9000000000000004,-2.799999999999997
2026-03-11,Mississippi State,Auburn,0,-18,-10.325806451612905,-1.0483870967741922,2.129032258064516,1.129032258064516,-1.5161290322580658,4.064516129032256,-16.4,-3.4000000000000004,2.200000000000003
2025-11-15,Mississippi Valley State,Manhattan,0,-7,-37.90666666666668,5.406666666666666,-2.1999999999999993,5.800000000000001,-3.7333333333333343,-3.3999999999999986,-33.2,-4.299999999999999,1.4000000000000057
2025-11-15,Mississippi Valley State,Manhattan,0,-7,-25.065000000000012,3.765000000000015,1.0500000000000007,5.300000000000001,-1.9000000000000004,-2.3999999999999986,-22.45,-4.299999999999999,1.4000000000000057
2025-11-22,Mississippi Valley State,Cal State Bakersfield,-1,-16,-3.86666666666666,11.97666666666666,5.633333333333333,1.7333333333333343,-3.0666666666666664,-0.6333333333333329,-6.6000000000000005,-6.1,-3.0999999999999943
2025-12-03,Mississippi Valley State,Louisiana–Monroe,-1,-14,-3.6214285714285666,5.94285714285715,-4.946428571428573,4.053571428571429,1.7857142857142856,0.928571428571427,-12.2,0.0,0.0
2025-12-08,Mississippi Valley State,Kansas State,-1,-59,-20.033333333333346,9.666666666666671,-6.222222222222225,2.4444444444444446,-0.7777777777777786,-1.3333333333333321,-11.0,-20.1,-3.700000000000003
2025-12-19,Mississippi Valley State,Florida State,-1,-47,-17.37272727272726,14.25454545454545,-17.545454545454543,4.090909090909092,-3.7272727272727284,-1.8181818181818166,-5.600000000000001,-20.1,-1.5999999999999943
2026-01-03,Mississippi Valley State,Alabama State,1,-20,-12.119780219780225,8.150549450549448,-5.593406593406591,4.197802197802197,-2.7747252747252755,-2.1373626373626387,-14.999999999999996,-3.8999999999999995,-1.2000000000000028
2026-01-05,Mississippi Valley State,Alabama A&M,1,-20,-11.48142857142858,17.461904761904748,-1.466666666666665,5.2523809523809515,-0.8523809523809529,-5.390476190476193,-31.4,-1.3999999999999986,2.6000000000000085
2026-01-17,Mississippi Valley State,Bethune-Cookman,1,-16,-12.045833333333334,6.0305555555555515,-1.4652777777777786,4.243055555555557,-0.3958333333333339,-2.208333333333332,-9.000000000000002,-5.499999999999999,-1.8999999999999915
2026-01-19,Mississippi Valley State,Florida A&M,1,-14,-8.344912280701763,11.072280701754408,-4.4596491228070185,1.2666666666666675,0.21403508771929847,-1.291228070175439,-16.2,-2.6999999999999993,-0.5999999999999943
2026-01-31,Mississippi Valley State,Arkansas–Pine Bluff,1,-8,-15.245000000000005,5.876666666666665,-5.545238095238094,1.6190476190476186,-1.090476190476191,-2.9976190476190467,-12.6,-3.0999999999999996,-1.2999999999999972
2026-02-07,Mississippi Valley State,Jackson State,1,-16,-4.645454545454555,0.06818181818182723,-8.045454545454543,2.2272727272727284,0.22727272727272751,-1.5454545454545467,-8.599999999999998,-3.5999999999999996,-1.7000000000000028
2026-02-09,Mississippi Valley State,Alcorn State,1,-8,-5.654545454545456,-0.07786561264822467,-2.6640316205533594,1.4861660079051386,-0.4841897233201582,0.8537549407114611,-4.4,-3.799999999999999,0.5
2026-02-14,Mississippi Valley State,Alabama A&M,-1,-7,-12.254166666666691,14.88333333333334,-1.625,3.75,-0.2499999999999991,-4.625,-12.200000000000001,-1.3999999999999986,2.6000000000000085
2026-02-16,Mississippi Valley State,Alabama State,-1,-37,-9.647999999999996,10.864000000000004,-5.879999999999999,1.7200000000000006,-3.24,-2.3200000000000003,-11.0,-3.8999999999999995,-1.2000000000000028
2026-02-23,Mississippi Valley State,Grambling State,-1,-21,-10.456593406593399,16.454395604395586,-3.4752747252747263,0.5412087912087902,-1.0082417582417582,-2.1043956043956022,-8.2,-3.0999999999999996,0.7999999999999972
2026-02-28,Mississippi Valley State,Arkansas–Pine Bluff,-1,1,-14.577339901477814,5.520073891625614,-5.19334975369458,1.1243842364532028,-1.0591133004926103,-2.1600985221674875,-9.600000000000001,-3.0999999999999996,-1.2999999999999972
2026-03-03,Mississippi Valley State,Alcorn State,-1,-3,-6.518571428571434,0.8669047619047774,-2.2785714285714285,1.6357142857142861,-0.40952380952380896,0.9214285714285744,-10.399999999999999,-3.799999999999999,0.5
2026-03-05,Mississippi Valley State,Jackson State,-1,-8,-5.660322580645158,0.023333333333326323,-8.439784946236557,1.3462365591397845,-1.2559139784946236,-1.4182795698924728,2.4000000000000004,-3.5999999999999996,-1.7000000000000028
2026-03-09,Mississippi Valley State,Grambling State,0,-25,-8.680241935483878,15.885786290322585,-3.71673387096774,0.595766129032258,-1.371975806451612,-1.8225806451612918,-5.4,-3.0999999999999996,0.7999999999999972
2025-11-28,Missouri,Cleveland State,1,27,20.373214285714283,-19.453571428571422,-7.321428571428573,-0.8392857142857135,1.8035714285714288,3.7321428571428577,25.8,15.6,-2.4000000000000057
2025-12-07,Missouri,Kansas,-1,-20,15.088888888888874,0.27777777777777146,0.7777777777777786,2.7777777777777786,2.8888888888888893,-1.2222222222222214,19.4,-3.700000000000001,0.29999999999999716
2025-12-11,Missouri,Alabama State,1,8,15.645555555555532,-12.555555555555557,-1.0222222222222221,0.22222222222222143,0.44444444444444464,2.7333333333333307,16.0,17.9,-2.1000000000000085
2025-12-14,Missouri,Bethune-Cookman,1,22,18.217171717171723,-11.393939393939405,2.858585858585858,2.3939393939393927,0.7676767676767664,2.3232323232323253,14.8,16.3,-2.799999999999997
2025-12-22,Missouri,Illinois,0,-43,-3.0818181818181927,-3.9393939393939377,-7.492424242424242,3.5530303030303028,-1.5909090909090917,-2.469696969696969,2.6000000000000005,-4.5,2.8999999999999915
2026-01-03,Missouri,Florida,1,2,2.684615384615384,6.615384615384613,-4.76923076923077,-0.384615384615385,-5.076923076923077,-5.615384615384617,-27.4,-4.800000000000001,-3.0
2026-01-07,Missouri,Kentucky,-1,5,-0.7642857142857196,4.5071428571428385,-4.0,2.2142857142857135,-0.42857142857142705,-3.1428571428571423,-18.0,-3.700000000000001,-0.7000000000000028
2026-01-14,Missouri,Auburn,1,10,-3.5062500000000085,-5.3500000000000085,-3.4375,1.1875,-2.5,0.3125,-10.0,-2.200000000000001,-0.9000000000000057
2026-01-17,Missouri,Louisiana State,-1,-8,-3.770588235294113,-0.0941176470588232,0.2941176470588225,1.0588235294117645,-0.8235294117647065,-3.647058823529413,-7.199999999999999,1.0999999999999996,-1.2000000000000028
2026-01-20,Missouri,Georgia,1,-2,-4.855555555555554,8.25,-8.61111111111111,1.1111111111111107,-2.9444444444444446,-3.666666666666668,-0.7999999999999999,-0.7000000000000011,-5.900000000000006
2026-01-27,Missouri,Alabama,-1,-26,-3.976052631578952,-2.272105263157883,-14.223684210526315,2.5763157894736857,-1.242105263157896,-4.373684210526314,-1.4,-4.6,-6.1000000000000085
2026-01-31,Missouri,Mississippi State,1,5,7.785714285714292,-0.5571428571428498,-3.7619047619047628,0.8095238095238102,-0.8571428571428559,-3.571428571428573,5.800000000000001,1.1999999999999993,-3.1000000000000085
2026-02-21,Missouri,Arkansas,-1,-8,-7.469230769230791,0.892307692307682,-1.5,2.7692307692307683,0.5769230769230766,0.07692307692307665,-8.6,-3.4000000000000004,-4.6000000000000085
2026-02-28,Missouri,Mississippi State,-1,24,7.36071428571428,-1.5035714285714192,-4.928571428571427,0.6428571428571423,-0.5,-3.4285714285714306,1.0,1.1999999999999993,-3.1000000000000085
2026-03-07,Missouri,Arkansas,1,-4,-7.513333333333335,0.09333333333333371,-0.8000000000000007,2.799999999999999,0.1999999999999993,-0.1999999999999993,-0.3999999999999999,-3.4000000000000004,-4.6000000000000085
2026-03-12,Missouri,Kentucky,0,-6,-1.5901209677419388,2.879737903225802,-3.038306451612904,1.706653225806452,-1.140120967741936,-1.2016129032258078,-2.0,-3.700000000000001,-0.7000000000000028
2026-03-20,Missouri,Miami (FL),0,-14,-2.8738636363636374,6.1107954545454675,1.5918560606060623,0.8399621212121211,-0.7111742424242422,-1.0729166666666679,-1.6,0.7999999999999989,-0.10000000000000853
2025-11-24,Missouri State,LIU,1,-14,10.526666666666642,-18.340000000000003,9.433333333333335,-4.566666666666666,0.13333333333333464,4.833333333333332,18.8,3.2,-0.5999999999999943
2025-12-23,Missouri State,Lindenwood,1,5,-1.4799999999999898,11.87166666666667,3.383333333333333,-2.0166666666666657,-1.666666666666666,-4.333333333333332,-43.199999999999996,4.7,-5.799999999999997
2025-12-29,Missouri State,Delaware,-1,18,5.436363636363637,-4.309090909090912,-0.3636363636363633,-2.0,3.545454545454545,-0.45454545454545325,2.5999999999999996,0.7999999999999998,3.0
2026-01-07,Missouri State,Kennesaw State,-1,-10,-3.664285714285711,4.921428571428578,-6.214285714285715,-2.857142857142856,-5.071428571428571,-5.785714285714285,7.0,-0.9000000000000001,-5.200000000000003
2026-01-10,Missouri State,Florida International,1,8,-3.306666666666672,0.09999999999999432,0.06666666666666643,-2.0,-1.9333333333333318,-1.1333333333333329,-4.799999999999999,-0.20000000000000018,-5.099999999999994
2026-01-17,Missouri State,Middle Tennessee,-1,-3,1.064705882352925,4.3352941176470665,-3.5882352941176485,0.5294117647058822,0.29411764705882426,-2.117647058823529,-4.8,-1.7000000000000002,-0.4000000000000057
2026-01-31,Missouri State,Jacksonville State,1,7,0.9650000000000034,5.891428571428577,0.3285714285714256,0.1976190476190478,0.3642857142857139,-2.926190476190474,-3.4000000000000004,0.5,1.2999999999999972
2026-02-07,Missouri State,Liberty,-1,-3,-11.981818181818184,1.8227272727272634,-2.5909090909090935,3.0,5.2727272727272725,-1.6818181818181799,-9.399999999999999,-1.8000000000000003,3.0
2026-02-12,Missouri State,Louisiana Tech,1,-1,4.0695652173913,7.700000000000003,4.260869565217391,0.08695652173913082,-2.17391304347826,-3.304347826086957,1.8,0.5,2.0
2026-02-14,Missouri State,Delaware,1,-9,6.145833333333343,-6.075000000000003,-0.41666666666666785,-0.08333333333333215,4.500000000000001,-1.6666666666666643,1.6,0.7999999999999998,3.0
2026-02-18,Missouri State,Kennesaw State,1,-4,-4.02800000000002,3.196000000000012,-4.640000000000001,-0.8000000000000007,-2.6400000000000006,-4.16,-3.0,-0.9000000000000001,-5.200000000000003
2026-02-21,Missouri State,Florida International,-1,-3,0.576923076923066,2.0576923076923066,2.1923076923076934,-1.6923076923076916,-1.4615384615384617,-2.5,-2.8,-0.20000000000000018,-5.099999999999994
2026-02-26,Missouri State,Louisiana Tech,-1,-2,4.833333333333329,8.351851851851848,4.666666666666664,-0.5555555555555554,-1.7777777777777786,-3.2962962962962976,-4.0,0.5,2.0
2026-03-07,Missouri State,Middle Tennessee,1,-12,-0.12666666666665094,0.960000000000008,-4.199999999999999,0.4666666666666668,0.2333333333333325,-2.4333333333333336,-4.4,-1.7000000000000002,-0.4000000000000057
2026-03-10,Missouri State,Florida International,0,3,0.8419354838709552,2.3387096774193594,2.3225806451612883,-1.870967741935484,-1.483870967741936,-2.129032258064516,-1.2000000000000002,-0.20000000000000018,-5.099999999999994
2026-03-11,Missouri State,Liberty,0,8,-10.620665322580649,-0.13427419354839287,-3.173387096774192,2.487903225806452,5.113911290322581,-1.1229838709677402,4.4,-1.8000000000000003,3.0
2026-03-13,Missouri State,Louisiana Tech,0,-3,3.3253787878787904,8.749810606060592,3.8077651515151523,-0.6515151515151523,-1.9782196969696972,-3.0606060606060623,-9.2,0.5,2.0
2025-11-28,Monmouth,Ball State,0,7,5.219999999999999,1.2000000000000028,-0.1999999999999993,2.4000000000000004,4.6,5.0,2.5999999999999996,2.6999999999999997,1.7000000000000028
2025-11-29,Monmouth,Le Moyne,0,-4,-5.7714285714285865,-5.173809523809524,-2.666666666666668,0.35714285714285765,2.095238095238095,1.071428571428573,2.0,5.5,-1.0999999999999943
2025-11-30,Monmouth,Lafayette,-1,14,8.933928571428567,0.035714285714291805,-0.8392857142857153,1.5892857142857135,2.5357142857142865,2.6071428571428577,5.4,4.5,1.0
2025-12-06,Monmouth,Georgia Tech,-1,-12,8.477777777777774,8.48888888888888,-2.7777777777777786,-0.11111111111111072,-0.22222222222222143,-2.222222222222225,8.2,-5.9,-4.5
2025-12-14,Monmouth,Fairfield,-1,-8,1.4699999999999847,-3.970000000000013,-4.600000000000001,0.5,-2.1000000000000014,0.0,7.2,4.1,0.4000000000000057
2025-12-21,Monmouth,Lehigh,1,14,4.974999999999994,1.09999999999998,-6.0,-1.6666666666666679,2.750000000000001,1.0,-1.6,4.800000000000001,-0.5
2025-12-31,Monmouth,Campbell,1,-3,-3.746703296703288,-5.472527472527474,-4.126373626373628,-1.9010989010989015,-2.2857142857142865,-0.0384615384615401,6.2,-1.2000000000000002,-2.0999999999999943
2026-01-10,Monmouth,Hofstra,-1,-3,-9.849999999999994,4.331249999999997,-5.625,0.375,-0.3125,-1.5,-2.2,-2.2,1.5
2026-01-15,Monmouth,Drexel,1,-22,0.23235294117645822,0.011437908496731097,-5.633986928104573,-0.4901960784313726,-1.238562091503269,0.5588235294117645,6.3999999999999995,1.1999999999999997,2.4000000000000057
2026-01-22,Monmouth,Hampton,-1,-2,-1.5157894736842223,2.378947368421052,-2.6315789473684212,0.5789473684210531,-0.3157894736842106,-0.10526315789473628,2.6,2.1,0.5
2026-01-24,Monmouth,Campbell,-1,15,-8.21499999999999,-8.10499999999999,-3.650000000000002,-1.1999999999999993,-1.3000000000000007,0.9499999999999993,-4.8,-1.2000000000000002,-2.0999999999999943
2026-01-31,Monmouth,Hofstra,1,-16,-9.081818181818193,0.2545454545454504,-7.0,1.3181818181818166,-0.9090909090909083,-0.9090909090909101,5.0,-2.2,1.5
2026-02-12,Monmouth,Drexel,-1,20,0.24500000000000455,2.2630000000000052,-3.9616666666666696,-0.2766666666666655,-0.046666666666666856,0.05999999999999872,0.6,1.1999999999999997,2.4000000000000057
2026-02-21,Monmouth,College of Charleston,-1,-11,-2.6712962962962763,-0.48439153439151994,-2.765873015873016,0.32539682539682424,1.181216931216932,-3.0198412698412724,-4.4,-0.40000000000000013,-1.5
2026-02-28,Monmouth,Elon,1,16,-9.42758620689655,-7.472413793103456,-6.172413793103448,1.1034482758620676,-0.9655172413793096,0.7586206896551708,9.6,0.8999999999999999,-1.2999999999999972
2026-03-08,Monmouth,Drexel,0,8,2.4441532258064598,2.045866935483872,-2.182459677419356,-0.46875,0.3991935483870961,-0.35887096774193594,-0.40000000000000036,1.1999999999999997,2.4000000000000057
2026-03-09,Monmouth,Campbell,0,10,-5.685416666666669,-6.441761363636374,-1.816287878787879,-0.17897727272727337,-0.9488636363636367,1.0160984848484844,0.20000000000000018,-1.2000000000000002,-2.0999999999999943
2026-03-10,Monmouth,Hofstra,0,-6,-8.13030303030304,3.945454545454538,-5.878787878787879,1.333333333333334,-0.9393939393939394,-2.2727272727272734,-3.0,-2.2,1.5
2025-11-14,Montana,Cal Poly,1,8,15.775000000000006,-18.94999999999999,-12.0,-0.75,-1.5,8.25,26.25,-1.0,-5.799999999999997
2025-11-23,Montana,Lamar,1,-5,2.7166666666666544,1.1333333333333258,0.6666666666666679,3.166666666666668,-3.666666666666667,6.833333333333332,-8.733333333333334,0.8999999999999999,4.599999999999994
2025-12-20,Montana,Louisville,-1,-40,-11.538636363636371,4.922727272727286,-10.924242424242426,2.833333333333334,-4.287878787878788,0.9696969696969688,-5.2,-15.8,0.09999999999999432
2026-01-08,Montana,Idaho,-1,6,-4.7252380952380975,-1.8257142857142696,-6.152380952380952,2.9333333333333336,-2.538095238095238,2.3190476190476197,-2.4000000000000004,-0.6000000000000001,1.2000000000000028
2026-01-10,Montana,Eastern Washington,-1,-1,3.4395833333333456,-16.85708333333332,1.8583333333333343,1.208333333333334,-3.6833333333333336,7.050000000000001,11.200000000000001,-2.0,1.4000000000000057
2026-01-24,Montana,Idaho State,1,9,-1.7700000000000102,-8.700000000000003,-0.9000000000000021,2.8999999999999986,-4.050000000000001,5.549999999999997,14.2,0.8999999999999999,4.200000000000003
2026-02-05,Montana,Eastern Washington,1,-8,2.4395256916996004,-13.86245059288538,1.4782608695652186,1.2490118577075098,-3.316205533596839,5.719367588932808,7.0,-2.0,1.4000000000000057
2026-02-07,Montana,Idaho,1,5,-1.6202898550724711,-2.0280797101449366,-6.277173913043477,3.1014492753623184,-2.4329710144927548,1.391304347826086,0.9999999999999998,-0.6000000000000001,1.2000000000000028
2026-02-19,Montana,Idaho State,-1,-4,-1.884472934472953,-11.849002849002844,-0.7920227920227916,3.0954415954415957,-3.933048433048433,5.780626780626779,12.6,0.8999999999999999,4.200000000000003
2026-03-11,Montana,Idaho,0,-11,-2.7592691622103445,0.7973262032085557,-5.447415329768269,3.069518716577539,-2.8707664884135484,1.0543672014260252,-8.0,-0.6000000000000001,1.2000000000000028
2025-11-15,Montana State,Boise State,-1,-4,2.9583333333333286,2.1583333333333314,2.083333333333332,-2.583333333333334,-3.25,-2.166666666666668,-1.083333333333334,-7.7,-0.4000000000000057
2025-11-21,Montana State,Long Beach State,-1,6,24.223333333333315,-3.9566666666666777,3.9333333333333336,-3.1999999999999993,-1.0333333333333323,-1.1000000000000014,23.2,0.9000000000000001,-4.400000000000006
2025-12-16,Montana State,Cal Poly,-1,3,8.34545454545453,-7.11818181818181,-3.0,-5.90909090909091,-1.6363636363636358,-5.0,2.8,0.19999999999999996,-9.200000000000003
2026-01-08,Montana State,Eastern Washington,-1,4,8.209047619047595,-17.35809523809523,6.428571428571427,-3.1952380952380963,-1.1142857142857139,1.8333333333333321,26.0,-0.8,-2.0
2026-01-10,Montana State,Idaho,-1,-3,0.821249999999992,-2.0204166666666765,-1.3625000000000007,-0.7375000000000007,-0.9041666666666668,-2.4958333333333336,3.200000000000001,0.5999999999999999,-2.200000000000003
2026-01-17,Montana State,Montana,1,9,5.558823529411754,1.5529411764705827,4.0588235294117645,-3.5294117647058822,1.9411764705882346,-4.529411764705884,15.0,1.2,-3.4000000000000057
2026-01-22,Montana State,Idaho State,1,12,-0.07894736842105488,-8.210526315789451,3.0526315789473664,-0.7894736842105257,-2.0,1.7368421052631575,10.2,2.0999999999999996,0.7999999999999972
2026-02-05,Montana State,Idaho,1,7,1.2096837944664003,-0.5683794466403214,-1.6561264822134376,-0.4090909090909083,0.24110671936758798,-2.3280632411067224,-3.1999999999999997,0.5999999999999999,-2.200000000000003
2026-02-07,Montana State,Eastern Washington,1,-1,5.083152173913035,-11.718659420289853,5.706521739130434,-2.387681159420291,-0.804347826086957,1.8115942028985508,1.4,-0.8,-2.0
2026-02-14,Montana State,Montana,-1,11,3.475999999999985,1.7600000000000051,4.199999999999999,-4.0,2.5199999999999996,-3.9599999999999973,-1.2,1.2,-3.4000000000000057
2026-02-21,Montana State,Idaho State,-1,-15,1.9444444444444429,-10.073677248677242,3.0859788359788354,-0.9060846560846567,-1.5648148148148149,1.93915343915344,11.6,2.0999999999999996,0.7999999999999972
2026-03-08,Montana State,Idaho,0,-4,2.8639112903225765,0.6769153225806406,-2.069556451612904,-0.8548387096774199,-0.5927419354838701,-2.298387096774192,-3.000000000000001,0.5999999999999999,-2.200000000000003
2025-11-21,Morehead State,East Tennessee State,-1,-15,1.4849999999999852,24.95999999999998,-0.9499999999999993,1.1999999999999993,3.9000000000000004,-0.75,-17.4,-2.6999999999999997,0.6999999999999886
2025-11-22,Morehead State,Louisiana–Monroe,0,3,11.183333333333323,8.25,-1.3333333333333321,-0.033333333333333215,6.9,0.13333333333333286,1.0,0.0,0.0
2025-11-29,Morehead State,IU Indy,-1,-5,3.0839285714285722,-0.03928571428571104,-12.107142857142858,-1.5178571428571423,3.0,2.25,-2.6,-1.2999999999999998,-7.6000000000000085
2025-12-16,Morehead State,Little Rock,1,14,9.620000000000005,-2.6799999999999926,3.8000000000000007,-1.5,2.0,3.8000000000000007,8.6,-0.5,-0.10000000000000853
2026-01-01,Morehead State,Lindenwood,-1,-13,1.0076923076922952,15.099999999999994,-0.23076923076922995,-0.07692307692307665,0.5384615384615383,-3.384615384615387,-22.799999999999997,0.3000000000000007,-6.200000000000003
2026-01-24,Morehead State,Eastern Illinois,1,5,11.575000000000003,8.555000000000007,1.6500000000000021,-0.05000000000000071,4.5,0.34999999999999787,-11.8,0.5,0.3999999999999915
2026-01-31,Morehead State,Lindenwood,1,-1,4.413636363636357,14.413636363636357,-0.8181818181818201,-1.3181818181818183,1.136363636363635,-2.4545454545454533,-1.8000000000000003,0.3000000000000007,-6.200000000000003
2026-02-19,Morehead State,Eastern Illinois,-1,3,11.211111111111094,6.0703703703703695,0.5555555555555571,0.2962962962962976,3.0,0.9259259259259274,6.4,0.5,0.3999999999999915
2026-02-26,Morehead State,Little Rock,-1,6,7.899310344827583,0.3039080459770105,-0.33908045977011625,-0.6712643678160912,1.0344827586206904,2.060919540229886,8.2,-0.5,-0.10000000000000853
2025-11-15,Morgan State,Mercyhurst,-1,-14,9.083333333333329,18.516666666666666,-3.416666666666668,3.416666666666666,3.833333333333334,-5.333333333333332,-6.583333333333333,-3.6999999999999993,6.200000000000003
2025-11-25,Morgan State,Drexel,1,-5,-0.142857142857153,11.430952380952391,-6.904761904761905,-0.023809523809523725,-3.2619047619047628,-5.30952380952381,-2.6,-8.399999999999999,6.5
2025-12-06,Morgan State,Longwood,1,-4,-2.07714285714286,12.318571428571417,-0.5,-2.4571428571428573,-0.4285714285714288,-3.885714285714286,-10.200000000000001,-5.6,0.5999999999999943
2025-12-09,Morgan State,DePaul,-1,-43,-4.797222222222217,14.081944444444431,-5.583333333333332,0.3888888888888893,-0.20833333333333393,-4.152777777777779,-19.4,-18.299999999999997,4.099999999999994
2025-12-19,Morgan State,California,-1,-47,-14.436363636363637,17.567272727272723,-6.836363636363636,3.118181818181819,0.9363636363636374,-5.0090909090909115,-25.6,-17.4,1.5
2025-12-23,Morgan State,Loyola Marymount,-1,-27,-11.616666666666674,24.10000000000001,-8.416666666666668,1.5833333333333321,-0.8333333333333321,-6.833333333333332,-25.599999999999998,-11.5,3.0
2026-01-03,Morgan State,Maryland Eastern Shore,-1,-17,4.655462184873954,5.046218487394967,0.04621848739495604,-1.57563025210084,0.042016806722688926,-2.7899159663865554,6.800000000000001,-2.0999999999999996,6.200000000000003
2026-01-17,Morgan State,Delaware State,-1,1,9.462418300653596,9.704575163398687,2.9607843137254903,0.594771241830065,0.07843137254901933,-1.4509803921568611,3.9999999999999996,1.0,5.599999999999994
2026-01-24,Morgan State,Howard,-1,1,-2.9176315789473932,11.547368421052624,1.0578947368421048,0.021052631578946546,-1.6263157894736846,-1.9921052631578924,3.3999999999999995,-4.1,1.7999999999999972
2026-01-31,Morgan State,Coppin State,-1,9,8.888744588744572,-10.632683982683972,-0.02813852813853046,-2.562770562770563,-0.9935064935064943,1.3939393939393945,21.6,-1.799999999999999,2.5
2026-02-07,Morgan State,Maryland Eastern Shore,1,8,5.79280303030302,2.6113636363636488,2.28409090909091,-1.7840909090909083,-0.10227272727272663,-0.3863636363636367,19.799999999999997,-2.0999999999999996,6.200000000000003
2026-02-21,Morgan State,Delaware State,1,14,12.088666666666668,3.1158333333333275,4.456666666666667,0.375,0.913333333333334,1.0799999999999983,16.6,1.0,5.599999999999994
2026-02-28,Morgan State,Howard,1,-25,-4.2956043956044,12.344505494505498,1.2857142857142847,-0.10714285714285765,-1.3379120879120876,-1.2060439560439562,-15.8,-4.1,1.7999999999999972
2026-03-05,Morgan State,Coppin State,1,4,10.010238095238094,-6.17190476190477,1.292857142857141,-2.4833333333333325,-0.5166666666666675,1.826190476190476,2.8000000000000003,-1.799999999999999,2.5
2026-03-11,Morgan State,Delaware State,0,-5,11.868965517241378,2.1655172413793053,5.03448275862069,0.2068965517241388,0.4137931034482758,1.6551724137931032,13.399999999999999,1.0,5.599999999999994
2025-11-16,Mount St. Mary's,Cincinnati,-1,-17,-9.733333333333334,22.0,-2.0,-1.666666666666666,-1.0,-2.666666666666668,-24.0,-15.8,-1.7000000000000028
2025-11-19,Mount St. Mary's,Maryland,-1,-5,-20.125,5.875,-0.25,3.75,-1.5,2.75,-18.75,-14.6,0.5
2025-11-29,Mount St. Mary's,Howard,1,4,-16.519642857142856,12.174999999999997,7.821428571428573,3.6428571428571423,-2.3392857142857144,2.7142857142857153,-24.2,2.1999999999999993,-2.4000000000000057
2025-12-05,Mount St. Mary's,Marist,-1,-8,-11.944444444444457,25.700000000000003,4.444444444444443,4.333333333333334,-2.222222222222223,-1.7222222222222214,-33.400000000000006,-0.10000000000000053,1.2000000000000028
2025-12-13,Mount St. Mary's,Loyola (MD),-1,8,-11.227272727272734,5.752727272727256,-0.09090909090908994,3.3545454545454554,-1.7454545454545451,1.4454545454545453,-13.599999999999998,2.3,-1.7999999999999972
2025-12-19,Mount St. Mary's,Drexel,-1,-8,-7.336363636363615,6.172727272727286,1.2727272727272734,4.272727272727273,-4.909090909090908,1.2727272727272698,-10.0,-2.1000000000000005,2.299999999999997
2025-12-29,Mount St. Mary's,Iona,1,7,-10.884615384615387,1.9230769230769198,0.6153846153846132,5.23076923076923,0.6153846153846159,-0.8461538461538467,8.2,-0.20000000000000018,-2.299999999999997
2026-01-02,Mount St. Mary's,Merrimack,-1,-10,-4.464285714285722,-4.3500000000000085,-1.2142857142857117,6.642857142857144,1.928571428571428,7.428571428571427,2.6,-2.2,3.299999999999997
2026-01-17,Mount St. Mary's,Canisius,-1,10,-0.4000000000000057,-3.5444444444444514,5.5,3.777777777777777,0.33333333333333215,2.2222222222222214,-1.8000000000000003,1.6999999999999993,3.0
2026-02-01,Mount St. Mary's,Manhattan,1,7,-9.508695652173913,-10.408695652173918,2.2173913043478244,5.086956521739131,-0.2608695652173907,3.6086956521739104,13.6,1.5,-1.0
2026-02-05,Mount St. Mary's,Merrimack,1,-17,-6.236594202898573,-1.5132246376811622,-0.35869565217391397,5.690217391304348,2.17572463768116,6.630434782608695,-9.0,-2.2,3.299999999999997
2026-02-07,Mount St. Mary's,Iona,-1,7,-5.641666666666666,1.9051666666666733,-2.9133333333333304,3.913333333333334,1.6600000000000001,0.3949999999999996,-2.1999999999999997,-0.20000000000000018,-2.299999999999997
2026-02-22,Mount St. Mary's,Canisius,1,21,2.789285714285711,-4.2607142857143,1.7857142857142847,3.1428571428571423,0.4285714285714288,3.25,9.6,1.6999999999999993,3.0
2026-03-01,Mount St. Mary's,Fairfield,-1,22,-9.666666666666671,-1.8533333333333246,1.2999999999999972,4.699999999999999,-2.333333333333334,1.3000000000000007,3.8,0.7999999999999998,0.29999999999999716
2025-11-18,Murray State,Little Rock,1,21,20.625,-10.450000000000003,15.5,-2.75,-0.25,3.75,22.5,7.5,4.599999999999994
2025-11-23,Murray State,Middle Tennessee,0,-3,10.440000000000012,13.700000000000003,-5.399999999999999,2.5999999999999996,-1.8000000000000007,-3.5500000000000007,-3.3000000000000007,1.9,3.8999999999999915
2025-11-24,Murray State,McNeese State,0,-13,-12.526666666666657,10.213333333333338,9.166666666666668,1.4666666666666668,-3.7333333333333343,0.6999999999999993,-17.799999999999997,0.7999999999999999,4.700000000000003
2025-11-25,Murray State,George Washington,0,1,-6.328571428571422,6.057142857142864,4.857142857142858,-1.1428571428571423,0.14285714285714235,-2.2857142857142883,-18.599999999999998,-1.9,2.299999999999997
2025-12-02,Murray State,Morehead State,1,32,8.862499999999997,-7.6499999999999915,8.25,-1.625,-2.375,1.0,0.0,8.0,4.700000000000003
2025-12-06,Murray State,Bellarmine,1,13,1.0263888888889028,-11.998611111111103,8.583333333333332,1.8472222222222214,5.597222222222221,5.277777777777779,-0.5999999999999996,6.699999999999999,6.0
2025-12-13,Murray State,Akron,0,15,-10.159999999999997,0.4399999999999977,-0.7000000000000028,2.200000000000001,0.5,-0.6999999999999993,-13.2,1.2999999999999998,1.0999999999999943
2025-12-18,Murray State,Drake,1,9,2.3636363636363598,4.663636363636357,3.0,4.0,3.2727272727272734,-1.4545454545454533,1.1999999999999993,1.5,4.0
2026-01-01,Murray State,Illinois–Chicago,-1,4,8.39670329670328,-1.102197802197793,7.049450549450551,-0.22527472527472447,-1.1318681318681332,4.357142857142858,8.6,0.3999999999999999,4.0
2026-01-04,Murray State,Bradley,1,20,8.86666666666666,5.579999999999998,2.0666666666666664,1.9333333333333336,2.4000000000000004,1.5999999999999979,-1.4000000000000004,0.7999999999999999,2.700000000000003
2026-01-07,Murray State,Evansville,-1,10,23.049999999999997,-0.4000000000000057,5.0,-1.0,3.0,2.625,19.200000000000003,2.0,4.5
2026-01-17,Murray State,Indiana State,1,4,13.74444444444444,1.438888888888897,0.5,-0.6666666666666679,3.333333333333332,0.7222222222222214,11.6,2.3,2.0999999999999943
2026-01-21,Murray State,Drake,-1,-11,8.694736842105257,0.7368421052631646,1.0526315789473664,1.9473684210526319,3.368421052631578,0.47368421052631504,16.4,1.5,4.0
2026-01-28,Murray State,Illinois State,1,-5,4.552380952380943,8.12857142857142,4.0476190476190474,1.095238095238095,1.4761904761904763,-0.7142857142857117,0.0,-0.8000000000000003,4.799999999999997
2026-01-31,Murray State,Belmont,-1,-17,1.8136363636363626,7.413636363636357,2.6363636363636367,-1.5909090909090917,2.6363636363636367,-1.2727272727272734,-5.3999999999999995,0.5999999999999999,1.7000000000000028
2026-02-03,Murray State,Illinois–Chicago,1,7,7.760869565217391,5.304347826086953,8.304347826086957,-0.04347826086956452,-0.3478260869565233,3.173913043478258,-17.4,0.3999999999999999,4.0
2026-02-12,Murray State,Indiana State,-1,2,11.677692307692311,4.643999999999991,0.8200000000000003,-1.384615384615385,3.2199999999999998,0.14923076923076906,-4.0,2.3,2.0999999999999943
2026-02-15,Murray State,Belmont,1,-17,-1.4592592592592695,6.274074074074079,0.9259259259259274,-0.9259259259259274,2.3703703703703702,-0.8888888888888893,-11.4,0.5999999999999999,1.7000000000000028
2026-02-18,Murray State,Illinois State,-1,-17,4.035052910052897,9.626984126984112,2.8359788359788354,1.1203703703703702,1.8690476190476204,-1.4074074074074083,-4.0,-0.8000000000000003,4.799999999999997
2026-02-21,Murray State,Evansville,1,13,17.346487867177515,-1.1923371647509526,3.468710089399746,-0.8710089399744572,3.480204342273308,2.3959131545338437,6.600000000000001,2.0,4.5
2026-03-01,Murray State,Bradley,-1,-9,4.670000000000002,4.613333333333344,2.5,2.6999999999999993,1.666666666666666,1.0,-13.8,0.7999999999999999,2.700000000000003
2026-03-06,Murray State,Illinois–Chicago,0,-13,5.193548387096769,7.703225806451627,8.0,0.06451612903225801,-0.5806451612903221,1.64516129032258,-16.0,0.3999999999999999,4.0
2025-11-25,NC State,Boise State,0,11,21.09999999999998,1.3566666666666691,4.899999999999999,-0.13333333333333464,0.40000000000000036,3.1999999999999993,13.000000000000002,4.799999999999999,2.0999999999999943
2025-12-03,NC State,Auburn,-1,-10,6.378571428571433,2.535714285714292,3.0892857142857153,1.0178571428571423,-3.1071428571428577,2.1607142857142847,2.0,-2.1000000000000014,-0.10000000000000853
2025-12-10,NC State,Liberty,1,40,-4.066666666666663,7.570833333333326,-2.2222222222222214,1.9861111111111107,3.2777777777777786,-0.125,-18.0,11.1,5.099999999999994
2025-12-13,NC State,Kansas,1,-1,13.959999999999994,7.6699999999999875,5.600000000000001,-0.5,0.5999999999999996,-2.6999999999999993,1.4000000000000004,-3.6000000000000014,1.0999999999999943
2026-01-06,NC State,Boston College,-1,8,19.045714285714297,4.472380952380959,0.6095238095238074,0.12857142857142811,-1.6333333333333329,-0.6333333333333329,7.6000000000000005,6.699999999999999,2.3999999999999915
2026-01-10,NC State,Florida State,-1,44,10.170833333333334,-2.4029166666666697,-8.94166666666667,-2.320833333333333,-3.0666666666666664,2.4541666666666657,5.999999999999999,1.799999999999999,-1.7000000000000028
2026-01-17,NC State,Georgia Tech,1,-4,18.189542483660148,0.4676470588235304,9.19934640522876,-3.0130718954248366,0.006535947712418277,-2.320261437908499,20.200000000000003,6.8999999999999995,-2.3000000000000114
2026-01-20,NC State,Clemson,-1,4,5.150000000000006,4.711111111111109,3.8362573099415194,0.8801169590643259,0.05263157894736814,-0.45906432748537895,-2.4000000000000004,0.1999999999999993,4.699999999999989
2026-02-09,NC State,Louisville,-1,-41,1.564673913043464,3.843115942028973,-6.141304347826086,-2.0144927536231876,-2.3297101449275353,-3.0434782608695663,8.2,-2.1000000000000014,-0.8000000000000114
2026-02-14,NC State,Miami (FL),1,-1,2.3645000000000067,5.93683333333334,7.748333333333331,-1.7233333333333345,-1.4783333333333335,-1.3299999999999983,-5.0,0.8999999999999986,0.6999999999999886
2026-03-02,NC State,Duke,1,-29,-2.813793103448276,13.727586206896547,1.6896551724137936,-1.206896551724137,-1.6206896551724128,-3.344827586206897,-35.6,-4.5,3.1999999999999886
2025-11-15,NJIT,FDU,1,12,5.133333333333354,-29.366666666666646,-4.333333333333332,-1.6666666666666679,0.3333333333333339,3.333333333333332,25.0,1.3000000000000007,3.299999999999997
2025-11-18,NJIT,Drexel,-1,-32,-0.5749999999999886,-10.224999999999994,-3.5,-0.25,-8.5,3.0,4.5,-4.2,2.5999999999999943
2025-11-24,NJIT,Cincinnati,-1,-27,-6.0,19.22666666666666,-1.8666666666666671,-1.833333333333334,-1.2333333333333343,-3.2666666666666693,-23.0,-17.9,-1.4000000000000057
2025-11-26,NJIT,Louisville,-1,-57,-34.104761904761915,18.576190476190476,-7.357142857142858,3.333333333333334,-3.928571428571429,-3.380952380952383,-36.2,-20.3,-2.8000000000000114
2025-11-28,NJIT,Eastern Michigan,-1,-18,-10.25535714285715,8.807142857142864,8.107142857142858,0.9107142857142865,-2.4107142857142865,-1.6071428571428577,-19.2,-5.7,-0.9000000000000057
2025-12-05,NJIT,High Point,-1,-17,-37.155555555555566,13.211111111111123,2.2222222222222214,5.0,-1.5555555555555545,1.8888888888888893,-46.4,-5.5,-3.8000000000000114
2025-12-22,NJIT,Butler,-1,-49,-24.099999999999994,9.324999999999989,4.166666666666664,2.5,-4.916666666666667,-1.3333333333333321,-19.2,-15.8,-3.6000000000000085
2026-01-03,NJIT,Binghamton,-1,8,-10.513333333333335,-2.240000000000009,10.2,0.20000000000000107,1.6666666666666679,1.3333333333333357,1.0,3.4000000000000004,1.3999999999999915
2026-01-10,NJIT,Maine,1,-4,2.405882352941177,5.370588235294122,7.764705882352942,-1.1764705882352935,1.7647058823529411,3.882352941176471,-0.40000000000000036,-0.20000000000000018,2.8999999999999915
2026-01-19,NJIT,Bryant,1,24,0.843567251461991,3.3847953216374265,-2.350877192982459,-1.3421052631578956,0.4210526315789469,1.7485380116959064,-1.7999999999999998,0.40000000000000036,2.3999999999999915
2026-01-29,NJIT,Albany (NY),-1,9,-9.233333333333334,1.0714285714285694,2.8571428571428577,0.23809523809523903,-0.4285714285714288,1.8571428571428577,-3.4000000000000004,-0.5,2.0
2026-02-07,NJIT,Binghamton,1,9,-0.674999999999983,-4.799999999999997,8.291666666666668,-0.7083333333333321,2.583333333333333,0.9583333333333321,20.200000000000003,3.4000000000000004,1.3999999999999915
2026-02-14,NJIT,Maine,-1,9,5.0730769230769255,1.6269230769230774,5.92307692307692,-1.346153846153845,3.26923076923077,4.653846153846153,13.0,-0.20000000000000018,2.8999999999999915
2026-02-19,NJIT,Albany (NY),1,-18,-6.457407407407416,-2.6311965811965905,1.9188034188034173,-0.26923076923077005,-0.7777777777777786,2.76923076923077,13.6,-0.5,2.0
2026-02-28,NJIT,Bryant,-1,-17,3.246674876847294,-2.726231527093603,-2.8115763546798007,-1.8817733990147776,0.1724137931034484,2.44334975369458,12.8,0.40000000000000036,2.3999999999999915
2026-03-07,NJIT,Maine,1,2,3.4161290322580697,3.445161290322588,4.64516129032258,-1.064516129032258,3.322580645161291,3.580645161290324,-11.6,-0.20000000000000018,2.8999999999999915
2025-11-22,Navy,NJIT,1,16,14.319999999999993,4.820000000000007,-7.800000000000001,-1.200000000000001,0.8000000000000007,-3.0,6.3999999999999995,1.5999999999999996,-2.299999999999997
2025-11-26,Navy,Gardner-Webb,0,33,17.0,-22.51666666666668,-8.5,-1.666666666666666,0.16666666666666607,3.5,25.0,1.5999999999999996,-4.900000000000006
2025-12-03,Navy,Delaware State,-1,7,22.08888888888889,-3.37777777777778,1.1111111111111107,0.5555555555555571,1.2222222222222232,0.22222222222222143,11.4,6.799999999999999,-0.6000000000000085
2025-12-07,Navy,Air Force,1,5,7.969999999999985,-7.8300000000000125,-2.0,-0.29999999999999893,1.9000000000000004,2.0,9.0,-5.2,-1.4000000000000057
2025-12-19,Navy,Coppin State,1,33,15.089610389610371,-18.896753246753264,-2.1168831168831197,-3.0,0.21428571428571352,3.675324675324674,31.599999999999998,4.0,-3.700000000000003
2025-12-31,Navy,Boston University,1,5,-5.053846153846138,-20.638461538461556,-7.0,1.0769230769230766,2.0,4.153846153846153,11.600000000000001,0.0,0.5999999999999943
2026-01-03,Navy,Holy Cross,-1,7,10.214285714285722,-11.914285714285711,-4.071428571428573,1.0,2.7142857142857144,3.3571428571428577,24.0,0.8999999999999995,0.29999999999999716
2026-01-07,Navy,Bucknell,1,21,15.353333333333339,-15.060000000000002,-6.0,-1.8000000000000007,1.8000000000000007,4.533333333333335,29.2,-0.5,-1.7999999999999972
2026-01-10,Navy,Lafayette,1,26,6.424999999999997,-16.35624999999999,-4.0,1.4375,2.375,2.75,30.0,0.6999999999999993,-1.1000000000000085
2026-01-12,Navy,American,-1,-14,-0.15882352941176237,-11.705882352941188,-7.8235294117647065,0.6470588235294112,1.8235294117647056,4.470588235294116,29.2,-0.10000000000000053,-0.7000000000000028
2026-01-17,Navy,Lehigh,-1,3,7.322222222222223,-10.955555555555563,-4.555555555555554,-0.8888888888888893,2.8888888888888884,2.9444444444444464,9.6,1.0,-2.6000000000000085
2026-01-21,Navy,Holy Cross,1,17,8.042105263157893,-13.000000000000014,-3.0526315789473664,1.3684210526315788,3.1578947368421053,4.210526315789473,11.8,0.8999999999999995,0.29999999999999716
2026-01-24,Navy,Army,1,28,1.5750000000000028,-16.980000000000004,-13.650000000000002,0.7000000000000011,-0.45000000000000107,2.25,17.0,1.8999999999999995,-3.0
2026-01-28,Navy,Boston University,-1,8,-3.2428571428571473,-19.280952380952385,-5.666666666666664,0.7142857142857135,2.7142857142857135,2.904761904761905,13.4,0.0,0.5999999999999943
2026-01-31,Navy,Loyola (MD),1,16,3.9590909090909037,-12.986363636363649,-9.09090909090909,-0.045454545454546746,0.18181818181818166,2.2272727272727266,4.800000000000001,1.7999999999999998,-3.799999999999997
2026-02-04,Navy,Lafayette,-1,15,7.947826086956525,-14.613043478260863,-4.826086956521738,1.6521739130434785,1.4782608695652177,2.5652173913043477,11.600000000000001,0.6999999999999993,-1.1000000000000085
2026-02-07,Navy,American,1,9,1.5999999999999943,-9.491666666666674,-8.541666666666664,0.5,1.125,3.666666666666668,16.6,-0.10000000000000053,-0.7000000000000028
2026-02-09,Navy,Bucknell,-1,16,12.416000000000011,-16.572000000000003,-6.040000000000003,-1.08,1.799999999999999,3.879999999999999,19.0,-0.5,-1.7999999999999972
2026-02-14,Navy,Colgate,-1,4,0.13076923076923208,-10.307692307692307,-2.0769230769230766,1.2307692307692317,1.7692307692307692,1.5,4.600000000000001,-0.7000000000000002,-2.799999999999997
2026-02-18,Navy,Lehigh,1,23,7.311111111111103,-10.785185185185199,-4.888888888888889,-0.8148148148148149,2.9629629629629637,2.3333333333333357,11.2,1.0,-2.6000000000000085
2026-02-21,Navy,Army,-1,18,6.2714285714285865,-16.857142857142847,-13.92857142857143,0.21428571428571352,-0.6071428571428577,2.9642857142857153,20.6,1.8999999999999995,-3.0
2026-02-25,Navy,Loyola (MD),-1,27,5.1275862068965665,-13.393103448275866,-10.620689655172416,0.1724137931034484,0.4827586206896548,1.7931034482758612,13.6,1.7999999999999998,-3.799999999999997
2026-02-28,Navy,Colgate,1,16,1.9366666666666674,-12.523333333333326,-2.166666666666668,1.166666666666666,2.000000000000001,1.2666666666666657,22.6,-0.7000000000000002,-2.799999999999997
2026-03-05,Navy,Bucknell,1,5,13.944354838709685,-16.803931451612897,-5.58467741935484,-1.15725806451613,1.821572580645162,4.21875,22.6,-0.5,-1.7999999999999972
2026-03-08,Navy,Boston University,1,-1,-2.762500000000003,-17.075000000000003,-5.65625,0.34375,2.15625,2.28125,9.0,0.0,0.5999999999999943
2025-11-21,Nebraska,Kansas State,0,1,-4.28000000000003,-10.240000000000009,7.600000000000001,-2.799999999999999,0.20000000000000107,4.199999999999999,3.8000000000000007,3.9000000000000004,-6.900000000000006
2025-12-07,Nebraska,Creighton,1,21,2.2750000000000057,-8.512499999999989,3.75,-0.375,-2.0,3.875,3.0,3.5,-1.7000000000000028
2025-12-13,Nebraska,Illinois,-1,3,-8.650000000000006,-6.989999999999995,2.8000000000000007,0.5,-4.200000000000001,1.0,1.1999999999999993,-2.299999999999999,0.5999999999999943
2026-01-02,Nebraska,Michigan State,1,2,2.0230769230769425,-1.3384615384615444,9.307692307692307,-2.1538461538461533,-3.846153846153845,0.4615384615384599,12.200000000000001,-1.3999999999999986,-0.4000000000000057
2026-01-10,Nebraska,Indiana,-1,6,-4.893333333333331,-1.7600000000000051,1.6000000000000014,-0.5333333333333332,0.4666666666666668,2.0,1.0,1.3000000000000007,-0.5
2026-01-24,Nebraska,Minnesota,-1,19,8.631578947368425,-7.7473684210526415,6.894736842105264,-1.526315789473685,-0.36842105263157876,3.473684210526315,18.4,4.100000000000001,3.0999999999999943
2026-01-27,Nebraska,Michigan,-1,-3,-3.184999999999988,3.48368421052632,4.02105263157895,-3.402631578947368,-1.9000000000000004,-3.2684210526315773,9.200000000000001,-4.300000000000001,-4.900000000000006
2026-02-01,Nebraska,Illinois,1,-9,-8.88095238095238,-6.304761904761904,-0.14285714285714235,-0.42857142857142705,-4.238095238095237,-0.42857142857142705,5.0,-2.299999999999999,0.5999999999999943
2026-02-17,Nebraska,Iowa,-1,-5,-4.467999999999989,-5.799999999999997,8.759999999999998,0.1999999999999993,0.20000000000000018,6.079999999999998,2.0,-0.29999999999999893,4.200000000000003
2026-02-25,Nebraska,Maryland,1,13,10.63333333333334,-17.740740740740733,4.37037037037037,-2.333333333333334,-2.5925925925925926,3.7777777777777786,9.0,3.6000000000000014,-0.29999999999999716
2026-03-08,Nebraska,Iowa,1,9,-4.49666666666667,-6.4399999999999835,7.766666666666666,0.6000000000000014,0.06666666666666643,5.900000000000002,4.4,-0.29999999999999893,4.200000000000003
2026-03-26,Nebraska,Iowa,0,-6,-4.191596638655454,-7.003613445378136,7.3092436974789905,0.352100840336135,-0.03613445378151248,5.419327731092437,-0.3999999999999999,-0.29999999999999893,4.200000000000003
2025-12-13,Nevada,Duquesne,1,3,0.29999999999999716,-1.779999999999987,-5.800000000000001,-6.200000000000001,2.0999999999999996,-1.0,7.0,3.4,-2.700000000000003
2025-12-20,Nevada,Boise State,1,15,1.5454545454545467,6.13636363636364,-5.363636363636363,-2.7272727272727266,0.9090909090909083,-2.3636363636363633,-5.0,-0.9000000000000004,-0.29999999999999716
2025-12-30,Nevada,Colorado State,-1,13,-13.574999999999989,-5.575000000000003,-9.166666666666668,-2.333333333333334,3.250000000000001,-0.75,1.0,1.2999999999999998,3.6000000000000085
2026-01-03,Nevada,Fresno State,-1,1,8.984615384615381,3.6307692307692463,-6.615384615384617,-5.0,1.615384615384615,-0.76923076923077,20.6,3.1,-1.5999999999999943
2026-01-17,Nevada,Air Force,-1,15,20.782352941176484,-6.588235294117638,-1.764705882352942,-4.588235294117647,3.7058823529411775,0.588235294117645,27.2,5.7,0.5
2026-01-27,Nevada,Grand Canyon,1,6,6.462105263157895,6.621842105263141,-4.278947368421051,-2.7894736842105257,-0.3789473684210538,-1.9184210526315795,4.799999999999999,0.2999999999999998,-0.8999999999999915
2026-02-03,Nevada,Boise State,-1,-4,2.3136363636363626,0.6045454545454589,-5.818181818181817,-2.045454545454545,0.7727272727272716,-1.40909090909091,-3.5999999999999996,-0.9000000000000004,-0.29999999999999716
2026-02-07,Nevada,Fresno State,1,10,10.234782608695667,4.500395256916988,-5.104743083003953,-4.128458498023717,1.7430830039525693,-1.10671936758893,7.799999999999999,3.1,-1.5999999999999943
2026-03-07,Nevada,Air Force,1,15,19.456666666666678,-12.87333333333332,-3.200000000000003,-4.066666666666666,3.833333333333334,1.5666666666666664,16.0,5.7,0.5
2026-03-11,Nevada,Air Force,0,35,19.558064516129036,-13.187096774193549,-2.903225806451612,-3.870967741935484,3.903225806451612,1.8387096774193559,17.8,5.7,0.5
2026-03-12,Nevada,Grand Canyon,0,4,2.4824596774193566,5.445060483870975,-3.79032258064516,-2.049395161290322,0.26512096774193594,-2.31048387096774,-1.8000000000000007,0.2999999999999998,-0.8999999999999915
2026-03-18,Nevada,Murray State,1,14,-2.680514705882345,-4.879411764705878,-8.954044117647058,-1.7536764705882355,-0.7591911764705888,-0.7610294117647065,14.8,3.6,-4.599999999999994
2026-03-21,Nevada,Liberty,1,10,-6.93896103896104,-2.3800865800865836,-8.051082251082253,1.1558441558441555,5.111688311688311,0.9818181818181841,10.4,5.4,2.700000000000003
2026-03-25,Nevada,Auburn,-1,-6,-4.659920634920638,-7.090793650793657,-5.865873015873014,-0.5547619047619055,-1.4190476190476193,0.9444444444444429,7.4,-7.800000000000001,-2.5
2025-11-15,New Hampshire,George Mason,-1,-17,-9.983333333333334,4.38333333333334,12.583333333333332,-5.416666666666666,2.75,1.0833333333333321,-5.75,-9.4,4.200000000000003
2025-11-26,New Hampshire,Brown,1,-12,-0.08095238095238244,-1.9761904761904674,5.261904761904759,-1.8095238095238084,2.095238095238095,3.761904761904759,11.6,-4.0,0.7000000000000028
2025-11-30,New Hampshire,Fairfield,-1,-4,-10.014285714285705,-8.5,3.7142857142857153,1.7142857142857135,-1.0,1.7142857142857117,-2.200000000000001,-1.8999999999999995,1.5
2025-12-03,New Hampshire,Dartmouth,-1,-1,-15.54249999999999,-0.0350000000000108,-4.199999999999999,-2.875,-0.07499999999999929,-2.4499999999999993,-14.8,-4.8999999999999995,-0.5999999999999943
2025-12-06,New Hampshire,Boston University,1,6,-19.633333333333326,-14.555555555555557,1.4444444444444464,0.0,2.666666666666668,4.0,-18.2,-2.1999999999999993,3.799999999999997
2025-12-30,New Hampshire,Nebraska,-1,-31,-20.0,7.550000000000011,-5.25,0.9166666666666661,0.75,-2.583333333333332,-19.599999999999998,-20.9,2.0
2026-01-08,New Hampshire,NJIT,-1,-4,3.8062500000000057,-4.506249999999994,-0.6517857142857153,-2.3303571428571423,0.7410714285714288,0.5178571428571423,-3.200000000000001,-0.5999999999999996,0.9000000000000057
2026-01-19,New Hampshire,Maine,-1,17,5.540131578947367,2.152302631578948,6.358552631578949,-2.3256578947368425,2.6315789473684212,4.019736842105264,-18.8,-0.7999999999999998,3.799999999999997
2026-01-22,New Hampshire,Binghamton,1,6,-1.2288235294117698,-6.941470588235305,7.729411764705883,-1.4352941176470573,2.8588235294117643,1.944117647058821,2.0,2.8000000000000007,2.299999999999997
2026-01-24,New Hampshire,Albany (NY),1,8,-6.874999999999986,-2.161666666666676,2.633333333333333,-0.7222222222222214,0.28888888888888964,2.7055555555555557,-6.8,-1.0999999999999996,2.9000000000000057
2026-01-31,New Hampshire,Bryant,-1,-8,5.896666666666661,-2.7554761904762017,-1.5904761904761884,-1.9190476190476193,1.2928571428571436,2.280952380952378,18.4,-0.1999999999999993,3.299999999999997
2026-02-12,New Hampshire,NJIT,1,-6,0.36218181818180994,-1.187090909090898,0.27454545454545354,-0.2781818181818192,0.3890909090909087,-0.4272727272727259,-8.8,-0.5999999999999996,0.9000000000000057
2026-02-21,New Hampshire,Maine,1,-3,4.342370370370375,2.021777777777757,6.591111111111111,-1.4992592592592597,3.9659259259259247,4.0014814814814805,-8.399999999999999,-0.7999999999999998,3.799999999999997
2026-02-26,New Hampshire,Binghamton,-1,-2,-3.104907161803723,-6.524668435013268,9.627320954907162,-0.7745358090185679,3.3753315649867375,1.2745358090185661,-11.0,2.8000000000000007,2.299999999999997
2026-02-28,New Hampshire,Albany (NY),-1,-23,-8.406385696040871,-2.556960408684546,4.386973180076627,-0.6091954022988517,0.0,2.3090676883780326,-10.2,-1.0999999999999996,2.9000000000000057
2026-03-03,New Hampshire,Bryant,1,5,1.2682266009852157,-1.703571428571422,-0.3004926108374377,-1.8719211822660107,1.1785714285714288,1.8669950738916263,-3.8000000000000007,-0.1999999999999993,3.299999999999997
2025-11-15,New Haven,Delaware State,1,13,0.8416666666666544,-0.9500000000000028,-0.08333333333333215,1.583333333333334,-1.416666666666667,-2.333333333333332,3.0,3.799999999999999,-3.200000000000003
2025-12-06,New Haven,Boston College,-1,-4,2.4555555555555486,4.644444444444446,-4.666666666666664,1.4444444444444446,-1.5555555555555554,-3.7777777777777786,22.6,-12.9,-4.5
2025-12-10,New Haven,NJIT,-1,-6,13.189999999999998,-11.569999999999993,-4.599999999999998,-3.3000000000000007,1.3000000000000007,-1.3999999999999986,46.6,-1.4000000000000004,-4.8999999999999915
2025-12-22,New Haven,Fordham,-1,-18,-9.342424242424258,8.672727272727272,-1.4924242424242422,-0.022727272727273373,-2.4772727272727266,-4.015151515151516,11.2,-7.0,-1.5
2026-01-04,New Haven,Central Connecticut State,-1,-11,-13.87738095238096,-1.9154761904761841,0.6309523809523832,1.0595238095238084,-0.5476190476190474,-3.738095238095241,-3.999999999999999,-0.5999999999999996,-2.200000000000003
2026-01-08,New Haven,Le Moyne,-1,-26,-7.913333333333327,-5.906666666666652,-0.6000000000000014,-1.7333333333333343,0.3333333333333339,-1.7333333333333307,-2.799999999999999,-1.3000000000000007,-5.799999999999997
2026-01-10,New Haven,FDU,1,10,-4.4937499999999915,-1.5687500000000085,-7.0625,-1.625,-2.0,-1.8125,-13.200000000000001,-0.09999999999999964,-1.5999999999999943
2026-01-19,New Haven,Chicago State,-1,6,5.733333333333334,-11.11666666666666,4.666666666666664,-0.3888888888888893,-0.05555555555555536,2.333333333333332,9.0,-2.6000000000000005,-3.5
2026-01-23,New Haven,Mercyhurst,1,-4,-1.3315789473684134,3.1473684210526187,4.368421052631579,1.6842105263157894,0.05263157894736814,0.0,-8.2,-0.9000000000000004,-2.5999999999999943
2026-01-29,New Haven,Mercyhurst,-1,-19,-1.6330952380952368,3.4161904761904793,3.8500000000000014,1.7166666666666668,0.26428571428571423,0.06904761904761969,-5.6,-0.9000000000000004,-2.5999999999999943
2026-02-05,New Haven,LIU,-1,-5,-6.849999999999994,-0.7954545454545467,4.0,-2.2272727272727284,-3.7727272727272734,-0.22727272727272663,-9.200000000000001,-3.5,-5.3999999999999915
2026-02-07,New Haven,Chicago State,1,-6,3.8521739130434867,-11.0,3.1304347826086953,0.47826086956521685,-0.8695652173913038,2.913043478260871,5.2,-2.6000000000000005,-3.5
2026-02-12,New Haven,Central Connecticut State,1,-5,-12.38224637681158,-1.9206521739130267,1.2445652173913047,0.7518115942028984,-0.9076086956521738,-2.6775362318840585,-6.800000000000001,-0.5999999999999996,-2.200000000000003
2026-02-14,New Haven,LIU,1,3,-5.964000000000013,1.7240000000000038,4.120000000000001,-2.3199999999999985,-4.199999999999999,-0.6799999999999997,-17.6,-3.5,-5.3999999999999915
2026-02-21,New Haven,FDU,-1,7,-4.202513227513222,-2.595899470899468,-5.214285714285715,-0.23148148148148096,-2.8544973544973544,-0.6878306878306866,-4.2,-0.09999999999999964,-1.5999999999999943
2026-02-28,New Haven,Le Moyne,1,7,-5.676666666666662,-1.066666666666677,-0.533333333333335,-2.4000000000000004,-0.2999999999999998,-3.400000000000002,-2.4000000000000004,-1.3000000000000007,-5.799999999999997
2025-11-20,New Mexico,Nebraska,0,-12,-16.22500000000001,-1.3250000000000028,-8.25,1.75,-0.75,-2.0,-10.5,-7.300000000000001,3.4000000000000057
2025-11-21,New Mexico,Mississippi State,0,2,-2.4099999999999824,-13.310000000000002,1.4499999999999993,-3.4499999999999993,-2.5,-2.6000000000000014,8.3,-3.9000000000000004,-2.0
2025-11-26,New Mexico,Alabama State,1,6,1.5238095238095326,-9.647619047619031,3.595238095238095,-1.095238095238095,-1.7619047619047628,3.80952380952381,-3.6000000000000005,12.8,-1.0
2025-12-14,New Mexico,Florida Gulf Coast,1,16,1.480000000000004,-11.0,2.8000000000000007,0.1999999999999993,-3.0,2.6999999999999993,16.200000000000003,10.4,-0.09999999999999432
2025-12-30,New Mexico,Boise State,-1,-9,5.616666666666646,-4.441666666666663,5.666666666666668,-0.6666666666666661,-0.25,0.8333333333333357,15.200000000000001,-0.40000000000000036,2.4000000000000057
2026-01-06,New Mexico,Colorado State,-1,10,-10.32142857142857,-14.035714285714292,1.928571428571427,-0.3571428571428559,1.8571428571428577,2.1428571428571423,5.3999999999999995,1.7999999999999998,6.300000000000011
2026-01-10,New Mexico,Air Force,-1,42,20.813333333333333,-14.84666666666665,7.933333333333334,-2.533333333333333,2.666666666666666,3.533333333333335,33.0,6.2,3.200000000000003
2026-01-13,New Mexico,Grand Canyon,1,23,6.577916666666681,-2.018333333333345,5.916666666666668,-1.875,-1.0958333333333332,0.47916666666666785,7.199999999999999,0.7999999999999998,1.8000000000000114
2026-01-21,New Mexico,Fresno State,1,9,10.705555555555577,-4.694444444444457,4.388888888888889,-2.3888888888888893,0.9444444444444446,1.8333333333333321,16.599999999999998,3.6,1.1000000000000085
2026-01-24,New Mexico,Nevada,1,7,-0.7473684210526272,-9.594736842105249,10.0,1.473684210526315,-0.8947368421052619,3.0,7.4,0.5,2.700000000000003
2026-02-07,New Mexico,Boise State,1,-1,2.156521739130426,-7.282608695652172,3.086956521739129,-0.6521739130434785,0.04347826086956452,0.8695652173913047,-8.399999999999999,-0.40000000000000036,2.4000000000000057
2026-02-11,New Mexico,Grand Canyon,-1,6,7.170652173913041,0.5940217391304259,4.527173913043477,-1.6068840579710137,-0.7898550724637694,0.14311594202898448,-4.000000000000001,0.7999999999999998,1.8000000000000114
2026-02-17,New Mexico,Air Force,1,37,23.175999999999974,-19.14399999999999,4.84,-3.6800000000000015,2.920000000000001,4.080000000000002,29.0,6.2,3.200000000000003
2026-02-21,New Mexico,Fresno State,-1,2,10.303846153846166,-4.776923076923097,3.1153846153846168,-2.153846153846155,1.2692307692307683,1.6923076923076934,6.6000000000000005,3.6,1.1000000000000085
2026-02-24,New Mexico,Nevada,-1,-7,3.2592592592592524,-6.959259259259255,7.518518518518519,0.7407407407407405,-0.7407407407407405,2.444444444444443,9.0,0.5,2.700000000000003
2026-03-04,New Mexico,Colorado State,1,-8,-4.441379310344814,-11.531034482758614,1.0344827586206904,-0.6896551724137936,1.6206896551724137,2.620689655172413,0.40000000000000036,1.7999999999999998,6.300000000000011
2026-03-22,New Mexico,George Washington,1,25,-0.3441176470588232,-3.617647058823522,-2.205882352941174,-2.4117647058823515,-1.6764705882352935,0.8235294117647065,5.0,2.2,0.4000000000000057
2025-11-26,New Mexico State,Georgia State,0,19,16.90857142857142,-14.417142857142863,-7.628571428571426,-0.4571428571428573,0.7142857142857135,2.2571428571428562,19.799999999999997,2.5999999999999996,-1.0
2025-12-06,New Mexico State,Abilene Christian,-1,-8,2.1555555555555657,-1.5761904761904901,2.492063492063494,-1.317460317460318,-0.34920634920634974,2.3492063492063515,8.6,1.5999999999999999,-1.2999999999999972
2026-01-02,New Mexico State,Florida International,-1,-15,-2.7234848484848584,-8.721212121212133,-1.8636363636363633,-1.666666666666666,-0.9772727272727266,0.5227272727272734,-0.7999999999999989,0.30000000000000004,-4.699999999999989
2026-01-04,New Mexico State,Missouri State,-1,-7,0.8314102564102512,-4.362179487179489,-0.07051282051282115,0.9423076923076916,1.1282051282051277,1.2179487179487154,2.8000000000000007,0.5000000000000002,0.4000000000000057
2026-01-10,New Mexico State,Middle Tennessee,1,-4,-0.5157142857142816,-3.430000000000007,-6.152380952380952,0.7476190476190467,0.7761904761904752,0.8047619047619072,6.4,-1.2,0.0
2026-01-15,New Mexico State,Liberty,-1,-2,-11.873750000000001,-3.3683333333333394,-4.070833333333333,2.6999999999999993,5.404166666666667,0.8291666666666657,3.3999999999999986,-1.2999999999999998,3.4000000000000057
2026-01-17,New Mexico State,Delaware,-1,29,8.901102941176461,-7.606617647058826,-1.0588235294117645,-0.6544117647058822,4.617647058823529,0.6507352941176485,-1.7999999999999998,1.3,3.4000000000000057
2026-01-22,New Mexico State,Missouri State,1,-9,2.381372549019602,-5.0934640522875725,-0.928104575163399,-0.3627450980392162,0.29411764705882426,2.7254901960784323,9.0,0.5000000000000002,0.4000000000000057
2026-01-24,New Mexico State,Florida International,1,-3,1.9245614035087755,-2.966959064327469,1.2777777777777786,-2.464912280701755,-1.514619883040936,0.5584795321637408,13.4,0.30000000000000004,-4.699999999999989
2026-01-28,New Mexico State,Delaware,1,-9,11.331578947368428,-8.236842105263165,-0.05263157894736992,-1.0,5.000000000000001,0.7368421052631575,14.2,1.3,3.4000000000000057
2026-01-31,New Mexico State,Kennesaw State,-1,-23,-2.1161904761904964,1.8423809523809496,-4.533333333333331,-1.980952380952381,-2.878571428571428,-3.166666666666668,-0.8,-0.3999999999999999,-4.799999999999997
2026-02-04,New Mexico State,Louisiana Tech,-1,9,4.423809523809538,6.4571428571428555,4.809523809523807,-0.3809523809523814,-0.8095238095238102,-1.3809523809523832,-2.4,1.0000000000000002,2.4000000000000057
2026-02-11,New Mexico State,Liberty,1,-2,-11.352173913043472,-0.0999999999999801,-2.4782608695652186,2.304347826086955,6.08695652173913,0.608695652173914,-15.399999999999999,-1.2999999999999998,3.4000000000000057
2026-02-14,New Mexico State,Jacksonville State,-1,9,2.1374999999999886,4.39166666666668,1.4166666666666643,-0.875,1.125,-0.9583333333333357,-8.8,1.0000000000000002,1.7000000000000028
2026-02-28,New Mexico State,Middle Tennessee,-1,-1,0.15714285714285836,-1.2556878306878332,-3.7923280423280445,-0.10317460317460281,0.9788359788359777,0.6044973544973544,-6.0,-1.2,0.0
2026-03-05,New Mexico State,Jacksonville State,1,2,1.1481527093596213,2.6020935960591203,1.7192118226600996,-0.4827586206896548,1.7426108374384253,-0.2512315270935943,-0.20000000000000018,1.0000000000000002,1.7000000000000028
2026-03-07,New Mexico State,Kennesaw State,1,3,-2.6464367816091823,2.1314942528735656,-3.80689655172414,-1.8356321839080465,-1.7528735632183903,-1.0367816091954012,-5.2,-0.3999999999999999,-4.799999999999997
2026-03-10,New Mexico State,Jacksonville State,0,5,1.8450537634408732,3.0433333333333223,1.6591397849462375,-0.6483870967741936,1.3075268817204293,-0.1311827956989262,-3.8,1.0000000000000002,1.7000000000000028
2025-11-21,New Orleans,Fresno State,-1,-9,-5.908333333333346,12.633333333333326,3.5,0.0,1.083333333333334,2.75,-8.4,-2.7,1.6000000000000085
2025-11-24,New Orleans,Mississippi State,-1,-3,-3.9399999999999977,1.3400000000000034,-2.1999999999999993,0.8000000000000007,-0.5999999999999996,-2.1999999999999993,-4.199999999999999,-10.200000000000001,-1.5
2025-12-03,New Orleans,Memphis,-1,-16,-5.107142857142847,5.047619047619051,0.7857142857142847,1.3571428571428577,-1.2380952380952372,5.404761904761905,-3.8,-4.8999999999999995,-1.6999999999999886
2025-12-06,New Orleans,Houston Christian,1,-9,-8.237500000000011,4.074999999999989,0.75,3.0,0.5,2.875,-14.2,3.8,5.900000000000006
2025-12-08,New Orleans,Incarnate Word,1,1,-21.422222222222217,4.488888888888894,0.3333333333333357,3.8888888888888875,-3.4444444444444446,1.3333333333333321,-24.6,3.0999999999999996,5.200000000000003
2025-12-13,New Orleans,Houston,-1,-42,-11.159999999999997,27.650000000000006,-4.799999999999997,4.200000000000001,-2.9000000000000004,0.3999999999999986,-25.4,-15.5,5.300000000000011
2026-01-05,New Orleans,East Texas A&M,1,10,1.9295238095238147,9.545238095238105,-5.81904761904762,-0.21904761904762005,1.4380952380952383,0.08095238095238244,10.2,3.3,2.4000000000000057
2026-01-19,New Orleans,Lamar,1,13,-1.0444444444444372,15.533333333333346,0.8333333333333357,1.6111111111111107,-1.2222222222222214,0.6111111111111107,-4.2,3.0999999999999996,4.5
2026-01-24,New Orleans,McNeese State,-1,-19,-15.252631578947359,15.294736842105252,-0.36842105263157876,3.8947368421052637,-1.9473684210526319,1.94736842105263,-9.0,-1.4,3.3000000000000114
2026-02-02,New Orleans,East Texas A&M,-1,9,4.586363636363643,6.745454545454521,-6.90909090909091,0.9090909090909083,1.5,1.0454545454545467,8.6,3.3,2.4000000000000057
2026-02-14,New Orleans,Houston Christian,-1,-1,1.2479999999999905,-0.48799999999999955,-0.5600000000000023,2.119999999999999,0.8800000000000008,4.239999999999998,10.0,3.8,5.900000000000006
2026-02-16,New Orleans,Incarnate Word,-1,14,-6.546153846153842,0.13846153846155573,-3.884615384615387,3.115384615384615,-1.115384615384615,3.0,10.799999999999999,3.0999999999999996,5.200000000000003
2026-02-21,New Orleans,Lamar,-1,6,-0.9259259259259238,8.059259259259264,-1.2592592592592595,2.4444444444444446,-1.3703703703703702,0.8148148148148131,4.0,3.0999999999999996,4.5
2026-02-28,New Orleans,McNeese State,1,-3,-12.300000000000011,12.575862068965506,-1.724137931034484,4.448275862068964,-1.3448275862068968,2.862068965517242,-10.399999999999999,-1.4,3.3000000000000114
2026-03-08,New Orleans,Houston Christian,0,13,2.432258064516134,-0.3516129032258135,-0.48387096774193594,1.870967741935484,1.258064516129032,3.967741935483872,5.8,3.8,5.900000000000006
2025-11-17,Niagara,Le Moyne,-1,-6,-1.933333333333323,-2.6083333333333343,-6.5,-4.166666666666666,-2.416666666666667,-1.3333333333333321,-0.8333333333333333,0.39999999999999947,-5.400000000000006
2025-11-21,Niagara,Duke,-1,-58,-23.245000000000005,21.060000000000002,-8.7,-1.0,-6.1,-7.649999999999999,-33.95,-22.4,-3.3000000000000114
2025-11-22,Niagara,Howard,0,-10,-12.720000000000013,9.560000000000016,2.8000000000000007,-2.1999999999999993,-3.8000000000000007,0.40000000000000213,-15.4,0.39999999999999947,-6.6000000000000085
2025-11-29,Niagara,Detroit Mercy,1,-4,-3.297619047619051,-0.6380952380952323,-3.595238095238095,-0.1190476190476204,-5.761904761904762,-1.2619047619047592,-5.6,-4.0,-6.300000000000011
2025-12-13,Niagara,Morgan State,-1,-8,-8.188888888888897,-1.6777777777777914,3.6666666666666643,-1.0,-4.111111111111111,2.0,-7.800000000000001,4.499999999999999,-8.400000000000006
2026-01-04,Niagara,Fairfield,1,-8,-12.156923076923078,7.658974358974348,-3.302564102564105,0.384615384615385,-6.025641025641026,-5.497435897435896,-22.6,-1.0,-3.9000000000000057
2026-01-09,Niagara,Iona,-1,-18,-4.346428571428575,9.98303571428572,-4.205357142857142,-1.9642857142857135,-0.9553571428571432,-6.553571428571427,11.0,-2.0,-6.5
2026-01-11,Niagara,Manhattan,-1,-9,-9.074117647058827,1.7290196078431563,0.08627450980392126,-0.6392156862745093,-2.466666666666667,-2.937254901960781,-4.6000000000000005,-0.2999999999999998,-5.200000000000003
2026-01-14,Niagara,Canisius,-1,5,2.089705882352945,6.1775735294117595,2.6433823529411775,-2.0588235294117645,-1.9669117647058822,-3.507352941176471,9.399999999999999,-0.10000000000000053,-1.2000000000000028
2026-01-19,Niagara,Mount St. Mary's,1,-10,1.8476780185758486,9.12260061919504,-3.417956656346746,-5.631578947368421,-2.4829721362229105,-5.8328173374613,-0.8000000000000007,-1.7999999999999998,-4.200000000000003
2026-01-22,Niagara,Fairfield,-1,-1,-12.926666666666648,6.831666666666678,-2.3888888888888893,0.5555555555555554,-4.966666666666668,-4.483333333333331,-13.4,-1.0,-3.9000000000000057
2026-02-01,Niagara,Marist,1,-12,-5.5,19.066666666666663,0.7619047619047628,-0.571428571428573,-1.666666666666667,-5.5238095238095255,-0.3999999999999999,-1.9000000000000004,-3.0
2026-02-03,Niagara,Canisius,1,9,1.5893280632410978,3.260079051383414,-0.3715415019762851,-1.462450592885375,-2.2727272727272725,-2.033596837944664,1.7999999999999998,-0.10000000000000053,-1.2000000000000028
2026-02-13,Niagara,Manhattan,1,-7,-8.489102564102552,-3.268589743589729,-0.9166666666666679,0.532051282051281,-2.3269230769230766,-1.3269230769230766,-0.8,-0.2999999999999998,-5.200000000000003
2026-02-15,Niagara,Iona,1,2,-5.099999999999994,7.561999999999998,-5.28923076923077,-0.4061538461538472,-0.9000000000000004,-4.010769230769231,-2.8,-2.0,-6.5
2026-02-20,Niagara,Mount St. Mary's,-1,-13,0.7393162393162243,6.851139601139593,-2.727920227920226,-4.692307692307692,-2.7236467236467234,-4.900284900284898,-1.6,-1.7999999999999998,-4.200000000000003
2026-03-01,Niagara,Merrimack,1,-7,-6.688620689655167,7.445517241379321,-3.0540229885057464,1.4528735632183913,0.014942528735631733,0.8563218390804614,-11.4,-4.0,-0.9000000000000057
2025-11-15,Nicholls State,Murray State,-1,-20,-34.16666666666666,2.63333333333334,-6.9999999999999964,1.0,-2.666666666666666,-2.0,-28.0,-3.5,-3.8999999999999915
2025-12-02,Nicholls State,Creighton,-1,-20,-16.57142857142857,8.304761904761904,-1.0,2.2857142857142865,-2.166666666666666,-3.571428571428573,-19.2,-11.4,-0.29999999999999716
2025-12-06,Nicholls State,Incarnate Word,1,7,-27.84285714285714,7.908928571428561,1.196428571428573,2.375,-4.2142857142857135,-3.678571428571427,-24.4,1.7999999999999998,2.700000000000003
2025-12-17,Nicholls State,Houston Christian,1,15,-5.015151515151501,-1.1595959595959755,4.1717171717171695,0.2424242424242422,0.282828282828282,-0.7171717171717162,11.0,2.4999999999999996,3.4000000000000057
2026-01-03,Nicholls State,East Texas A&M,1,22,5.038461538461533,3.570329670329656,-1.8626373626373613,-1.9560439560439562,0.8461538461538467,-3.840659340659343,37.4,1.9999999999999996,-0.09999999999999432
2026-01-10,Nicholls State,New Orleans,-1,13,4.126666666666665,-7.540000000000006,4.066666666666666,-1.9333333333333336,-0.7333333333333325,-4.333333333333336,10.8,-1.3,-2.5
2026-01-12,Nicholls State,McNeese State,-1,-26,-11.90625,8.287499999999994,5.625,1.75,-2.5625,-2.625,9.8,-2.7,0.8000000000000114
2026-01-17,Nicholls State,Lamar,1,-10,3.9294117647058755,9.852941176470594,6.1764705882352935,0.0588235294117645,-1.9411764705882355,-4.2941176470588225,1.2000000000000002,1.7999999999999998,2.0
2026-01-27,Nicholls State,New Orleans,1,-18,1.8649999999999949,-5.364999999999981,6.5,-2.1500000000000004,-0.15000000000000036,-5.300000000000001,-4.999999999999999,-1.3,-2.5
2026-01-31,Nicholls State,East Texas A&M,-1,4,4.714285714285708,3.3904761904761926,0.3809523809523796,-1.238095238095239,1.095238095238095,-4.714285714285715,-12.8,1.9999999999999996,-0.09999999999999432
2026-02-14,Nicholls State,Incarnate Word,-1,8,-5.719999999999999,-0.7160000000000082,3.879999999999999,0.35999999999999943,-1.4800000000000004,-2.879999999999999,1.5999999999999996,1.7999999999999998,2.700000000000003
2026-02-16,Nicholls State,Houston Christian,-1,-4,2.6461538461538368,-1.6961538461538481,6.07692307692308,-0.8461538461538467,0.3076923076923084,-1.53846153846154,3.6,2.4999999999999996,3.4000000000000057
2026-02-23,Nicholls State,Lamar,-1,1,0.4571428571428555,7.3107142857142975,5.071428571428573,-0.14285714285714235,-2.6071428571428577,-4.428571428571431,2.0,1.7999999999999998,2.0
2026-03-02,Nicholls State,McNeese State,1,-10,-11.876666666666665,10.946666666666673,5.099999999999998,1.9666666666666668,-2.3000000000000007,-2.366666666666667,-14.0,-2.7,0.8000000000000114
2025-11-21,Norfolk State,Hampton,1,2,3.376666666666651,-12.000000000000014,-2.666666666666668,-1.0333333333333332,0.8000000000000007,0.06666666666666643,11.2,-5.499999999999999,2.0
2025-11-29,Norfolk State,Arizona,-1,-37,-5.387500000000003,0.2083333333333428,2.5,-3.125,-0.7916666666666661,-3.5,-12.200000000000001,-26.099999999999998,-2.299999999999997
2025-12-06,Norfolk State,James Madison,-1,-1,-2.1622222222222405,-11.383333333333326,-7.988888888888891,0.13333333333333464,1.6999999999999993,-0.4555555555555557,-1.9999999999999998,-6.499999999999999,1.5
2025-12-10,Norfolk State,Baylor,-1,-30,-11.715000000000003,-12.41000000000001,-6.25,-0.07499999999999929,-3.0500000000000007,1.0249999999999986,-0.7999999999999998,-20.9,-0.19999999999998863
2025-12-18,Norfolk State,Grambling State,0,-12,7.759595959595941,-2.9505050505050576,-0.6565656565656575,-4.181818181818182,1.737373737373737,2.878787878787879,4.6000000000000005,-1.5999999999999996,0.0
2025-12-19,Norfolk State,Jackson State,0,10,21.538636363636357,-22.434090909090912,-8.75,-3.3636363636363633,4.2272727272727275,4.189393939393941,15.000000000000002,-2.0999999999999996,-2.5
2025-12-28,Norfolk State,Louisiana,-1,-9,15.888717948717954,-4.388717948717954,-3.948717948717949,0.0512820512820511,2.769230769230769,1.764102564102565,-3.5999999999999996,-5.6,4.800000000000011
2026-01-10,Norfolk State,Delaware State,-1,2,14.96176470588236,-0.0011029411764553743,2.0661764705882355,-0.15808823529411775,1.8088235294117645,1.352941176470587,-0.5999999999999996,3.0,3.0
2026-01-12,Norfolk State,Maryland Eastern Shore,1,-4,8.671345029239774,-4.113450292397644,-1.1783625730994167,-2.473684210526315,1.4093567251461998,-0.16081871345029342,2.0,-0.09999999999999964,3.6000000000000085
2026-01-24,Norfolk State,Coppin State,1,27,13.12857142857142,-16.728571428571428,-3.4761904761904745,-3.2857142857142865,0.3333333333333339,2.1428571428571423,15.2,0.20000000000000107,-0.09999999999999432
2026-01-26,Norfolk State,Morgan State,1,-1,5.200454545454548,-7.2445454545454595,-2.8818181818181827,-0.5545454545454547,1.0545454545454547,1.6181818181818173,-2.799999999999999,2.0,-2.5999999999999943
2026-01-31,Norfolk State,Howard,-1,-28,2.208074534161483,3.6387163561076648,-1.5693581780538288,-0.6107660455486545,-0.6770186335403743,-0.28157349896480355,3.6000000000000005,-2.0999999999999996,-0.7999999999999972
2026-02-14,Norfolk State,Delaware State,1,17,14.505043478260873,-1.2479999999999905,1.4834782608695658,0.33043478260869463,1.3426086956521743,1.0991304347826087,11.2,3.0,3.0
2026-02-16,Norfolk State,Maryland Eastern Shore,-1,4,10.046153846153828,-4.569230769230785,-0.38461538461538325,-2.153846153846155,1.23076923076923,0.3461538461538467,15.0,-0.09999999999999964,3.6000000000000085
2026-02-28,Norfolk State,Coppin State,-1,6,14.467857142857142,-11.335714285714289,-2.321428571428573,-2.8928571428571423,0.3214285714285712,1.25,1.9999999999999998,0.20000000000000107,-0.09999999999999432
2026-03-02,Norfolk State,Morgan State,-1,-6,4.631162196679426,-5.420434227330759,-3.1813537675606653,-0.47381864623243963,0.3473818646232427,0.09323116219668037,10.6,2.0,-2.5999999999999943
2026-03-05,Norfolk State,Howard,1,-8,-1.2166666666666686,8.023333333333326,-1.8333333333333321,-0.9333333333333336,-0.6666666666666679,-1.1000000000000014,-19.2,-2.0999999999999996,-0.7999999999999972
2025-11-15,North Alabama,East Tennessee State,1,-4,-1.4666666666666686,30.5,-2.0,-0.6666666666666679,2.333333333333334,-0.6666666666666679,-24.666666666666668,-2.4,-0.4000000000000057
2025-11-17,North Alabama,Clemson,-1,-20,-19.14999999999999,28.150000000000006,-7.75,6.25,-1.25,-3.0,-32.0,-16.8,1.0999999999999943
2025-11-22,North Alabama,Chattanooga,-1,-14,-0.7000000000000028,7.359999999999985,-8.0,1.3999999999999986,5.0,0.3999999999999986,-6.3999999999999995,-0.5999999999999996,-0.9000000000000057
2025-12-01,North Alabama,Jacksonville State,-1,7,-1.9619047619047478,24.67857142857143,-8.76190476190476,-0.14285714285714235,-2.571428571428571,-6.4523809523809526,-10.8,-3.5999999999999996,-0.20000000000000284
2025-12-15,North Alabama,Alabama A&M,-1,-8,11.988888888888894,5.088888888888903,1.8888888888888893,-2.0,2.333333333333334,-2.1111111111111107,9.8,3.500000000000001,-1.0999999999999943
2025-12-19,North Alabama,Loyola Marymount,-1,-34,-3.0518181818181773,12.566363636363633,-5.481818181818184,-1.2181818181818187,0.4272727272727259,-1.9454545454545453,10.399999999999999,-6.1,-2.5
2026-01-03,North Alabama,Florida Gulf Coast,1,-17,-10.489285714285714,-0.22380952380950703,-6.44047619047619,-0.7976190476190474,-1.7380952380952372,0.0238095238095255,-6.4,-1.3999999999999995,-4.0
2026-01-08,North Alabama,Eastern Kentucky,-1,-8,-7.484615384615395,-2.629743589743569,-12.27692307692308,-1.0256410256410255,-2.6923076923076916,0.06666666666666643,-1.5999999999999996,-1.7000000000000002,-3.4000000000000057
2026-01-10,North Alabama,Bellarmine,-1,9,-13.592857142857142,-6.958571428571432,-0.06190476190475991,-0.7857142857142865,3.9380952380952374,0.7857142857142847,-10.6,-1.0,0.20000000000000284
2026-01-17,North Alabama,Jacksonville,1,-22,1.3305555555555486,6.42569444444446,-4.527777777777779,-2.1180555555555554,-1.1319444444444446,-0.15972222222222143,-2.9999999999999996,-1.0999999999999996,1.0
2026-01-29,North Alabama,Florida Gulf Coast,-1,-8,-5.621428571428581,5.042063492063505,-5.015873015873016,-1.2539682539682548,-1.4285714285714288,-1.8492063492063515,-4.8,-1.3999999999999995,-4.0
2026-02-04,North Alabama,Central Arkansas,-1,-21,-5.5622727272727275,11.196818181818173,-11.545454545454547,-0.8000000000000007,0.027272727272727337,-3.372727272727275,-27.6,-2.4,-3.9000000000000057
2026-02-07,North Alabama,Austin Peay,-1,-29,-6.951948051948051,16.50865800865799,-4.766233766233768,-0.43939393939393945,-0.3333333333333339,-2.686147186147185,-25.0,-1.8999999999999995,-3.5
2026-02-09,North Alabama,Central Arkansas,1,-7,-7.305303030303023,13.195833333333326,-11.553030303030305,-0.5492424242424256,-0.0037878787878788955,-3.78409090909091,-30.0,-2.4,-3.9000000000000057
2026-02-15,North Alabama,Eastern Kentucky,1,6,-8.15320512820513,2.9179487179487182,-12.625,-0.6891025641025639,-2.8269230769230766,-0.6858974358974379,-9.4,-1.7000000000000002,-3.4000000000000057
2026-02-21,North Alabama,Lipscomb,-1,-22,-8.295879120879121,10.046428571428578,-10.296703296703296,-0.23901098901098905,0.4917582417582427,-2.7142857142857153,-7.6,-2.4,-4.0
2026-02-25,North Alabama,Bellarmine,1,5,-15.901984126984132,-5.856878306878301,-3.0992063492063515,1.201058201058201,3.60978835978836,1.1759259259259274,-4.199999999999999,-1.0,0.20000000000000284
2026-03-04,North Alabama,Florida Gulf Coast,0,-11,-5.436707452725244,6.746051167964396,-5.580645161290324,-0.05228031145717438,-0.6295884315906566,-1.79199110122358,-3.4,-1.3999999999999995,-4.0
2025-11-18,North Carolina,Navy,1,12,8.550000000000011,-21.525000000000006,12.75,-3.25,3.0,8.5,24.0,17.0,3.799999999999997
2025-11-27,North Carolina,Michigan State,0,-16,1.5166666666666657,-3.249999999999986,3.166666666666668,0.5,-2.833333333333334,4.833333333333332,-0.1999999999999993,-3.0999999999999996,2.1999999999999886
2025-12-02,North Carolina,Kentucky,-1,3,-10.328571428571436,3.8142857142857167,-3.1428571428571423,0.5714285714285712,-0.4285714285714288,-2.0,-8.600000000000001,-3.200000000000001,-0.4000000000000057
2025-12-07,North Carolina,Georgetown,1,20,-2.1624999999999943,-13.650000000000006,2.625,3.25,1.0,5.0,9.0,2.5999999999999996,1.7999999999999972
2025-12-16,North Carolina,East Tennessee State,1,19,-0.06727272727273714,-0.9209090909090918,-0.2727272727272734,-1.1363636363636367,0.209090909090909,4.827272727272728,-1.4000000000000004,15.0,2.6999999999999886
2025-12-22,North Carolina,East Carolina,1,48,16.71666666666667,-12.14166666666668,6.833333333333336,-2.916666666666668,-0.25,7.0,8.399999999999999,12.799999999999999,-1.0
2025-12-30,North Carolina,Florida State,1,13,5.053846153846166,-10.07692307692308,-11.07692307692308,-2.2307692307692317,-2.3076923076923084,6.53846153846154,17.2,2.1999999999999993,-2.200000000000003
2026-01-17,North Carolina,California,-1,-6,3.976470588235287,-2.5143790849673167,0.6699346405228752,0.8986928104575149,2.5620915032679736,4.4117647058823515,21.2,5.3999999999999995,-0.9000000000000057
2026-01-31,North Carolina,Georgia Tech,-1,16,14.006190476190483,-1.3428571428571558,6.830952380952379,-2.961904761904762,0.7476190476190467,0.33333333333333215,13.600000000000001,7.3,-2.8000000000000114
2026-02-07,North Carolina,Duke,1,3,-4.227272727272734,7.959090909090904,-0.5909090909090899,-1.4090909090909083,-0.9090909090909101,0.3636363636363633,-13.4,-4.1,2.6999999999999886
2026-02-10,North Carolina,Miami (FL),-1,-9,-1.2608695652173907,1.5695652173913004,5.521739130434781,-1.8260869565217384,-0.47826086956521685,1.4347826086956523,6.999999999999999,1.299999999999999,0.19999999999998863
2026-02-17,North Carolina,NC State,-1,-24,-3.657538461538465,-4.377076923076913,-1.7630769230769232,-0.18461538461538574,0.7769230769230759,2.5907692307692294,9.6,0.40000000000000036,-0.5
2026-02-23,North Carolina,Louisville,1,3,-5.077777777777783,1.529629629629639,-7.5185185185185155,-2.5185185185185173,-1.1111111111111107,-0.5555555555555536,-14.0,-1.700000000000001,-1.3000000000000114
2026-03-03,North Carolina,Clemson,1,4,2.013793103448279,2.0310344827586135,0.7931034482758612,0.4137931034482758,1.2413793103448283,2.0,8.8,0.5999999999999996,4.199999999999989
2026-03-07,North Carolina,Duke,-1,-15,-7.609999999999999,9.286666666666676,-0.6333333333333364,-0.8333333333333321,-1.3000000000000007,-1.033333333333335,-27.599999999999998,-4.1,2.6999999999999886
2026-03-12,North Carolina,Clemson,0,-1,1.2520161290322562,1.8416330645161167,0.683467741935484,0.6723790322580641,0.8427419354838701,1.9909274193548399,0.7999999999999998,0.5999999999999996,4.199999999999989
2025-11-18,North Carolina A&T,Morgan State,-1,6,-2.6500000000000057,-10.333333333333329,-2.083333333333334,-0.3333333333333339,0.4166666666666661,4.0,5.583333333333334,7.1,-2.200000000000003
2025-11-28,North Carolina A&T,Davidson,-1,-16,-4.6499999999999915,-0.058333333333351334,-8.416666666666668,1.416666666666666,4.5,3.833333333333332,3.4,-6.3,5.0
2025-12-02,North Carolina A&T,Charlotte,-1,-17,-2.2099999999999937,-3.082499999999996,-6.5,2.125,-1.0999999999999996,2.25,4.2,-4.6,4.099999999999994
2025-12-09,North Carolina A&T,Howard,0,-4,-4.300000000000011,3.049999999999997,-4.414285714285715,0.9285714285714288,-1.057142857142857,3.4142857142857146,-9.0,3.0,-0.4000000000000057
2025-12-12,North Carolina A&T,Maryland Eastern Shore,1,3,9.27211538461539,-1.4798076923076877,-2.1346153846153832,-2.009615384615385,1.365384615384615,2.01923076923077,4.0,5.0,4.0
2026-01-08,North Carolina A&T,Elon,1,-5,-14.084285714285713,-3.836190476190481,-9.719047619047618,2.0142857142857142,-1.9904761904761905,2.7428571428571438,-3.8000000000000007,-1.5999999999999996,0.5999999999999943
2026-01-19,North Carolina A&T,Hampton,-1,-21,3.1840277777777715,5.954166666666666,-2.229166666666668,1.5069444444444446,-0.44444444444444464,2.6388888888888893,-3.1999999999999997,-0.39999999999999947,2.3999999999999915
2026-01-22,North Carolina A&T,Hofstra,1,1,-7.9622291021672,6.838080495356039,-6.03095975232198,1.7739938080495357,-0.8266253869969038,1.2291021671826634,-10.799999999999999,-4.699999999999999,3.3999999999999915
2026-01-29,North Carolina A&T,Monmouth,-1,-2,3.11553884711779,5.301253132832059,0.2857142857142847,0.5388471177944858,-0.36842105263157876,2.015037593984964,-5.4,-2.4999999999999996,1.8999999999999915
2026-01-31,North Carolina A&T,Drexel,-1,-1,3.38545454545455,7.9486363636363535,-4.440909090909091,0.8409090909090917,-0.5227272727272734,2.513636363636362,-12.399999999999999,-1.2999999999999998,4.299999999999997
2026-02-05,North Carolina A&T,College of Charleston,-1,-16,-1.8484472049689629,1.5844720496894524,-3.6293995859213233,1.3995859213250519,0.3498964803312621,-0.683229813664596,-6.2,-2.8999999999999995,0.3999999999999915
2026-02-07,North Carolina A&T,Campbell,1,-8,-5.991287878787887,-3.5696969696969916,-3.5871212121212146,0.18939393939393945,-1.333333333333334,3.882575757575758,-1.8000000000000003,-3.6999999999999997,-0.20000000000000284
2026-02-13,North Carolina A&T,Hampton,0,1,2.6469565217391278,6.2039999999999935,-2.7947826086956518,1.770434782608696,-0.5982608695652161,2.5930434782608707,3.2,-0.39999999999999947,2.3999999999999915
2026-02-19,North Carolina A&T,College of Charleston,1,-13,-1.42638888888888,3.153703703703698,-4.018518518518519,0.9490740740740744,0.518518518518519,-0.893518518518519,-7.2,-2.8999999999999995,0.3999999999999915
2026-02-21,North Carolina A&T,Elon,-1,20,-9.66740740740741,-2.525333333333336,-7.896296296296299,1.6577777777777793,-1.4266666666666659,2.1466666666666683,-2.4000000000000004,-1.5999999999999996,0.5999999999999943
2026-03-03,North Carolina A&T,Campbell,-1,-18,-3.1304761904761875,-0.3795238095238176,-3.8047619047619072,0.519047619047619,-2.076190476190476,3.05952380952381,0.0,-3.6999999999999997,-0.20000000000000284
2025-11-14,North Carolina Central,North Carolina,-1,-44,-18.058333333333337,37.15833333333333,-9.25,0.4166666666666661,-1.583333333333334,-11.833333333333332,-40.91666666666667,-22.0,-2.5999999999999943
2025-11-22,North Carolina Central,Dayton,-1,-19,-12.199999999999989,20.573333333333338,1.3333333333333321,-0.5333333333333332,2.8,-2.7666666666666693,-12.4,-16.1,-1.2000000000000028
2025-12-03,North Carolina Central,James Madison,-1,-5,-11.566666666666677,0.2888888888888914,-7.888888888888886,1.4444444444444446,0.2222222222222232,-2.2222222222222214,5.2,-7.7,-0.9000000000000057
2025-12-06,North Carolina Central,North Carolina A&T,1,-15,-4.423333333333332,0.8800000000000097,3.366666666666667,-1.166666666666666,0.2666666666666657,-2.0333333333333314,12.6,-6.300000000000001,-2.799999999999997
2025-12-09,North Carolina Central,Kentucky,-1,-36,-18.75151515151515,15.469696969696983,-8.01010101010101,1.3434343434343443,-1.4444444444444446,-7.626262626262626,-8.6,-25.200000000000003,-3.0
2025-12-20,North Carolina Central,Longwood,1,-2,-6.292307692307688,5.723076923076931,1.0769230769230766,-1.8461538461538467,-0.615384615384615,-1.76923076923077,2.0,-4.800000000000001,-4.400000000000006
2026-01-03,North Carolina Central,Norfolk State,1,2,-5.179999999999993,7.072083333333325,1.3999999999999986,1.0333333333333332,-0.6208333333333336,-1.4375,-2.6000000000000005,-1.200000000000001,-2.4000000000000057
2026-01-10,North Carolina Central,Coppin State,-1,11,9.93472222222222,-10.110416666666666,-0.3888888888888893,-2.5069444444444446,0.6527777777777786,1.0694444444444429,20.0,-1.0,-2.5
2026-01-12,North Carolina Central,Morgan State,-1,11,3.2709558823529363,-3.189338235294116,0.404411764705884,-0.577205882352942,1.1066176470588243,1.882352941176471,10.8,0.7999999999999989,-5.0
2026-01-17,North Carolina Central,Howard,1,-14,-1.1666666666666714,10.561111111111103,0.277777777777775,-0.7222222222222232,-0.6666666666666661,-1.0,1.0,-3.3000000000000007,-3.200000000000003
2026-02-02,North Carolina Central,Maryland Eastern Shore,1,2,5.976794258373204,3.6877990430622134,1.0885167464114822,-1.7966507177033506,0.8181818181818183,-0.6052631578947363,-8.2,-1.3000000000000007,1.2000000000000028
2026-02-07,North Carolina Central,Norfolk State,-1,-7,-2.7933333333333366,6.698333333333338,2.0333333333333314,0.14166666666666572,-0.5999999999999996,-0.7833333333333314,-3.6,-1.200000000000001,-2.4000000000000057
2026-02-09,North Carolina Central,Delaware State,1,9,12.125974025974017,6.380086580086569,3.4264069264069246,0.3268398268398265,0.5324675324675319,-0.2575757575757578,9.2,1.799999999999999,0.5999999999999943
2026-02-14,North Carolina Central,Coppin State,1,-2,10.486363636363649,-7.703636363636363,-0.8909090909090907,-3.085454545454544,-0.6672727272727261,0.6109090909090895,8.2,-1.0,-2.5
2026-02-16,North Carolina Central,Morgan State,1,4,-0.10869565217390686,0.07391304347827088,-1.0,-0.4782608695652186,0.6086956521739122,-0.6521739130434767,-21.2,0.7999999999999989,-5.0
2026-02-21,North Carolina Central,Howard,-1,-33,-3.8219259259259246,13.388444444444445,0.008888888888890278,-0.6725925925925935,-1.0770370370370355,-2.010370370370371,-21.6,-3.3000000000000007,-3.200000000000003
2026-02-28,North Carolina Central,Delaware State,-1,14,12.165384615384625,4.84615384615384,3.076923076923075,-0.038461538461538325,0.9615384615384617,0.11538461538461675,11.0,1.799999999999999,0.5999999999999943
2026-03-02,North Carolina Central,Maryland Eastern Shore,-1,4,6.632822477650052,3.421328224776488,0.9259259259259274,-2.6360153256704972,0.3371647509578555,-0.6845466155810982,0.40000000000000036,-1.3000000000000007,1.2000000000000028
2026-03-12,North Carolina Central,Maryland Eastern Shore,0,7,6.302669632925472,3.621913236929913,1.3314794215795338,-2.9555061179087865,-0.0711902113459395,-0.9443826473859822,-8.200000000000001,-1.3000000000000007,1.2000000000000028
2026-03-13,North Carolina Central,Delaware State,0,6,12.323333333333338,4.903333333333336,3.2666666666666675,-0.20000000000000107,0.5333333333333332,-0.2666666666666657,0.0,1.799999999999999,0.5999999999999943
2026-03-14,North Carolina Central,Howard,0,-7,-5.1523185483871,14.16733870967741,-0.3125,-1.139112903225806,-1.09375,-2.599798387096776,-17.6,-3.3000000000000007,-3.200000000000003
2025-11-19,North Dakota,Creighton,-1,-15,-3.3666666666666742,3.7333333333333343,-3.3999999999999986,-1.8666666666666654,-3.4000000000000004,-4.133333333333333,-3.1333333333333337,-14.8,0.8999999999999915
2025-11-22,North Dakota,Coastal Carolina,0,-17,-2.363333333333344,16.583333333333343,-7.899999999999999,-2.0999999999999996,-1.833333333333334,-13.033333333333335,-9.2,-1.7999999999999998,-0.10000000000000853
2025-11-29,North Dakota,Hawaii,-1,-37,-6.535714285714292,12.625,2.178571428571427,-3.7142857142857135,-1.1607142857142865,-5.607142857142858,-4.799999999999999,-3.1,-3.5
2025-12-03,North Dakota,Idaho,-1,-32,-11.990476190476187,2.4841269841269735,-8.841269841269842,-0.4761904761904763,-0.3650793650793638,-4.460317460317462,-12.6,-3.1,-0.20000000000000284
2025-12-06,North Dakota,Montana,1,-4,-10.403333333333336,8.416666666666671,-1.8444444444444414,-2.9111111111111114,0.5333333333333323,-7.455555555555556,-14.599999999999998,-2.5,-1.4000000000000057
2025-12-21,North Dakota,Nebraska,-1,-23,-15.029220779220779,9.449999999999989,-7.324675324675326,1.5779220779220768,1.675324675324676,-6.2012987012987,-12.2,-18.3,2.5999999999999943
2026-01-10,North Dakota,Kansas City,-1,2,6.978947368421061,-6.479256965944273,4.235294117647058,-2.9102167182662537,0.897832817337461,-0.6191950464396285,8.2,2.5999999999999996,-2.200000000000003
2026-01-24,North Dakota,Denver,-1,7,-11.307039337474137,-12.876190476190473,1.3084886128364381,0.2732919254658377,1.3084886128364381,-0.6894409937888177,5.800000000000001,-1.2000000000000002,0.19999999999998863
2026-02-07,North Dakota,Denver,1,-19,-8.74584615384616,-10.306307692307684,1.224615384615383,-0.06615384615384734,1.08,-1.316923076923075,8.600000000000001,-1.2000000000000002,0.19999999999998863
2026-02-19,North Dakota,Kansas City,1,15,12.175862068965529,-5.153846153846146,2.362068965517242,-3.701591511936339,0.631299734748012,-0.8713527851458878,13.600000000000001,2.5999999999999996,-2.200000000000003
2026-03-06,North Dakota,Denver,0,16,-10.562701612903226,-7.421875,1.17641129032258,0.433467741935484,0.4304435483870961,-1.5997983870967758,-10.600000000000001,-1.2000000000000002,0.19999999999998863
2025-11-26,North Dakota State,Jacksonville State,0,13,-4.599999999999994,3.7633333333333354,-3.700000000000003,0.09999999999999964,-4.133333333333335,-6.566666666666666,-2.8000000000000007,-0.8999999999999999,2.5
2025-11-28,North Dakota State,Arkansas State,-1,-5,4.014285714285705,-21.51428571428572,1.4285714285714306,-5.0,-2.2857142857142847,-0.5714285714285694,26.8,-1.1,-4.200000000000003
2025-12-03,North Dakota State,Montana,-1,9,-1.0625,-7.0,3.0,-3.625,1.5,-5.0,20.8,-0.6000000000000001,-1.7999999999999972
2025-12-11,North Dakota State,Cal State Bakersfield,-1,11,10.280000000000015,-16.510000000000005,9.7,-3.4000000000000004,-0.40000000000000036,1.5,17.6,1.4999999999999996,-4.099999999999994
2025-12-13,North Dakota State,Drake,-1,5,-8.527272727272717,-3.4081818181818164,-0.5090909090909115,2.8909090909090924,2.6999999999999993,-2.745454545454546,-12.8,-3.5,0.9000000000000057
2026-01-08,North Dakota State,Kansas City,-1,24,14.462132352941182,-13.509926470588226,4.7242647058823515,-1.9669117647058822,1.8566176470588243,0.5808823529411775,15.0,4.5,-2.5999999999999943
2026-01-22,North Dakota State,Denver,-1,5,-5.7816666666666805,-21.013095238095246,3.109523809523811,1.0976190476190482,1.904761904761905,0.6857142857142833,8.0,0.6999999999999997,-0.20000000000000284
2026-02-05,North Dakota State,Denver,1,-7,-2.4624999999999915,-18.63749999999999,2.375,1.0,1.458333333333334,0.33333333333333215,9.4,0.6999999999999997,-0.20000000000000284
2026-02-14,North Dakota State,North Dakota,-1,17,6.501648351648342,-7.599175824175816,1.489010989010989,1.1785714285714288,0.384615384615385,1.2554945054945037,9.2,1.9,-0.3999999999999915
2026-02-21,North Dakota State,Kansas City,1,36,19.44457671957673,-13.233597883597895,3.62301587301587,-2.71957671957672,0.8478835978835981,0.6574074074074083,27.4,4.5,-2.5999999999999943
2026-02-28,North Dakota State,North Dakota,1,33,6.0147311827957,-8.480430107526885,1.407526881720429,0.8849462365591396,0.5236559139784944,1.8569892473118266,15.0,1.9,-0.3999999999999915
2026-03-08,North Dakota State,North Dakota,0,8,6.62263814616756,-10.071479500891257,1.5249554367201412,0.8636363636363633,0.7994652406417107,2.0828877005347586,18.2,1.9,-0.3999999999999915
2026-03-19,North Dakota State,Michigan State,0,-25,-1.4069852941176606,-1.2474264705882376,4.452205882352942,-0.430147058823529,-0.9797794117647065,-2.779411764705884,9.8,-17.8,1.7999999999999972
2025-12-07,North Florida,Gonzaga,-1,-51,-11.409722222222229,23.597222222222214,9.666666666666668,2.7777777777777786,-3.9861111111111107,-7.680555555555557,-20.2,-15.7,1.9000000000000057
2025-12-13,North Florida,Dayton,-1,-23,-4.562222222222218,15.234444444444435,8.566666666666663,1.855555555555556,-0.2333333333333334,-2.444444444444443,-10.399999999999999,-11.2,4.200000000000003
2025-12-18,North Florida,Charleston Southern,-1,-23,-5.428333333333342,16.955,-4.7833333333333385,0.7666666666666657,-3.1833333333333336,-10.116666666666667,-25.200000000000003,-0.7999999999999998,-3.3999999999999915
2025-12-21,North Florida,Miami (FL),-1,-38,-16.111363636363635,24.162878787878796,11.75,1.7651515151515156,-3.3636363636363633,-5.848484848484851,-30.0,-15.8,3.0
2025-12-28,North Florida,Columbia,1,-8,-8.224999999999994,22.983333333333334,9.0,0.75,-3.416666666666667,-8.0,-40.0,-3.3,4.1000000000000085
2026-01-01,North Florida,Austin Peay,-1,-19,-2.118181818181796,26.147552447552442,4.23776223776224,1.48951048951049,-2.16083916083916,-4.496503496503497,-37.6,-1.5999999999999996,2.4000000000000057
2026-01-03,North Florida,Lipscomb,-1,-8,-7.19285714285715,18.35000000000001,0.4285714285714306,2.0,-1.571428571428572,-4.5,-35.2,-2.1,1.9000000000000057
2026-01-15,North Florida,North Alabama,-1,14,-0.06980392156863502,8.30274509803921,11.462745098039218,2.9254901960784316,-1.7215686274509796,-1.3803921568627473,-0.20000000000000107,0.2999999999999998,5.900000000000006
2026-01-17,North Florida,Central Arkansas,-1,-29,0.8166666666666629,17.083333333333357,0.8888888888888893,0.9444444444444429,-1.7777777777777786,-4.333333333333336,-9.2,-2.1,2.0
2026-01-22,North Florida,Eastern Kentucky,1,2,-5.452631578947376,8.978947368421075,-0.3684210526315752,1.421052631578947,-4.2105263157894735,-1.4210526315789487,-12.0,-1.4000000000000004,2.5
2026-01-24,North Florida,Bellarmine,1,3,-8.589473684210532,1.0942105263157913,10.918421052631576,2.489473684210525,1.9684210526315784,0.2973684210526315,-1.2000000000000002,-0.7000000000000002,6.1000000000000085
2026-01-31,North Florida,Lipscomb,1,-6,-3.3409090909090935,17.931818181818173,2.90909090909091,1.59090909090909,-1.1363636363636367,-3.6363636363636367,-9.2,-2.1,1.9000000000000057
2026-02-11,North Florida,Florida Gulf Coast,-1,-9,0.1560000000000059,12.972000000000008,7.0,1.120000000000001,-2.5199999999999996,-1.8000000000000007,-3.0,-1.0999999999999996,1.9000000000000057
2026-02-14,North Florida,Jacksonville,-1,-7,3.1846153846153697,12.353846153846149,9.692307692307693,0.8461538461538467,-2.115384615384615,-0.46153846153846345,1.8000000000000007,-0.7999999999999998,6.900000000000006
2026-02-19,North Florida,Austin Peay,1,-1,-5.36355555555555,21.403703703703698,7.879999999999999,1.9614814814814814,-1.13037037037037,-2.285925925925927,-20.799999999999997,-1.5999999999999996,2.4000000000000057
2026-02-26,North Florida,Florida Gulf Coast,1,6,-1.551724137931032,11.448275862068968,6.862068965517242,1.4482758620689644,-2.2413793103448265,-1.4137931034482776,-8.399999999999999,-1.0999999999999996,1.9000000000000057
2026-02-28,North Florida,Jacksonville,1,-24,0.9400000000000119,9.596666666666664,9.666666666666668,1.4000000000000004,-1.966666666666666,0.16666666666666785,-3.2,-0.7999999999999998,6.900000000000006
2025-11-20,North Texas,Central Arkansas,1,18,11.340000000000003,-10.920000000000016,-15.5,-1.5999999999999996,0.15000000000000036,-5.850000000000001,15.25,4.4,-2.3000000000000114
2025-11-25,North Texas,Eastern Washington,1,8,1.75,-22.483333333333334,-3.0,-4.166666666666666,1.5,-0.8333333333333357,12.600000000000001,1.5,-1.5
2025-12-02,North Texas,Houston Christian,1,2,1.078571428571422,-9.939285714285717,-3.8928571428571423,-1.3035714285714288,0.19642857142857117,0.14285714285714235,-3.4000000000000004,5.1,3.0999999999999943
2025-12-31,North Texas,Memphis,-1,-9,1.6743589743589666,-9.043589743589749,-2.2564102564102555,-1.801282051282051,-3.185897435897436,0.5,10.6,-3.5999999999999996,-4.5
2026-01-23,North Texas,East Carolina,1,-4,7.857894736842113,-12.015789473684208,1.0526315789473664,-0.4210526315789469,0.2631578947368425,0.10526315789473983,11.6,2.2,-2.5
2026-02-12,North Texas,Memphis,1,7,-0.09583333333333144,-2.958876811594209,-2.3568840579710155,-2.603260869565217,-0.6322463768115956,-1.3152173913043477,-9.4,-3.5999999999999996,-4.5
2026-02-22,North Texas,Florida Atlantic,1,1,-6.496296296296308,-4.470370370370375,-6.481481481481481,-1.333333333333334,-0.37037037037037024,-4.148148148148145,5.8,-0.7,-3.200000000000003
2026-02-25,North Texas,Charlotte,-1,-1,-7.515079365079373,-13.321031746031736,-5.649470899470902,-0.3214285714285712,1.201058201058201,-0.2367724867724874,12.6,0.5,2.3999999999999915
2026-03-12,North Texas,Florida Atlantic,0,4,-5.486088709677418,-4.731350806451616,-5.230846774193548,-1.67741935483871,-0.23891129032258007,-3.585685483870968,2.4,-0.7,-3.200000000000003
2025-11-22,Northeastern,Duquesne,0,7,-12.400000000000006,-0.10000000000000853,-6.600000000000001,-4.0,0.20000000000000107,-3.1999999999999993,-9.4,-3.6,-0.5
2025-12-03,Northeastern,Holy Cross,-1,-17,5.099999999999994,-7.148214285714289,-5.107142857142858,1.4464285714285712,1.9464285714285712,-1.5357142857142847,-1.4000000000000001,4.8,4.400000000000006
2025-12-07,Northeastern,Central Connecticut State,1,17,-12.612499999999997,8.012500000000003,-1.125,3.25,-0.5,-7.5,-20.8,6.300000000000001,4.5
2025-12-29,Northeastern,Elon,-1,-12,-16.58321678321677,-0.13146853146852777,-7.0,2.4335664335664333,-3.7062937062937067,-1.41958041958042,-18.4,1.0,0.7000000000000028
2025-12-31,Northeastern,North Carolina A&T,-1,11,-0.42499999999999716,7.566666666666663,2.583333333333332,0.41666666666666785,-0.9166666666666661,-5.5,-12.8,2.5999999999999996,0.10000000000000853
2026-01-03,Northeastern,Campbell,-1,-15,-1.054358974358962,0.8692307692307679,-1.374358974358973,-0.9487179487179489,-4.0256410256410255,-2.7435897435897445,8.8,-1.1,-0.09999999999999432
2026-01-15,Northeastern,Elon,1,7,-11.675000000000011,4.672058823529426,-6.055147058823529,1.444852941176471,-4.080882352941176,-3.290441176470587,-16.4,1.0,0.7000000000000028
2026-01-19,Northeastern,Monmouth,-1,-13,5.89901960784313,10.078758169934645,3.2549019607843164,0.13725490196078383,-2.068627450980393,-3.428104575163399,-2.4,0.10000000000000009,2.0
2026-01-24,Northeastern,Drexel,-1,-5,4.227631578947381,13.46710526315789,-1.7421052631578924,-0.1236842105263154,-2.757894736842105,-3.0289473684210506,-16.4,1.2999999999999998,4.400000000000006
2026-01-31,Northeastern,College of Charleston,1,-5,0.5995454545454635,9.01545454545456,-0.5272727272727273,0.3454545454545457,-1.5772727272727263,-6.309090909090909,-7.2,-0.30000000000000004,0.5
2026-02-05,Northeastern,Hofstra,-1,-17,-4.677432712215307,12.890062111801242,-3.3540372670807486,0.6521739130434785,-2.8778467908902687,-4.020703933747413,-6.6000000000000005,-2.1,3.5
2026-02-19,Northeastern,Drexel,1,-9,3.2750000000000057,13.260185185185179,-0.023148148148145253,-0.7083333333333321,-1.8703703703703711,-2.564814814814813,-6.0,1.2999999999999998,4.400000000000006
2026-02-21,Northeastern,Hofstra,1,-14,-7.336714285714294,15.378714285714267,-2.7842857142857156,1.1385714285714297,-2.8514285714285714,-4.5042857142857144,-29.4,-2.1,3.5
2026-02-28,Northeastern,Hampton,-1,-11,4.040357598978289,11.643295019157065,1.4086845466155822,0.596424010217115,-2.0523627075351207,-1.3831417624521087,-3.1999999999999993,2.2,2.5
2026-03-03,Northeastern,Monmouth,1,-6,0.3307142857142793,11.883095238095223,2.654761904761905,-0.20238095238095255,-2.0476190476190483,-2.0238095238095255,-15.4,0.10000000000000009,2.0
2026-03-06,Northeastern,North Carolina A&T,0,16,-0.7862068965517182,5.34137931034482,4.310344827586206,-0.8275862068965516,-1.137931034482758,-3.413793103448274,-2.0,2.5999999999999996,0.10000000000000853
2026-03-07,Northeastern,Drexel,0,-7,3.716881720430095,13.721397849462363,0.1172043010752688,-0.48494623655913927,-1.489247311827957,-2.1387096774193566,-5.6000000000000005,1.2999999999999998,4.400000000000006
2025-11-24,Northern Arizona,Cal Poly,1,6,6.708333333333329,-3.5999999999999943,-10.083333333333332,-5.666666666666666,1.416666666666666,-3.916666666666668,3.2,-3.0,-11.599999999999994
2025-12-06,Northern Arizona,North Dakota State,-1,-1,-2.595238095238088,11.92380952380951,-6.888888888888889,0.412698412698413,-0.0952380952380949,0.6349206349206362,-9.0,-1.4,-4.0
2025-12-09,Northern Arizona,Arizona State,-1,-25,-7.493055555555543,-2.7208333333333314,-3.1527777777777786,1.2222222222222214,1.5972222222222223,2.208333333333332,2.1999999999999997,-15.2,-5.8999999999999915
2025-12-21,Northern Arizona,Incarnate Word,-1,-24,-16.290909090909096,-4.86363636363636,-4.0,1.2727272727272734,-2.8181818181818183,1.2727272727272734,-18.8,-1.1,-0.5
2026-01-01,Northern Arizona,Montana,-1,-14,-4.369230769230768,2.907692307692301,-3.8461538461538467,-2.615384615384615,1.3076923076923066,-4.692307692307693,-0.4,-2.0,-5.799999999999997
2026-01-03,Northern Arizona,Montana State,-1,-9,-10.385714285714272,4.385714285714286,-8.642857142857142,1.7857142857142847,-0.2857142857142865,0.07142857142857295,-5.800000000000001,-3.2,-2.3999999999999915
2026-01-10,Northern Arizona,Idaho State,1,-2,-10.412499999999994,-1.9750000000000085,-4.75,0.25,-2.25,1.4375,-1.6,-1.1,-1.5999999999999943
2026-01-19,Northern Arizona,Montana,1,-26,-4.628947368421052,7.221345029239771,-3.809941520467838,-2.511695906432747,1.6783625730994158,-5.210526315789473,-13.600000000000001,-2.0,-5.799999999999997
2026-01-29,Northern Arizona,Eastern Washington,1,6,-1.3521428571428658,-2.923809523809524,-1.292857142857141,-1.5404761904761894,-1.8214285714285712,0.6999999999999993,-12.200000000000001,-4.0,-4.3999999999999915
2026-01-31,Northern Arizona,Idaho,1,-17,-5.056709956709966,7.769264069264082,-9.422077922077921,0.021645021645021245,-1.257575757575757,-3.658008658008658,-7.999999999999999,-2.6,-4.599999999999994
2026-02-05,Northern Arizona,Idaho State,-1,6,-5.495652173913044,0.8608695652173708,-3.9565217391304337,-0.304347826086957,-2.5217391304347823,0.0,4.0,-1.1,-1.5999999999999943
2026-02-26,Northern Arizona,Idaho,-1,-20,-3.617857142857133,9.228571428571428,-8.607142857142858,-0.7142857142857135,-1.2142857142857144,-4.428571428571427,-5.6,-2.6,-4.599999999999994
2026-02-28,Northern Arizona,Eastern Washington,-1,-31,-3.731034482758602,1.168965517241375,0.0,-1.931034482758621,-1.5862068965517233,-0.9310344827586228,-21.0,-4.0,-4.3999999999999915
2026-03-02,Northern Arizona,Montana State,1,-11,-7.0533333333333275,10.96333333333331,-6.300000000000001,0.40000000000000036,-1.0666666666666664,-2.5,-17.0,-3.2,-2.3999999999999915
2026-03-07,Northern Arizona,Idaho State,0,-8,-4.667741935483875,1.1129032258064626,-3.0645161290322562,-0.41935483870967616,-2.677419354838709,-0.6774193548387117,-3.8,-1.1,-1.5999999999999943
2025-11-23,Northern Colorado,Cal State Fullerton,0,4,12.036666666666676,-14.246666666666655,2.0,2.666666666666666,1.5666666666666664,1.0,28.4,-1.5999999999999999,-4.3999999999999915
2025-11-26,Northern Colorado,Air Force,-1,18,17.950000000000017,-7.873809523809513,8.595238095238095,-0.8333333333333339,1.2380952380952372,4.404761904761905,8.4,-2.5999999999999996,4.200000000000003
2025-12-20,Northern Colorado,Denver,1,-7,0.6020979020978956,-18.93356643356644,5.937062937062937,1.4825174825174834,-1.0209790209790217,5.32167832167832,-4.0,1.0,2.0
2025-12-28,Northern Colorado,Colorado,-1,5,0.03333333333331723,-2.549999999999983,10.75,1.5,-0.6666666666666661,2.1666666666666643,0.20000000000000018,-11.5,0.20000000000000284
2026-01-01,Northern Colorado,Montana State,-1,-14,5.969230769230762,4.407692307692301,-0.76923076923077,1.384615384615385,-0.1538461538461533,3.6153846153846168,-8.4,-1.4999999999999998,3.8000000000000114
2026-01-03,Northern Colorado,Montana,-1,-9,8.978571428571428,5.299999999999997,3.7857142857142847,-2.6428571428571423,1.8571428571428568,-1.3571428571428577,-10.4,-0.2999999999999998,0.4000000000000057
2026-01-08,Northern Colorado,Idaho State,1,13,2.3600000000000136,-1.4266666666666765,3.133333333333333,0.40000000000000036,-1.7333333333333343,5.0,-9.0,0.6000000000000001,4.6000000000000085
2026-01-19,Northern Colorado,Montana State,1,-5,1.2839181286549746,4.854970760233925,0.9385964912280684,1.3099415204678362,-0.4385964912280711,2.4385964912280684,-8.2,-1.4999999999999998,3.8000000000000114
2026-01-24,Northern Colorado,Northern Arizona,-1,-4,10.619999999999976,-3.8799999999999955,7.699999999999999,0.4499999999999993,0.5999999999999996,3.8999999999999986,12.399999999999999,1.7000000000000002,6.200000000000003
2026-01-29,Northern Colorado,Idaho,1,8,2.962142857142851,4.155952380952385,-1.3404761904761884,0.8690476190476186,-0.41904761904761934,0.4047619047619051,-6.2,-0.8999999999999999,1.6000000000000085
2026-01-31,Northern Colorado,Eastern Washington,1,3,7.435497835497841,-7.559307359307368,6.175324675324674,-0.7424242424242422,-1.2489177489177496,5.038961038961041,-2.6,-2.3,1.8000000000000114
2026-02-07,Northern Colorado,Idaho State,-1,8,3.1666666666666714,-4.883333333333354,3.958333333333332,0.4166666666666661,-1.458333333333334,4.333333333333336,13.600000000000001,0.6000000000000001,4.6000000000000085
2026-02-21,Northern Colorado,Northern Arizona,1,1,8.166666666666657,-6.981481481481481,6.851851851851851,0.9259259259259256,0.8148148148148149,5.444444444444443,17.4,1.7000000000000002,6.200000000000003
2026-02-26,Northern Colorado,Eastern Washington,-1,-10,5.08214285714287,-6.228571428571428,6.214285714285712,-0.9642857142857135,-0.8571428571428577,4.642857142857142,-0.20000000000000107,-2.3,1.8000000000000114
2026-02-28,Northern Colorado,Idaho,-1,9,3.5310344827586277,3.341379310344834,-2.137931034482758,0.3793103448275872,-0.5517241379310338,0.6896551724137936,-1.5999999999999996,-0.8999999999999999,1.6000000000000085
2026-03-02,Northern Colorado,Montana,1,28,5.976666666666674,3.663333333333341,3.5333333333333314,-2.533333333333333,2.166666666666667,-0.13333333333333286,9.8,-0.2999999999999998,0.4000000000000057
2026-03-09,Northern Colorado,Montana,0,-6,6.987096774193546,2.341935483870955,3.6774193548387117,-2.64516129032258,2.161290322580646,0.0967741935483879,15.6,-0.2999999999999998,0.4000000000000057
2025-11-21,Northern Illinois,Loyola Chicago,-1,17,7.540000000000006,-5.159999999999982,-5.199999999999999,3.0,-0.1999999999999993,3.3999999999999986,9.799999999999999,-5.0,2.9000000000000057
2025-11-25,Northern Illinois,Austin Peay,-1,-18,8.5,18.683333333333337,-3.3333333333333357,1.0,-1.1666666666666679,-3.5,1.8,-0.1999999999999993,-0.7999999999999972
2025-12-02,Northern Illinois,Lindenwood,1,-35,13.98571428571428,8.142857142857125,4.428571428571427,-0.8571428571428559,-0.8571428571428577,-3.571428571428573,13.0,2.3000000000000007,-4.599999999999994
2025-12-06,Northern Illinois,Bradley,-1,-29,-1.240277777777763,10.849999999999994,-1.8888888888888893,3.5,1.4305555555555554,0.027777777777778567,-6.3999999999999995,-5.199999999999999,-0.3999999999999915
2025-12-13,Northern Illinois,Elon,-1,-6,-17.46666666666667,3.677777777777777,-4.777777777777775,4.0,-2.666666666666666,-2.444444444444443,-18.2,-1.5999999999999996,0.0
2025-12-20,Northern Illinois,Central Michigan,1,1,3.3727272727272606,-1.2909090909090963,5.727272727272727,1.9090909090909083,2.0,-0.9090909090909101,-5.8,-0.9999999999999996,1.0
2025-12-31,Northern Illinois,Buffalo,1,-14,-12.073076923076911,3.9051282051282072,2.0128205128205146,4.461538461538462,3.935897435897436,-0.5320512820512846,-12.0,-1.2999999999999998,1.1000000000000085
2026-01-03,Northern Illinois,Kent State,-1,-4,-8.68461538461537,7.615384615384613,-2.1538461538461533,-0.3076923076923084,1.76923076923077,-5.5384615384615365,-2.8,-2.9999999999999996,-4.700000000000003
2026-01-13,Northern Illinois,Eastern Michigan,-1,-18,2.034117647058821,6.560000000000002,8.572549019607845,3.1882352941176464,2.3803921568627437,-2.6980392156862756,2.5999999999999996,-2.8,0.20000000000000284
2026-01-17,Northern Illinois,Massachusetts,1,2,-4.797916666666666,10.051388888888894,4.75,1.270833333333334,0.9861111111111107,-3.0625,-10.0,-2.0999999999999996,-3.799999999999997
2026-01-24,Northern Illinois,Ball State,-1,-5,1.5400584795321635,3.23654970760235,3.8684210526315788,4.815789473684211,3.690058479532163,1.2748538011695913,-0.6000000000000005,0.20000000000000018,3.0
2026-01-31,Northern Illinois,Miami (OH),-1,-24,-21.84476190476191,6.939523809523791,-0.8690476190476204,3.6119047619047624,4.199999999999999,-5.233333333333331,-13.600000000000001,-3.3,-2.8999999999999915
2026-02-07,Northern Illinois,Georgia State,-1,1,2.3595238095238216,3.2285714285714135,-0.8809523809523796,3.4940476190476186,2.0654761904761916,-1.351190476190478,1.0,-0.2999999999999998,-0.20000000000000284
2026-02-11,Northern Illinois,Bowling Green,1,-16,-9.529166666666669,11.05113636363636,5.746212121212121,2.6136363636363633,1.7992424242424256,-1.878787878787879,3.2,-2.0999999999999996,-1.3999999999999915
2026-02-14,Northern Illinois,Central Michigan,-1,-42,-2.9512681159420424,-5.8358695652173935,6.436594202898551,2.0760869565217384,1.2246376811594217,0.6467391304347814,-7.8,-0.9999999999999996,1.0
2026-02-17,Northern Illinois,Buffalo,-1,2,-15.185666666666663,-0.9539999999999935,1.1283333333333339,3.3566666666666656,2.460000000000001,0.011666666666666714,-11.2,-1.2999999999999998,1.1000000000000085
2026-02-28,Northern Illinois,Ball State,1,-36,2.3001322751322846,3.6033068783068813,3.386243386243386,3.8875661375661377,2.2857142857142856,1.2301587301587276,-6.600000000000001,0.20000000000000018,3.0
2026-03-03,Northern Illinois,Kent State,1,-26,-12.320566502463052,3.385714285714286,-1.9137931034482776,0.09236453201970463,-1.318965517241379,-3.849753694581281,-18.400000000000002,-2.9999999999999996,-4.700000000000003
2026-03-06,Northern Illinois,Akron,-1,-39,-22.99643678160919,7.852758620689642,-3.482758620689655,3.191954022988506,-0.3448275862068968,-3.889655172413793,-31.4,-4.699999999999999,-2.0
2025-11-18,Northern Iowa,Northern Illinois,1,13,-7.824999999999989,-27.183333333333337,-0.08333333333333215,-5.5,-4.416666666666667,0.0,12.083333333333332,6.8,-5.5
2025-11-25,Northern Iowa,Loyola Chicago,0,21,3.8100000000000023,-30.489999999999995,-3.666666666666668,-2.0999999999999996,-3.2,5.0,25.4,1.8000000000000003,-2.5999999999999943
2025-12-17,Northern Iowa,Illinois–Chicago,-1,6,-1.9399999999999835,-20.629999999999995,2.8999999999999986,-4.5,-6.6,4.800000000000001,22.2,1.2000000000000002,-4.599999999999994
2026-01-01,Northern Iowa,Indiana State,1,9,2.5027472527472554,-11.964835164835165,-5.225274725274726,-4.082417582417582,-2.3296703296703294,-0.4120879120879124,4.4,3.1,-6.5
2026-01-04,Northern Iowa,Evansville,-1,14,9.355238095238107,-16.849523809523788,-1.6571428571428584,-4.0095238095238095,-2.966666666666667,2.0095238095238095,19.200000000000003,2.8000000000000003,-4.099999999999994
2026-01-07,Northern Iowa,Belmont,1,-13,-9.459166666666675,-8.476666666666674,-3.6708333333333343,-4.6083333333333325,-3.033333333333333,-2.679166666666667,-1.0,1.4000000000000001,-6.8999999999999915
2026-01-10,Northern Iowa,Bradley,-1,-6,-3.634558823529403,-9.97867647058824,-2.5808823529411775,-0.6544117647058822,-3.3235294117647065,0.9191176470588225,1.2,1.6,-5.8999999999999915
2026-01-13,Northern Iowa,Illinois–Chicago,1,-8,-1.8235294117646959,-12.14705882352942,3.6470588235294095,-3.5882352941176467,-5.9411764705882355,2.9411764705882355,-6.000000000000001,1.2000000000000002,-4.599999999999994
2026-01-21,Northern Iowa,Illinois State,-1,-5,-11.436842105263153,-5.299999999999997,-0.8947368421052637,-1.3684210526315788,-3.3157894736842115,-1.6842105263157876,-12.0,0.0,-3.799999999999997
2026-01-24,Northern Iowa,Murray State,1,5,-15.405000000000001,-12.980000000000004,-5.549999999999997,-2.950000000000001,-4.9,-1.4000000000000021,-15.600000000000001,0.8000000000000003,-8.599999999999994
2026-01-31,Northern Iowa,Evansville,1,16,5.410606060606042,-13.057575757575748,-0.7727272727272734,-4.238095238095237,-1.7012987012987013,1.1688311688311686,1.8000000000000007,2.8000000000000003,-4.099999999999994
2026-02-06,Northern Iowa,Bradley,1,12,-7.257971014492739,-10.332246376811582,-2.0217391304347814,0.25181159420289845,-3.2192028985507255,0.7300724637681135,0.8,1.6,-5.8999999999999915
2026-02-09,Northern Iowa,Murray State,-1,29,-13.636333333333326,-14.021,-5.391666666666669,-2.801666666666666,-4.848333333333334,-1.1816666666666684,4.6,0.8000000000000003,-8.599999999999994
2026-02-12,Northern Iowa,Belmont,-1,-5,-12.207999999999984,-8.1453846153846,-4.192307692307693,-3.8138461538461534,-2.4276923076923085,-1.713846153846152,4.2,1.4000000000000001,-6.8999999999999915
2026-02-15,Northern Iowa,Drake,1,24,-6.073361823361822,-13.771794871794867,-4.515669515669515,-0.5968660968660959,-2.451566951566952,-0.3233618233618216,17.8,2.3000000000000003,-4.599999999999994
2026-02-18,Northern Iowa,Indiana State,-1,21,0.9481481481481495,-10.333333333333329,-3.8518518518518547,-3.8888888888888893,-1.6296296296296298,-0.29629629629629406,15.399999999999999,3.1,-6.5
2026-02-25,Northern Iowa,Illinois State,1,-2,-4.479310344827596,-5.065517241379297,-2.068965517241381,-1.8965517241379306,-3.000000000000001,-2.2413793103448256,15.4,0.0,-3.799999999999997
2026-03-01,Northern Iowa,Drake,-1,22,-3.256666666666675,-13.429999999999993,-4.199999999999999,-0.6999999999999993,-2.366666666666667,-0.8000000000000007,16.6,2.3000000000000003,-4.599999999999994
2026-03-05,Northern Iowa,Evansville,0,9,8.835483870967721,-17.641935483870967,-1.6129032258064484,-3.419354838709678,-0.935483870967742,1.5806451612903203,32.2,2.8000000000000003,-4.099999999999994
2026-03-06,Northern Iowa,Illinois State,0,22,-4.801108870967752,-5.929435483870975,-2.173387096774192,-2.085685483870968,-2.831653225806452,-1.930443548387096,12.6,0.0,-3.799999999999997
2026-03-07,Northern Iowa,Bradley,0,4,-3.1247159090909093,-10.024337121212113,-2.2272727272727266,-0.24147727272727337,-2.9318181818181817,0.035037878787878896,6.800000000000001,1.6,-5.8999999999999915
2026-03-08,Northern Iowa,Illinois–Chicago,0,15,-2.374242424242425,-6.367557932263807,2.5793226381461665,-2.4206773618538318,-5.2023172905525845,0.5819964349376114,6.8,1.2000000000000002,-4.599999999999994
2025-11-20,Northern Kentucky,Central Michigan,-1,24,3.4499999999999886,-1.0249999999999915,4.25,4.25,0.75,-3.0,7.0,-0.3999999999999999,3.3999999999999915
2025-11-24,Northern Kentucky,Eastern Kentucky,1,11,5.659999999999982,-8.899999999999977,-5.399999999999999,1.0,-0.1999999999999993,-0.3999999999999986,12.2,0.5999999999999996,1.6999999999999886
2025-11-29,Northern Kentucky,Boston University,1,9,2.6000000000000085,-18.214285714285694,1.0,2.7142857142857135,3.571428571428571,1.7142857142857153,14.6,1.9000000000000004,6.3999999999999915
2025-12-03,Northern Kentucky,Cleveland State,1,15,10.647222222222226,-12.047222222222231,-0.5,-1.8194444444444446,1.916666666666666,-1.0972222222222214,17.2,1.0,-0.10000000000000853
2025-12-13,Northern Kentucky,Bellarmine,-1,4,0.15757575757575637,-15.294949494949492,7.464646464646467,2.737373737373737,5.979797979797981,3.09090909090909,6.999999999999999,1.2999999999999998,5.299999999999997
2025-12-21,Northern Kentucky,College of Charleston,1,-11,7.734615384615367,-5.592307692307713,3.3717948717948723,3.1923076923076916,0.9230769230769234,-2.833333333333332,10.0,-2.3,2.1999999999999886
2026-01-01,Northern Kentucky,IU Indy,1,9,5.640000000000001,-11.493333333333325,-7.399999999999999,0.20000000000000107,0.20000000000000107,2.4666666666666686,7.0,1.2999999999999998,-3.6000000000000085
2026-01-09,Northern Kentucky,Milwaukee,-1,18,3.689705882352939,-9.315073529411762,2.165441176470587,3.014705882352942,-1.9411764705882355,-0.4485294117647065,1.4,-1.2000000000000002,2.299999999999997
2026-01-11,Northern Kentucky,Green Bay,-1,-2,5.547712418300662,-8.514379084967317,7.114379084967322,2.4379084967320264,4.5,-0.6666666666666679,3.1999999999999997,-1.0,6.299999999999997
2026-01-15,Northern Kentucky,Detroit Mercy,1,25,8.114144736842093,-4.4664473684210435,6.875,0.11513157894736814,-1.7467105263157894,-1.61513157894737,1.2000000000000002,-0.7999999999999998,1.6999999999999886
2026-01-30,Northern Kentucky,Detroit Mercy,-1,-13,7.945000000000007,-6.186363636363637,5.800000000000001,0.540909090909091,-2.1500000000000004,-1.3136363636363626,11.4,-0.7999999999999998,1.6999999999999886
2026-02-04,Northern Kentucky,Green Bay,1,-3,1.3541666666666572,-9.875,6.958333333333332,2.166666666666668,4.041666666666666,0.375,6.6,-1.0,6.299999999999997
2026-02-07,Northern Kentucky,Milwaukee,1,5,5.3160000000000025,-7.707999999999998,4.120000000000001,1.5600000000000005,-1.120000000000001,-0.120000000000001,-1.0,-1.2000000000000002,2.299999999999997
2026-02-12,Northern Kentucky,IU Indy,-1,3,4.93461538461537,-9.226923076923072,-2.615384615384613,-0.07692307692307665,0.5,2.8846153846153832,-5.4,1.2999999999999998,-3.6000000000000085
2026-02-25,Northern Kentucky,Cleveland State,-1,11,1.0034482758620697,-14.113793103448288,-1.724137931034484,-0.4137931034482758,2.068965517241379,1.2068965517241388,16.4,1.0,-0.10000000000000853
2026-03-08,Northern Kentucky,Green Bay,0,20,-0.29374999999998863,-6.871874999999989,8.0,2.09375,3.65625,0.46875,-1.3999999999999995,-1.0,6.299999999999997
2025-11-14,Northwestern,DePaul,-1,2,26.333333333333314,-8.566666666666663,-5.0,-5.333333333333333,-0.6666666666666661,1.0,23.0,4.0,-2.1000000000000085
2025-12-13,Northwestern,Jackson State,1,40,34.04444444444445,-20.022222222222226,-7.666666666666668,-5.444444444444445,1.333333333333334,3.7777777777777786,19.8,18.2,-6.1000000000000085
2025-12-20,Northwestern,Butler,0,-3,2.11818181818181,-0.6090909090909093,-2.90909090909091,-2.0,-4.363636363636363,-1.7272727272727266,3.8,2.299999999999999,-5.900000000000006
2025-12-30,Northwestern,Howard,1,20,9.548809523809524,0.5476190476190368,1.1666666666666679,-3.4880952380952372,-1.8809523809523805,0.821428571428573,0.8000000000000007,18.2,-4.400000000000006
2026-01-03,Northwestern,Minnesota,1,-6,6.823076923076911,1.7615384615384642,-3.6153846153846168,-2.5384615384615383,-1.0769230769230766,-0.23076923076922995,1.4000000000000004,1.9000000000000004,1.8999999999999915
2026-01-08,Northwestern,Michigan State,-1,-10,2.3338095238095207,8.804285714285697,-1.7523809523809497,-3.571428571428571,-4.4714285714285715,-4.9714285714285715,-1.799999999999999,-3.5999999999999996,-1.6000000000000085
2026-01-14,Northwestern,Illinois,1,-11,-10.3125,5.006249999999994,-9.4375,-1.5625,-3.875,-4.875,-23.8,-4.5,-0.6000000000000085
2026-01-17,Northwestern,Nebraska,1,-19,-2.670588235294119,10.452941176470588,-10.823529411764707,-0.9411764705882355,-0.23529411764705976,-4.470588235294116,-17.2,-2.200000000000001,-1.2000000000000028
2026-02-04,Northwestern,Illinois,-1,-40,-12.895454545454541,4.74545454545455,-10.863636363636363,-0.8636363636363651,-3.9545454545454533,-4.363636363636363,-13.2,-4.5,-0.6000000000000085
2026-02-08,Northwestern,Iowa,-1,-6,-10.276877470355743,8.767786561264813,-1.5968379446640313,-1.496047430830039,0.5019762845849804,1.752964426877469,-17.2,-2.5,3.0
2026-02-11,Northwestern,Michigan,1,-12,-10.477536231884045,16.063586956521718,-6.385869565217391,-4.041666666666667,-2.291666666666667,-7.445652173913043,-27.0,-6.500000000000002,-6.1000000000000085
2026-02-14,Northwestern,Nebraska,-1,-19,-5.649500000000003,11.376500000000007,-10.670000000000002,-0.8716666666666661,0.05333333333333279,-4.420000000000002,-13.399999999999999,-2.200000000000001,-1.2000000000000028
2026-02-18,Northwestern,Maryland,1,4,5.333076923076916,-5.714307692307685,-6.395384615384618,-3.4492307692307698,-2.464615384615385,-0.6723076923076938,-8.399999999999999,1.4000000000000004,-1.5
2026-02-24,Northwestern,Indiana,-1,4,-6.2222222222222285,2.659259259259244,-9.11111111111111,-1.333333333333334,0.37037037037037024,-2.2592592592592595,-7.3999999999999995,-0.9000000000000004,-1.7000000000000028
2026-03-07,Northwestern,Minnesota,-1,-1,0.5966666666666498,1.8466666666666498,-5.666666666666668,-1.5,0.1999999999999993,-1.0666666666666664,-3.0,1.9000000000000004,1.8999999999999915
2026-03-11,Northwestern,Indiana,0,13,-5.319354838709671,2.0514112903225765,-9.083669354838708,-1.265120967741936,0.820564516129032,-2.289314516129032,7.8,-0.9000000000000004,-1.7000000000000028
2025-11-21,Northwestern State,Grand Canyon,-1,-13,-7.029999999999987,20.52000000000001,-4.75,-1.9499999999999993,-4.5,-7.899999999999999,-18.45,-8.3,-3.0
2025-12-05,Northwestern State,McNeese State,-1,-38,-20.442857142857136,25.239285714285714,-0.625,2.0892857142857135,-4.839285714285714,-4.464285714285715,-14.0,-4.2,-2.0
2025-12-13,Northwestern State,California,-1,-9,-13.763333333333321,22.973333333333343,-4.611111111111111,2.5666666666666664,-1.2666666666666666,-6.444444444444443,-26.4,-9.3,-4.900000000000006
2025-12-29,Northwestern State,Lamar,1,-15,2.5727272727272776,17.063636363636377,-1.4545454545454568,0.2727272727272716,-3.7272727272727275,-4.272727272727273,8.4,0.2999999999999998,-0.8000000000000114
2026-01-03,Northwestern State,New Orleans,1,6,3.1923076923076934,0.3076923076923208,-1.6923076923076898,-2.384615384615385,-2.0769230769230775,-4.23076923076923,15.0,-2.8,-5.300000000000011
2026-01-05,Northwestern State,Nicholls State,-1,-2,-1.2642857142857196,8.035714285714292,-6.857142857142858,-0.21428571428571352,-1.7142857142857153,-0.5714285714285694,-1.2000000000000002,-1.5,-2.8000000000000114
2026-01-17,Northwestern State,Incarnate Word,-1,-2,-7.017647058823528,8.152941176470591,-3.9411764705882355,1.9411764705882337,-3.3529411764705888,-2.647058823529413,1.0,0.2999999999999998,-0.10000000000000853
2026-01-19,Northwestern State,Houston Christian,-1,-2,2.194444444444443,1.2555555555555458,-1.3333333333333321,-0.44444444444444464,-1.4444444444444438,-1.7222222222222214,10.4,0.9999999999999996,0.5999999999999943
2026-01-31,Northwestern State,New Orleans,-1,-11,2.6761904761904844,1.0633333333333184,-1.2857142857142847,-2.802380952380952,-2.2619047619047628,-4.614285714285714,-2.8,-2.8,-5.300000000000011
2026-02-02,Northwestern State,Nicholls State,1,-3,1.6205627705627705,5.514718614718603,-7.9567099567099575,-0.5887445887445892,-1.9350649350649345,0.8225108225108215,6.2,-1.5,-2.8000000000000114
2026-02-04,Northwestern State,East Texas A&M,1,-6,5.365810276679838,7.102766798418969,-7.956521739130434,-1.7766798418972325,-0.804347826086957,-3.4268774703557305,0.5999999999999996,0.49999999999999956,-2.9000000000000057
2026-02-07,Northwestern State,East Texas A&M,-1,-4,4.751086956521746,7.211231884057966,-7.961956521739129,-1.833333333333334,-0.7771739130434785,-3.4891304347826093,-3.5999999999999996,0.49999999999999956,-2.9000000000000057
2026-02-09,Northwestern State,Lamar,-1,2,-2.1875,10.149999999999991,-2.333333333333332,-0.125,-3.708333333333334,-2.9166666666666643,-9.600000000000001,0.2999999999999998,-0.8000000000000114
2026-02-16,Northwestern State,McNeese State,1,-11,-14.00769230769231,12.934615384615384,-1.96153846153846,1.5,-3.73076923076923,-1.5,-13.2,-4.2,-2.0
2026-02-21,Northwestern State,Houston Christian,1,18,0.8629629629629676,0.029629629629624787,-1.1481481481481488,-0.8148148148148149,-1.2222222222222223,0.07407407407407263,1.5999999999999996,0.9999999999999996,0.5999999999999943
2026-02-23,Northwestern State,Incarnate Word,1,5,-6.9571428571428555,-1.5,-4.571428571428573,0.17857142857142883,-3.1428571428571432,-0.6071428571428577,10.0,0.2999999999999998,-0.10000000000000853
2026-03-08,Northwestern State,Nicholls State,0,-14,-1.49677419354839,0.9290322580645238,-8.193548387096776,-0.4516129032258078,-1.870967741935484,1.8064516129032242,-0.7999999999999998,-1.5,-2.8000000000000114
2025-11-19,Notre Dame,Bellarmine,1,7,9.474999999999994,-29.599999999999994,3.0,0.5,3.0,6.75,28.5,13.1,1.7000000000000028
2025-11-24,Notre Dame,Kansas,0,-10,8.659999999999997,5.859999999999999,-0.1999999999999993,1.200000000000001,2.799999999999999,-2.6000000000000014,2.4000000000000004,-6.500000000000001,-1.0
2025-11-26,Notre Dame,Houston,0,-10,3.200000000000017,12.200000000000003,-3.857142857142854,1.4285714285714288,-1.571428571428573,0.7142857142857153,-12.0,-6.8999999999999995,2.4000000000000057
2025-12-02,Notre Dame,Missouri,1,5,-15.187499999999986,7.2250000000000085,1.5,-2.875,-2.5,-2.5,-28.6,-2.8,-1.2999999999999972
2025-12-10,Notre Dame,Idaho,1,15,-3.7422222222222246,-1.0466666666666669,-6.166666666666668,-0.12222222222222179,-0.17777777777777892,-0.62222222222222,-12.0,10.2,-1.7999999999999972
2025-12-13,Notre Dame,Evansville,1,24,12.129090909090905,-1.6909090909090878,-0.054545454545454675,-1.581818181818182,0.027272727272727337,3.127272727272725,11.8,8.4,0.20000000000000284
2026-01-02,Notre Dame,California,-1,-1,-5.328571428571422,1.8714285714285808,-0.7857142857142847,1.7142857142857135,1.4285714285714288,1.7142857142857153,-6.199999999999999,2.0999999999999996,-2.5
2026-01-10,Notre Dame,Clemson,1,-15,-5.170416666666668,1.663333333333341,-0.8208333333333329,1.9958333333333336,-0.16249999999999964,1.0583333333333336,4.0,-2.7,2.5999999999999943
2026-01-13,Notre Dame,Miami (FL),1,-12,-12.0,4.825000000000003,2.875,0.0625,-2.0,0.0,-12.799999999999999,-2.000000000000001,-1.4000000000000057
2026-01-21,Notre Dame,North Carolina,-1,-22,-6.5277777777777715,4.177777777777777,-1.5,1.333333333333334,-0.5,-2.3333333333333357,-5.0,-3.3,-1.5999999999999943
2026-01-24,Notre Dame,Boston College,1,4,8.515789473684208,5.026315789473685,-1.473684210526315,1.05263157894737,0.3157894736842106,-0.7368421052631575,-5.8,3.8,0.29999999999999716
2026-02-04,Notre Dame,Louisville,-1,-11,-10.76645021645021,7.740476190476201,-9.995670995670995,-0.4696969696969706,-1.5887445887445892,-2.5454545454545467,-15.399999999999999,-5.000000000000001,-2.9000000000000057
2026-02-07,Notre Dame,Florida State,1,-3,-0.5521739130434753,-0.7499999999999858,-8.774703557312254,-0.9031620553359687,-1.9268774703557305,2.3458498023715393,-10.799999999999999,-1.1000000000000005,-3.799999999999997
2026-02-14,Notre Dame,Georgia Tech,1,15,5.951999999999998,2.912000000000006,5.640000000000001,-1.4399999999999995,0.5199999999999996,-1.4800000000000004,5.3999999999999995,4.0,-4.400000000000006
2026-02-24,Notre Dame,Duke,1,-44,-11.637037037037032,14.566666666666649,-0.22222222222222143,0.2592592592592595,-0.7777777777777768,-2.3703703703703702,-16.0,-7.3999999999999995,1.0999999999999943
2026-02-28,Notre Dame,NC State,1,6,-10.560714285714283,3.8107142857142975,-1.8571428571428577,1.6428571428571441,0.75,0.35714285714285765,-1.4000000000000004,-2.8999999999999995,-2.0999999999999943
2026-03-07,Notre Dame,Boston College,-1,-8,10.266666666666666,5.780000000000001,0.23333333333333428,0.8000000000000007,0.43333333333333357,-0.13333333333333286,5.2,3.8,0.29999999999999716
2025-11-21,Oakland,Eastern Michigan,-1,-6,7.0049999999999955,19.680000000000007,4.75,-1.9499999999999993,-4.800000000000001,-5.449999999999999,-8.05,1.1,2.5999999999999943
2025-11-24,Oakland,Lamar,0,15,3.0250000000000057,26.075000000000003,0.75,-1.75,-4.416666666666666,-4.833333333333332,-8.65,3.2,5.199999999999989
2025-11-25,Oakland,Montana,-1,8,0.17142857142857792,19.714285714285708,-3.2857142857142883,-4.571428571428571,0.5714285714285721,-9.42857142857143,10.8,2.3,0.5999999999999943
2025-12-13,Oakland,Northern Iowa,-1,-12,5.1455555555555605,29.016666666666666,-3.2555555555555564,0.7555555555555546,2.8666666666666663,-2.822222222222223,-10.4,-2.9000000000000004,7.8999999999999915
2025-12-17,Oakland,Northern Kentucky,-1,5,-2.98484848484847,13.74015151515151,-6.666666666666668,-3.007575757575758,-2.7348484848484844,0.16666666666666785,-8.8,3.3,0.0
2025-12-20,Oakland,Michigan State,0,-9,-1.8303030303030283,21.34469696969697,0.5681818181818166,-1.628787878787879,-4.121212121212121,-4.65909090909091,-9.0,-14.899999999999999,4.199999999999989
2026-01-09,Oakland,Cleveland State,1,23,4.8500000000000085,-0.4124999999999943,-7.625,-3.4375,-1.5,-0.0625,-2.8,4.3,-0.10000000000000853
2026-01-15,Oakland,Milwaukee,-1,13,2.9111111111111114,0.5277777777777715,-3.3333333333333357,0.0,-3.2777777777777786,-1.0,11.6,2.0999999999999996,2.299999999999997
2026-01-18,Oakland,Green Bay,-1,25,0.8842105263157833,-0.46842105263158373,0.15789473684210265,0.3157894736842106,2.6315789473684212,-0.8947368421052637,-0.6000000000000014,2.3,6.299999999999997
2026-01-21,Oakland,IU Indy,1,-18,6.50238095238096,-3.799285714285702,-11.652380952380952,-1.9499999999999993,-0.8619047619047624,3.1880952380952365,21.200000000000003,4.6,-3.6000000000000085
2026-01-24,Oakland,Detroit Mercy,-1,8,7.644110275689229,2.9318295739348343,0.11779448621553712,-1.578947368421053,-3.200501253132831,-2.0651629072681708,10.8,2.5,1.6999999999999886
2026-02-01,Oakland,Northern Kentucky,1,11,-0.44347826086956843,6.386956521739108,-6.521739130434781,-2.17391304347826,-1.304347826086957,0.0869565217391326,7.6000000000000005,3.3,0.0
2026-02-04,Oakland,Cleveland State,-1,-13,2.8673913043478194,-6.113224637681142,-7.492753623188406,-2.9057971014492754,0.3949275362318829,1.2844202898550705,6.6,4.3,-0.10000000000000853
2026-02-20,Oakland,Green Bay,1,-5,-0.04246031746031065,-1.2794973544973516,0.33465608465608554,0.2857142857142865,2.3161375661375656,0.2129629629629619,-8.600000000000001,2.3,6.299999999999997
2026-02-22,Oakland,Milwaukee,1,11,3.9671182266009737,-0.8448275862068897,-2.6366995073891637,0.0,-1.8596059113300498,-0.001231527093594309,-3.8,2.0999999999999996,2.299999999999997
2026-02-25,Oakland,IU Indy,-1,12,5.010344827586195,-2.324137931034471,-9.275862068965516,-1.724137931034484,-0.6206896551724146,2.482758620689655,-3.8,4.6,-3.6000000000000085
2026-02-28,Oakland,Detroit Mercy,1,-6,4.909999999999997,2.1142857142856997,0.8071428571428569,-1.5619047619047617,-2.0666666666666664,-1.7761904761904752,-3.4,2.5,1.6999999999999886
2026-03-04,Oakland,Northern Kentucky,1,-1,0.7064516129032228,7.400000000000006,-7.354838709677416,-1.741935483870968,-1.096774193548388,-0.25806451612903203,-7.0,3.3,0.0
2025-11-15,Ohio,Louisville,-1,-25,-28.833333333333343,28.30000000000001,-15.666666666666668,-0.33333333333333215,-5.666666666666666,-11.333333333333332,-44.333333333333336,-15.0,0.29999999999999716
2025-11-19,Ohio,Bethune-Cookman,1,-3,-8.224999999999994,5.675000000000011,-1.5,-0.5,-2.25,-4.0,-10.5,3.5,-0.8999999999999915
2025-11-24,Ohio,George Mason,0,-23,-9.920000000000002,33.540000000000006,2.8000000000000007,-3.200000000000001,-0.8000000000000007,-5.0,-30.200000000000003,-3.5,6.400000000000006
2025-11-25,Ohio,Loyola Marymount,0,-12,-14.885714285714272,27.60000000000001,-3.9761904761904745,0.23809523809523725,-0.3333333333333339,-4.761904761904759,-23.2,-2.0,2.200000000000003
2025-12-03,Ohio,Maine,1,22,9.55079365079365,14.431746031746044,3.380952380952383,-2.317460317460318,2.1269841269841265,1.8412698412698418,-12.000000000000002,5.1,6.0
2025-12-06,Ohio,Marshall,1,7,-6.8500000000000085,7.550000000000011,-7.125,-3.125,0.625,-3.5,-5.6,0.5999999999999996,0.0
2025-12-20,Ohio,Bowling Green,1,-10,-10.37272727272726,21.654545454545456,-0.6363636363636367,0.0,-0.2727272727272716,-2.3636363636363633,-17.0,0.2999999999999998,0.6000000000000085
2025-12-30,Ohio,Central Michigan,-1,16,3.8230769230769255,-6.769230769230774,1.6923076923076898,0.0,-0.8461538461538467,0.5384615384615365,30.2,1.4,3.0
2026-01-03,Ohio,Eastern Michigan,-1,1,5.285714285714292,1.5142857142857054,4.571428571428569,-0.14285714285714235,-0.9285714285714288,-1.6428571428571423,17.0,-0.40000000000000013,2.200000000000003
2026-01-06,Ohio,Massachusetts,1,3,-0.22666666666667368,6.953333333333333,1.1333333333333364,-2.0,-1.9333333333333318,-2.0666666666666664,8.200000000000001,0.2999999999999998,-1.7999999999999972
2026-01-10,Ohio,Buffalo,1,11,-13.071666666666673,-1.1887499999999989,-1.1958333333333329,1.4958333333333336,0.10416666666666607,1.2291666666666679,-3.4000000000000004,1.0999999999999996,3.1000000000000085
2026-01-16,Ohio,Ball State,-1,-5,8.423529411764719,1.7267973856209267,-0.0947712418300668,1.7777777777777786,1.3202614379084965,1.8235294117647065,1.0,2.5999999999999996,5.0
2026-01-20,Ohio,Northern Illinois,1,3,5.70866873065016,-1.293808049535599,-4.6191950464396285,-2.6222910216718276,-2.8668730650154792,0.5417956656346767,8.4,2.3999999999999995,2.0
2026-01-23,Ohio,Akron,1,-21,-17.48263157894735,3.9189473684210583,-7.321052631578947,1.5868421052631572,-1.6999999999999993,-3.3552631578947363,-14.200000000000001,-2.3000000000000003,0.0
2026-01-27,Ohio,Kent State,-1,-15,-8.041428571428568,0.6957142857142742,-6.242857142857144,-2.283333333333333,-2.364285714285714,-4.219047619047622,-6.0,-0.6000000000000001,-2.700000000000003
2026-01-31,Ohio,Buffalo,-1,12,-11.59329004329004,-2.3441558441558215,-2.4891774891774894,1.45021645021645,0.175324675324676,0.17965367965367918,-7.200000000000001,1.0999999999999996,3.1000000000000085
2026-02-13,Ohio,Miami (OH),-1,-16,-16.08733333333332,7.380666666666656,-4.359999999999999,0.4633333333333347,1.4366666666666665,-4.726666666666667,-12.0,-0.9000000000000001,-0.8999999999999915
2026-02-17,Ohio,Ball State,1,12,9.23784615384615,3.3683076923076953,0.4169230769230765,0.8476923076923075,1.0215384615384613,1.5046153846153842,10.0,2.5999999999999996,5.0
2026-02-21,Ohio,Northern Illinois,-1,8,7.547703703703704,-0.5891851851851868,-3.761481481481482,-3.296296296296296,-1.94962962962963,0.08148148148148238,20.200000000000003,2.3999999999999995,2.0
2026-03-03,Ohio,Massachusetts,-1,-12,-0.5131034482758565,2.7049425287356144,0.34252873563218245,-2.320689655172414,-1.650574712643678,-2.28505747126437,5.2,0.2999999999999998,-1.7999999999999972
2026-03-06,Ohio,Miami (OH),1,-2,-13.870000000000005,8.09333333333332,-4.0,0.20000000000000107,1.8666666666666663,-4.633333333333333,-11.4,-0.9000000000000001,-0.8999999999999915
2026-03-12,Ohio,Kent State,0,-11,-4.132258064516137,3.061290322580632,-5.032258064516128,-3.258064516129032,-2.516129032258066,-3.838709677419356,-5.4,-0.6000000000000001,-2.700000000000003
2025-11-16,Ohio State,Notre Dame,1,1,1.4333333333333371,6.433333333333337,-3.333333333333332,2.0,-4.666666666666666,1.3333333333333321,-3.3333333333333357,5.1000000000000005,-0.7999999999999972
2025-11-25,Ohio State,Mount St. Mary's,1,53,28.540000000000006,-14.0,-1.0333333333333314,-4.866666666666667,0.6999999999999993,2.0666666666666664,29.200000000000003,18.3,-0.5999999999999943
2025-12-06,Ohio State,Northwestern,-1,4,6.405357142857156,-9.151785714285722,8.535714285714285,2.3928571428571423,0.3214285714285712,5.0,25.200000000000003,2.3000000000000007,1.4000000000000057
2025-12-09,Ohio State,Illinois,1,-8,-2.5861111111111086,-2.381944444444443,-4.361111111111111,1.4444444444444446,-5.263888888888889,-0.5694444444444429,8.0,-2.1999999999999993,0.7999999999999972
2025-12-20,Ohio State,North Carolina,0,-1,4.993636363636355,7.640909090909091,-0.3000000000000007,0.418181818181818,-2.3,-2.6999999999999993,1.0,1.8000000000000007,-2.3999999999999915
2025-12-23,Ohio State,Grambling State,1,26,16.972727272727283,-3.036363636363646,6.181818181818183,-4.181818181818182,0.2727272727272725,6.09090909090909,-1.4,21.0,-2.200000000000003
2026-01-05,Ohio State,Nebraska,1,-3,4.310989010989019,8.06263736263736,-7.560439560439562,1.1758241758241752,-0.6373626373626369,-2.23076923076923,-12.8,0.09999999999999964,0.20000000000000284
2026-01-20,Ohio State,Minnesota,1,8,9.632026143790839,1.3545751633986924,-0.6666666666666679,-0.15032679738562038,-0.02941176470588225,1.8562091503267943,4.8,4.200000000000001,3.299999999999997
2026-01-23,Ohio State,Michigan,-1,-12,-2.6111111111111143,12.394444444444446,-3.7222222222222214,-1.666666666666666,-1.333333333333334,-5.166666666666664,-2.5999999999999996,-4.200000000000001,-4.700000000000003
2026-02-05,Ohio State,Maryland,-1,20,14.780952380952385,-8.195238095238096,-2.857142857142854,-1.6190476190476186,-1.761904761904761,1.7142857142857117,18.0,3.700000000000001,-0.09999999999999432
2026-02-08,Ohio State,Michigan,1,-21,-3.040909090909068,13.154545454545456,-3.1818181818181834,-2.2272727272727266,-1.5454545454545467,-5.77272727272727,-13.999999999999998,-4.200000000000001,-4.700000000000003
2026-02-22,Ohio State,Michigan State,-1,-6,1.0653846153846018,8.626923076923063,0.7307692307692335,-1.0384615384615383,-3.4230769230769234,-4.03846153846154,5.8,-1.299999999999999,-0.20000000000000284
2026-02-25,Ohio State,Iowa,-1,-17,-2.6148148148148067,3.651851851851845,0.7037037037037059,0.9259259259259256,0.0370370370370372,3.185185185185187,4.6,-0.1999999999999993,4.400000000000006
2026-03-07,Ohio State,Indiana,1,13,2.0366666666666617,1.403333333333336,-6.600000000000001,0.40000000000000036,0.8666666666666671,0.10000000000000142,14.0,1.4000000000000004,-0.29999999999999716
2026-03-12,Ohio State,Iowa,0,3,0.031653225806451246,4.068447580645156,0.04637096774193594,0.679435483870968,-0.13911290322580605,3.268145161290324,3.2,-0.1999999999999993,4.400000000000006
2026-03-13,Ohio State,Michigan,0,-4,-2.755846774193543,12.561995967741922,-3.045362903225808,-2.119959677419354,-2.17641129032258,-5.075604838709676,1.3999999999999995,-4.200000000000001,-4.700000000000003
2025-11-15,Oklahoma,Nebraska,0,-6,2.3666666666666742,19.26666666666668,-3.9999999999999964,1.666666666666666,0.6666666666666661,-5.666666666666668,-11.666666666666666,-1.5,2.799999999999997
2025-11-23,Oklahoma,Alcorn State,1,19,31.333333333333343,-17.393333333333317,7.733333333333331,-6.233333333333334,3.4333333333333327,5.266666666666669,34.0,18.700000000000003,0.09999999999999432
2025-11-28,Oklahoma,Marquette,0,1,10.478571428571442,4.345238095238102,2.095238095238095,-3.404761904761905,-0.45238095238095255,-2.238095238095241,6.0,2.4000000000000004,-1.6000000000000085
2025-12-06,Oklahoma,Arizona State,0,-16,7.762500000000003,-4.2250000000000085,6.25,-0.375,3.25,2.375,8.399999999999999,1.1000000000000014,-1.2999999999999972
2025-12-16,Oklahoma,Kansas City,1,22,24.35636363636364,-4.961818181818188,10.181818181818183,-5.227272727272727,1.5181818181818176,1.581818181818182,12.4,19.4,-2.0
2025-12-29,Oklahoma,Mississippi Valley State,1,24,34.60256410256409,-20.064743589743586,11.570512820512821,-7.673076923076923,2.6089743589743577,4.455128205128208,53.0,22.5,-0.4000000000000057
2026-01-07,Oklahoma,Mississippi State,-1,-19,14.035714285714292,-1.814285714285731,3.428571428571427,-2.428571428571429,0.2142857142857153,-3.3571428571428577,13.200000000000001,1.9000000000000004,-2.6000000000000085
2026-01-13,Oklahoma,Florida,1,-17,4.325000000000003,7.231249999999989,2.5625,-2.75,-4.25,-4.5625,-4.4,-4.1,-2.5
2026-01-17,Oklahoma,Alabama,1,-2,-1.3999999999999915,-1.435294117647075,-7.941176470588239,0.0,-0.117647058823529,-4.352941176470587,-9.4,-3.8999999999999986,-5.6000000000000085
2026-01-24,Oklahoma,Missouri,-1,-1,2.55263157894737,1.7631578947368354,6.684210526315788,-2.421052631578947,1.6315789473684212,0.36842105263157876,-10.4,0.7000000000000011,0.5
2026-01-27,Oklahoma,Arkansas,1,-4,-3.7549999999999955,1.5549999999999926,4.449999999999999,0.0,0.5999999999999996,0.25,-12.600000000000001,-2.6999999999999993,-4.1000000000000085
2026-02-04,Oklahoma,Kentucky,-1,-16,0.7227272727272691,5.895454545454541,3.9545454545454533,0.0,0.0,-1.2272727272727266,-5.0,-3.0,-0.20000000000000284
2026-02-14,Oklahoma,Georgia,1,16,-0.32083333333332575,8.529166666666654,-1.0833333333333321,-1.125,-1.8333333333333321,-2.291666666666668,2.8000000000000007,0.0,-5.400000000000006
2026-02-24,Oklahoma,Auburn,1,12,0.47407407407406765,0.30740740740739625,4.148148148148149,-0.18518518518518512,-1.4444444444444446,0.5925925925925917,0.7999999999999998,-1.5,-0.4000000000000057
2026-02-28,Oklahoma,Louisiana State,-1,16,1.9321428571428498,1.7250000000000085,6.821428571428569,-0.5714285714285712,-0.0357142857142847,-2.0,8.8,1.8000000000000007,-0.7000000000000028
2026-03-03,Oklahoma,Missouri,1,16,3.155172413793096,3.589655172413785,6.448275862068964,-1.931034482758621,0.4137931034482758,-0.6551724137931032,2.5999999999999996,0.7000000000000011,0.5
2026-03-13,Oklahoma,Arkansas,0,-3,-2.8455522971651988,2.3426197458455533,5.368523949169113,0.7673509286412514,0.5806451612903221,-0.5317693059628539,10.8,-2.6999999999999993,-4.1000000000000085
2026-04-01,Oklahoma,Colorado,0,4,6.583639705882362,-1.3073529411764753,5.408088235294116,-0.2224264705882355,1.4375,-0.141544117647058,16.8,3.1000000000000014,-1.4000000000000057
2026-04-04,Oklahoma,Baylor,0,13,2.391601731601739,1.836536796536791,3.1047619047619044,-1.3965367965367967,-0.9038961038961038,-0.4415584415584419,1.4000000000000004,0.10000000000000142,0.20000000000000284
2025-11-22,Oklahoma State,Nicholls State,1,14,26.154999999999987,-18.375,-1.6000000000000014,1.1999999999999993,1.4000000000000004,11.2,34.55,10.5,6.699999999999989
2025-11-27,Oklahoma State,Northwestern,0,5,-5.833333333333343,-6.583333333333343,6.166666666666668,6.166666666666668,2.000000000000001,7.0,3.8000000000000007,-2.1999999999999993,9.299999999999997
2025-12-06,Oklahoma State,Grand Canyon,0,6,9.337500000000006,-0.5374999999999943,3.0,0.625,-0.875,3.75,7.0,3.7,6.5
2025-12-13,Oklahoma State,Oklahoma,0,-9,-2.255555555555574,-7.444444444444457,-7.444444444444446,3.7777777777777786,-1.8888888888888893,4.777777777777779,-0.5999999999999996,-2.9000000000000004,5.299999999999997
2025-12-18,Oklahoma State,Kansas City,1,12,20.786666666666676,-12.043333333333337,3.0666666666666664,-2.25,-0.06666666666666643,5.0,11.600000000000001,16.5,3.299999999999997
2025-12-21,Oklahoma State,Cal State Fullerton,1,5,3.9174242424242323,-6.385606060606079,-4.325757575757578,2.1439393939393927,0.3409090909090917,1.1893939393939412,-9.2,10.1,-0.7000000000000028
2025-12-29,Oklahoma State,Bethune-Cookman,1,26,16.39999999999999,-16.625,4.333333333333332,1.4166666666666679,0.33333333333333215,6.416666666666668,32.8,14.100000000000001,3.0
2026-01-10,Oklahoma State,Iowa State,-1,-12,-9.846666666666664,13.020000000000024,0.0,2.4000000000000004,-1.4666666666666668,4.0,-16.6,-5.9,6.599999999999994
2026-01-13,Oklahoma State,Baylor,1,-15,-6.632499999999993,-0.30416666666667425,-1.1416666666666657,1.354166666666666,-4.5,2.0041666666666664,-12.200000000000001,-2.799999999999999,5.5
2026-01-17,Oklahoma State,Kansas State,1,1,0.7294117647058869,-1.1705882352941188,-5.411764705882355,0.0588235294117645,-1.235294117647058,3.1764705882352935,5.199999999999999,-0.5,1.1999999999999886
2026-01-24,Oklahoma State,Iowa State,1,-13,-9.110526315789457,11.936842105263153,-0.1578947368421062,2.2105263157894743,-1.578947368421053,2.684210526315791,-8.0,-5.9,6.599999999999994
2026-02-04,Oklahoma State,Brigham Young,1,7,-7.171428571428564,5.580952380952397,-3.380952380952383,1.761904761904761,-1.4285714285714288,-0.47619047619047805,-2.6,-4.6,4.0
2026-02-07,Oklahoma State,Arizona,-1,-37,-7.9090909090909065,13.036363636363632,5.545454545454547,0.6818181818181817,-2.8636363636363633,-3.5454545454545467,-16.0,-7.999999999999998,3.3999999999999915
2026-02-10,Oklahoma State,Arizona State,-1,-9,1.836231884057952,-3.8159420289855177,-0.3985507246376798,0.8297101449275353,1.0471014492753614,3.8731884057971016,-6.3999999999999995,-1.799999999999999,4.0
2026-02-18,Oklahoma State,Kansas,1,-12,-0.8800000000000097,8.687999999999988,1.5599999999999987,1.8800000000000008,0.6799999999999997,-2.84,-7.8,-5.9,6.099999999999994
2026-02-21,Oklahoma State,Colorado,-1,-14,-2.4423076923076934,-3.803846153846152,1.9230769230769234,2.4230769230769234,0.1538461538461533,2.384615384615387,-6.200000000000001,0.20000000000000107,3.8999999999999915
2026-02-28,Oklahoma State,Cincinnati,-1,-23,5.964285714285708,9.950000000000003,-3.5357142857142847,0.6428571428571441,-0.2857142857142847,0.2857142857142847,-17.6,-2.0,5.599999999999994
2026-03-07,Oklahoma State,Houston,1,-7,-7.016666666666666,14.25,-3.0666666666666664,4.133333333333334,-1.6666666666666679,3.0333333333333314,-13.0,-6.299999999999999,9.5
2026-03-10,Oklahoma State,Colorado,0,9,-2.0354838709677523,-2.4193548387096797,2.096774193548388,2.0,0.67741935483871,2.225806451612904,-3.4,0.20000000000000107,3.8999999999999915
2026-03-17,Oklahoma State,Davidson,1,4,1.6272727272727394,6.945454545454538,-2.09090909090909,1.7878787878787872,0.8484848484848495,2.90909090909091,-4.6000000000000005,6.7,10.299999999999997
2025-11-15,Old Dominion,George Washington,-1,-23,-13.833333333333343,2.8333333333333286,-0.6666666666666679,-3.666666666666666,-3.666666666666666,-2.666666666666668,-11.999999999999998,-6.0,1.0999999999999943
2025-11-21,Old Dominion,Morgan State,1,32,-5.679999999999993,-4.159999999999997,4.799999999999997,1.0,-1.200000000000001,5.0,-2.0,9.0,-0.9000000000000057
2025-11-23,Old Dominion,Drexel,-1,-4,4.6499999999999915,0.5333333333333314,-2.0,0.0,-4.833333333333334,0.16666666666666785,10.8,0.5999999999999996,5.599999999999994
2025-12-13,Old Dominion,George Mason,-1,-12,-12.689999999999998,13.090000000000003,4.899999999999999,-1.1000000000000014,-0.5999999999999996,-1.0,-12.6,-4.0,6.299999999999997
2025-12-17,Old Dominion,James Madison,1,9,-7.081818181818164,-0.2454545454545496,-3.81818181818182,1.3636363636363633,-1.0,0.9090909090909101,-12.200000000000001,0.5,3.1999999999999886
2025-12-20,Old Dominion,Coastal Carolina,1,-2,4.933333333333337,9.166666666666671,-3.5833333333333357,1.25,-1.416666666666667,-6.333333333333332,-0.7999999999999998,1.0,1.3999999999999915
2025-12-28,Old Dominion,Maryland,-1,-15,-1.5987179487179333,-2.7121794871794975,-2.0,-2.7371794871794872,-3.2243589743589736,1.7371794871794854,5.0,-11.899999999999999,3.799999999999997
2025-12-31,Old Dominion,Appalachian State,1,-8,-5.849999999999994,7.799999999999997,-2.7857142857142847,1.7857142857142865,-2.3571428571428568,-0.28571428571428825,-29.8,1.0,6.199999999999989
2026-01-03,Old Dominion,Georgia Southern,1,-7,-8.180000000000007,4.133749999999992,-6.641666666666666,0.4208333333333325,-1.9458333333333337,1.1791666666666671,-20.799999999999997,1.5999999999999996,-1.4000000000000057
2026-01-08,Old Dominion,Coastal Carolina,-1,4,2.8375000000000057,7.693749999999994,-3.0625,1.125,-1.6875,-5.25,1.2000000000000002,1.0,1.3999999999999915
2026-01-10,Old Dominion,James Madison,-1,-1,-6.350367647058832,-3.9419117647058783,-3.305147058823529,0.08455882352941124,-1.1433823529411757,0.492647058823529,2.4000000000000004,0.5,3.1999999999999886
2026-01-15,Old Dominion,Georgia Southern,-1,-3,-7.794444444444451,2.37222222222222,-6.888888888888889,0.11111111111111072,-1.6666666666666679,0.8333333333333321,-9.2,1.5999999999999996,-1.4000000000000057
2026-01-17,Old Dominion,Appalachian State,-1,2,-5.784210526315789,6.431578947368422,-2.0526315789473664,1.5789473684210513,-2.2105263157894726,-0.9473684210526301,-5.6,1.0,6.199999999999989
2026-01-28,Old Dominion,Arkansas State,-1,4,-8.876190476190473,0.6476190476190737,-4.4761904761904745,-3.3809523809523814,-3.761904761904761,-1.095238095238095,1.5999999999999999,-0.20000000000000018,-2.3000000000000114
2026-02-04,Old Dominion,Louisiana–Monroe,1,-6,5.204347826086945,-5.513043478260883,-1.1739130434782616,-1.8695652173913047,0.7391304347826084,2.304347826086957,15.600000000000001,0.0,0.0
2026-02-07,Old Dominion,Ohio,1,6,-5.67916666666666,0.27916666666666856,0.7083333333333321,-0.5,-0.625,2.4166666666666643,-4.3999999999999995,-0.5,-0.10000000000000853
2026-02-11,Old Dominion,Marshall,1,-2,-8.85016666666668,2.555333333333337,-4.701666666666668,-1.4316666666666666,-2.658333333333334,-0.3683333333333323,-13.399999999999999,0.09999999999999964,-0.10000000000000853
2026-02-14,Old Dominion,Georgia State,1,23,2.6923076923076934,2.738461538461536,-4.30769230769231,-0.07692307692307665,-0.9999999999999991,1.03846153846154,2.2,1.5999999999999996,1.6999999999999886
2026-02-16,Old Dominion,Louisiana,1,11,6.269800569800566,-0.7121082621082735,-1.018518518518519,-0.01139601139601254,0.1623931623931627,4.5356125356125325,-3.8,1.3999999999999995,6.5
2026-02-24,Old Dominion,Marshall,-1,-9,-8.093103448275855,-0.406896551724131,-5.620689655172413,-0.724137931034484,-2.2413793103448283,-0.2068965517241388,8.8,0.09999999999999964,-0.10000000000000853
2026-02-27,Old Dominion,Georgia State,-1,8,4.939999999999998,1.7733333333333263,-4.100000000000001,0.36666666666666714,-1.2333333333333334,1.0,12.2,1.5999999999999996,1.6999999999999886
2026-03-03,Old Dominion,Louisiana–Monroe,0,7,5.903225806451601,-8.17096774193547,-2.387096774193548,-1.32258064516129,0.06451612903225801,2.516129032258064,19.6,0.0,0.0
2026-03-04,Old Dominion,Georgia Southern,0,-4,-2.5583669354838747,-0.08749999999999147,-7.857862903225808,0.24596774193548399,-1.34274193548387,2.141129032258064,2.8,1.5999999999999996,-1.4000000000000057
2025-11-14,Ole Miss,Cal State Bakersfield,1,22,23.700000000000017,1.7666666666666515,6.0,-3.666666666666668,-5.333333333333333,2.0,15.333333333333334,16.0,-3.299999999999997
2025-11-18,Ole Miss,Austin Peay,1,7,13.349999999999994,13.424999999999997,-7.5,-5.0,-0.5,0.75,-3.5,15.3,0.0
2025-11-25,Ole Miss,Iowa,0,-5,-18.86,-1.6400000000000006,1.1999999999999993,-0.5999999999999996,1.4000000000000004,3.400000000000002,-10.400000000000002,-2.1999999999999993,7.200000000000003
2025-12-02,Ole Miss,Miami (FL),1,-9,-2.6232142857142833,10.091071428571425,1.5357142857142847,-1.7142857142857135,-1.5,-2.7678571428571423,-8.600000000000001,1.0999999999999996,0.5999999999999943
2025-12-17,Ole Miss,Alabama A&M,0,14,14.099999999999994,-2.8999999999999915,0.8000000000000007,-1.700000000000001,0.29999999999999893,-1.6000000000000014,-3.6,20.700000000000003,2.4000000000000057
2025-12-21,Ole Miss,NC State,0,-14,-13.103787878787898,-1.5310606060606204,-8.34090909090909,0.3939393939393927,-1.045454545454545,-2.6969696969696955,-14.8,0.20000000000000107,-0.09999999999999432
2025-12-29,Ole Miss,Alcorn State,1,36,19.429545454545448,-24.931060606060612,0.75,-6.825757575757576,-0.030303030303029388,5.045454545454547,29.6,18.3,0.29999999999999716
2026-01-03,Ole Miss,Oklahoma,-1,-16,-14.099999999999994,-4.507692307692295,-8.076923076923077,1.2307692307692317,-2.1538461538461533,-0.07692307692307665,-11.399999999999999,-0.40000000000000036,0.20000000000000284
2026-01-07,Ole Miss,Arkansas,1,-7,-12.771428571428558,-2.0785714285714363,-2.2857142857142847,0.4285714285714288,-1.2142857142857135,-0.6428571428571423,-8.399999999999999,-3.0999999999999996,-3.9000000000000057
2026-01-10,Ole Miss,Missouri,1,7,-7.400000000000006,-0.6866666666666816,0.9333333333333336,-2.0,-1.0666666666666664,-0.3999999999999986,3.8,0.3000000000000007,0.7000000000000028
2026-01-14,Ole Miss,Georgia,-1,2,-12.03125,6.924999999999997,-7.0,-1.0,-3.625,-4.8125,-6.3999999999999995,-0.40000000000000036,-5.200000000000003
2026-01-17,Ole Miss,Mississippi State,-1,1,1.970588235294116,-2.764705882352942,-2.9411764705882355,-1.2941176470588243,-2.1764705882352953,-3.882352941176471,0.20000000000000018,1.5,-2.4000000000000057
2026-01-20,Ole Miss,Auburn,1,-12,-7.88333333333334,-5.766666666666666,-2.166666666666668,-1.4444444444444446,-3.277777777777777,0.6111111111111107,-4.6,-1.9000000000000004,-0.20000000000000284
2026-01-24,Ole Miss,Kentucky,-1,-9,-8.915789473684214,2.1315789473684106,-1.8947368421052602,-0.36842105263157876,-1.578947368421053,-1.6315789473684212,-7.2,-3.4000000000000004,0.0
2026-02-11,Ole Miss,Alabama,1,-19,-11.37826086956521,-3.017391304347811,-13.347826086956527,-0.5652173913043477,-1.5652173913043477,-5.043478260869563,-11.4,-4.299999999999999,-5.400000000000006
2026-02-14,Ole Miss,Mississippi State,1,-12,2.1125000000000114,-1.0916666666666686,-2.375,-2.166666666666666,-1.6666666666666679,-3.958333333333332,-1.5999999999999996,1.5,-2.4000000000000057
2026-02-21,Ole Miss,Florida,1,-19,-10.138461538461542,9.923076923076934,-2.653846153846157,-2.4230769230769234,-6.384615384615385,-6.076923076923077,-29.6,-4.5,-2.299999999999997
2026-02-25,Ole Miss,Louisiana State,1,-7,-8.45925925925927,-1.7111111111111228,1.8888888888888893,-1.2222222222222214,-1.8518518518518512,-2.0740740740740726,-0.6000000000000014,1.4000000000000004,-0.5
2026-02-28,Ole Miss,Auburn,-1,6,-9.300000000000011,-3.410714285714292,-1.178571428571427,-1.1071428571428559,-3.178571428571429,0.25,-4.4,-1.9000000000000004,-0.20000000000000284
2026-03-12,Ole Miss,Georgia,0,4,-12.268548387096772,2.0263104838709722,-7.140120967741936,-1.320564516129032,-2.84475806451613,-2.0,-7.0,-0.40000000000000036,-5.200000000000003
2026-03-13,Ole Miss,Alabama,0,1,-12.692766373411544,-1.5597262952101687,-14.245356793743888,-0.5200391006842615,-2.1085043988269803,-4.434995112414466,-4.4,-4.299999999999999,-5.400000000000006
2026-03-14,Ole Miss,Arkansas,0,-3,-13.92536764705882,-0.4281249999999943,-0.170955882352942,0.24816176470588225,-1.2904411764705888,-0.2224264705882355,0.19999999999999996,-3.0999999999999996,-3.9000000000000057
2025-11-21,Omaha,Louisiana State,-1,-26,-22.609999999999985,20.10499999999999,2.8999999999999986,-0.40000000000000036,-6.55,-9.850000000000001,-30.9,-14.5,-1.4000000000000057
2025-11-25,Omaha,James Madison,0,-11,-2.1357142857143003,8.754761904761907,-2.071428571428573,0.35714285714285765,-3.5238095238095246,-3.2857142857142847,-7.8,-1.7999999999999998,1.1999999999999886
2025-11-26,Omaha,Florida International,-1,-13,2.802857142857121,16.560000000000016,-1.2571428571428562,-1.3714285714285719,-8.485714285714284,-5.142857142857142,-12.0,-3.0,-4.0
2025-12-03,Omaha,Northern Colorado,1,-5,-11.709722222222226,19.45694444444446,-4.5,0.4583333333333339,-1.375,-6.541666666666668,-16.0,-1.7000000000000002,-2.3000000000000114
2025-12-20,Omaha,Lamar,-1,3,8.211538461538467,12.347692307692313,2.6538461538461533,-0.31538461538461426,-2.9923076923076923,-0.36923076923077147,12.2,-1.1,2.6999999999999886
2026-01-03,Omaha,Kansas City,1,-7,12.115416666666661,-1.2595833333333246,4.758333333333333,-2.991666666666667,-1.9833333333333325,0.49166666666666714,5.6,3.0999999999999996,-2.700000000000003
2026-01-08,Omaha,North Dakota,1,11,3.878104575163391,5.624183006535958,0.5686274509803901,0.117647058823529,-2.686274509803922,1.1601307189542496,-4.0,0.5,-0.5
2026-01-10,Omaha,North Dakota State,1,-2,-3.9888888888889085,12.788888888888891,-0.8333333333333321,-0.16666666666666785,-4.0,0.44444444444444287,-13.8,-1.4,-0.10000000000000853
2026-01-24,Omaha,Kansas City,-1,17,9.67619047619047,-5.498809523809513,3.197619047619046,-2.2547619047619047,-2.3047619047619055,1.1214285714285737,14.4,3.0999999999999996,-2.700000000000003
2026-01-31,Omaha,Denver,-1,2,-9.113043478260863,-10.939130434782612,1.173913043478258,1.2173913043478262,-2.000000000000001,1.1304347826086953,6.8,-0.7000000000000002,-0.30000000000001137
2026-02-05,Omaha,North Dakota,-1,-3,0.49766666666666026,0.3785000000000025,-0.36166666666666814,1.1216666666666661,-2.503333333333333,2.4083333333333314,1.0,0.5,-0.5
2026-02-07,Omaha,North Dakota State,-1,-8,-5.676000000000002,7.724000000000018,-1.2800000000000011,0.3199999999999985,-2.920000000000001,1.1600000000000001,-2.5999999999999996,-1.4,-0.10000000000000853
2026-02-15,Omaha,Denver,1,7,-8.307407407407425,-7.24444444444444,1.037037037037038,1.3333333333333321,-1.4814814814814818,0.5555555555555571,-9.2,-0.7000000000000002,-0.30000000000001137
2026-03-07,Omaha,North Dakota State,0,-24,-5.637499999999989,8.887500000000003,-1.8125,0.0625,-2.78125,0.90625,-13.6,-1.4,-0.10000000000000853
2025-11-20,Oral Roberts,Oklahoma,-1,-24,-22.485000000000014,-11.345000000000013,1.4500000000000028,2.9499999999999993,0.5,1.1999999999999993,-9.05,-16.5,0.10000000000000853
2025-11-24,Oral Roberts,Florida Gulf Coast,-1,-5,-15.759999999999991,-5.236666666666679,2.9666666666666686,6.433333333333334,-5.0,-1.6000000000000014,-3.8,-0.2999999999999998,-0.5999999999999943
2025-11-25,Oral Roberts,Kennesaw State,0,8,-16.288571428571416,21.01142857142858,0.34285714285714164,3.085714285714287,-3.4571428571428573,-9.971428571428572,-33.2,-3.9000000000000004,-3.299999999999997
2025-12-06,Oral Roberts,Montana State,1,4,-13.654444444444437,10.236666666666665,1.6444444444444422,5.1,1.666666666666667,-0.5222222222222221,-22.0,-3.4000000000000004,2.3000000000000114
2025-12-16,Oral Roberts,Missouri State,-1,-1,-2.186111111111103,1.2555555555555458,4.861111111111111,4.083333333333334,-0.08333333333333215,-1.6388888888888893,8.0,-3.0,1.9000000000000057
2026-01-01,Oral Roberts,North Dakota,-1,-11,-0.587916666666672,2.2041666666666657,1.970833333333335,3.591666666666667,-0.8791666666666664,-0.7749999999999986,-7.4,0.2999999999999998,0.30000000000001137
2026-01-03,Oral Roberts,North Dakota State,-1,-2,-10.9375,9.537499999999994,0.8125,3.0625,-1.8125,-2.0,-9.799999999999999,-1.6,0.7000000000000028
2026-01-14,Oral Roberts,Denver,-1,-11,-16.471345029239757,-12.288304093567248,4.423976608187136,3.833333333333334,-0.38304093567251485,-0.7514619883040936,-8.2,-0.9000000000000004,0.5
2026-01-17,Oral Roberts,Omaha,1,-11,-7.142105263157902,-2.200000000000017,2.3684210526315788,2.3157894736842106,1.578947368421053,-2.1052631578947363,-2.2,-0.20000000000000018,0.8000000000000114
2026-01-22,Oral Roberts,North Dakota,1,-17,-5.0536363636363575,1.1049999999999898,2.2136363636363647,2.9818181818181824,-1.6136363636363633,-0.11818181818181728,-9.0,0.2999999999999998,0.30000000000001137
2026-01-24,Oral Roberts,North Dakota State,1,-28,-12.104112554112561,9.721645021645031,0.6580086580086579,2.6601731601731604,-1.9632034632034632,-1.4199134199134207,-19.4,-1.6,0.7000000000000028
2026-02-12,Oral Roberts,Kansas City,1,9,3.8034999999999997,-2.26100000000001,5.511666666666667,-0.29499999999999993,-0.20833333333333393,-0.18166666666666842,0.3999999999999986,2.8999999999999995,-1.8999999999999915
2026-02-18,Oral Roberts,Omaha,-1,-9,-9.941137566137556,1.4026455026454983,2.74338624338624,2.25,1.6084656084656075,-1.62301587301587,-11.8,-0.20000000000000018,0.8000000000000114
2026-02-26,Oral Roberts,Denver,1,22,-18.495057471264374,-6.300689655172405,3.251724137931035,3.6977011494252885,-0.3045977011494241,-0.8126436781609208,-16.4,-0.9000000000000004,0.5
2026-02-28,Oral Roberts,Kansas City,-1,24,6.826321839080464,-3.862758620689661,4.2632183908045995,0.0045977011494251485,-0.06551724137930925,0.6586206896551694,24.6,2.8999999999999995,-1.8999999999999915
2026-03-04,Oral Roberts,Kansas City,0,22,7.630860215053758,-4.771935483870976,3.92688172043011,-0.09032258064516263,-0.025806451612904624,1.092473118279571,30.6,2.8999999999999995,-1.8999999999999915
2026-03-05,Oral Roberts,North Dakota State,0,-11,-12.27479838709678,8.754939516129028,0.47681451612903203,2.233870967741936,-1.221774193548388,-0.3679435483870961,-1.5999999999999996,-1.6,0.7000000000000028
2025-11-24,Oregon,Auburn,0,-11,-20.775000000000006,0.5499999999999972,1.3999999999999986,3.3499999999999996,-0.9499999999999993,0.25,-16.05,-3.5,-3.4000000000000057
2025-11-27,Oregon,Creighton,0,-10,-2.416666666666657,1.4333333333333371,-1.6666666666666643,1.8333333333333321,0.6666666666666661,-0.3333333333333357,0.0,0.0,-1.9000000000000057
2025-12-21,Oregon,Gonzaga,0,-9,-12.314393939393938,16.95681818181818,5.681818181818183,2.3181818181818183,0.8712121212121211,-5.3030303030303045,-8.600000000000001,-0.3999999999999986,-3.700000000000003
2025-12-28,Oregon,Omaha,1,23,-0.3619047619047677,-1.8285714285714363,1.4523809523809526,1.083333333333334,3.6904761904761916,-0.7380952380952408,-3.4000000000000004,14.3,-2.299999999999997
2026-01-02,Oregon,Maryland,-1,10,5.730769230769241,-2.846153846153854,1.6153846153846168,-0.9230769230769234,1.615384615384615,0.07692307692307665,14.8,0.10000000000000142,-0.5
2026-01-08,Oregon,Ohio State,1,-10,-8.234285714285704,3.3580952380952453,3.1761904761904773,2.2476190476190467,4.152380952380953,-1.2523809523809497,3.1999999999999993,-3.5999999999999996,-0.4000000000000057
2026-01-13,Oregon,Nebraska,-1,-35,-6.025000000000006,10.318750000000009,-4.0625,3.0,3.3125,-3.5,-10.8,-3.5,-0.20000000000000284
2026-01-17,Oregon,Michigan,1,-10,-13.74779411764706,17.349264705882348,-0.595588235294116,0.6029411764705888,1.5919117647058822,-7.3713235294117645,-19.0,-7.800000000000001,-5.1000000000000085
2026-01-20,Oregon,Michigan State,1,-16,-6.62222222222222,14.372222222222234,4.666666666666668,0.5555555555555571,-0.44444444444444464,-4.722222222222225,-24.6,-4.899999999999999,-0.6000000000000085
2026-02-01,Oregon,Iowa,1,-18,-13.871428571428552,11.868571428571414,3.673809523809524,1.8571428571428577,3.0142857142857133,1.9976190476190467,-20.599999999999998,-3.799999999999999,4.0
2026-02-09,Oregon,Indiana,-1,-18,-10.776268115942045,7.3726449275362285,-4.2300724637681135,2.19927536231884,3.025362318840579,-1.5108695652173907,-18.6,-2.1999999999999993,-0.7000000000000028
2026-02-17,Oregon,Minnesota,1,-17,-1.63600000000001,5.592000000000013,0.4800000000000004,1.4800000000000004,2.76,-0.3200000000000003,-5.0,0.6000000000000014,2.8999999999999915
2026-02-28,Oregon,Northwestern,-1,-1,-3.7857142857142776,2.0071428571428527,4.857142857142858,3.2857142857142865,2.5357142857142856,1.1785714285714306,4.0,-1.299999999999999,1.0
2026-03-03,Oregon,Illinois,-1,-26,-20.055172413793116,6.648275862068957,-7.206896551724139,2.724137931034482,-2.241379310344829,-3.8965517241379324,-6.199999999999999,-5.799999999999999,0.3999999999999915
2026-03-10,Oregon,Maryland,0,-10,2.3774193548387217,-3.6322580645161224,-2.258064516129032,-0.25806451612903203,-0.3225806451612918,-0.32258064516128826,9.200000000000001,0.10000000000000142,-0.5
2025-11-17,Oregon State,Oregon,-1,-12,8.566666666666663,13.966666666666669,-3.333333333333332,-0.33333333333333215,-4.333333333333333,-3.6666666666666643,-3.9999999999999996,-7.800000000000001,0.29999999999999716
2025-11-21,Oregon State,Evansville,0,-4,1.4200000000000017,9.875,0.14999999999999858,1.75,-2.4499999999999993,-1.0500000000000007,-6.65,2.1,-0.7000000000000028
2025-11-22,Oregon State,Iona,0,-7,-3.180000000000021,5.819999999999993,-0.5999999999999979,-0.5999999999999996,1.0000000000000009,-4.199999999999999,-7.0,6.7,-3.0
2025-11-24,Oregon State,Massachusetts,0,-8,-0.5166666666666657,9.01666666666668,1.1666666666666679,-1.833333333333334,-0.33333333333333215,-0.8333333333333321,-10.4,4.0,-5.900000000000006
2025-11-29,Oregon State,California Baptist,1,-6,-5.30714285714285,18.423809523809524,5.5,1.0,-6.2142857142857135,-4.4761904761904745,-19.6,2.2,-1.4000000000000057
2025-12-13,Oregon State,Montana State,1,10,-7.990000000000009,4.640000000000001,-3.1000000000000014,2.0,-0.1999999999999993,1.9000000000000021,-6.4,3.3,-0.5
2025-12-21,Oregon State,Arizona State,-1,3,-5.741666666666674,0.7916666666666714,2.5,1.5833333333333321,-0.75,0.5833333333333357,1.8000000000000003,-8.7,-4.0
2026-01-14,Oregon State,Loyola Marymount,1,6,-2.215789473684211,9.489473684210509,-0.526315789473685,0.8947368421052637,-1.2631578947368425,-1.6315789473684212,5.4,1.7,-1.9000000000000057
2026-01-28,Oregon State,Loyola Marymount,-1,3,-0.681818181818187,10.600000000000009,-0.9545454545454568,-0.31818181818181834,-1.1818181818181825,-2.1363636363636367,4.8,1.7,-1.9000000000000057
2026-02-07,Oregon State,Gonzaga,1,-20,-15.542833333333334,17.57049999999998,3.6016666666666666,1.3583333333333343,-4.498333333333334,-3.6449999999999996,-16.0,-8.2,-3.4000000000000057
2026-03-09,Oregon State,Gonzaga,0,-9,-13.930443548387103,17.756552419354833,3.76108870967742,1.859879032258064,-3.682459677419354,-3.075604838709676,-15.6,-8.2,-3.4000000000000057
2025-11-15,Pacific,Cal State Fullerton,-1,12,5.63333333333334,-6.300000000000011,-2.0,-3.0,-1.6666666666666679,-7.333333333333332,4.333333333333333,2.6,-9.399999999999991
2025-11-20,Pacific,Florida Atlantic,-1,-23,-3.325000000000003,-8.225000000000009,-2.25,2.0,-5.75,2.0,2.5,-0.29999999999999993,-4.8999999999999915
2025-11-25,Pacific,Jacksonville,0,15,4.38333333333334,-2.4666666666666686,-7.0,-0.5,-5.000000000000001,3.5,-6.3999999999999995,6.1000000000000005,0.9000000000000057
2025-12-03,Pacific,Air Force,-1,15,10.912499999999994,-13.481944444444451,1.8472222222222214,-0.25,0.45833333333333304,4.791666666666668,10.399999999999999,1.6,-0.7999999999999972
2025-12-06,Pacific,California,-1,-6,-4.011111111111106,-0.30277777777777715,-3.7361111111111107,1.2361111111111107,0.47222222222222143,1.6944444444444429,0.6000000000000014,-4.8,-4.099999999999994
2025-12-16,Pacific,Brigham Young,-1,-36,-6.424545454545452,1.1763636363636465,-2.6363636363636367,2.6363636363636367,-0.12727272727272698,-0.22727272727272663,-0.6000000000000014,-12.1,-4.699999999999989
2025-12-21,Pacific,Nicholls State,1,13,6.574999999999989,-8.704999999999984,-5.033333333333331,1.0166666666666657,-0.3333333333333339,5.183333333333334,-3.8000000000000007,3.0,-2.0
2025-12-30,Pacific,Loyola Marymount,-1,-9,-0.9214285714285779,3.2857142857142776,-5.071428571428573,1.7857142857142865,0.0,1.3571428571428577,-2.4,1.1,-2.5999999999999943
2026-01-02,Pacific,Oregon State,1,31,3.0733333333333377,-8.039999999999992,-4.800000000000001,0.8000000000000007,2.666666666666667,2.8666666666666636,7.4,-0.6,-0.6999999999999886
2026-01-17,Pacific,Oregon State,-1,17,5.849999999999994,-7.299999999999997,-3.3000000000000007,1.200000000000001,3.000000000000001,3.099999999999998,11.600000000000001,-0.6,-0.6999999999999886
2026-02-11,Pacific,Loyola Marymount,1,6,5.3576923076922895,-1.2961538461538424,-3.884615384615387,0.6538461538461551,1.5384615384615383,1.8846153846153832,10.6,1.1,-2.5999999999999943
2026-02-21,Pacific,Gonzaga,-1,-9,-10.183374384236458,9.845197044334967,0.8903940886699537,2.599753694581281,-1.5197044334975374,-0.6847290640394093,-15.200000000000001,-8.799999999999999,-4.099999999999994
2025-11-15,Penn State,La Salle,0,14,18.866666666666646,-7.566666666666677,5.000000000000002,-4.666666666666667,-1.0,0.33333333333333215,15.666666666666664,4.8999999999999995,0.20000000000000284
2025-11-19,Penn State,Harvard,1,4,17.609999999999985,2.5249999999999915,1.8999999999999986,-4.35,1.5999999999999996,-3.3000000000000007,9.15,8.299999999999999,2.5
2025-11-25,Penn State,Boston University,1,9,11.216666666666683,-13.75,-2.8333333333333357,-2.833333333333333,1.4999999999999991,1.0,17.200000000000003,12.5,2.0
2025-12-02,Penn State,Campbell,1,11,21.010714285714286,-5.887500000000003,-0.2857142857142847,-6.053571428571429,-1.4642857142857135,-2.25,6.799999999999999,7.5,-2.799999999999997
2025-12-09,Penn State,Indiana,-1,-41,3.8222222222222086,10.466666666666669,-9.333333333333336,-1.0,0.7777777777777786,-3.1111111111111107,-4.0,-4.9,-0.29999999999999716
2025-12-13,Penn State,Michigan State,1,-4,7.00222222222223,17.39666666666666,-1.2111111111111121,-1.8666666666666654,-4.255555555555555,-5.199999999999999,-18.4,-7.6,-0.20000000000000284
2025-12-29,Penn State,North Carolina Central,1,23,15.736904761904768,0.6738095238095241,0.36904761904761685,-2.928571428571429,-0.9880952380952372,-0.41666666666666785,-2.6000000000000005,17.5,0.20000000000000284
2026-01-03,Penn State,Illinois,1,-8,-11.138461538461542,9.638461538461527,-8.615384615384617,-0.6153846153846168,-4.384615384615385,-6.615384615384617,-28.2,-8.5,0.7999999999999972
2026-01-06,Penn State,Michigan,1,-2,-9.908241758241758,22.636263736263714,-5.4010989010989015,-3.23076923076923,-2.021978021978022,-11.840659340659343,-46.599999999999994,-10.500000000000002,-4.700000000000003
2026-01-18,Penn State,Maryland,-1,-23,11.735294117647058,1.711764705882345,-3.235294117647058,-3.5294117647058822,-2.235294117647058,-2.2941176470588225,7.2,-2.5999999999999996,-0.09999999999999432
2026-01-26,Penn State,Ohio State,-1,-6,-4.484210526315806,10.34210526315789,-0.05263157894736992,-1.578947368421053,-0.4210526315789469,-4.105263157894736,-16.4,-6.300000000000001,0.0
2026-01-29,Penn State,Northwestern,-1,-21,0.6150000000000091,8.575000000000003,3.4499999999999993,1.0500000000000007,-0.1999999999999993,-1.6999999999999993,-8.4,-4.0,1.4000000000000057
2026-02-01,Penn State,Minnesota,1,2,5.0,12.042857142857144,-1.2857142857142847,-1.0,-0.33333333333333304,-2.80952380952381,-8.8,-2.0999999999999996,3.299999999999997
2026-02-05,Penn State,Michigan,-1,-41,-6.7915584415584505,23.758658008658003,-3.467532467532468,-3.108225108225108,-2.1731601731601735,-9.170995670995673,-25.2,-10.500000000000002,-4.700000000000003
2026-02-14,Penn State,Oregon,-1,-11,5.693666666666672,4.505166666666653,-3.088333333333331,-2.0600000000000005,-2.9383333333333344,-2.0599999999999987,2.3999999999999986,-2.700000000000001,0.4000000000000057
2026-02-21,Penn State,Nebraska,-1,-23,-3.5121082621082707,20.37621082621081,-8.38034188034188,0.43732193732193814,-0.1695156695156692,-6.085470085470085,-15.600000000000001,-6.200000000000001,0.20000000000000284
2026-02-28,Penn State,Iowa,1,2,-8.717857142857142,14.575000000000003,0.0,0.8571428571428577,-0.17857142857142883,-0.28571428571428825,-5.3999999999999995,-6.5,4.400000000000006
2026-03-04,Penn State,Ohio State,1,-32,-5.355172413793099,9.627586206896538,-0.8275862068965552,0.1034482758620694,-0.5172413793103452,-3.137931034482758,-8.0,-6.300000000000001,0.0
2026-03-10,Penn State,Northwestern,0,-10,0.12258064516129252,8.938709677419354,1.9677419354838719,1.6129032258064502,-0.48387096774193505,-0.6451612903225801,-16.4,-4.0,1.4000000000000057
2025-11-21,Pennsylvania,Drexel,-1,16,10.730000000000018,7.214999999999989,-4.350000000000001,0.9499999999999993,-3.1500000000000004,0.3500000000000014,2.65,3.1999999999999997,4.0
2025-11-28,Pennsylvania,Merrimack,1,12,17.443333333333342,-10.279999999999987,-5.466666666666669,0.6333333333333346,3.166666666666667,9.100000000000001,21.799999999999997,3.1,5.0
2025-11-29,Pennsylvania,La Salle,1,2,12.992857142857147,2.509523809523813,4.642857142857142,-0.5,1.3095238095238084,2.19047619047619,7.6000000000000005,-1.8,2.5
2025-11-30,Pennsylvania,Hofstra,1,-17,6.471428571428561,5.771428571428572,-5.857142857142858,0.2857142857142865,0.5714285714285712,2.0,-9.2,-0.2,3.0999999999999943
2025-12-08,Pennsylvania,Lafayette,1,2,9.417777777777772,0.841111111111104,-1.1666666666666679,0.27777777777777857,3.1333333333333346,1.18888888888889,-1.7999999999999998,6.5,2.5999999999999943
2025-12-28,Pennsylvania,George Mason,-1,-4,-9.499242424242425,10.349999999999994,1.4393939393939412,0.3939393939393927,2.3560606060606073,-0.6287878787878789,-16.6,-1.4000000000000001,4.700000000000003
2025-12-31,Pennsylvania,NJIT,1,19,17.4595238095238,-1.5523809523809433,-6.892857142857142,-2.083333333333334,2.928571428571429,-0.7738095238095255,-1.200000000000001,7.4,1.4000000000000057
2026-01-10,Pennsylvania,Brown,1,8,5.30714285714285,13.87142857142858,-2.6428571428571423,-0.2857142857142865,0.8571428571428577,-1.5,-24.0,3.9999999999999996,1.2000000000000028
2026-01-17,Pennsylvania,Dartmouth,-1,10,-1.786666666666676,3.260000000000005,-7.799999999999997,-1.3999999999999986,2.4000000000000004,-3.133333333333333,-3.8,3.1,-0.09999999999999432
2026-01-19,Pennsylvania,Harvard,-1,-1,1.3312500000000114,3.137867647058826,0.21691176470588402,0.757352941176471,3.7610294117647056,1.345588235294116,4.800000000000001,1.5999999999999999,4.799999999999997
2026-01-30,Pennsylvania,Columbia,-1,-5,-4.7184210526315695,5.399122807017548,-1.7456140350877192,-1.8508771929824555,0.0292397660818704,-3.859649122807017,6.199999999999999,2.6,1.2000000000000028
2026-01-31,Pennsylvania,Cornell,-1,10,-14.068421052631578,-7.084210526315786,-13.368421052631582,-1.473684210526315,1.1052631578947363,-1.1052631578947363,-2.4,0.6,-2.5999999999999943
2026-02-13,Pennsylvania,Columbia,1,9,-3.2136363636363683,3.2469696969696997,-1.8398268398268378,-2.0649350649350655,-0.034632034632036124,-3.0238095238095255,4.6,2.6,1.2000000000000028
2026-02-14,Pennsylvania,Cornell,1,6,-14.12272727272726,-6.872727272727275,-12.59090909090909,-1.1363636363636367,1.0,-0.7272727272727266,-13.4,0.6,-2.5999999999999943
2026-02-27,Pennsylvania,Dartmouth,1,9,0.25,-0.32083333333332575,-7.541666666666668,-1.458333333333334,2.458333333333334,-2.4583333333333357,8.600000000000001,3.1,-0.09999999999999432
2026-02-28,Pennsylvania,Harvard,1,3,-0.25200000000000955,3.212307692307675,-0.8999999999999986,0.356923076923076,3.0784615384615375,1.2615384615384606,-3.0,1.5999999999999999,4.799999999999997
2026-03-06,Pennsylvania,Brown,-1,21,5.238461538461536,3.9692307692307622,-1.4615384615384635,-1.4615384615384617,0.9615384615384617,0.0384615384615401,7.6,3.9999999999999996,1.2000000000000028
2026-03-14,Pennsylvania,Harvard,0,2,-0.3945767195767189,1.9998677248677268,-1.0119047619047592,0.15740740740740655,3.144179894179893,0.7791005291005284,1.5999999999999996,1.5999999999999999,4.799999999999997
2026-03-19,Pennsylvania,Illinois,0,-35,-17.134806034482764,1.0110991379310406,-10.540948275862068,1.8168103448275854,-2.106681034482758,-2.6346982758620676,5.0,-15.2,3.0999999999999943
2025-11-18,Pepperdine,New Orleans,1,11,15.38333333333334,3.191666666666677,1.4166666666666679,-1.5,6.916666666666666,-5.0,9.75,-1.0999999999999999,-0.6000000000000085
2025-11-26,Pepperdine,Fresno State,0,-23,4.050000000000011,8.845238095238102,1.571428571428573,-2.404761904761905,4.690476190476192,-2.166666666666668,0.0,-3.8,1.0
2025-11-29,Pepperdine,Cal State Fullerton,-1,-14,1.2857142857142918,-4.05714285714285,-3.1428571428571423,1.2857142857142847,4.0,-3.7142857142857153,13.8,-0.19999999999999996,-5.5
2025-12-02,Pepperdine,Abilene Christian,1,-8,3.6750000000000114,15.0625,4.0,-1.875,-0.375,-0.375,-4.2,1.4,0.5999999999999943
2025-12-13,Pepperdine,Cal State Bakersfield,-1,8,7.449090909090913,-0.31727272727275135,7.145454545454548,-3.1454545454545446,-0.04545454545454497,0.2727272727272734,4.999999999999998,3.1999999999999997,-3.0
2025-12-18,Pepperdine,Long Beach State,-1,-3,2.827272727272714,-3.5454545454545467,0.3636363636363633,-0.3636363636363633,0.7272727272727266,2.7272727272727266,-2.1999999999999993,0.8000000000000003,-1.7000000000000028
2025-12-28,Pepperdine,Gonzaga,1,-40,-16.63846153846154,15.66923076923078,2.615384615384613,1.76923076923077,-1.76923076923077,-4.923076923076923,-24.6,-11.6,-0.20000000000000284
2026-01-04,Pepperdine,Pacific,-1,-5,-9.75,9.712500000000006,2.0625,-0.3125,-0.0625,-3.8125,-10.8,-2.8,3.8999999999999915
2026-01-21,Pepperdine,Gonzaga,-1,-24,-21.305000000000007,19.11,2.8500000000000014,1.5999999999999996,-2.3500000000000014,-6.25,-31.4,-11.6,-0.20000000000000284
2026-02-07,Pepperdine,Pacific,1,-33,-9.801666666666677,9.170666666666662,2.219999999999999,-0.1899999999999995,-0.5999999999999996,-4.125,-12.8,-2.8,3.8999999999999915
2026-02-14,Pepperdine,Loyola Marymount,1,1,-6.201709401709408,9.492735042735049,-1.7222222222222214,0.5982905982905979,0.9558404558404563,-2.6766381766381784,-14.400000000000002,-1.7,1.2999999999999972
2026-02-21,Pepperdine,Oregon State,-1,-10,-3.2571428571428527,2.971428571428575,-0.6785714285714306,0.7857142857142865,2.071428571428571,-1.3571428571428577,-12.600000000000001,-3.4,3.200000000000003
2025-11-17,Pittsburgh,Bucknell,1,34,-0.950000000000017,-7.549999999999997,-2.25,0.75,1.25,3.0,5.0,13.3,-2.5
2025-11-28,Pittsburgh,Ohio State,1,1,-19.25,7.507142857142867,-3.095238095238095,1.5714285714285712,3.333333333333333,-4.428571428571427,-25.8,-5.0,-2.1000000000000085
2025-12-07,Pittsburgh,Hofstra,1,-7,-1.0555555555555571,3.62222222222222,-0.5555555555555536,-0.3333333333333339,1.4444444444444446,-1.4444444444444464,-5.2,7.800000000000001,-1.3000000000000114
2025-12-17,Pittsburgh,Binghamton,1,40,9.327272727272728,-2.8909090909090907,5.636363636363637,-2.0909090909090917,3.2727272727272725,0.0,0.5999999999999996,18.8,-1.6000000000000085
2025-12-21,Pittsburgh,Penn State,0,34,-8.197727272727263,-2.4378787878788017,3.9318181818181834,2.6060606060606073,2.1439393939393927,1.0378787878787854,0.40000000000000013,1.3000000000000007,-2.1000000000000085
2025-12-30,Pittsburgh,Miami (FL),-1,-7,-10.469230769230762,10.384615384615387,3.1538461538461533,-0.3076923076923084,-0.9230769230769234,-3.53846153846154,-14.400000000000002,-1.9000000000000004,-4.300000000000011
2026-01-03,Pittsburgh,Clemson,1,-5,-5.028571428571425,7.2714285714285865,-0.6428571428571423,2.071428571428571,0.2857142857142847,-3.2142857142857153,5.0,-2.5999999999999996,-0.30000000000001137
2026-01-14,Pittsburgh,Georgia Tech,-1,23,6.564705882352939,7.065808823529423,5.2683823529411775,-1.8970588235294112,1.125,-5.4411764705882355,8.2,4.1000000000000005,-7.300000000000011
2026-01-17,Pittsburgh,Louisville,1,-41,-8.252941176470586,8.305882352941182,-10.47058823529412,-0.647058823529413,-1.6470588235294112,-5.9411764705882355,5.0,-4.9,-5.800000000000011
2026-01-21,Pittsburgh,Boston College,-1,-3,10.605555555555554,8.294444444444451,-1.6666666666666679,0.2777777777777768,0.11111111111111072,-3.833333333333332,1.6000000000000014,3.9000000000000004,-2.6000000000000085
2026-01-24,Pittsburgh,NC State,1,-9,-10.442105263157899,6.042105263157893,-4.0,0.8947368421052637,1.2105263157894726,-2.578947368421055,-14.8,-2.799999999999999,-5.0
2026-01-31,Pittsburgh,Clemson,-1,-11,-5.604761904761901,10.638095238095246,0.04761904761904745,1.3809523809523814,2.0,-3.1428571428571423,-17.0,-2.5999999999999996,-0.30000000000001137
2026-02-10,Pittsburgh,Duke,1,-16,-13.752173913043478,15.823731884057963,-0.9855072463768089,0.05072463768116009,0.1413043478260878,-5.061594202898551,-27.2,-7.299999999999999,-1.8000000000000114
2026-02-14,Pittsburgh,North Carolina,-1,-14,-9.570499999999996,8.516000000000005,-0.16666666666666785,1.3433333333333337,1.1449999999999996,-5.423333333333332,-17.4,-3.1999999999999993,-4.5
2026-02-21,Pittsburgh,Notre Dame,1,5,-3.288461538461533,2.119230769230768,0.26923076923077005,-0.11538461538461497,0.9230769230769234,-3.0,-11.8,0.10000000000000053,-2.9000000000000057
2026-02-28,Pittsburgh,California,-1,16,-4.285714285714292,7.3142857142857025,-0.10714285714285765,1.1428571428571441,3.071428571428572,-2.678571428571427,-8.8,2.2,-5.400000000000006
2026-03-04,Pittsburgh,Florida State,1,-1,-3.4586206896551914,2.234482758620672,-7.172413793103448,0.034482758620688614,-0.3103448275862082,-1.0689655172413772,-10.4,-1.0,-6.700000000000003
2026-03-11,Pittsburgh,NC State,0,-10,-11.61260080645161,1.1265120967742064,-2.530241935483872,1.559475806451612,1.503024193548388,-1.8487903225806441,10.2,-2.799999999999999,-5.0
2025-11-21,Portland,Cal State Fullerton,1,18,-3.125,-5.949999999999989,-7.75,4.25,-1.0,-0.75,2.25,1.1,-5.299999999999997
2025-11-22,Portland,Northern Colorado,1,-6,-14.015000000000015,7.510000000000005,-10.7,0.25,-3.3499999999999996,-0.5,-12.8,2.6999999999999997,-0.9000000000000057
2025-11-26,Portland,Long Beach State,1,20,7.9095238095238045,-0.4714285714285751,-0.7142857142857153,2.4523809523809526,0.5714285714285712,5.0,-6.6000000000000005,2.1,-1.5
2025-12-14,Portland,Kent State,1,10,-13.27000000000001,5.570000000000007,-11.0,1.3000000000000007,-2.0,-0.5999999999999979,-31.0,1.0,-3.4000000000000057
2025-12-17,Portland,Oregon,-1,-25,0.1445454545454652,-0.7927272727272907,-6.318181818181817,2.0272727272727273,-4.527272727272727,3.90909090909091,3.2,-9.9,3.700000000000003
2026-01-08,Portland,Pacific,1,1,-6.07058823529411,10.294117647058812,-0.29411764705882604,1.0,-0.8235294117647065,-2.117647058823529,-16.799999999999997,-1.5,4.099999999999994
2026-01-10,Portland,Oregon State,1,6,1.2888888888888914,1.2222222222222143,-4.444444444444443,2.0,1.7777777777777786,0.8888888888888893,5.0,-2.1,3.4000000000000057
2026-01-14,Portland,Pepperdine,-1,-4,6.326315789473682,0.11578947368420245,-2.05263157894737,1.4736842105263168,-0.4210526315789487,2.315789473684209,13.0,1.2999999999999998,0.20000000000000284
2026-01-17,Portland,Loyola Marymount,-1,13,-0.6549999999999869,9.38000000000001,-3.6999999999999993,2.299999999999999,0.6999999999999993,-0.6999999999999993,9.8,-0.39999999999999997,1.5
2026-01-28,Portland,Pacific,-1,-23,-5.213636363636368,7.509090909090901,-0.1363636363636367,0.6363636363636367,-1.136363636363635,-1.9090909090909065,0.19999999999999996,-1.5,4.099999999999994
2026-02-04,Portland,Gonzaga,1,7,-15.457971014492756,19.843840579710147,1.2282608695652186,2.871376811594203,-2.6847826086956523,-3.860507246376809,-25.2,-10.299999999999999,0.0
2026-02-18,Portland,Pepperdine,1,-8,3.5148148148148266,-2.970370370370375,-1.962962962962962,0.9629629629629637,-0.37037037037037024,1.9629629629629655,1.5999999999999996,1.2999999999999998,0.20000000000000284
2026-02-25,Portland,Gonzaga,-1,-41,-16.672413793103445,17.14827586206897,1.0689655172413808,3.793103448275863,-3.0344827586206904,-2.8965517241379324,-22.6,-10.299999999999999,0.0
2026-03-05,Portland,Pepperdine,0,9,1.280645161290309,-2.1612903225806406,-2.322580645161292,1.1612903225806441,-1.0,1.483870967741936,-12.399999999999999,1.2999999999999998,0.20000000000000284
2025-11-17,Portland State,Cal State Bakersfield,1,13,18.350000000000023,3.941666666666663,12.25,2.583333333333334,0.0,-0.6666666666666679,12.083333333333334,1.9999999999999996,-3.200000000000003
2025-12-06,Portland State,Omaha,1,-5,3.584285714285727,-16.532857142857154,-3.3000000000000007,2.2857142857142865,5.042857142857143,4.114285714285714,15.2,1.9,1.0
2025-12-17,Portland State,Colorado,-1,-11,-10.211111111111094,-11.690000000000012,5.322222222222223,3.877777777777778,1.6333333333333346,1.0222222222222221,5.800000000000001,-11.299999999999999,-1.1000000000000085
2026-01-03,Portland State,Idaho State,-1,6,-5.174999999999997,-8.663095238095238,-2.119047619047617,1.6785714285714288,0.7142857142857135,4.464285714285715,0.40000000000000036,0.7999999999999998,3.299999999999997
2026-01-15,Portland State,Northern Colorado,1,3,-4.877310924369738,-7.738655462184866,-5.22689075630252,1.109243697478993,2.159663865546218,0.27731092436975047,7.0,0.19999999999999973,-1.3000000000000114
2026-01-17,Portland State,Northern Arizona,1,11,6.586666666666659,-10.00222222222223,2.488888888888887,1.3666666666666671,2.2888888888888896,3.7666666666666693,18.2,1.9,4.8999999999999915
2026-01-22,Portland State,Eastern Washington,-1,4,3.7062500000000114,-17.87569444444445,0.9791666666666679,-0.05555555555555536,1.104166666666666,5.229166666666668,10.200000000000001,-2.1,0.5
2026-01-24,Portland State,Idaho,-1,3,-3.100928792569647,-6.413622291021682,-7.715170278637771,1.7863777089783284,1.2879256965944261,0.8730650154798738,8.799999999999999,-0.7000000000000002,0.29999999999999716
2026-01-29,Portland State,Montana,1,-4,-1.63333333333334,-3.7603174603174665,-1.920634920634921,-1.0555555555555554,3.984126984126984,-1.1111111111111107,1.4000000000000004,-0.10000000000000009,-0.9000000000000057
2026-01-31,Portland State,Montana State,1,9,-6.6755980861243955,-6.464354066985649,-6.598086124401917,2.6626794258373216,1.1913875598086126,2.53827751196172,-1.8000000000000003,-1.3,2.5
2026-02-02,Portland State,Idaho State,1,23,-4.662272727272708,-14.092727272727288,-3.1954545454545453,1.918181818181818,-0.11818181818181905,3.8454545454545475,11.2,0.7999999999999998,3.299999999999997
2026-02-12,Portland State,Northern Arizona,-1,9,2.135272727272735,-16.312909090909102,0.6654545454545477,1.8509090909090915,2.572727272727273,4.150909090909089,10.4,1.9,4.8999999999999915
2026-02-14,Portland State,Northern Colorado,-1,-12,-5.833612040133772,-9.341137123745838,-7.225752508361204,0.8612040133779253,1.3628762541806019,-0.8862876254180634,-2.200000000000001,0.19999999999999973,-1.3000000000000114
2026-02-19,Portland State,Idaho,1,10,-2.507051282051279,-5.852564102564102,-8.804487179487179,1.4967948717948723,1.022435897435896,0.1314102564102555,1.2000000000000002,-0.7000000000000002,0.29999999999999716
2026-02-21,Portland State,Eastern Washington,1,-12,-1.7794074074073905,-16.18074074074073,-0.7377777777777794,-0.19703703703703646,0.16000000000000014,4.019259259259261,-3.3999999999999995,-2.1,0.5
2026-02-26,Portland State,Montana State,-1,-15,-4.95961538461539,-6.411813186813205,-6.285714285714285,2.1208791208791204,0.969780219780219,2.6126373626373613,-0.6000000000000001,-1.3,2.5
2026-02-28,Portland State,Montana,-1,-6,-1.5328224776500718,-4.689782886334612,-2.9016602809706242,-1.6334610472541513,3.490421455938697,-1.3192848020434234,0.40000000000000036,-0.10000000000000009,-0.9000000000000057
2026-03-08,Portland State,Idaho State,0,7,-3.5003232758620726,-14.9415948275862,-2.767241379310345,1.1928879310344822,-0.993534482758621,3.7920258620689644,0.4,0.7999999999999998,3.299999999999997
2026-03-10,Portland State,Montana,0,-3,-0.6897916666666646,-5.322291666666658,-2.4187499999999993,-1.8458333333333332,3.4333333333333336,-1.3500000000000014,5.199999999999999,-0.10000000000000009,-0.9000000000000057
2025-11-17,Prairie View A&M,Missouri,-1,-18,-23.69999999999999,-0.17499999999999716,-0.5,0.25,-1.75,-2.25,-17.25,-19.5,3.6000000000000085
2025-11-23,Prairie View A&M,North Florida,0,3,-5.963333333333338,-16.879999999999995,-13.600000000000001,-0.3000000000000007,-0.16666666666666696,3.7333333333333307,-2.5999999999999996,-2.9000000000000004,0.5
2025-11-30,Prairie View A&M,North Texas,-1,-3,-2.5428571428571445,7.828571428571422,-0.14285714285714235,2.0,-0.42857142857142705,-1.2857142857142883,-16.2,-9.4,4.800000000000011
2025-12-22,Prairie View A&M,Louisiana State,-1,-14,-15.236363636363635,-0.18181818181817277,-1.90909090909091,1.454545454545455,-0.8181818181818183,-5.454545454545453,8.6,-18.4,2.4000000000000057
2026-01-03,Prairie View A&M,Grambling State,-1,-4,5.5307692307692236,0.5923076923076991,0.23076923076922995,-1.615384615384615,0.3076923076923084,2.0,4.8,-0.8000000000000007,3.5
2026-01-10,Prairie View A&M,Mississippi Valley State,1,1,19.512083333333337,-17.81541666666668,1.1750000000000007,-3.9625000000000004,0.4583333333333339,3.366666666666667,27.8,2.299999999999999,2.700000000000003
2026-01-12,Prairie View A&M,Arkansas–Pine Bluff,1,12,3.0375000000000085,-11.03125,-5.1875,-1.6875,-1.1875,-1.125,-37.6,-0.8000000000000007,1.4000000000000057
2026-01-17,Prairie View A&M,Jackson State,-1,-4,17.208088235294113,-19.1639705882353,-7.345588235294116,-2.0,1.6029411764705888,2.5514705882352935,7.999999999999999,-1.3000000000000007,1.0
2026-01-19,Prairie View A&M,Alcorn State,-1,-1,14.834722222222226,-18.055555555555557,-1.9097222222222214,-2.9305555555555554,0.0625,3.9861111111111107,12.4,-1.5,3.200000000000003
2026-01-24,Prairie View A&M,Alabama State,1,-15,5.029239766081886,-7.988888888888894,-3.8771929824561404,-1.3801169590643259,-2.7368421052631575,0.5497076023391791,0.5999999999999999,-1.6000000000000005,1.5
2026-01-27,Prairie View A&M,Alabama A&M,1,-20,4.533157894736846,-0.6047368421052397,-0.9789473684210499,0.41842105263157947,-0.01052631578947505,-2.063157894736843,-4.6,0.9000000000000004,5.300000000000011
2026-02-07,Prairie View A&M,Bethune-Cookman,-1,-6,3.48181818181817,-2.25,0.7272727272727266,-1.0,-0.5,-1.1363636363636367,-23.4,-3.2,0.8000000000000114
2026-02-09,Prairie View A&M,Florida A&M,-1,-4,9.424844720496893,-0.8480331262939842,-2.8530020703933765,-3.1884057971014492,0.1014492753623184,1.6542443064182208,-3.4,-0.40000000000000036,2.1000000000000085
2026-02-16,Prairie View A&M,Grambling State,1,5,4.424000000000007,4.492666666666665,-2.0799999999999983,-1.9900000000000002,-0.3800000000000008,0.33999999999999986,-9.6,-0.8000000000000007,3.5
2026-02-19,Prairie View A&M,Mississippi Valley State,-1,10,15.607692307692318,-14.130769230769218,1.53846153846154,-3.0384615384615383,0.4615384615384608,2.5,14.6,2.299999999999999,2.700000000000003
2026-02-21,Prairie View A&M,Arkansas–Pine Bluff,-1,-2,1.5111111111111057,-7.385185185185179,-4.185185185185187,-1.7777777777777786,-0.48148148148148096,0.07407407407407618,4.2,-0.8000000000000007,1.4000000000000057
2026-02-26,Prairie View A&M,Jackson State,1,9,10.096428571428575,-11.68148148148147,-6.794973544973544,-1.6230158730158735,-0.08597883597883538,0.5648148148148131,0.4,-1.3000000000000007,1.0
2026-02-28,Prairie View A&M,Alcorn State,1,21,8.54074074074073,-11.57509578544061,-1.2681992337164765,-1.1328224776500644,0.4648786717752227,3.3090676883780326,0.3999999999999999,-1.5,3.200000000000003
2026-03-10,Prairie View A&M,Alcorn State,0,9,9.616129032258058,-11.216129032258067,-0.5161290322580641,-1.193548387096774,0.6451612903225801,3.258064516129032,19.0,-1.5,3.200000000000003
2026-03-11,Prairie View A&M,Bethune-Cookman,0,4,1.7775201612903118,-3.0286290322580527,1.460685483870968,-1.53125,-0.4072580645161299,-1.116935483870968,4.8,-3.2,0.8000000000000114
2026-03-13,Prairie View A&M,Alabama A&M,0,19,-0.05511363636364308,-3.0145833333333343,-0.17424242424242564,0.579545454545455,0.732954545454545,-0.8295454545454533,8.4,0.9000000000000004,5.300000000000011
2026-03-18,Prairie View A&M,Lehigh,0,12,0.938655462184883,-4.184285714285707,-3.3957983193277315,-0.477310924369748,2.0470588235294125,0.041176470588236924,2.000000000000001,-2.0,4.5
2026-03-20,Prairie View A&M,Florida,0,-59,-12.756818181818176,2.8116161616161577,-5.714646464646467,-0.16666666666666785,-6.063131313131313,-5.217171717171716,-3.1999999999999993,-24.3,0.6000000000000085
2025-11-18,Presbyterian,California,-1,-10,-14.666666666666686,9.25,-7.666666666666668,1.5,1.833333333333334,-2.916666666666668,-12.9,-10.4,-3.299999999999997
2025-12-06,Presbyterian,Morehead State,1,8,-2.0060606060605863,-12.166666666666657,-1.7070707070707059,-1.1010101010101003,-1.8989898989898997,-0.16161616161616266,-1.4000000000000004,1.8999999999999995,-0.3999999999999915
2025-12-17,Presbyterian,East Carolina,-1,-21,7.549999999999997,-5.385606060606051,-0.5757575757575779,-0.06818181818181834,-0.32575757575757436,1.174242424242422,8.600000000000001,-3.0,-3.3999999999999915
2025-12-21,Presbyterian,Manhattan,-1,-6,-3.751282051282061,-11.37564102564103,-4.564102564102562,1.9038461538461533,1.467948717948719,1.2179487179487154,19.6,2.2,-1.5999999999999943
2026-01-10,Presbyterian,Longwood,-1,-7,-1.4699346405228795,2.0601307189542553,-1.516339869281044,-1.3660130718954253,0.3660130718954253,-0.3039215686274481,-8.6,1.3999999999999995,-4.200000000000003
2026-01-17,Presbyterian,Gardner-Webb,-1,37,9.347368421052636,-15.447368421052616,-5.842105263157894,-1.0,2.842105263157894,1.3157894736842088,27.599999999999998,2.8,-3.5
2026-01-21,Presbyterian,Charleston Southern,1,4,-2.490000000000009,3.5700000000000074,-17.449999999999996,-0.20000000000000107,-0.15000000000000036,-6.649999999999999,3.8000000000000003,0.5,-8.599999999999994
2026-01-29,Presbyterian,High Point,-1,-3,-19.559090909090898,8.959090909090904,-8.409090909090907,3.09090909090909,-0.2727272727272734,-0.9090909090909101,-9.0,-2.7,-4.700000000000003
2026-02-07,Presbyterian,Gardner-Webb,1,6,12.695833333333326,-14.904166666666683,-5.875,-1.1666666666666679,2.208333333333334,2.166666666666668,25.6,2.8,-3.5
2026-02-12,Presbyterian,Charleston Southern,-1,-17,-0.396000000000015,2.519999999999996,-18.039999999999996,-1.0,-0.6799999999999997,-5.0,6.799999999999999,0.5,-8.599999999999994
2026-02-19,Presbyterian,Longwood,1,7,-0.389550264550266,3.5316137566137655,-3.350529100529098,-0.9457671957671945,-0.6560846560846567,-0.6190476190476168,-5.4,1.3999999999999995,-4.200000000000003
2026-02-26,Presbyterian,High Point,1,-6,-18.33333333333333,9.15850574712644,-10.101149425287357,3.312643678160919,-0.6862068965517238,-0.2862068965517217,-18.4,-2.7,-4.700000000000003
2025-11-15,Princeton,Kansas,-1,-19,-7.1000000000000085,14.433333333333337,6.333333333333332,1.333333333333334,4.999999999999999,-1.0,-15.0,-15.8,-3.9000000000000057
2025-11-18,Princeton,Iona,-1,-20,-9.316666666666677,1.8083333333333371,7.916666666666668,-0.4166666666666661,2.0,2.833333333333332,-9.75,3.7,-5.0
2025-11-20,Princeton,Northeastern,1,13,-4.984999999999999,3.1700000000000017,11.100000000000001,1.9499999999999993,1.0,4.350000000000001,-6.6,0.5,-4.800000000000011
2025-11-24,Princeton,Bradley,0,-24,-5.713333333333324,-0.7266666666666737,3.6000000000000014,2.6999999999999993,2.4333333333333336,6.300000000000001,2.4,-2.1,-4.5
2025-12-03,Princeton,Monmouth,-1,-5,-5.470000000000013,2.3674999999999926,8.7,-0.09999999999999964,-2.675,-0.8500000000000014,-7.0,0.6000000000000001,-2.8000000000000114
2025-12-06,Princeton,Loyola Chicago,-1,-5,-1.6010101010100897,-10.058585858585872,2.2626262626262594,1.2424242424242422,-0.7878787878787881,4.292929292929294,2.4000000000000004,-1.9,-1.2000000000000028
2025-12-10,Princeton,Merrimack,1,-3,2.114393939393949,-3.2462121212121247,0.6969696969696955,1.9848484848484844,1.4696969696969697,7.295454545454547,-1.6,1.7000000000000002,0.5999999999999943
2026-01-05,Princeton,Pennsylvania,1,2,-7.310769230769225,-0.27384615384615074,5.4410256410256395,0.28205128205128105,-2.6461538461538474,0.9333333333333336,0.0,-1.4,-4.400000000000006
2026-01-17,Princeton,Harvard,-1,-7,-4.56139705882353,2.7783088235294144,6.522058823529413,0.9117647058823533,1.1213235294117645,2.029411764705884,-2.1999999999999997,0.19999999999999996,0.3999999999999915
2026-01-19,Princeton,Dartmouth,-1,-2,-7.072222222222223,2.2006944444444514,-1.9097222222222214,-1.2777777777777786,-0.041666666666666075,-2.083333333333332,-7.6,1.7000000000000002,-4.5
2026-01-24,Princeton,Brown,1,10,0.1705882352941046,9.79195046439628,4.31269349845201,-0.9628482972136219,-1.4117647058823533,-0.46749226006192046,-0.3999999999999999,2.5999999999999996,-3.200000000000003
2026-01-30,Princeton,Cornell,-1,-23,-17.190000000000012,-8.736111111111114,-7.794444444444444,-1.666666666666666,-1.3888888888888893,-0.022222222222222143,8.0,-0.8,-7.0
2026-01-31,Princeton,Columbia,-1,12,-9.02428571428571,6.065238095238101,4.223809523809525,-2.423809523809524,-2.064285714285713,-3.3119047619047635,5.3999999999999995,1.2000000000000002,-3.200000000000003
2026-02-07,Princeton,Pennsylvania,-1,-1,-4.186818181818168,0.17272727272725774,5.350000000000001,-0.3863636363636367,-2.0636363636363626,0.6818181818181834,-1.4,-1.4,-4.400000000000006
2026-02-13,Princeton,Cornell,1,-24,-17.39420289855073,-6.656314699792944,-7.637681159420293,-1.6790890269151149,-1.107660455486542,0.031055900621119292,-13.4,-0.8,-7.0
2026-02-14,Princeton,Columbia,1,-10,-6.694202898550728,4.627536231884065,3.0271739130434767,-2.788043478260869,-2.05072463768116,-2.47644927536232,0.20000000000000018,1.2000000000000002,-3.200000000000003
2026-02-20,Princeton,Brown,-1,-9,3.0048695652173905,10.027826086956523,2.488695652173913,-1.5286956521739121,-1.0608695652173914,-0.5008695652173891,-3.3999999999999995,2.5999999999999996,-3.200000000000003
2026-02-27,Princeton,Harvard,1,-2,-4.116153846153836,6.952769230769235,3.763076923076923,0.23230769230769077,1.5461538461538469,0.8184615384615412,-13.600000000000001,0.19999999999999996,0.3999999999999915
2026-02-28,Princeton,Dartmouth,1,21,-3.0663703703703646,2.797037037037043,-3.475555555555559,-1.3866666666666667,0.7481481481481485,-2.5985185185185173,-1.799999999999999,1.7000000000000002,-4.5
2025-11-18,Providence,New Hampshire,1,32,16.22,14.179999999999993,0.6999999999999993,0.9499999999999993,-1.1999999999999993,3.1499999999999986,-1.4000000000000004,17.2,5.700000000000003
2025-11-22,Providence,Penn State,0,12,-4.579999999999984,5.960000000000008,7.800000000000001,3.8,1.1999999999999993,7.800000000000001,-5.4,2.5,7.5
2025-11-28,Providence,Florida,0,-12,5.864285714285714,15.230952380952374,0.5476190476190474,-4.595238095238095,-6.904761904761903,-1.7857142857142847,-9.599999999999998,-6.300000000000001,2.4000000000000057
2025-12-02,Providence,FDU,1,30,13.164285714285725,-5.066071428571433,-3.875,-2.6428571428571423,-2.428571428571429,4.642857142857142,4.0,17.9,9.900000000000006
2025-12-09,Providence,Brown,1,7,15.97545454545454,13.220000000000013,4.754545454545454,-1.7545454545454557,-1.127272727272727,3.763636363636362,-15.799999999999999,13.2,6.400000000000006
2025-12-13,Providence,Butler,-1,-3,-0.12929292929293013,8.10707070707069,5.737373737373741,-0.7777777777777786,-3.2020202020202024,1.5454545454545467,-4.6,0.7999999999999989,3.0
2026-01-07,Providence,Connecticut,1,-5,0.4095238095238045,16.735714285714295,4.861904761904761,0.8619047619047624,-0.11428571428571388,1.8190476190476197,-12.0,-5.200000000000001,8.299999999999997
2026-01-16,Providence,Creighton,1,5,1.988562091503269,3.8852941176470495,-2.447712418300654,1.5163398692810457,0.25816993464052196,2.1045751633986924,-2.9999999999999996,-0.20000000000000107,6.0
2026-01-19,Providence,Marquette,-1,-1,12.192690058479528,2.6868421052631533,0.5701754385964897,0.008771929824561653,-1.3625730994152043,4.938596491228068,6.800000000000001,0.1999999999999993,3.299999999999997
2026-01-24,Providence,Georgetown,1,-3,7.131578947368425,3.915789473684228,6.578947368421051,2.052631578947368,-1.2631578947368425,3.3157894736842124,3.0,0.5999999999999996,6.900000000000006
2026-01-27,Providence,Connecticut,-1,-6,1.7650000000000148,18.315000000000012,4.400000000000002,1.0,-0.6000000000000014,2.5,-10.0,-5.200000000000001,8.299999999999997
2026-02-04,Providence,Butler,1,10,2.9681818181818187,6.522727272727266,3.68181818181818,0.31818181818181834,-1.59090909090909,3.0,-2.5999999999999996,0.7999999999999989,3.0
2026-02-07,Providence,DePaul,1,18,11.552173913043475,10.952173913043481,3.5652173913043477,-0.08695652173913082,0.7826086956521756,4.217391304347828,1.7999999999999998,2.5,6.799999999999997
2026-02-21,Providence,DePaul,-1,3,10.526923076923069,9.765384615384619,3.76923076923077,0.3461538461538449,0.73076923076923,4.73076923076923,3.1999999999999997,2.5,6.799999999999997
2026-02-28,Providence,Creighton,-1,3,6.01613300492609,2.199876847290639,-3.0935960591133025,1.0886699507389164,1.5,2.5640394088669964,9.8,-0.20000000000000107,6.0
2026-03-04,Providence,Marquette,1,-22,10.903448275862061,5.444827586206898,-0.275862068965516,0.2413793103448274,0.068965517241379,4.72413793103448,2.1999999999999997,0.1999999999999993,3.299999999999997
2026-03-07,Providence,Georgetown,-1,-1,5.730000000000004,4.083333333333343,4.266666666666669,1.7666666666666657,-0.4666666666666668,3.2333333333333343,3.5999999999999996,0.5999999999999996,6.900000000000006
2026-03-11,Providence,Butler,0,10,4.08064516129032,4.1451612903225765,4.258064516129032,1.225806451612904,-0.741935483870968,2.548387096774192,0.0,0.7999999999999989,3.0
2025-11-16,Purdue,Akron,1,18,-0.36666666666667425,19.39999999999999,-8.666666666666668,-1.666666666666666,-2.666666666666666,-5.333333333333336,-19.666666666666664,15.3,-6.1000000000000085
2025-11-20,Purdue,Memphis,0,9,25.84166666666667,-4.4750000000000085,5.333333333333332,-4.75,5.083333333333334,4.75,21.166666666666668,11.3,-7.5
2025-11-28,Purdue,Eastern Illinois,1,47,36.16666666666666,-7.450000000000003,8.333333333333332,-3.5,6.333333333333334,5.166666666666668,28.200000000000003,22.5,-2.1000000000000085
2025-12-06,Purdue,Iowa State,1,-23,0.012499999999988631,10.287500000000009,1.75,-0.5,2.375,3.125,-6.600000000000001,1.0999999999999996,-3.4000000000000057
2025-12-10,Purdue,Minnesota,1,28,16.455555555555563,-0.04444444444445139,3.333333333333332,-2.1111111111111107,2.4444444444444446,1.0,17.0,6.700000000000001,1.1999999999999886
2025-12-13,Purdue,Marquette,1,20,17.070000000000007,-1.6099999999999994,-3.1999999999999993,-1.8000000000000007,1.0999999999999996,2.099999999999998,21.6,6.5,-6.300000000000011
2025-12-20,Purdue,Auburn,0,28,6.345454545454544,-6.13636363636364,-0.4545454545454568,-0.9090909090909083,0.8181818181818183,2.1818181818181834,22.400000000000002,2.5999999999999996,-5.1000000000000085
2025-12-29,Purdue,Kent State,1,41,7.366666666666646,-1.9750000000000085,-5.0,-4.333333333333334,1.6666666666666679,-1.3333333333333321,-10.0,17.0,-8.800000000000011
2026-01-10,Purdue,Penn State,1,8,11.406666666666666,-10.620000000000005,1.2666666666666657,1.0,2.8000000000000007,5.400000000000002,27.6,8.8,-2.1000000000000085
2026-01-14,Purdue,Iowa,1,7,5.2124999999999915,4.6937500000000085,2.5,-0.1875,3.0625,4.4375,2.8000000000000007,2.3000000000000007,2.299999999999997
2026-01-24,Purdue,Illinois,1,-6,-1.5947368421052772,1.0105263157894768,-6.578947368421051,-0.10526315789473628,-1.6842105263157894,-2.526315789473685,-9.2,0.3000000000000007,-1.3000000000000114
2026-01-27,Purdue,Indiana,-1,-5,6.814999999999998,1.2950000000000017,-5.949999999999999,-0.8000000000000007,2.3500000000000005,0.5,9.4,3.9000000000000004,-2.4000000000000057
2026-02-01,Purdue,Maryland,-1,30,20.036428571428573,-9.135714285714286,-3.5166666666666693,-2.6999999999999993,-0.1547619047619051,1.8619047619047642,13.4,6.200000000000001,-2.200000000000003
2026-02-07,Purdue,Oregon,1,4,18.468181818181804,-7.445454545454552,-1.8636363636363633,-2.7727272727272716,-0.7272727272727284,2.0454545454545467,19.4,6.1,-1.7000000000000028
2026-02-10,Purdue,Nebraska,-1,3,6.565217391304358,6.08695652173914,-7.304347826086957,0.608695652173914,2.0434782608695654,-1.521739130434785,-1.5999999999999996,2.5999999999999996,-1.9000000000000057
2026-02-14,Purdue,Iowa,-1,21,1.4750000000000085,2.0208333333333286,2.583333333333332,0.25,2.708333333333333,4.75,-0.39999999999999947,2.3000000000000007,2.299999999999997
2026-02-17,Purdue,Michigan,1,-11,1.451999999999984,10.36800000000001,-1.5199999999999996,-2.8000000000000007,0.27999999999999936,-4.0,-12.6,-1.700000000000001,-6.800000000000011
2026-02-20,Purdue,Indiana,1,29,6.480769230769226,-0.5615384615384755,-4.7692307692307665,-0.5769230769230766,2.961538461538461,0.9230769230769234,10.6,3.9000000000000004,-2.4000000000000057
2026-02-26,Purdue,Michigan State,1,-2,7.944444444444443,5.955555555555563,2.666666666666668,-2.2592592592592595,-1.3703703703703702,-2.814814814814813,7.6,1.200000000000001,-2.3000000000000114
2026-03-01,Purdue,Ohio State,-1,-8,7.842857142857156,-2.7142857142857224,2.0357142857142847,-1.1428571428571423,2.249999999999999,1.3214285714285694,8.6,2.5,-2.1000000000000085
2026-03-04,Purdue,Northwestern,-1,4,14.16896551724136,-2.76206896551723,5.0,0.3793103448275872,2.413793103448276,3.1034482758620676,10.2,4.800000000000001,-0.7000000000000028
2026-03-12,Purdue,Northwestern,0,13,13.264809384164224,-1.8251221896383214,5.1241446725317665,0.652981427174975,2.3880742913000965,3.379276637341153,0.0,4.800000000000001,-0.7000000000000028
2026-03-13,Purdue,Nebraska,0,16,9.868749999999991,9.914616935483878,-5.338709677419356,-0.699596774193548,2.257056451612903,-2.001008064516128,-7.4,2.5999999999999996,-1.9000000000000057
2026-03-15,Purdue,Michigan,0,8,3.9522281639928707,11.164616755793219,-0.38770053475936095,-3.1122994652406426,0.6024955436720134,-4.393048128342247,0.40000000000000036,-1.700000000000001,-6.800000000000011
2026-03-22,Purdue,Miami (FL),0,10,7.851307189542496,4.574019607843141,5.383986928104573,-2.212418300653596,-0.2124183006535958,-0.9624183006535958,15.0,5.6,-4.300000000000011
2026-03-28,Purdue,Arizona,0,-15,5.104267425320046,11.73036984352774,8.051920341394023,-1.9615931721194872,-1.674964438122334,-5.586059743954479,-2.8000000000000007,-0.9999999999999982,-6.6000000000000085
2025-11-25,Purdue Fort Wayne,Chicago State,1,13,20.67619047619047,-14.733333333333348,14.0,-2.666666666666666,2.261904761904762,3.5,37.8,2.5999999999999996,2.5
2025-12-03,Purdue Fort Wayne,Oakland,-1,-9,2.4097222222222285,-9.054166666666674,7.916666666666668,1.1527777777777786,-0.013888888888889284,0.6944444444444429,-4.4,-3.0,-2.3999999999999915
2025-12-06,Purdue Fort Wayne,Northern Kentucky,1,2,-3.15333333333335,3.5733333333333235,2.944444444444443,-2.2666666666666657,-3.5222222222222213,0.9555555555555557,-14.200000000000001,0.2999999999999998,-2.3999999999999915
2025-12-10,Purdue Fort Wayne,Eastern Michigan,1,15,10.574545454545444,6.976363636363629,10.345454545454547,-1.1999999999999993,-2.7636363636363637,-3.145454545454548,0.20000000000000018,-1.9000000000000001,0.20000000000000284
2025-12-14,Purdue Fort Wayne,Detroit Mercy,1,4,11.004999999999995,-3.4966666666666697,4.933333333333334,-0.3333333333333339,-3.5,-1.3833333333333329,14.4,-0.5,-0.7000000000000028
2025-12-21,Purdue Fort Wayne,Notre Dame,-1,3,0.3333333333333286,5.780769230769238,3.7179487179487154,-0.9166666666666661,-1.365384615384615,-2.9230769230769234,1.7999999999999998,-11.5,1.2000000000000028
2025-12-29,Purdue Fort Wayne,Milwaukee,-1,-22,1.7761904761904646,-7.680952380952391,2.595238095238095,0.6190476190476204,-5.345238095238095,-0.4047619047619051,5.6,-0.9000000000000004,-0.09999999999999432
2026-01-01,Purdue Fort Wayne,Green Bay,1,-18,3.4357142857142975,-7.924285714285716,7.199999999999999,-0.4761904761904763,0.5857142857142854,-0.5238095238095255,8.4,-0.7000000000000002,3.9000000000000057
2026-01-04,Purdue Fort Wayne,Cleveland State,1,3,0.995416666666685,-8.034166666666664,1.6958333333333329,-3.645833333333334,-2.966666666666667,-0.9958333333333336,-5.800000000000001,1.2999999999999998,-2.5
2026-01-18,Purdue Fort Wayne,Milwaukee,1,18,0.9315789473684362,-5.310526315789488,4.578947368421055,-0.2631578947368425,-5.368421052631579,-1.7894736842105274,-0.40000000000000036,-0.9000000000000004,-0.09999999999999432
2026-01-21,Purdue Fort Wayne,Detroit Mercy,-1,7,5.161111111111111,-1.9255555555555617,7.861111111111111,-2.166666666666666,-5.622222222222222,-2.8444444444444414,6.4,-0.5,-0.7000000000000028
2026-01-28,Purdue Fort Wayne,Oakland,1,-9,-3.3220779220779377,-5.864285714285714,7.924242424242422,-0.3939393939393927,-2.1969696969696964,-0.7359307359307365,3.4,-3.0,-2.3999999999999915
2026-02-12,Purdue Fort Wayne,Green Bay,-1,-17,-2.154461538461547,-5.813846153846157,7.421538461538461,-0.6076923076923091,-0.21538461538461462,-1.5215384615384586,-5.8,-0.7000000000000002,3.9000000000000057
2026-02-15,Purdue Fort Wayne,IU Indy,1,5,1.4635327635327684,-5.4525641025640965,-2.5398860398860386,-2.397435897435896,-3.2407407407407405,1.0071225071225065,-4.8,1.5999999999999996,-6.0
2026-02-18,Purdue Fort Wayne,Northern Kentucky,-1,-16,-3.370370370370381,3.444444444444443,-0.7777777777777786,-2.4444444444444446,-3.6296296296296306,-1.518518518518519,-3.0,0.2999999999999998,-2.3999999999999915
2026-02-22,Purdue Fort Wayne,Cleveland State,-1,6,-1.671428571428578,-9.13928571428572,-2.3214285714285694,-2.821428571428571,-1.821428571428572,-0.3571428571428541,-2.8000000000000007,1.2999999999999998,-2.5
2026-02-28,Purdue Fort Wayne,IU Indy,-1,6,1.7933333333333508,-5.280000000000001,-2.866666666666667,-2.1999999999999993,-2.9000000000000004,1.0333333333333314,2.0,1.5999999999999996,-6.0
2026-03-03,Purdue Fort Wayne,Green Bay,-1,-8,-3.222580645161301,-3.1774193548387046,7.0,-0.1612903225806459,0.35483870967741993,-1.35483870967742,-8.0,-0.7000000000000002,3.9000000000000057
2025-11-23,Queens (NC),Furman,-1,-11,6.823333333333352,13.173333333333332,-1.8666666666666671,-0.7333333333333343,-4.566666666666666,-1.1333333333333329,-2.2,-0.09999999999999964,4.200000000000003
2025-12-03,Queens (NC),Gardner-Webb,1,33,21.74166666666666,-5.116666666666674,3.9861111111111107,-2.3194444444444446,1.708333333333333,2.625,23.0,4.2,0.7000000000000028
2025-12-16,Queens (NC),Arkansas,-1,-28,-2.3599999999999994,20.427272727272722,6.736363636363638,2.3636363636363633,-0.7363636363636363,-2.8000000000000007,-20.4,-17.3,-2.5
2025-12-29,Queens (NC),Auburn,-1,-41,-1.2333333333333343,12.958333333333329,5.916666666666668,0.8333333333333339,-1.583333333333334,-0.8333333333333321,-2.3999999999999995,-16.1,1.2000000000000028
2026-01-01,Queens (NC),Eastern Kentucky,1,2,6.353846153846149,13.08461538461539,-4.0,-0.3076923076923066,-3.23076923076923,-1.0769230769230766,-15.2,1.2999999999999998,1.5
2026-01-03,Queens (NC),Bellarmine,1,22,-2.3516483516483504,5.464835164835151,8.258241758241759,0.8076923076923084,3.978021978021979,1.340659340659343,-12.6,2.0,5.1000000000000085
2026-01-08,Queens (NC),Jacksonville,-1,26,10.219999999999999,12.080000000000013,4.533333333333331,-1.4666666666666668,-1.3333333333333321,0.0,1.3999999999999986,1.9000000000000004,5.900000000000006
2026-01-10,Queens (NC),North Florida,-1,7,12.03125,-0.8187499999999943,-2.4375,-1.875,1.6875,1.5625,13.2,2.7,-1.0
2026-01-15,Queens (NC),Florida Gulf Coast,-1,11,4.752941176470586,9.482352941176472,3.9411764705882355,-0.1764705882352935,-1.352941176470587,-0.529411764705884,-4.3999999999999995,1.6000000000000005,0.9000000000000057
2026-01-21,Queens (NC),North Alabama,1,25,10.858513931888552,2.339938080495358,10.055727554179569,0.9535603715170282,0.36842105263157876,1.2972136222910216,24.8,3.0,4.900000000000006
2026-01-28,Queens (NC),Central Arkansas,1,-10,7.590000000000003,13.143809523809523,-2.514285714285716,-0.3976190476190471,0.5238095238095237,-1.821428571428573,-0.20000000000000107,0.6000000000000001,1.0
2026-01-31,Queens (NC),Bellarmine,-1,-3,-1.0261904761904788,-4.648051948051943,7.872294372294373,1.1450216450216448,3.701298701298702,2.5086580086580064,9.399999999999999,2.0,5.1000000000000085
2026-02-05,Queens (NC),Jacksonville,1,9,10.443478260869568,8.969565217391306,6.304347826086957,-0.913043478260871,-0.43478260869565233,0.43478260869565233,0.8,1.9000000000000004,5.900000000000006
2026-02-07,Queens (NC),North Florida,1,19,7.416666666666671,-4.5249999999999915,-3.3750000000000036,-1.9583333333333321,1.666666666666667,0.7083333333333357,2.6,2.7,-1.0
2026-02-11,Queens (NC),Austin Peay,1,-8,5.389043478260874,17.91930434782607,4.457391304347823,-0.12869565217391177,0.4504347826086956,-1.2643478260869578,-10.4,1.1000000000000005,1.4000000000000057
2026-02-14,Queens (NC),Lipscomb,1,6,4.661538461538456,11.053846153846152,-0.5384615384615401,-0.3461538461538467,0.8076923076923066,-1.9230769230769234,2.2,0.6000000000000001,0.9000000000000057
2026-02-18,Queens (NC),North Alabama,-1,7,13.287259259259258,0.4056296296296438,9.303703703703704,-0.013333333333333641,0.11999999999999922,0.9200000000000017,16.6,3.0,4.900000000000006
2026-02-25,Queens (NC),Eastern Kentucky,-1,17,5.134482758620692,1.989655172413805,-3.8965517241379324,-0.4482758620689644,-2.724137931034484,1.0689655172413772,7.0,1.2999999999999998,1.5
2026-02-28,Queens (NC),Central Arkansas,-1,-5,5.533333333333346,11.646666666666675,-3.0666666666666664,-0.16666666666666607,-0.23333333333333428,-1.533333333333335,-1.7999999999999998,0.6000000000000001,1.0
2026-03-07,Queens (NC),Austin Peay,0,7,3.2124999999999915,12.84875000000001,4.597916666666666,-0.125,-0.4666666666666668,-0.84375,7.8,1.1000000000000005,1.4000000000000057
2026-03-08,Queens (NC),Central Arkansas,0,5,4.157575757575771,10.572727272727278,-2.4242424242424256,-0.2424242424242422,-0.2424242424242422,-1.2424242424242422,1.0,0.6000000000000001,1.0
2026-03-20,Queens (NC),Purdue,0,-33,-6.39462184873949,8.064873949579834,3.8084033613445385,1.8680672268907568,-1.352100840336135,-0.4756302521008422,-1.5999999999999996,-18.7,6.300000000000011
2025-11-16,Quinnipiac,Maine,-1,6,8.299999999999997,6.666666666666643,3.666666666666668,0.0,5.333333333333333,1.6666666666666679,-1.9999999999999982,3.0,4.799999999999997
2025-11-23,Quinnipiac,Pittsburgh,-1,8,-3.4866666666666646,2.056666666666672,1.5666666666666664,-0.36666666666666536,2.0666666666666664,-0.6000000000000014,-3.0000000000000004,-12.2,4.900000000000006
2025-12-05,Quinnipiac,Iona,-1,21,-3.0,-0.4749999999999943,-4.625,-0.375,2.375,-3.125,10.600000000000001,0.9000000000000004,-0.09999999999999432
2025-12-17,Quinnipiac,Monmouth,-1,10,4.218181818181833,-5.290909090909096,2.90909090909091,0.0,1.1818181818181817,0.18181818181817988,9.4,-2.1999999999999997,2.0999999999999943
2025-12-21,Quinnipiac,Hofstra,-1,-8,-4.441666666666691,3.4250000000000114,-2.333333333333332,0.0,1.0,-0.6666666666666679,-5.799999999999999,-4.3999999999999995,3.5999999999999943
2025-12-29,Quinnipiac,Marist,1,6,0.9692307692307764,8.106993006993008,-0.9720279720279699,-0.5034965034965033,1.755244755244755,-1.5734265734265733,0.9999999999999991,1.0,3.4000000000000057
2026-01-02,Quinnipiac,Manhattan,-1,-1,-0.29285714285713027,-14.628571428571433,-0.5,0.14285714285714235,1.9285714285714288,2.071428571428573,13.0,2.6000000000000005,1.2000000000000028
2026-01-04,Quinnipiac,Mount St. Mary's,1,11,10.86,-5.52000000000001,-3.2666666666666657,-4.866666666666665,2.666666666666668,-1.1333333333333364,-3.3999999999999995,1.1000000000000005,2.200000000000003
2026-01-17,Quinnipiac,Merrimack,-1,-12,4.777777777777786,-8.811111111111103,-4.388888888888889,1.4444444444444446,4.555555555555555,6.055555555555554,1.2000000000000002,-1.0999999999999996,5.5
2026-01-19,Quinnipiac,Manhattan,1,6,1.3097368421052664,-13.14500000000001,-0.7131578947368418,0.3868421052631579,1.8921052631578963,1.7894736842105274,11.8,2.6000000000000005,1.2000000000000028
2026-01-22,Quinnipiac,Mount St. Mary's,-1,15,10.995000000000005,-2.299999999999997,-3.8000000000000007,-4.5,2.1500000000000004,-1.5,2.8000000000000003,1.1000000000000005,2.200000000000003
2026-01-24,Quinnipiac,Marist,-1,-7,3.9453634085213025,8.307017543859658,-0.4686716791979961,-0.022556390977443996,2.0200501253132845,-1.6265664160400988,1.2,1.0,3.4000000000000057
2026-02-01,Quinnipiac,Fairfield,-1,7,-1.4304347826086996,-2.747826086956522,-2.3478260869565233,0.695652173913043,-1.2608695652173907,-0.30434782608695343,2.0,1.9000000000000004,2.5
2026-02-05,Quinnipiac,Canisius,1,15,11.0,-7.120833333333337,-0.875,-1.041666666666666,1.9166666666666679,1.9166666666666679,9.8,2.8,5.200000000000003
2026-02-07,Quinnipiac,Niagara,1,1,8.635652173913044,-10.302434782608714,-0.1947826086956539,0.4121739130434783,4.027826086956521,3.5982608695652196,6.199999999999999,2.9000000000000004,6.400000000000006
2026-02-15,Quinnipiac,Merrimack,1,-7,0.7837606837606899,-2.933190883190875,-2.8632478632478637,1.16951566951567,4.347578347578349,4.4943019943019955,-13.000000000000002,-1.0999999999999996,5.5
2026-02-22,Quinnipiac,Fairfield,1,-6,-3.1035714285714278,-5.478571428571442,-2.1071428571428577,1.0,-0.5357142857142847,0.2857142857142847,5.199999999999999,1.9000000000000004,2.5
2026-02-27,Quinnipiac,Niagara,-1,-2,7.161206896551718,-9.894827586206901,-0.009852216748768683,0.04556650246305338,5.194581280788177,3.3608374384236477,7.8,2.9000000000000004,6.400000000000006
2026-03-01,Quinnipiac,Canisius,-1,4,10.330000000000013,-6.509999999999991,-0.03333333333333144,-1.5,2.9333333333333336,1.6333333333333329,3.6,2.8,5.200000000000003
2026-03-07,Quinnipiac,Marist,0,-2,2.1701890989988897,6.037819799777552,0.7319243604004448,0.07675194660734164,3.00333704115684,-1.10567296996663,4.2,1.0,3.4000000000000057
2025-11-16,Radford,Cleveland State,0,-5,-0.5499999999999972,-18.625,-5.0,-2.5,1.25,1.75,12.75,-0.5,2.5999999999999943
2025-12-14,Radford,Coppin State,1,30,15.084615384615375,-13.130769230769232,11.923076923076923,-2.4475524475524466,1.895104895104895,1.8881118881118901,28.4,4.4,4.799999999999997
2026-01-07,Radford,Presbyterian,1,19,4.262500000000003,-0.037499999999994316,12.0625,-0.375,-0.8125,-0.4375,11.4,-0.7999999999999998,7.099999999999994
2026-01-14,Radford,Gardner-Webb,-1,9,14.716666666666669,-16.983333333333334,6.166666666666668,-1.833333333333334,1.8888888888888893,1.6666666666666679,27.0,2.0,3.5999999999999943
2026-01-17,Radford,Longwood,1,2,3.594736842105263,1.44736842105263,10.157894736842106,-2.05263157894737,-0.526315789473685,-0.21052631578947256,4.200000000000001,0.5999999999999996,2.8999999999999915
2026-01-23,Radford,High Point,1,-10,-15.709523809523816,9.733333333333334,3.476190476190478,2.7142857142857153,-1.0476190476190474,-1.1904761904761934,-12.6,-3.5,2.3999999999999915
2026-01-29,Radford,Charleston Southern,-1,9,2.0999999999999943,4.577272727272714,-5.954545454545453,-0.5,-1.0,-6.22727272727273,-0.3999999999999999,-0.2999999999999998,-1.5
2026-01-31,Radford,Presbyterian,-1,9,3.404347826086976,-0.16086956521738216,11.26086956521739,-0.0434782608695663,-0.6521739130434785,-0.13043478260869534,-4.0,-0.7999999999999998,7.099999999999994
2026-02-07,Radford,High Point,-1,-9,-14.671999999999997,9.335999999999984,3.1199999999999974,3.3599999999999994,-0.6400000000000006,-0.3200000000000003,-13.0,-3.5,2.3999999999999915
2026-02-14,Radford,Charleston Southern,1,10,2.0846153846153754,2.7461538461538453,-5.884615384615383,-1.23076923076923,-1.0384615384615383,-5.2307692307692335,4.4,-0.2999999999999998,-1.5
2026-02-19,Radford,Gardner-Webb,1,12,14.804100529100523,-15.394841269841265,5.572751322751323,-1.026455026455027,2.296296296296296,2.235449735449734,19.0,2.0,3.5999999999999943
2026-02-28,Radford,Longwood,-1,-16,3.3233333333333377,2.106666666666669,8.233333333333334,-1.2666666666666675,-1.1999999999999993,-0.466666666666665,4.6,0.5999999999999996,2.8999999999999915
2026-03-06,Radford,Presbyterian,0,-6,3.6516129032257965,-0.6645161290322648,11.93548387096774,-0.16129032258064413,-0.2258064516129039,-0.2903225806451637,4.2,-0.7999999999999998,7.099999999999994
2025-11-14,Rhode Island,Albany (NY),1,19,11.033333333333331,0.7666666666666657,-7.666666666666668,-3.666666666666666,-0.3333333333333339,-2.333333333333332,7.333333333333334,8.3,0.6000000000000085
2025-12-02,Rhode Island,Brown,1,10,17.474999999999994,-0.5625,0.5,-1.625,1.5,-0.5,6.799999999999999,5.3999999999999995,-1.5999999999999943
2025-12-06,Rhode Island,Providence,-1,-19,-4.366666666666674,-9.555555555555557,-5.0,1.2222222222222214,1.1111111111111107,-5.333333333333336,0.20000000000000107,-7.8,-8.0
2025-12-09,Rhode Island,McNeese State,1,-2,-13.10555555555554,7.736666666666679,3.4666666666666686,2.4333333333333336,-2.6111111111111107,-0.6111111111111107,-9.8,0.7000000000000001,-0.8999999999999915
2025-12-16,Rhode Island,Canisius,1,17,14.072727272727263,-5.809090909090898,2.5454545454545467,0.3636363636363633,0.18181818181818166,0.09090909090908994,7.0,8.4,1.9000000000000057
2025-12-22,Rhode Island,Northeastern,1,8,6.683333333333337,-7.243333333333325,2.333333333333332,0.033333333333333215,0.5,-0.13333333333333286,7.0,3.3,-3.200000000000003
2025-12-31,Rhode Island,Loyola Chicago,1,-4,5.738461538461536,-17.23846153846155,-3.0769230769230766,1.384615384615385,0.7692307692307683,0.7692307692307665,3.8,0.9,0.4000000000000057
2026-01-03,Rhode Island,George Mason,-1,-11,-8.314285714285717,0.0714285714285694,5.071428571428569,2.142857142857144,1.0,-3.6428571428571423,-3.4,0.0,1.9000000000000057
2026-01-07,Rhode Island,La Salle,1,-7,8.760000000000005,-9.086666666666673,7.133333333333333,-0.1999999999999993,-0.8666666666666671,-1.1333333333333329,21.8,-0.3999999999999999,-0.29999999999999716
2026-01-10,Rhode Island,Davidson,-1,25,-3.5487499999999983,-2.22708333333334,-0.10416666666666785,2.366666666666667,1.3458333333333332,-1.4333333333333336,4.3999999999999995,-0.3999999999999999,1.9000000000000057
2026-01-24,Rhode Island,George Mason,1,9,-8.399999999999991,0.8842105263157976,6.2631578947368425,2.3684210526315788,1.3157894736842106,-3.1052631578947363,-8.0,0.0,1.9000000000000057
2026-01-27,Rhode Island,Dayton,-1,5,-0.5899999999999892,3.2550000000000097,0.40000000000000213,1.1000000000000014,1.1999999999999993,-1.6500000000000021,-2.2,-3.9000000000000004,-1.5
2026-02-01,Rhode Island,Duquesne,-1,-15,-3.285714285714292,-3.4238095238095383,-3.3333333333333357,-1.571428571428573,0.0952380952380949,-3.523809523809522,5.2,-0.30000000000000004,-3.700000000000003
2026-02-10,Rhode Island,George Washington,-1,-5,-8.275905797101458,-1.3800724637681157,-5.489130434782609,-0.6811594202898554,-2.1231884057971016,-3.387681159420289,2.2,-1.9999999999999998,-3.299999999999997
2026-02-14,Rhode Island,Fordham,1,-4,1.934333333333342,3.8371666666666613,0.09166666666666856,0.9466666666666654,-2.5950000000000006,-4.063333333333333,-3.6,3.2,2.0
2026-02-21,Rhode Island,La Salle,-1,-13,10.00769230769231,-5.307692307692307,6.2307692307692335,-0.1538461538461533,-0.6923076923076916,-0.6538461538461533,7.8,-0.3999999999999999,-0.29999999999999716
2026-03-04,Rhode Island,Duquesne,1,12,-5.027586206896558,-2.972413793103442,-2.206896551724139,-0.7241379310344822,0.4827586206896548,-2.4482758620689644,-0.7999999999999998,-0.30000000000000004,-3.700000000000003
2026-03-07,Rhode Island,Fordham,-1,-12,-0.5433333333333366,1.9299999999999926,0.33333333333333215,1.2333333333333343,-2.3000000000000007,-3.5666666666666664,-1.7999999999999998,3.2,2.0
2026-03-12,Rhode Island,Duquesne,0,-6,-5.50645161290322,-4.022580645161298,-2.096774193548388,-0.612903225806452,0.2903225806451619,-2.225806451612904,2.1999999999999993,-0.30000000000000004,-3.700000000000003
2025-11-14,Rice,East Texas A&M,1,7,8.699999999999989,-12.166666666666671,-6.333333333333332,-3.666666666666666,2.333333333333334,2.0,14.666666666666666,2.4999999999999996,0.4000000000000057
2025-11-24,Rice,Kennesaw State,0,-5,-15.716666666666654,20.341666666666654,-5.333333333333332,-0.16666666666666607,-2.25,-11.083333333333332,-42.0,-0.30000000000000004,-4.299999999999997
2025-11-25,Rice,Florida Gulf Coast,-1,-15,-11.719047619047629,-7.480952380952374,-2.404761904761905,3.1428571428571423,-3.3809523809523796,-0.571428571428573,-9.0,3.3000000000000003,-1.5999999999999943
2025-11-26,Rice,Oral Roberts,0,19,-2.8500000000000085,-5.075000000000003,-4.75,-2.625,1.375,1.75,-6.000000000000001,3.6,-1.0
2025-12-13,Rice,Arkansas State,1,1,-3.4000000000000057,-4.719999999999999,-3.0,-2.0,-0.7999999999999989,-1.6000000000000014,-5.8,0.8999999999999999,-4.5
2025-12-20,Rice,Pepperdine,-1,-22,2.3916666666666515,-8.308333333333337,1.0833333333333321,0.16666666666666607,1.333333333333334,2.3333333333333357,16.6,0.2999999999999998,-1.3999999999999915
2026-01-03,Rice,Memphis,1,-6,1.3593406593406598,2.30219780219781,2.2142857142857153,-1.7747252747252755,-1.5274725274725274,1.758241758241759,-2.0,-5.699999999999999,-3.6999999999999886
2026-01-11,Rice,Charlotte,1,-1,-8.287500000000009,-6.268749999999997,-0.125,1.3125,0.125,0.875,-14.2,-1.6,3.200000000000003
2026-01-28,Rice,East Carolina,-1,6,10.039999999999992,-1.1049999999999898,6.0,-0.5499999999999989,0.5999999999999996,0.40000000000000213,7.199999999999999,0.09999999999999987,-1.6999999999999886
2026-01-30,Rice,Charlotte,-1,-10,-6.057142857142878,-5.357142857142861,0.7142857142857117,0.7142857142857135,0.6666666666666661,0.8095238095238066,2.4000000000000004,-1.6,3.200000000000003
2026-02-04,Rice,North Texas,1,3,4.181818181818173,9.713636363636354,5.454545454545457,0.5454545454545467,1.0,0.9545454545454533,-0.19999999999999996,-2.1,0.8000000000000114
2026-02-11,Rice,Florida Atlantic,1,8,-5.058333333333323,4.104166666666671,-0.4583333333333357,-0.5416666666666661,0.5416666666666661,-2.291666666666668,5.199999999999999,-2.8,-2.3999999999999915
2026-02-14,Rice,East Carolina,1,-10,7.982666666666674,-1.1018333333333317,6.82,0.10166666666666657,1.6883333333333344,0.8900000000000006,-1.2,0.09999999999999987,-1.6999999999999886
2026-03-04,Rice,North Texas,-1,-4,2.3893103448276065,9.081609195402294,6.989655172413794,1.3229885057471265,0.7045977011494244,1.1816091954022987,-4.4,-2.1,0.8000000000000114
2025-11-22,Richmond,Gardner-Webb,1,35,26.77000000000001,-32.625,4.399999999999999,-2.5500000000000007,2.6999999999999993,7.850000000000001,43.6,7.6,-2.1000000000000085
2025-11-27,Richmond,Furman,0,-1,11.900000000000006,-11.04333333333335,-2.8999999999999986,-2.666666666666666,-1.2333333333333343,3.2666666666666693,11.6,3.3000000000000003,1.3999999999999915
2025-11-28,Richmond,Charlotte,0,5,9.411904761904765,-17.528571428571425,6.333333333333332,-0.4285714285714288,0.5238095238095237,5.0238095238095255,21.799999999999997,0.1,2.8999999999999915
2025-12-03,Richmond,Belmont,-1,8,0.7660714285714221,6.94285714285715,-0.7142857142857153,-3.303571428571429,2.1428571428571423,-1.3571428571428577,-10.600000000000001,-0.7000000000000001,-2.0
2025-12-06,Richmond,Old Dominion,1,9,12.218055555555551,-12.737500000000011,3.333333333333332,-0.6111111111111107,2.1111111111111107,4.486111111111111,21.8,2.8000000000000003,-2.5
2025-12-17,Richmond,Elon,-1,-3,-4.959999999999994,-12.909999999999997,-2.799999999999997,0.5,-3.200000000000001,4.5,-3.1999999999999993,3.1,-0.6000000000000085
2025-12-28,Richmond,Charleston Southern,1,-5,4.7071428571428555,-3.2404761904762154,-11.035714285714285,-1.666666666666666,-1.654761904761905,-3.1428571428571423,-10.4,5.3,-7.200000000000003
2025-12-31,Richmond,George Washington,1,-14,-3.73846153846155,-1.2461538461538453,-0.1538461538461533,-2.0769230769230784,-1.5384615384615383,1.0,-5.6000000000000005,-3.1999999999999997,-1.4000000000000057
2026-01-04,Richmond,Fordham,-1,8,5.735714285714295,9.078571428571436,1.8571428571428577,-0.8571428571428577,-3.0,-1.1428571428571423,-9.8,2.0,3.8999999999999915
2026-01-14,Richmond,La Salle,1,21,15.099999999999994,-6.858823529411765,8.47058823529412,-2.352941176470587,-1.764705882352942,3.6470588235294095,16.0,-1.5999999999999999,1.5999999999999943
2026-01-21,Richmond,Rhode Island,1,-1,5.647660818713462,1.9459064327485436,0.0906432748538002,-2.6432748538011683,-0.9064327485380108,4.3187134502924,3.4000000000000004,-1.2,1.8999999999999915
2026-01-24,Richmond,George Washington,-1,-16,-5.514210526315779,0.9028947368421143,-2.810526315789474,-2.302631578947368,-2.48421052631579,0.2605263157894733,-7.6,-3.1999999999999997,-1.4000000000000057
2026-01-31,Richmond,Davidson,1,-25,4.165909090909096,-0.20454545454545325,-0.3772727272727252,-0.5181818181818176,-0.09090909090909172,3.65909090909091,0.0,-1.5999999999999999,3.799999999999997
2026-02-07,Richmond,Rhode Island,-1,-5,3.5662055335968574,3.9209486166008105,0.3675889328063242,-2.0316205533596836,-0.695652173913043,3.320158102766797,-13.2,-1.2,1.8999999999999915
2026-02-10,Richmond,George Mason,1,12,-2.0833333333333286,6.01666666666668,6.333333333333332,-0.5833333333333339,0.041666666666666075,0.04166666666666785,-12.0,-1.2,3.799999999999997
2026-02-18,Richmond,Davidson,-1,-2,-0.6016923076923035,2.217846153846139,-0.2523076923076921,-0.26615384615384663,-0.7938461538461548,2.9307692307692292,-24.6,-1.5999999999999999,3.799999999999997
2026-02-28,Richmond,Loyola Chicago,-1,-3,11.660714285714278,-8.799999999999983,-1.8214285714285694,-3.0357142857142865,-1.4642857142857144,2.0357142857142847,10.600000000000001,-0.30000000000000004,2.299999999999997
2026-03-03,Richmond,Dayton,1,-5,1.7310344827586164,5.486206896551721,2.517241379310345,-2.206896551724137,-0.1724137931034484,1.137931034482758,-10.8,-5.1000000000000005,0.3999999999999915
2026-03-07,Richmond,Duquesne,-1,-2,0.8366666666666731,0.9966666666666697,-0.9333333333333336,-3.533333333333333,-1.1333333333333329,0.03333333333333499,6.6000000000000005,-1.5,-1.8000000000000114
2026-03-11,Richmond,Loyola Chicago,0,-8,10.403225806451616,-7.912903225806446,-1.4193548387096762,-3.03225806451613,-1.290322580645162,1.0645161290322598,3.0000000000000004,-0.30000000000000004,2.299999999999997
2025-11-20,Rider,Houston,-1,-46,-17.849999999999994,31.57499999999999,-9.75,3.25,0.5,0.75,-33.25,-21.7,0.10000000000000853
2025-11-25,Rider,Coppin State,1,-3,-4.410000000000011,1.0350000000000108,-4.050000000000001,-0.4499999999999993,1.3499999999999996,3.2749999999999986,-5.0,2.9000000000000004,-3.799999999999997
2025-12-04,Rider,Merrimack,-1,-2,-9.733333333333334,1.7166666666666828,-11.0,4.111111111111111,4.777777777777777,7.055555555555557,-5.0,-3.8,1.2000000000000028
2025-12-07,Rider,Quinnipiac,-1,-14,-20.828571428571436,11.487301587301587,-6.428571428571427,2.8730158730158735,0.936507936507935,0.5555555555555571,-29.0,-2.7,-4.299999999999997
2025-12-09,Rider,Bucknell,1,-13,-9.372727272727289,-3.7863636363636317,-8.295454545454547,1.1818181818181817,2.9886363636363633,3.8863636363636367,-7.200000000000001,-1.5999999999999996,-1.8999999999999915
2025-12-16,Rider,Delaware,-1,-8,-14.388888888888886,-0.33222222222221376,-8.911111111111111,1.1111111111111107,4.7,0.9111111111111114,-11.0,-4.0,0.7000000000000028
2025-12-29,Rider,Manhattan,1,-3,-18.780419580419576,-3.1062937062937124,-6.097902097902097,2.34965034965035,2.0769230769230766,1.7832167832167833,-4.0,-0.09999999999999964,-3.0999999999999943
2026-01-09,Rider,Fairfield,-1,-6,-18.99711538461537,5.672596153846158,-6.692307692307693,2.927884615384615,-0.6298076923076916,-1.64423076923077,-26.200000000000003,-0.7999999999999998,-1.7999999999999972
2026-01-11,Rider,Marist,1,-22,-14.087619047619029,19.987142857142857,-4.919047619047618,1.3571428571428577,1.7285714285714295,-2.1619047619047613,-19.8,-1.7000000000000002,-0.8999999999999915
2026-01-14,Rider,Iona,1,4,-13.624444444444435,9.472222222222214,-9.311111111111114,0.2222222222222232,2.9000000000000004,-3.0444444444444443,-11.2,-1.7999999999999998,-4.3999999999999915
2026-01-24,Rider,Mount St. Mary's,-1,-10,-3.967460317460322,7.757142857142881,-8.476190476190474,-3.2698412698412707,1.8412698412698418,-1.6904761904761934,-9.6,-1.5999999999999996,-2.0999999999999943
2026-01-30,Rider,Manhattan,-1,-5,-12.409330143540657,-1.6083732057416142,-5.53827751196172,1.614832535885169,1.758373205741627,1.617224880382775,-0.40000000000000036,-0.09999999999999964,-3.0999999999999943
2026-02-05,Rider,Marist,-1,-29,-8.011038961038949,20.796103896103915,-4.454545454545453,0.7943722943722946,2.5757575757575744,-2.5800865800865793,-6.3999999999999995,-1.7000000000000002,-0.8999999999999915
2026-02-07,Rider,Merrimack,1,-26,-8.842803030303017,9.791666666666671,-8.833333333333332,1.9507575757575744,4.287878787878788,3.6022727272727266,-23.0,-3.8,1.2000000000000028
2026-02-13,Rider,Mount St. Mary's,1,-10,-3.7147157190635625,10.249498327759213,-8.163879598662207,-3.7107023411371234,1.76923076923077,-3.2826086956521756,-13.200000000000001,-1.5999999999999996,-2.0999999999999943
2026-02-20,Rider,Canisius,1,-6,-0.9314074074074057,6.469629629629637,-6.162962962962961,-0.9407407407407398,2.0992592592592594,0.03999999999999915,-4.799999999999999,0.09999999999999964,0.9000000000000057
2026-02-22,Rider,Niagara,1,5,-4.040455840455849,3.5274928774928895,-5.635327635327634,0.0954415954415957,4.212250712250712,1.2920227920227916,-14.399999999999999,0.20000000000000018,2.1000000000000085
2026-02-27,Rider,Iona,-1,-22,-8.91941251596424,10.061941251596437,-11.330779054916986,-0.30395913154533716,3.019157088122606,-3.1136653895274584,-10.2,-1.7999999999999998,-4.3999999999999915
2025-11-23,Robert Morris,Monmouth,-1,-1,10.670000000000002,1.1600000000000108,3.75,0.34999999999999964,5.199999999999999,-3.8500000000000014,5.7,-1.5,-0.7000000000000028
2025-11-26,Robert Morris,Illinois–Chicago,1,14,-6.2333333333333485,2.316666666666663,3.333333333333332,0.8333333333333339,5.166666666666668,1.0,2.4000000000000004,-4.6,-1.0999999999999943
2025-12-04,Robert Morris,Green Bay,-1,2,5.700000000000003,-8.411111111111126,1.1111111111111107,3.222222222222223,7.111111111111111,0.0,-2.4000000000000004,-0.6000000000000001,1.9000000000000057
2025-12-06,Robert Morris,Milwaukee,-1,-2,2.0375000000000085,-12.722499999999997,0.7250000000000014,2.4499999999999993,2.125,0.9250000000000007,14.8,-0.8000000000000003,-2.0999999999999943
2025-12-29,Robert Morris,Northern Kentucky,1,-2,-0.47142857142856087,1.828571428571422,-4.428571428571427,-1.1428571428571423,2.3571428571428577,1.3571428571428577,-1.6,0.3999999999999999,-4.3999999999999915
2026-01-02,Robert Morris,Detroit Mercy,-1,8,7.275384615384624,-2.352307692307704,3.0666666666666664,0.3179487179487186,1.4871794871794872,-1.5487179487179503,-9.0,-0.3999999999999999,-2.700000000000003
2026-01-04,Robert Morris,Oakland,-1,-23,1.24166666666666,-10.030833333333334,3.283333333333335,1.7375000000000007,4.991666666666667,1.341666666666665,10.399999999999999,-2.9000000000000004,-4.3999999999999915
2026-01-11,Robert Morris,Purdue Fort Wayne,1,-5,2.9846405228758215,0.1519607843137294,-5.1307189542483655,2.212418300653596,6.330065359477125,1.68954248366013,5.4,0.10000000000000009,-2.0
2026-01-15,Robert Morris,IU Indy,-1,-3,5.852631578947367,-7.428362573099406,-8.842105263157897,-0.49122807017543835,3.1491228070175445,3.3216374269005833,8.200000000000001,1.6999999999999997,-8.0
2026-01-17,Robert Morris,Northern Kentucky,-1,3,-2.826578947368418,4.934736842105281,-2.747368421052631,0.047368421052631504,2.534210526315789,-0.2947368421052623,-18.0,0.3999999999999999,-4.3999999999999915
2026-01-22,Robert Morris,Milwaukee,1,12,3.3649999999999807,-5.265000000000001,0.6499999999999986,2.0,0.8000000000000007,-0.10000000000000142,4.0,-0.8000000000000003,-2.0999999999999943
2026-01-24,Robert Morris,Green Bay,1,-4,1.7238095238095212,-5.957142857142841,3.4285714285714306,2.3809523809523796,6.523809523809524,0.5238095238095255,-3.4000000000000004,-0.6000000000000001,1.9000000000000057
2026-01-28,Robert Morris,IU Indy,1,16,4.222727272727269,-6.377272727272739,-7.454545454545453,0.2272727272727284,2.3636363636363633,3.72727272727273,2.6,1.6999999999999997,-8.0
2026-01-31,Robert Morris,Purdue Fort Wayne,-1,-12,2.6780632411067273,0.9019762845849897,-4.90711462450593,2.857707509881422,5.66600790513834,2.0059288537549413,0.20000000000000018,0.10000000000000009,-2.0
2026-02-12,Robert Morris,Cleveland State,-1,17,1.498461538461541,-8.684923076923084,-4.523076923076925,-0.5261538461538464,3.1276923076923087,1.833846153846153,-1.6,1.4,-4.5
2026-02-15,Robert Morris,Oakland,1,24,-0.23404558404557463,-4.166666666666686,3.83190883190883,1.9245014245014254,3.0427350427350426,1.0313390313390336,4.3999999999999995,-2.9000000000000004,-4.3999999999999915
2026-02-25,Robert Morris,Detroit Mercy,1,11,5.716347381864637,-2.535887611749672,4.757343550446997,0.42017879948914505,0.6130268199233715,-0.422733077905491,12.2,-0.3999999999999999,-2.700000000000003
2026-02-28,Robert Morris,Cleveland State,1,19,3.5733333333333377,-11.716666666666654,-4.900000000000002,-0.5333333333333332,3.700000000000001,2.4333333333333336,28.2,1.4,-4.5
2026-03-09,Robert Morris,Detroit Mercy,0,-6,5.213541666666671,-3.748750000000001,4.952083333333334,0.5875000000000004,1.0854166666666671,-0.3270833333333343,11.399999999999999,-0.3999999999999999,-2.700000000000003
2025-11-18,Rutgers,American,1,9,7.25833333333334,-14.51666666666668,-10.333333333333332,-5.5,3.333333333333334,1.1666666666666679,13.083333333333332,12.899999999999999,1.2000000000000028
2025-11-21,Rutgers,Central Connecticut State,1,-13,9.774999999999991,-1.5499999999999972,-4.25,0.0,0.5,-2.0,6.75,15.4,2.299999999999997
2025-11-25,Rutgers,Notre Dame,0,-5,-11.13333333333334,0.3166666666666629,-4.666666666666664,0.0,0.5,-0.33333333333333215,-10.6,-0.7000000000000002,-0.29999999999999716
2025-12-02,Rutgers,Purdue,1,-16,-25.721428571428575,0.523214285714289,-5.625,1.6071428571428577,-2.071428571428571,-2.0,-26.0,-8.3,2.6000000000000085
2025-12-06,Rutgers,Michigan,-1,-41,-16.266666666666666,15.24444444444444,-8.88888888888889,-2.730158730158731,-0.4285714285714288,-10.20634920634921,-36.6,-10.000000000000002,-4.200000000000003
2025-12-20,Rutgers,Pennsylvania,1,1,-7.52000000000001,-0.5472727272727411,-1.1090909090909093,0.22727272727272663,-1.045454545454545,-1.4454545454545453,-8.200000000000001,7.199999999999999,-1.7999999999999972
2025-12-29,Rutgers,Delaware State,1,15,10.158333333333346,1.2702380952380992,3.0238095238095255,-0.17857142857142883,2.083333333333334,0.33333333333333215,-12.0,19.799999999999997,1.2999999999999972
2026-01-02,Rutgers,Ohio State,1,-7,-19.12564102564103,4.231410256410243,-3.98076923076923,1.1923076923076916,2.698717948717948,-3.660256410256409,-17.0,-5.800000000000001,0.5
2026-01-05,Rutgers,Oregon,1,3,-8.928571428571416,1.7285714285714278,-6.214285714285715,-0.7857142857142847,-0.5714285714285712,-2.0714285714285694,-29.0,-2.200000000000001,0.9000000000000057
2026-01-08,Rutgers,Illinois,-1,-26,-23.164761904761903,7.482857142857128,-9.628571428571426,1.4190476190476193,-1.3571428571428577,-5.728571428571428,-20.2,-8.0,1.2999999999999972
2026-01-11,Rutgers,Northwestern,1,2,-13.617500000000007,4.537499999999994,-0.19583333333333286,2.6083333333333325,3.0083333333333337,-0.7458333333333336,-6.199999999999999,-3.5,1.9000000000000057
2026-01-20,Rutgers,Iowa,-1,-6,-18.111111111111114,11.75555555555556,-1.3888888888888893,0.8888888888888893,3.166666666666667,1.3333333333333357,-10.2,-6.0,4.900000000000006
2026-01-23,Rutgers,Indiana,1,-23,-13.968421052631584,6.75789473684209,-8.842105263157897,0.7894736842105274,2.999999999999999,-1.3157894736842124,0.7999999999999998,-4.4,0.20000000000000284
2026-01-27,Rutgers,Michigan State,1,-9,-14.100000000000009,17.355000000000004,-0.9499999999999993,-0.7999999999999989,-0.7999999999999989,-5.349999999999998,-33.8,-7.1,0.29999999999999716
2026-02-07,Rutgers,Nebraska,1,-12,-13.763636363636351,15.88260869565218,-10.081027667984188,1.4486166007905137,2.83399209486166,-4.66798418972332,-21.8,-5.700000000000001,0.7000000000000028
2026-02-15,Rutgers,Maryland,1,11,-1.6208333333333371,-1.75,-5.291666666666668,-1.4583333333333321,0.6666666666666661,-0.7083333333333321,0.3999999999999986,-2.0999999999999996,0.4000000000000057
2026-02-18,Rutgers,Penn State,-1,13,-8.367076923076922,-4.587692307692308,-1.3569230769230778,0.856923076923076,2.9399999999999995,1.7323076923076925,0.8000000000000007,0.5,0.5
2026-02-21,Rutgers,Minnesota,-1,-19,-4.25,6.873076923076937,-4.42307692307692,0.11538461538461675,2.4230769230769225,-0.76923076923077,-4.8,-1.5999999999999996,3.799999999999997
2026-03-01,Rutgers,Maryland,-1,4,-0.33571428571428896,-1.4928571428571473,-6.214285714285712,-1.5714285714285712,-0.17857142857142883,-0.928571428571427,0.6000000000000001,-2.0999999999999996,0.4000000000000057
2026-03-05,Rutgers,Michigan State,-1,-4,-12.817241379310346,13.031034482758628,-1.586206896551726,-0.8965517241379306,-1.4827586206896548,-5.586206896551722,-4.199999999999999,-7.1,0.29999999999999716
2026-03-08,Rutgers,Penn State,1,12,-6.436666666666682,-6.026666666666657,-1.466666666666665,-0.09999999999999964,2.5666666666666664,1.3666666666666671,12.8,0.5,0.5
2026-03-11,Rutgers,Minnesota,0,5,-5.029032258064504,4.3935483870967715,-4.838709677419356,-0.06451612903225801,2.451612903225806,-0.4516129032258043,0.20000000000000018,-1.5999999999999996,3.799999999999997
2026-04-02,Rutgers,Creighton,0,-13,-5.0785037878787875,1.7758522727272634,-8.439393939393938,-0.5861742424242422,1.302083333333334,-3.2405303030303045,6.2,-2.200000000000001,-1.0
2025-11-14,SIU Edwardsville,Drake,-1,2,-3.200000000000003,-15.333333333333329,-6.333333333333332,4.666666666666666,1.666666666666666,1.0,11.666666666666668,-7.800000000000001,-1.7000000000000028
2025-11-21,SIU Edwardsville,Air Force,-1,-14,11.340000000000018,-15.719999999999985,-0.6000000000000014,-3.200000000000001,1.8000000000000007,5.800000000000001,21.4,-7.2,-0.6000000000000085
2025-11-23,SIU Edwardsville,Alabama State,0,15,-2.433333333333337,-8.683333333333337,-3.5,-0.6666666666666661,-1.333333333333334,4.0,-15.8,-0.6000000000000005,-4.800000000000011
2025-12-02,SIU Edwardsville,North Florida,-1,9,-3.608928571428578,-17.973214285714292,-12.035714285714285,-2.1428571428571423,1.6607142857142865,7.267857142857142,-12.8,-1.9000000000000004,-5.800000000000011
2025-12-18,SIU Edwardsville,Eastern Illinois,-1,-4,19.37272727272726,-19.164545454545433,5.563636363636363,-2.5999999999999996,4.145454545454545,5.763636363636362,40.8,-0.8000000000000007,-0.6000000000000085
2026-01-03,SIU Edwardsville,Morehead State,1,-1,-0.10000000000000853,-14.42857142857143,1.8571428571428577,-1.7142857142857135,-1.3571428571428577,1.1428571428571423,-1.8000000000000007,-1.3000000000000007,-1.0
2026-01-06,SIU Edwardsville,Lindenwood,1,4,-0.7333333333333343,0.9333333333333371,2.400000000000002,-1.6000000000000014,-0.8666666666666671,-2.1999999999999993,-7.4,-1.0,-7.200000000000003
2026-01-08,SIU Edwardsville,Little Rock,1,-3,7.0233333333333405,-16.09916666666666,3.845833333333335,-3.8583333333333325,0.33750000000000036,4.445833333333333,-4.199999999999999,-1.8000000000000007,-1.1000000000000085
2026-01-29,SIU Edwardsville,Morehead State,-1,-2,-3.5047619047618923,-13.980952380952388,2.0476190476190474,-1.6190476190476186,-1.9523809523809526,1.0,0.6000000000000001,-1.3000000000000007,-1.0
2026-02-03,SIU Edwardsville,Lindenwood,-1,6,0.13043478260870245,-0.36956521739131176,1.1304347826086953,-2.7391304347826093,-0.8260869565217384,-1.217391304347828,4.8,-1.0,-7.200000000000003
2026-02-07,SIU Edwardsville,Little Rock,-1,10,3.191666666666677,-13.824999999999989,2.041666666666668,-2.125,-0.2916666666666661,4.25,11.6,-1.8000000000000007,-1.1000000000000085
2026-02-28,SIU Edwardsville,Eastern Illinois,1,27,4.76333333333335,-7.786666666666676,3.7333333333333343,-0.36666666666666714,0.5666666666666664,2.866666666666667,0.0,-0.8000000000000007,-0.6000000000000085
2026-03-04,SIU Edwardsville,Eastern Illinois,0,-6,6.032258064516128,-8.958064516129014,3.870967741935484,-0.35483870967741993,0.67741935483871,3.06451612903226,5.4,-0.8000000000000007,-0.6000000000000085
2025-11-15,SMU,Butler,1,2,-5.299999999999983,14.899999999999991,-9.333333333333332,-4.333333333333334,-4.666666666666668,-5.333333333333332,-17.333333333333332,1.5,0.0
2025-11-18,SMU,Arkansas–Pine Bluff,1,46,25.834999999999994,-23.965000000000018,-9.05,-3.3499999999999996,1.1500000000000004,4.25,37.0,17.9,0.20000000000000284
2025-11-21,SMU,Arkansas State,1,31,8.83999999999999,-14.800000000000011,-7.800000000000001,-1.0,-1.4000000000000004,4.399999999999999,19.0,12.3,-1.7000000000000028
2025-11-24,SMU,Radford,1,17,19.299999999999983,-14.638095238095232,-8.166666666666668,-2.166666666666666,-1.1428571428571423,4.5238095238095255,38.2,15.3,-2.5999999999999943
2025-11-28,SMU,Mississippi State,-1,6,13.223809523809521,-12.383333333333326,-7.30952380952381,-2.2380952380952372,-0.8333333333333339,-1.3809523809523832,27.2,0.40000000000000036,-0.7000000000000028
2025-12-13,SMU,Louisiana State,0,-12,-5.597777777777793,2.782222222222231,-0.6111111111111107,0.18888888888889,-0.033333333333333215,-2.7666666666666693,-1.0,0.3000000000000007,1.2000000000000028
2025-12-21,SMU,Central Arkansas,1,17,13.688636363636363,4.60530303030302,-13.053030303030301,-1.3181818181818183,1.4772727272727266,-0.6969696969696955,-9.4,13.700000000000001,1.2999999999999972
2025-12-28,SMU,Cal State Fullerton,1,47,6.370512820512815,-3.726282051282041,-4.967948717948715,0.4038461538461533,1.9871794871794872,-0.4358974358974379,-9.2,11.5,-4.099999999999994
2026-01-03,SMU,North Carolina,1,14,3.6692307692307793,9.643956043956052,-3.2747252747252737,1.3021978021978011,0.5714285714285712,-3.6043956043956022,-10.600000000000001,-1.299999999999999,2.1000000000000085
2026-01-07,SMU,Clemson,-1,-4,4.1371428571428766,5.009999999999991,-1.7666666666666657,1.8571428571428577,0.8952380952380956,0.21904761904761827,10.8,-0.6999999999999993,6.299999999999997
2026-01-10,SMU,Duke,-1,-7,-2.3800000000000097,10.173333333333318,-5.600000000000001,-0.5999999999999996,-0.40000000000000036,-2.533333333333335,3.5999999999999996,-5.399999999999999,4.799999999999997
2026-01-24,SMU,Florida State,1,3,9.457894736842107,-1.9842105263157919,-12.473684210526311,-1.1578947368421044,-1.3157894736842106,2.842105263157894,10.6,0.9000000000000004,-0.09999999999999432
2026-01-31,SMU,Louisville,-1,-14,-1.809999999999988,7.064999999999998,-12.25,-0.29999999999999893,-0.8500000000000014,-2.5,-4.6,-3.0,0.7999999999999972
2026-02-03,SMU,NC State,1,-1,-4.3207792207792295,4.001515151515136,-5.374458874458874,1.8766233766233782,1.233766233766234,0.571428571428573,-9.8,-0.8999999999999986,1.6000000000000085
2026-02-07,SMU,Pittsburgh,-1,19,9.64466403162055,-1.4444664031620391,-2.5316205533596836,0.35375494071146285,-0.6007905138339922,3.0691699604743086,7.0,1.9000000000000004,6.6000000000000085
2026-02-10,SMU,Notre Dame,1,8,9.229347826086936,-0.26630434782609314,-2.594202898550723,0.16847826086956452,0.5851449275362306,-0.14311594202898448,9.2,2.000000000000001,3.700000000000003
2026-02-17,SMU,Louisville,1,10,-2.63600000000001,8.256000000000014,-10.719999999999999,-0.4399999999999995,-0.3200000000000003,-2.6799999999999997,-14.8,-3.0,0.7999999999999972
2026-02-21,SMU,Boston College,1,24,18.319230769230757,4.48846153846155,-2.5769230769230766,0.884615384615385,1.0769230769230766,0.03846153846153655,16.8,5.800000000000001,4.0
2026-02-25,SMU,California,-1,-4,7.533333333333346,4.177777777777791,-2.6296296296296298,0.9259259259259256,2.7777777777777786,0.518518518518519,13.4,4.1000000000000005,1.2000000000000028
2026-03-04,SMU,Miami (FL),1,-8,0.2551724137931046,8.020689655172404,2.586206896551726,-0.3448275862068968,-0.5517241379310338,0.0,-4.4,0.0,2.299999999999997
2026-03-07,SMU,Florida State,-1,-13,6.806666666666658,1.086666666666673,-9.766666666666666,0.033333333333333215,-0.43333333333333357,1.8000000000000007,-2.2,0.9000000000000004,-0.09999999999999432
2026-03-11,SMU,Louisville,0,-4,-2.7557459677419303,6.88719758064515,-10.304435483870968,-0.605846774193548,0.15020161290322598,-2.258064516129032,-11.0,-3.0,0.7999999999999972
2026-03-18,SMU,Miami (OH),0,-10,-6.325946969696972,5.82964015151515,-4.080492424242426,0.8191287878787872,3.5217803030303028,-1.5615530303030312,-8.0,11.100000000000001,-0.3999999999999915
2025-11-16,Sacramento State,Presbyterian,1,2,10.480000000000018,-0.5049999999999955,5.300000000000001,-0.5,-1.6500000000000004,5.949999999999999,7.45,1.5,5.299999999999997
2025-11-21,Sacramento State,California,-1,-24,-12.866666666666674,8.64333333333333,-2.9666666666666686,2.4333333333333336,0.5666666666666664,3.0666666666666664,-20.0,-8.9,2.0
2025-11-29,Sacramento State,Pacific,-1,-14,-7.8321428571428555,3.016071428571422,2.946428571428573,0.3214285714285712,2.0357142857142856,1.8392857142857153,-8.8,-4.1000000000000005,6.099999999999994
2025-12-02,Sacramento State,Baylor,-1,-22,-20.0,-11.149999999999991,-0.6666666666666679,2.2222222222222214,-3.7777777777777786,6.111111111111111,-8.6,-14.399999999999999,2.9000000000000057
2025-12-20,Sacramento State,California Baptist,-1,-7,-6.736666666666665,2.75833333333334,4.366666666666667,1.0166666666666657,-3.4000000000000004,2.5500000000000007,-2.1999999999999993,-2.5,4.0
2025-12-22,Sacramento State,Cal State Northridge,-1,-12,-4.9750000000000085,1.7560606060606148,0.9924242424242422,-0.712121212121211,-1.8636363636363633,0.11363636363636331,-17.0,-1.0,-3.9000000000000057
2026-01-01,Sacramento State,Idaho State,-1,-13,-12.820512820512818,-0.639102564102572,0.4487179487179489,0.852564102564104,-0.21794871794871895,4.858974358974361,-6.4,0.6999999999999997,5.700000000000003
2026-01-10,Sacramento State,Portland State,-1,-27,-8.992857142857147,8.68076923076923,2.032967032967033,-0.09890109890109855,-0.40109890109890145,-0.2142857142857153,-21.8,-0.10000000000000009,2.4000000000000057
2026-01-15,Sacramento State,Northern Arizona,1,14,-3.893333333333345,1.379215686274506,4.686274509803919,0.7411764705882362,1.9411764705882355,2.4352941176470573,-17.2,1.7999999999999998,7.299999999999997
2026-01-17,Sacramento State,Northern Colorado,1,4,-13.41805555555554,2.58263888888888,-3.8611111111111107,0.22222222222222143,1.8819444444444446,-0.7083333333333321,-6.6,0.09999999999999964,1.0999999999999943
2026-01-22,Sacramento State,Idaho,-1,-10,-9.516339869281055,5.183333333333337,-4.571895424836601,0.6274509803921582,1.0032679738562091,-0.09803921568627416,-7.0,-0.8000000000000003,2.700000000000003
2026-01-24,Sacramento State,Eastern Washington,-1,-8,-2.8997076023391912,-5.207894736842093,3.1111111111111107,-1.3596491228070189,1.011695906432747,3.850877192982459,-6.4,-2.2,2.9000000000000057
2026-01-29,Sacramento State,Montana State,1,3,-11.636090225563905,6.980952380952388,-3.4536340852130323,1.3433583959899735,1.6090225563909772,1.556390977443609,-10.600000000000001,-1.4000000000000001,4.900000000000006
2026-01-31,Sacramento State,Montana,1,7,-6.168181818181807,9.576818181818183,0.8136363636363626,-2.3545454545454554,3.7772727272727282,-2.231818181818184,-8.6,-0.20000000000000018,1.5
2026-02-07,Sacramento State,Portland State,1,-1,-3.0712121212121275,13.554545454545448,2.7012987012987004,-1.0541125541125531,-0.15584415584415545,-0.4242424242424221,-5.8,-0.10000000000000009,2.4000000000000057
2026-02-12,Sacramento State,Northern Colorado,-1,-16,-9.28591304347826,2.861565217391316,-3.862608695652174,-0.20347826086956466,1.057391304347826,-1.2869565217391283,-2.8,0.09999999999999964,1.0999999999999943
2026-02-14,Sacramento State,Northern Arizona,-1,-5,-1.217307692307699,-3.290064102564102,3.179487179487179,0.7564102564102573,1.8108974358974352,3.602564102564102,8.0,1.7999999999999998,7.299999999999997
2026-02-19,Sacramento State,Eastern Washington,1,-8,-3.9735384615384675,-3.1544615384615327,2.7399999999999984,-1.1584615384615375,0.1169230769230758,3.1076923076923073,-7.6000000000000005,-2.2,2.9000000000000057
2026-02-21,Sacramento State,Idaho,1,-6,-4.310541310541296,7.4125356125356205,-5.777777777777779,0.13675213675213627,0.8561253561253555,-1.015669515669515,-2.6,-0.8000000000000003,2.700000000000003
2026-02-26,Sacramento State,Montana,-1,-8,-2.387301587301579,8.128306878306887,0.24470899470899354,-2.87169312169312,3.2486772486772493,-1.9801587301587276,0.39999999999999947,-0.20000000000000018,1.5
2026-02-28,Sacramento State,Montana State,-1,-21,-6.702832512315268,7.512438423645321,-3.6637931034482776,0.8793103448275854,1.0332512315270925,1.6046798029556655,-10.0,-1.4000000000000001,4.900000000000006
2026-03-02,Sacramento State,Idaho State,1,18,-5.681954022988506,-1.5803448275862024,-0.5436781609195407,-0.22528735632183938,-1.0068965517241395,2.6770114942528735,-2.8,0.6999999999999997,5.700000000000003
2026-03-07,Sacramento State,Idaho,0,-23,-5.017419354838694,7.082258064516111,-6.176344086021505,-0.28387096774193665,0.020430107526880903,-0.887096774193548,-7.2,-0.8000000000000003,2.700000000000003
2025-11-15,Sacred Heart,Queens (NC),-1,-17,14.166666666666671,0.8583333333333201,5.666666666666664,-3.5,5.083333333333334,-2.083333333333332,9.166666666666666,-2.3,-2.8000000000000114
2025-11-21,Sacred Heart,Holy Cross,1,13,16.385000000000005,-5.990000000000009,7.899999999999999,0.40000000000000036,6.5,-0.05000000000000071,15.7,1.2000000000000002,3.0999999999999943
2025-11-24,Sacred Heart,Central Connecticut State,-1,-2,7.960000000000008,18.019999999999996,11.600000000000001,1.5999999999999996,0.8000000000000007,-7.800000000000001,-8.0,2.700000000000001,3.1999999999999886
2025-11-29,Sacred Heart,Penn State,-1,-31,-9.361904761904768,6.390476190476178,12.761904761904763,4.023809523809523,2.0,-1.4761904761904745,-15.2,-12.2,1.3999999999999915
2025-12-03,Sacred Heart,Mount St. Mary's,-1,7,15.49464285714285,0.2339285714285495,5.625,-3.2857142857142865,3.1428571428571423,-5.607142857142858,4.600000000000001,-0.1999999999999993,0.7999999999999972
2025-12-07,Sacred Heart,Iona,1,-12,2.1138888888888943,8.816666666666663,5.472222222222221,0.5,1.9305555555555554,-6.208333333333332,-2.6,-0.39999999999999947,-1.5
2025-12-13,Sacred Heart,NJIT,-1,16,18.87777777777778,3.175757575757558,5.646464646464647,-0.8484848484848477,3.242424242424243,-4.717171717171716,17.6,1.9000000000000004,0.5
2025-12-19,Sacred Heart,Dartmouth,1,22,-0.36818181818181017,6.75454545454545,2.172727272727272,-0.6909090909090914,1.127272727272727,-4.863636363636363,-6.0,-2.3999999999999995,-1.0
2025-12-29,Sacred Heart,Merrimack,1,-8,6.76153846153845,-1.2999999999999972,5.0,3.0769230769230784,3.6923076923076925,3.76923076923077,-3.8,-2.3999999999999995,4.099999999999994
2026-01-02,Sacred Heart,Niagara,-1,-3,11.017857142857139,-4.594047619047629,10.071428571428573,2.0357142857142865,3.7261904761904754,2.238095238095241,13.6,1.6000000000000005,5.0
2026-01-04,Sacred Heart,Canisius,-1,-4,10.864285714285714,0.040476190476198326,10.890476190476193,-0.12857142857142811,1.9095238095238098,-0.5761904761904759,6.6000000000000005,1.5,3.799999999999997
2026-01-09,Sacred Heart,Marist,1,-4,2.2741071428571473,19.993750000000006,7.955357142857142,1.5446428571428577,0.7232142857142865,-4.205357142857142,-11.0,-0.2999999999999998,2.0
2026-01-11,Sacred Heart,Quinnipiac,1,-10,-0.26948529411764355,10.886764705882356,8.316176470588236,1.4558823529411757,-1.25,-2.665441176470587,-12.4,-1.2999999999999998,-1.4000000000000057
2026-01-19,Sacred Heart,Rider,-1,20,15.82662538699691,0.06656346749225861,14.346749226006194,-0.043343653250774494,-0.44272445820433326,-1.6068111455108358,5.800000000000001,1.4000000000000004,2.8999999999999915
2026-01-22,Sacred Heart,Canisius,1,3,12.858947368421042,1.9768421052631737,9.373684210526314,0.41052631578947363,1.3736842105263154,0.07105263157894726,7.800000000000001,1.5,3.799999999999997
2026-01-24,Sacred Heart,Niagara,1,1,10.845864661654133,-2.3869674185463765,8.421052631578949,2.037593984962406,3.0250626566416052,3.0476190476190474,9.6,1.6000000000000005,5.0
2026-01-30,Sacred Heart,Quinnipiac,-1,7,0.9909090909090708,8.618181818181824,8.954545454545453,1.454545454545455,-1.3181818181818183,-0.9545454545454533,4.4,-1.2999999999999998,-1.4000000000000057
2026-02-01,Sacred Heart,Merrimack,-1,-17,5.963438735177874,4.201778656126493,5.766798418972332,2.146245059288537,2.7608695652173907,4.18379446640316,3.6000000000000005,-2.3999999999999995,4.099999999999994
2026-02-05,Sacred Heart,Fairfield,1,-5,-0.09166666666668277,5.566666666666663,5.791666666666664,2.208333333333332,-3.291666666666666,-0.9583333333333321,4.199999999999999,0.6000000000000005,1.0999999999999943
2026-02-07,Sacred Heart,Manhattan,-1,-12,2.1480000000000103,-3.5319999999999965,7.119999999999997,1.7200000000000006,-0.08000000000000007,1.0799999999999983,2.2,1.3000000000000007,-0.20000000000000284
2026-02-15,Sacred Heart,Rider,1,11,14.137037037037032,-3.5157407407407533,13.499999999999998,0.7453703703703702,-1.8287037037037024,0.9583333333333321,9.4,1.4000000000000004,2.8999999999999915
2026-02-20,Sacred Heart,Fairfield,-1,-10,0.4031746031746053,5.223412698412687,6.130952380952383,1.8267195767195776,-3.0357142857142865,-0.7063492063492056,-1.8000000000000003,0.6000000000000005,1.0999999999999943
2026-02-22,Sacred Heart,Marist,-1,-2,3.8844189016602826,15.988888888888894,9.268199233716476,1.2056194125159632,0.49169859514687175,-2.0153256704980826,-4.0,-0.2999999999999998,2.0
2026-02-27,Sacred Heart,Mount St. Mary's,1,8,8.81563218390805,7.68057471264369,5.645977011494253,-3.1620689655172427,-0.30804597701149383,-1.848275862068963,-8.0,-0.1999999999999993,0.7999999999999972
2026-03-05,Sacred Heart,Iona,0,11,4.332258064516111,7.754838709677429,2.4516129032258043,0.1612903225806459,1.096774193548388,-1.8387096774193559,-3.2,-0.39999999999999947,-1.5
2026-03-06,Sacred Heart,Merrimack,0,-22,2.4313508064516043,6.840322580645164,5.265120967741936,2.243951612903226,2.516129032258065,3.88407258064516,0.0,-2.3999999999999995,4.099999999999994
2025-11-18,Saint Francis (PA),Lehigh,-1,-17,-5.616666666666674,24.15833333333333,-1.3333333333333321,-0.25,1.166666666666667,-4.166666666666668,-25.083333333333332,-1.5,1.8999999999999915
2025-11-24,Saint Francis (PA),Belmont,0,-37,-25.045,34.72999999999999,-6.949999999999999,-0.5999999999999996,-2.8499999999999996,-9.75,-45.7,-9.200000000000001,-0.29999999999999716
2025-12-07,Saint Francis (PA),Radford,-1,-33,-8.824444444444438,-1.5133333333333354,-7.222222222222221,2.5777777777777793,-1.677777777777779,2.62222222222222,9.8,-2.9000000000000004,-4.0
2025-12-17,Saint Francis (PA),Florida,-1,-41,-16.821818181818188,14.865454545454554,-3.1090909090909093,1.163636363636364,-5.790909090909091,-5.399999999999999,-2.4,-23.8,-2.0
2025-12-20,Saint Francis (PA),Robert Morris,1,-9,-19.55576923076923,10.588461538461544,-0.1987179487179489,2.147435897435896,-5.096153846153847,-0.9230769230769234,-18.2,-4.800000000000001,3.0999999999999943
2026-01-02,Saint Francis (PA),Le Moyne,1,-26,-13.23076923076924,3.223076923076931,0.76923076923077,0.8461538461538449,0.9230769230769242,-1.6153846153846132,1.0,-0.8000000000000007,1.2999999999999972
2026-01-04,Saint Francis (PA),FDU,1,3,-8.035714285714278,8.935714285714283,-5.5,0.35714285714285765,-2.0,-1.9285714285714306,-25.799999999999997,0.40000000000000036,5.5
2026-01-10,Saint Francis (PA),LIU,-1,-4,-11.356250000000003,5.325000000000003,6.25,-0.9375,-2.375,0.125,-15.2,-3.0,1.7000000000000028
2026-01-17,Saint Francis (PA),Central Connecticut State,1,-8,-17.11176470588235,10.471372549019605,2.7137254901960794,2.788235294117646,-0.4156862745098042,-4.090196078431372,-8.4,-0.09999999999999964,4.8999999999999915
2026-01-23,Saint Francis (PA),Chicago State,1,21,3.1947368421052573,-1.1999999999999744,6.578947368421055,0.9473684210526319,0.8421052631578938,2.157894736842106,9.0,-2.1000000000000005,3.5999999999999943
2026-01-31,Saint Francis (PA),New Haven,1,-12,-0.49428571428570933,8.305000000000007,2.2738095238095255,0.8976190476190471,0.8714285714285719,-0.269047619047619,2.8000000000000003,0.5,7.099999999999994
2026-02-05,Saint Francis (PA),Mercyhurst,-1,-9,-3.5430641821946125,12.74844720496894,5.488612836438925,2.6314699792960674,0.7991718426501029,-0.18426501035196807,-8.0,-0.40000000000000036,4.5
2026-02-07,Saint Francis (PA),Le Moyne,-1,-2,-6.688257575757575,7.43295454545455,1.34090909090909,-0.3409090909090917,0.8522727272727266,-2.5227272727272734,2.5999999999999996,-0.8000000000000007,1.2999999999999972
2026-02-09,Saint Francis (PA),Chicago State,-1,-5,3.8012681159420225,-0.5701086956521664,5.733695652173914,1.8297101449275353,0.5163043478260878,1.9601449275362341,4.8,-2.1000000000000005,3.5999999999999943
2026-02-12,Saint Francis (PA),FDU,-1,-7,-3.366166666666672,7.80149999999999,-3.0450000000000017,1.3666666666666654,-1.381666666666666,-1.5233333333333334,-1.7999999999999998,0.40000000000000036,5.5
2026-02-14,Saint Francis (PA),Mercyhurst,1,-15,-2.5459999999999923,12.633384615384614,5.3061538461538476,3.001538461538461,0.9492307692307689,-0.6246153846153817,-11.0,-0.40000000000000036,4.5
2026-02-19,Saint Francis (PA),LIU,1,-2,-5.4185185185185105,11.713960113960113,6.578347578347579,-1.0384615384615383,-2.2393162393162402,-1.7977207977207996,-15.0,-3.0,1.7000000000000028
2026-02-24,Saint Francis (PA),New Haven,-1,6,-0.2964285714285779,9.910714285714292,2.2857142857142847,1.8571428571428577,1.7499999999999991,-1.0357142857142847,-10.0,0.5,7.099999999999994
2026-02-28,Saint Francis (PA),Central Connecticut State,-1,-5,-10.008809523809546,7.622380952380951,2.7595238095238095,2.0976190476190464,0.75,-3.2595238095238095,-8.2,-0.09999999999999964,4.8999999999999915
2025-11-17,Saint Joseph's,Pennsylvania,-1,-9,-11.600000000000023,-0.9666666666666544,0.0,-2.0,-1.666666666666666,-0.33333333333333215,-10.333333333333332,1.9000000000000001,-0.9000000000000057
2025-11-30,Saint Joseph's,Princeton,0,2,2.7333333333333343,-3.6055555555555543,-3.166666666666668,0.22222222222222143,4.055555555555555,2.5,6.4,3.3,3.5
2025-12-09,Saint Joseph's,Coppin State,1,22,15.75833333333334,-13.824999999999989,5.583333333333332,-2.416666666666666,2.958333333333334,5.333333333333332,30.8,11.700000000000001,-0.9000000000000057
2025-12-18,Saint Joseph's,Delaware State,1,16,16.140000000000015,-3.191666666666663,9.5,1.1999999999999993,3.7666666666666666,4.949999999999999,14.6,14.5,2.1999999999999886
2025-12-22,Saint Joseph's,Coastal Carolina,1,-6,5.888811188811175,1.8139860139860247,-0.2937062937062933,3.0279720279720284,2.76923076923077,-3.174825174825177,14.6,5.5,-1.1000000000000085
2026-01-03,Saint Joseph's,Davidson,1,-6,-4.592857142857156,-0.3884615384615273,2.4725274725274744,1.4175824175824179,3.7582417582417573,4.14835164835165,3.4000000000000004,0.10000000000000009,3.799999999999997
2026-01-07,Saint Joseph's,Duquesne,1,7,-8.853333333333325,-0.1799999999999926,0.1333333333333364,-2.333333333333334,3.133333333333333,0.3999999999999986,-16.2,0.19999999999999996,-1.8000000000000114
2026-01-11,Saint Joseph's,Richmond,-1,2,-10.099999999999994,1.4812500000000028,1.75,1.5,3.3125,0.0625,-5.6000000000000005,1.7,0.0
2026-01-24,Saint Joseph's,Dayton,1,7,-4.8421052631579045,5.836842105263159,2.89473684210526,1.3684210526315805,3.2105263157894743,3.1052631578947363,-7.8,-3.4000000000000004,0.3999999999999915
2026-01-27,Saint Joseph's,Loyola Chicago,-1,21,4.228571428571428,-12.695714285714288,0.6452380952380956,-0.8166666666666664,1.8119047619047635,3.883333333333333,21.8,1.4,2.299999999999997
2026-01-31,Saint Joseph's,La Salle,-1,9,6.3619047619047535,-6.071428571428584,9.428571428571427,-0.4761904761904763,1.238095238095239,4.0952380952380985,11.8,0.10000000000000009,1.5999999999999943
2026-02-04,Saint Joseph's,George Washington,1,3,-10.831818181818178,-0.25,-1.0454545454545432,-0.40909090909091006,0.18181818181818166,1.1363636363636367,9.0,-1.4999999999999998,-1.4000000000000057
2026-02-07,Saint Joseph's,George Mason,-1,-8,-8.160869565217396,1.1521739130434838,8.782608695652172,1.304347826086957,2.5652173913043477,1.695652173913043,6.199999999999999,0.5,3.799999999999997
2026-02-10,Saint Joseph's,Fordham,1,-4,-1.0541666666666742,3.1999999999999886,3.9166666666666643,0.875,-0.875,0.875,4.800000000000001,3.7,3.8999999999999915
2026-02-21,Saint Joseph's,Loyola Chicago,1,14,4.786752136752128,-13.959544159544166,1.011396011396009,-0.8646723646723657,1.733618233618234,3.7549857549857535,12.0,1.4,2.299999999999997
2026-02-25,Saint Joseph's,George Mason,1,18,-6.803703703703704,-1.4777777777777885,9.296296296296294,1.037037037037038,2.5925925925925917,2.0740740740740726,11.0,0.5,3.799999999999997
2026-02-28,Saint Joseph's,Rhode Island,-1,6,-0.5892857142857224,-2.05714285714285,4.071428571428573,-0.5,1.4642857142857135,4.714285714285715,12.2,0.5,1.8999999999999915
2026-03-04,Saint Joseph's,Davidson,-1,3,-5.017241379310349,-2.406896551724145,3.0,1.1379310344827598,1.6206896551724128,3.8965517241379324,7.0,0.10000000000000009,3.799999999999997
2026-03-07,Saint Joseph's,La Salle,1,12,6.5733333333333235,-7.759999999999991,9.466666666666665,-0.6000000000000014,0.36666666666666714,4.366666666666667,13.2,0.10000000000000009,1.5999999999999943
2026-03-13,Saint Joseph's,Davidson,0,12,-3.5174395161290306,-1.6569556451612897,2.566532258064516,1.442540322580646,1.567540322580646,3.86592741935484,5.6,0.10000000000000009,3.799999999999997
2026-03-18,Saint Joseph's,Colorado State,-1,5,-11.496969696969686,-9.515151515151516,1.5454545454545432,0.15151515151515227,2.8484848484848486,3.757575757575758,3.2,-1.9000000000000001,4.5
2026-03-22,Saint Joseph's,California,-1,1,-4.1315508021390315,-2.464705882352945,1.7361853832442087,1.2682709447415323,3.145276292335115,1.8600713012477712,3.8,-3.9000000000000004,-1.9000000000000057
2026-03-24,Saint Joseph's,New Mexico,-1,-15,-9.60571428571427,0.2828571428571536,0.6285714285714299,1.3142857142857132,0.6571428571428584,1.2857142857142883,-8.4,-3.7,-1.8000000000000114
2025-11-15,Saint Louis,Grand Canyon,1,14,7.966666666666683,-11.300000000000011,6.333333333333332,1.9999999999999982,-2.0,4.0,17.0,0.7000000000000002,3.5
2025-11-21,Saint Louis,Purdue Fort Wayne,1,31,5.374999999999986,-16.25833333333334,-0.9166666666666679,6.75,1.333333333333334,8.916666666666668,9.0,9.100000000000001,2.8999999999999915
2025-12-02,Saint Louis,Loyola Marymount,-1,21,3.7698412698412795,-1.2317460317460274,1.0476190476190474,3.634920634920636,0.8253968253968242,4.111111111111111,15.000000000000002,5.6000000000000005,3.0999999999999943
2025-12-07,Saint Louis,Central Michigan,1,42,10.637500000000003,-15.662499999999994,6.5,2.625,0.5,6.25,9.399999999999999,9.0,3.8999999999999915
2025-12-17,Saint Louis,Bethune-Cookman,1,59,19.019999999999996,-18.14999999999999,8.799999999999997,2.8000000000000007,2.0,7.600000000000001,26.0,11.100000000000001,0.0
2025-12-21,Saint Louis,New Hampshire,1,14,26.454545454545467,-8.927272727272708,1.9090909090909065,2.90909090909091,1.1818181818181817,5.0,28.2,13.5,3.0999999999999943
2025-12-31,Saint Louis,Saint Joseph's,1,23,19.430769230769215,-11.123076923076923,1.3076923076923066,0.76923076923077,-0.9230769230769234,4.23076923076923,32.0,3.6000000000000005,3.5
2026-01-10,Saint Louis,La Salle,-1,12,24.825833333333335,-18.182916666666685,11.4375,-0.09999999999999964,0.15416666666666679,8.533333333333335,54.0,3.7,5.099999999999994
2026-01-14,Saint Louis,Fordham,1,22,14.883088235294125,-5.348897058823525,4.2757352941176485,1.382352941176471,-2.0514705882352935,4.422794117647058,28.2,7.300000000000001,7.3999999999999915
2026-01-17,Saint Louis,Richmond,1,25,9.504901960784323,-10.036601307189542,3.212418300653596,2.5065359477124183,1.6078431372549016,4.333333333333332,25.0,5.300000000000001,3.5
2026-01-20,Saint Louis,Duquesne,-1,4,11.899999999999977,-13.033333333333346,1.3333333333333321,-1.7222222222222214,1.5555555555555554,5.666666666666668,20.0,3.8000000000000003,1.6999999999999886
2026-01-27,Saint Louis,George Washington,1,3,5.3999999999999915,-10.135000000000005,0.3000000000000007,0.05000000000000071,-0.8000000000000007,5.149999999999999,12.8,2.1000000000000005,2.0999999999999943
2026-01-30,Saint Louis,Dayton,1,31,14.304761904761918,-6.5904761904761955,4.857142857142858,0.8571428571428559,1.9047619047619042,7.333333333333336,14.200000000000001,0.20000000000000018,3.8999999999999915
2026-02-03,Saint Louis,Davidson,-1,9,14.436363636363623,-12.093073593073584,3.7640692640692635,2.041125541125542,0.8311688311688314,8.738095238095237,15.400000000000002,3.7,7.299999999999997
2026-02-07,Saint Louis,La Salle,1,24,25.16956521739131,-15.26086956521739,10.782608695652176,0.13043478260869534,-0.08695652173913082,8.0,20.0,3.7,5.099999999999994
2026-02-13,Saint Louis,Loyola Chicago,-1,27,22.41933333333334,-23.973333333333343,2.16,-0.5600000000000005,-0.1899999999999995,7.815000000000001,31.799999999999997,5.0,5.799999999999997
2026-02-17,Saint Louis,Rhode Island,-1,-5,15.716000000000008,-10.552000000000021,4.84,0.40000000000000036,0.20000000000000107,8.919999999999998,21.6,4.1000000000000005,5.3999999999999915
2026-02-24,Saint Louis,Dayton,-1,-15,13.107407407407408,-8.555555555555543,5.555555555555557,1.0,1.4444444444444446,6.814814814814817,10.8,0.20000000000000018,3.8999999999999915
2026-02-28,Saint Louis,Duquesne,1,15,10.628571428571433,-11.19285714285715,1.678571428571427,-0.10714285714285765,0.5714285714285712,5.392857142857142,11.8,3.8000000000000003,1.6999999999999886
2026-03-04,Saint Louis,Loyola Chicago,1,14,21.92413793103448,-20.644827586206887,1.6206896551724164,-0.137931034482758,0.1724137931034484,6.793103448275861,19.2,5.0,5.799999999999997
2026-03-07,Saint Louis,George Mason,-1,-29,10.58999999999999,-9.00333333333333,8.7,1.8333333333333321,0.8000000000000007,5.099999999999998,13.200000000000001,4.1000000000000005,7.299999999999997
2026-03-13,Saint Louis,George Washington,0,7,5.162298387096783,-8.04868951612903,-0.9032258064516121,-0.08971774193548399,-2.253024193548388,4.59375,-6.800000000000001,2.1000000000000005,2.0999999999999943
2026-03-14,Saint Louis,Dayton,0,-1,12.381249999999994,-4.581249999999997,4.96875,0.65625,1.15625,5.4375,-5.800000000000001,0.20000000000000018,3.8999999999999915
2026-03-19,Saint Louis,Georgia,0,25,1.1000000000000085,-9.341571969696972,-1.569128787878789,1.9914772727272734,-2.367424242424242,3.941287878787879,-3.3999999999999995,-5.9,-3.1000000000000085
2026-03-21,Saint Louis,Michigan,0,-23,0.17226890756302282,-0.28378151260506,2.121008403361344,0.6655462184873961,-0.5773109243697476,0.8016806722689083,-2.8,-11.700000000000001,0.19999999999998863
2025-11-18,Saint Peter's,Delaware,-1,-11,2.566666666666663,4.5,-0.6666666666666679,0.0,2.666666666666666,-4.333333333333332,0.0,-2.2,1.2000000000000028
2025-11-29,Saint Peter's,Dartmouth,1,-26,-6.510000000000005,9.765000000000015,-5.199999999999999,-4.4,0.8499999999999996,-9.95,-11.35,-2.0,-3.3999999999999915
2025-12-05,Saint Peter's,Canisius,1,12,0.6041666666666714,6.504166666666663,7.291666666666668,-2.291666666666666,3.291666666666666,-3.041666666666668,0.7999999999999989,1.8999999999999995,1.4000000000000057
2025-12-07,Saint Peter's,Niagara,1,28,6.405357142857142,-0.4624999999999915,4.982142857142858,-1.0357142857142865,5.75,-2.625,13.399999999999999,2.0,2.6000000000000085
2025-12-13,Saint Peter's,Georgetown,-1,-8,-8.598611111111097,1.82083333333334,3.666666666666668,2.0694444444444446,0.5416666666666661,-4.736111111111111,3.4,-13.7,-1.5999999999999943
2025-12-29,Saint Peter's,Fairfield,-1,4,-2.0546153846153885,-0.6561538461538277,2.3769230769230774,-0.3000000000000007,-1.7076923076923087,-5.515384615384615,0.40000000000000036,1.0,-1.2999999999999972
2026-01-02,Saint Peter's,Marist,1,10,1.300757575757558,10.893939393939405,4.477272727272727,-1.8560606060606073,1.9318181818181817,-4.8560606060606055,15.999999999999998,0.09999999999999964,-0.3999999999999915
2026-01-09,Saint Peter's,Mount St. Mary's,-1,-5,9.591666666666654,-4.25,0.7083333333333321,-6.041666666666666,2.3125,-3.416666666666668,18.2,0.20000000000000018,-1.5999999999999943
2026-01-11,Saint Peter's,Merrimack,1,13,2.37420814479637,-6.304072398190044,0.6334841628959289,0.6289592760180991,5.533936651583711,3.226244343891402,9.0,-2.0,1.7000000000000028
2026-01-14,Saint Peter's,Quinnipiac,-1,4,-1.4563025210083964,2.1042016806722756,4.361344537815128,-0.726890756302522,0.8235294117647065,-3.054621848739494,14.000000000000002,-0.9000000000000004,-3.799999999999997
2026-01-17,Saint Peter's,Rider,1,11,14.258749999999992,-9.767499999999998,9.004166666666666,-1.7874999999999996,1.104166666666666,-2.3999999999999986,12.4,1.7999999999999998,0.5
2026-01-19,Saint Peter's,Iona,1,14,1.9624999999999915,-1.880921052631578,-1.6381578947368425,-1.3190789473684212,4.338815789473684,-5.1381578947368425,7.0,0.0,-3.8999999999999915
2026-01-24,Saint Peter's,Merrimack,-1,-8,3.009523809523813,-6.86638655462184,-0.7030812324929983,0.8039215686274517,4.840336134453782,2.966386554621849,4.4,-2.0,1.7000000000000028
2026-01-30,Saint Peter's,Mount St. Mary's,1,8,8.102020202020213,-3.88181818181819,-0.3737373737373737,-4.616161616161616,3.4848484848484844,-3.732323232323232,7.2,0.20000000000000018,-1.5999999999999943
2026-02-01,Saint Peter's,Rider,-1,-3,10.741842105263146,-13.680789473684229,8.107894736842105,-1.1289473684210538,1.257894736842104,-1.8263157894736857,14.2,1.7999999999999998,0.5
2026-02-05,Saint Peter's,Manhattan,-1,5,-0.11249999999999716,-13.250833333333333,1.8916666666666693,0.20833333333333393,3.166666666666666,-0.44166666666666643,10.8,1.7000000000000002,-2.5999999999999943
2026-02-13,Saint Peter's,Sacred Heart,-1,-7,-1.5423076923076877,-9.775524475524492,-5.713286713286713,-1.6398601398601382,3.2867132867132867,-1.7062937062937067,6.6,0.39999999999999947,-2.3999999999999915
2026-02-15,Saint Peter's,Fairfield,1,9,-1.919230769230765,-2.85785953177259,-0.10702341137123739,0.2591973244147159,0.43478260869565233,-2.6187290969899664,0.0,1.0,-1.2999999999999972
2026-02-20,Saint Peter's,Iona,-1,-8,3.1986111111110915,-1.481481481481481,-3.4722222222222214,-0.6620370370370381,4.847222222222221,-3.462962962962962,4.0,0.0,-3.8999999999999915
2026-02-27,Saint Peter's,Manhattan,1,10,-0.747347480106086,-10.855437665782489,1.297082228116711,0.3262599469496017,3.1498673740053054,-0.7082228116710887,-2.8,1.7000000000000002,-2.5999999999999943
2026-03-01,Saint Peter's,Marist,-1,7,2.4320105820105766,8.029761904761898,2.693121693121693,-0.13756613756613767,4.0092592592592595,-4.097883597883598,2.2,0.09999999999999964,-0.3999999999999915
2026-03-06,Saint Peter's,Fairfield,0,-19,-1.1624999999999943,-2.075446428571425,0.45982142857142705,0.26339285714285765,0.26785714285714235,-2.803571428571427,-1.9999999999999998,1.0,-1.2999999999999972
2025-11-26,Sam Houston State,Idaho State,0,3,3.013333333333321,-9.329999999999998,1.1000000000000014,1.7666666666666657,2.8666666666666654,7.266666666666669,12.2,3.9,4.400000000000006
2025-11-28,Sam Houston State,Idaho,0,26,0.23333333333332007,3.083333333333343,-5.666666666666664,1.0,4.333333333333332,-1.3333333333333357,-8.2,2.4,1.4000000000000057
2025-12-02,Sam Houston State,Oklahoma State,-1,-10,3.8428571428571416,6.628571428571433,1.571428571428573,-2.1428571428571423,4.0,-3.4285714285714306,2.3999999999999986,-8.4,-3.8999999999999915
2025-12-17,Sam Houston State,Oregon State,-1,10,8.070707070707087,-3.879797979797985,1.7272727272727266,-0.3838383838383841,5.686868686868688,1.949494949494948,10.599999999999998,-1.5,4.1000000000000085
2025-12-21,Sam Houston State,New Mexico State,-1,-9,8.572222222222223,2.469999999999999,4.433333333333334,0.5555555555555554,1.8000000000000007,3.2555555555555564,6.6,1.7,2.799999999999997
2026-01-04,Sam Houston State,Middle Tennessee,-1,-1,5.953846153846143,1.5230769230769141,-2.23076923076923,1.0769230769230766,3.2307692307692317,2.76923076923077,7.6000000000000005,0.5,2.799999999999997
2026-01-08,Sam Houston State,Delaware,1,12,15.67857142857143,-4.628571428571433,2.1428571428571423,-0.07142857142857117,7.714285714285714,3.2142857142857153,13.8,3.0,6.200000000000003
2026-01-10,Sam Houston State,Liberty,1,-8,-5.126666666666651,0.45999999999997954,-1.7333333333333343,3.2666666666666657,8.0,2.7333333333333307,2.3999999999999995,0.4,6.200000000000003
2026-01-14,Sam Houston State,Jacksonville State,-1,15,5.962500000000006,3.793750000000003,1.5625,0.875,3.3125,0.875,9.200000000000001,2.7,4.5
2026-01-17,Sam Houston State,Florida International,-1,13,3.3705882352941217,-2.094117647058823,2.8823529411764675,-0.41176470588235325,0.9411764705882355,3.235294117647058,-0.40000000000000013,2.0,-1.8999999999999915
2026-01-21,Sam Houston State,Kennesaw State,1,6,0.5333333333333172,2.37777777777778,-3.5,-0.7777777777777786,-1.166666666666666,-1.1666666666666679,2.2,1.3,-2.0
2026-01-28,Sam Houston State,Missouri State,-1,9,4.815000000000012,-3.7349999999999994,1.3499999999999979,0.8000000000000007,2.1999999999999993,4.300000000000001,7.3999999999999995,2.2,3.200000000000003
2026-01-31,Sam Houston State,Louisiana Tech,1,16,9.209523809523802,5.7754761904761835,5.969047619047622,1.0095238095238095,0.5619047619047635,1.1000000000000014,8.6,2.7,5.200000000000003
2026-02-07,Sam Houston State,Louisiana Tech,-1,-9,9.509881422924877,3.3559288537549463,5.086956521739129,0.7015810276679844,0.011857707509882687,1.7233201581027657,12.6,2.7,5.200000000000003
2026-02-14,Sam Houston State,Kennesaw State,-1,4,1.5,-0.08749999999999147,-4.291666666666668,-0.25,-1.416666666666666,-0.0416666666666643,7.4,1.3,-2.0
2026-02-18,Sam Houston State,Middle Tennessee,1,8,5.3840000000000146,-3.843999999999994,-3.879999999999999,1.1999999999999993,1.959999999999999,2.039999999999999,6.6,0.5,2.799999999999997
2026-02-21,Sam Houston State,Jacksonville State,1,4,6.734615384615381,1.2076923076923123,1.4230769230769234,0.6538461538461533,2.26923076923077,1.5,3.8,2.7,4.5
2026-02-26,Sam Houston State,Florida International,1,33,6.318518518518516,-1.4777777777777743,2.2592592592592595,-0.9259259259259256,0.0740740740740744,1.8888888888888893,1.6,2.0,-1.8999999999999915
2026-02-28,Sam Houston State,Missouri State,1,5,6.7749999999999915,-4.11071428571428,-0.2142857142857153,0.5,1.3571428571428577,4.535714285714285,11.8,2.2,3.200000000000003
2026-03-05,Sam Houston State,Delaware,-1,-3,10.682758620689654,-10.386206896551727,-0.8275862068965516,0.5517241379310338,5.8965517241379315,2.931034482758619,15.200000000000001,3.0,6.200000000000003
2026-03-07,Sam Houston State,Liberty,-1,-7,-4.140000000000001,-4.030000000000001,-3.1999999999999993,3.033333333333333,6.8,3.5666666666666664,15.600000000000001,0.4,6.200000000000003
2026-03-11,Sam Houston State,New Mexico State,0,8,5.729032258064521,-1.1483870967741865,-0.4516129032258078,1.451612903225806,0.67741935483871,1.483870967741936,9.2,1.7,2.799999999999997
2026-03-13,Sam Houston State,Kennesaw State,0,-6,2.2562499999999943,-0.28437499999999716,-4.53125,-0.3125,-0.53125,0.71875,4.0,1.3,-2.0
2026-03-18,Sam Houston State,New Mexico,-1,-24,-0.6878787878787733,2.0818181818181927,-2.9393939393939412,1.333333333333334,2.09090909090909,0.9090909090909101,-2.0,-5.5,0.7999999999999972
2025-11-14,Samford,Arkansas,-1,-4,-3.3999999999999915,25.0,-1.0,-0.3333333333333339,-2.333333333333332,-5.0,-22.0,-17.6,-4.5
2025-11-16,Samford,Central Arkansas,-1,7,19.766666666666666,6.483333333333334,-9.666666666666664,-2.833333333333334,-0.5,-1.6666666666666679,9.0,0.2999999999999998,-1.0
2025-11-19,Samford,Florida Gulf Coast,1,-15,-7.209999999999994,-4.155000000000001,0.75,2.5,-9.0,2.4499999999999993,-1.9,1.3000000000000003,-1.0999999999999943
2025-11-21,Samford,New Mexico State,-1,-9,-0.6666666666666572,18.83333333333333,8.666666666666668,-3.0,-2.166666666666666,1.5,-11.466666666666667,-1.9000000000000001,1.0
2025-11-25,Samford,Georgia State,0,15,18.4595238095238,8.857142857142847,4.357142857142858,-5.190476190476192,0.07142857142857117,0.6428571428571423,3.9999999999999996,0.6999999999999997,0.0
2025-12-07,Samford,Cornell,1,3,-16.97222222222223,1.2155555555555537,-5.388888888888886,-4.388888888888889,0.5999999999999996,-1.8888888888888893,-24.4,-2.9000000000000004,-2.6999999999999886
2026-01-10,Samford,Chattanooga,-1,-9,-1.9187499999999886,-0.08750000000000568,-3.0,-0.5,0.75,2.25,28.200000000000003,2.1,2.0
2026-01-14,Samford,Furman,1,-4,-3.1882352941176464,6.582352941176481,-0.647058823529413,-3.5294117647058822,-2.5294117647058822,-0.529411764705884,1.2000000000000002,-0.3999999999999999,2.200000000000003
2026-01-17,Samford,East Tennessee State,1,-1,-5.2777777777777715,9.433333333333323,5.055555555555554,-1.5,-0.7777777777777786,2.3888888888888893,-12.4,0.2999999999999998,2.5
2026-01-24,Samford,Chattanooga,1,11,-2.0400000000000063,2.9350000000000023,-2.5,-0.5500000000000007,0.8500000000000005,0.8500000000000014,-6.6,2.1,2.0
2026-01-29,Samford,Furman,-1,-5,-2.6190476190476204,7.076190476190462,-0.9047619047619051,-3.428571428571427,-3.0,-0.9047619047619051,-11.0,-0.3999999999999999,2.200000000000003
2026-02-07,Samford,Mercer,1,20,-4.716666666666683,4.82916666666668,0.2916666666666643,-2.5,-3.75,0.5833333333333357,-2.6000000000000005,-0.5,-0.29999999999999716
2026-02-14,Samford,East Tennessee State,-1,10,-3.5461538461538566,7.696153846153834,5.192307692307693,-1.2692307692307683,-1.1923076923076916,1.9615384615384635,3.0,0.2999999999999998,2.5
2026-02-21,Samford,Mercer,-1,-3,-3.0035714285714334,2.5142857142857054,0.7857142857142847,-1.7857142857142865,-3.678571428571429,2.071428571428573,14.200000000000001,-0.5,-0.29999999999999716
2026-03-07,Samford,Furman,0,-5,0.7580645161290391,3.758064516129039,-0.6451612903225801,-2.870967741935484,-2.129032258064516,-0.2258064516129039,3.5999999999999996,-0.3999999999999999,2.200000000000003
2025-11-18,San Diego,Grambling State,1,10,8.333333333333329,-1.9916666666666742,5.25,-3.833333333333334,0.3333333333333339,0.6666666666666679,7.0,6.8,0.0
2025-11-25,San Diego,California Baptist,0,-15,-0.7399999999999807,11.360000000000014,6.400000000000002,1.8000000000000007,-6.199999999999999,-5.0,-7.999999999999999,-0.6000000000000001,0.9000000000000057
2025-11-30,San Diego,Long Beach State,-1,-4,8.538095238095224,-3.69047619047619,3.2857142857142847,-0.023809523809523725,-0.4761904761904754,-0.04761904761904745,-4.0,1.4000000000000001,-2.5999999999999943
2025-12-13,San Diego,Northern Arizona,1,9,2.2555555555555458,4.1000000000000085,6.333333333333336,1.5555555555555554,0.2222222222222232,-4.444444444444443,-7.3999999999999995,3.7,4.200000000000003
2025-12-28,San Diego,Pacific,1,12,-7.555128205128199,10.371794871794876,6.141025641025639,0.615384615384615,-0.006410256410257276,-6.955128205128208,-17.8,-2.2,3.0
2025-12-30,San Diego,Gonzaga,1,-6,-19.78241758241758,17.528021978021954,6.291208791208792,2.5384615384615383,-2.8791208791208796,-8.527472527472526,-31.6,-11.0,-1.0999999999999943
2026-01-08,San Diego,Pepperdine,1,20,2.1518382352941217,0.6981617647058869,4.2242647058823515,0.20588235294117574,-1.235294117647058,-2.6066176470588225,1.4000000000000004,0.5999999999999999,-0.8999999999999915
2026-01-10,San Diego,Pacific,-1,-7,-6.574836601307183,8.317647058823539,6.035947712418302,-0.3660130718954253,-1.5555555555555554,-6.284313725490197,-5.199999999999999,-2.2,3.0
2026-01-28,San Diego,Pepperdine,-1,4,6.245454545454521,-2.422727272727286,3.8636363636363633,0.18181818181818166,0.0,-0.8636363636363633,19.2,0.5999999999999999,-0.8999999999999915
2026-01-31,San Diego,Oregon State,1,-2,2.513043478260883,-2.252173913043478,2.5217391304347814,0.8260869565217401,2.217391304347826,-1.7391304347826093,15.0,-2.8,2.3000000000000114
2026-02-07,San Diego,Loyola Marymount,-1,-20,0.7439999999999998,6.6200000000000045,1.9200000000000017,0.7599999999999998,1.08,-3.080000000000002,3.0,-1.1,0.4000000000000057
2026-02-11,San Diego,Portland,1,13,1.0500000000000114,0.4807692307692406,5.653846153846153,-0.615384615384615,0.42307692307692335,-2.5769230769230766,-1.200000000000001,-0.7000000000000001,-1.0999999999999943
2026-02-21,San Diego,Loyola Marymount,1,-12,-0.25,6.782142857142858,1.75,0.8571428571428577,1.0714285714285703,-3.392857142857146,-8.0,-1.1,0.4000000000000057
2026-02-25,San Diego,Oregon State,-1,-10,0.8068965517241224,1.0379310344827672,2.3103448275862064,0.931034482758621,1.8275862068965516,-2.482758620689655,-15.200000000000001,-2.8,2.3000000000000114
2026-02-28,San Diego,Portland,-1,-13,3.3033333333333417,0.23666666666666458,6.066666666666666,-1.4000000000000004,0.8333333333333339,-2.6666666666666643,6.199999999999999,-0.7000000000000001,-1.0999999999999943
2026-03-05,San Diego,Loyola Marymount,0,4,-0.49032258064514167,7.8935483870967715,2.64516129032258,0.935483870967742,0.9677419354838701,-3.387096774193548,-7.2,-1.1,0.4000000000000057
2025-11-24,San Diego State,Michigan,0,-40,0.13333333333332575,0.5416666666666572,-4.25,-0.16666666666666607,0.75,-9.916666666666668,-2.583333333333334,-9.8,-1.4000000000000057
2025-11-25,San Diego State,Oregon,0,17,-1.375,0.34499999999999886,-6.699999999999999,0.9499999999999993,-2.5,-4.399999999999999,-2.25,-2.000000000000001,3.700000000000003
2025-11-26,San Diego State,Baylor,0,-10,-8.340000000000018,-8.560000000000002,-2.3999999999999986,4.200000000000001,-3.799999999999999,0.6000000000000014,-1.0,-3.8999999999999995,0.9000000000000057
2025-12-10,San Diego State,Lamar,1,18,6.628571428571419,13.255357142857136,1.178571428571427,2.446428571428571,-2.7321428571428577,-2.4107142857142847,-11.8,11.2,4.099999999999994
2025-12-17,San Diego State,Air Force,1,23,13.777272727272717,-5.75,0.8181818181818166,0.954545454545455,1.9772727272727275,0.6818181818181834,7.6000000000000005,8.0,3.299999999999997
2025-12-20,San Diego State,Arizona,0,-23,-8.834444444444458,10.158888888888882,4.31111111111111,0.81111111111111,-3.0555555555555554,-4.977777777777778,-18.4,-9.099999999999998,-1.2000000000000028
2026-01-03,San Diego State,Boise State,1,3,5.1544871794871625,0.49230769230769056,-4.205128205128208,1.4358974358974361,1.4423076923076916,-2.23076923076923,13.400000000000002,1.3999999999999995,2.5
2026-01-06,San Diego State,Nevada,-1,5,0.6697802197802218,-3.4439560439560353,2.049450549450551,4.26923076923077,0.46703296703296715,1.3791208791208796,6.4,2.3,2.799999999999997
2026-01-10,San Diego State,Fresno State,1,19,8.73666666666665,1.1409523809523847,-3.7666666666666657,-0.7523809523809533,2.242857142857142,0.0238095238095255,13.8,5.4,1.2000000000000028
2026-01-17,San Diego State,New Mexico,1,4,-3.034926470588232,3.476470588235287,-7.591911764705884,2.194852941176471,1.1360294117647065,-0.8639705882352935,-5.799999999999999,1.7999999999999998,0.09999999999999432
2026-01-21,San Diego State,Grand Canyon,-1,-1,3.535294117647055,-0.9588235294117595,-2.705882352941174,0.764705882352942,-0.29411764705882426,0.529411764705884,7.199999999999999,2.5999999999999996,1.9000000000000057
2026-01-28,San Diego State,Colorado State,1,23,-8.589210526315767,-11.49526315789474,-6.1342105263157904,1.3684210526315788,2.1394736842105253,2.0710526315789473,6.6,3.5999999999999996,6.400000000000006
2026-02-07,San Diego State,Air Force,-1,34,19.540909090909096,-18.368181818181824,-2.09090909090909,-1.3181818181818183,3.1818181818181808,3.2727272727272734,32.8,8.0,3.299999999999997
2026-02-14,San Diego State,Nevada,1,14,-2.4644927536231904,-8.187681159420308,0.5452898550724612,3.163043478260869,-0.5760869565217384,1.4601449275362341,10.8,2.3,2.799999999999997
2026-02-17,San Diego State,Grand Canyon,1,-10,2.5573333333333323,-3.027833333333348,-3.0266666666666673,0.27333333333333343,-0.8783333333333339,-0.5216666666666683,5.4,2.5999999999999996,1.9000000000000057
2026-02-21,San Diego State,Colorado State,-1,-9,-8.307999999999979,-14.194923076923075,-5.763076923076923,1.1876923076923092,1.5430769230769226,1.683076923076925,2.4000000000000004,3.5999999999999996,6.400000000000006
2026-02-28,San Diego State,New Mexico,-1,-5,-3.6101851851851876,-0.9973544973544932,-6.9947089947089935,1.6719576719576725,0.37037037037037024,-1.1203703703703702,1.799999999999999,1.7999999999999998,0.09999999999999432
2026-03-03,San Diego State,Boise State,-1,-9,-2.2240147783251274,-7.707389162561569,-4.911330049261082,0.9876847290640391,0.181034482758621,0.1305418719211815,-2.4,1.3999999999999995,2.5
2026-03-12,San Diego State,Colorado State,0,9,-6.841458333333335,-10.577708333333334,-5.366666666666667,0.6875,1.5562500000000004,1.5249999999999986,-4.0,3.5999999999999996,6.400000000000006
2026-03-14,San Diego State,New Mexico,0,2,-4.124092741935485,-1.2561491935483957,-6.58266129032258,1.579637096774194,-0.2489919354838701,-0.7661290322580641,2.6,1.7999999999999998,0.09999999999999432
2025-11-15,San Francisco,Bradley,1,11,5.400000000000006,-8.433333333333337,5.0,4.0,3.999999999999999,6.666666666666668,11.666666666666664,1.9,-1.8999999999999915
2025-11-18,San Francisco,Northwestern State,1,20,4.974999999999994,-30.22500000000001,7.25,3.0,2.5,9.25,25.25,6.1,2.1000000000000085
2025-11-22,San Francisco,Minnesota,0,12,3.5600000000000023,-0.12000000000000455,4.199999999999999,3.1999999999999993,-1.8000000000000007,0.0,2.4000000000000004,-6.199999999999999,3.799999999999997
2025-11-27,San Francisco,Colorado,0,-10,-13.030000000000001,-16.893333333333317,8.899999999999999,3.9000000000000004,0.43333333333333357,1.9666666666666686,-3.4000000000000004,-5.699999999999999,-3.5
2025-11-28,San Francisco,Nevada,0,-16,4.128571428571419,-9.742857142857147,7.0,3.428571428571429,-1.2857142857142847,2.4285714285714306,12.2,-2.5,0.0
2025-12-03,San Francisco,North Alabama,1,-2,2.674999999999997,-11.474999999999994,3.75,3.0,-1.125,3.0,3.1999999999999997,8.8,1.2000000000000028
2025-12-07,San Francisco,Mississippi State,0,3,2.9750000000000085,-6.3500000000000085,-0.625,0.3611111111111107,-1.0138888888888893,-3.9722222222222214,3.5999999999999996,-6.9,-4.700000000000003
2025-12-13,San Francisco,Saint Louis,-1,-10,-12.927777777777777,6.7733333333333405,-0.9222222222222207,-1.5999999999999996,-2.033333333333333,-4.044444444444444,-21.400000000000002,-2.9000000000000004,-4.3999999999999915
2025-12-17,San Francisco,Loyola Chicago,0,14,4.727272727272734,-14.481818181818184,0.18181818181818343,0.2727272727272734,0.18181818181818166,4.454545454545453,-1.7999999999999998,2.1,1.4000000000000057
2025-12-21,San Francisco,Morgan State,1,30,11.690909090909088,-15.056818181818187,9.439393939393941,-1.8560606060606073,0.18939393939393945,6.015151515151516,16.0,14.2,-4.299999999999997
2025-12-30,San Francisco,Oregon State,-1,-8,5.085714285714289,-8.75,1.0714285714285694,-1.0714285714285712,1.8571428571428568,3.571428571428573,13.8,1.0,0.6000000000000085
2026-01-02,San Francisco,San Diego,1,10,4.94380952380952,-7.76761904761905,-1.2904761904761912,-1.295238095238096,0.4380952380952383,6.757142857142856,9.4,3.8,-1.7000000000000028
2026-01-04,San Francisco,Portland,1,5,4.362499999999997,-9.924999999999997,6.5625,-2.75,0.3125,1.875,26.0,3.1,-2.799999999999997
2026-01-08,San Francisco,Loyola Marymount,-1,-2,1.1647058823529477,1.6470588235294201,1.117647058823529,0.117647058823529,0.8235294117647065,1.7647058823529385,10.2,2.7,-1.2999999999999972
2026-01-10,San Francisco,Pepperdine,-1,20,7.927777777777777,-9.772222222222211,3.9444444444444464,-1.2777777777777786,0.5,4.555555555555557,24.8,4.4,-2.5999999999999943
2026-01-24,San Francisco,Gonzaga,-1,-2,-11.633333333333326,11.376190476190487,6.9523809523809526,0.8095238095238102,-2.095238095238095,-1.7142857142857153,-19.8,-7.199999999999999,-2.799999999999997
2026-01-31,San Francisco,Pacific,1,5,-2.0521739130434753,2.143478260869557,5.565217391304348,-1.1739130434782599,-0.43478260869565233,0.3478260869565233,-7.8,1.6,1.2999999999999972
2026-02-04,San Francisco,Loyola Marymount,1,-9,5.587500000000006,0.9249999999999972,1.8333333333333321,-0.8333333333333339,1.291666666666666,1.75,8.399999999999999,2.7,-1.2999999999999972
2026-02-12,San Francisco,Oregon State,1,-27,4.557692307692307,-6.153846153846146,2.8076923076923066,-0.5,2.4230769230769225,2.8461538461538467,-2.1999999999999993,1.0,0.6000000000000085
2026-02-15,San Francisco,San Diego,-1,13,2.8888888888888857,-3.1259259259259267,0.03703703703703809,-1.7407407407407405,0.33333333333333215,4.333333333333332,-7.799999999999999,3.8,-1.7000000000000028
2026-02-18,San Francisco,Gonzaga,1,-21,-11.17619047619047,13.753571428571433,6.6693121693121675,0.9391534391534382,-1.973544973544973,-1.4232804232804241,-20.4,-7.199999999999999,-2.799999999999997
2026-02-28,San Francisco,Pacific,-1,11,-1.8800000000000097,4.489999999999995,6.133333333333333,-1.2333333333333325,-0.5666666666666664,-1.1999999999999993,-16.599999999999998,1.6,1.2999999999999972
2026-03-07,San Francisco,Portland,0,17,4.790713587487772,-2.6703812316715414,5.870967741935484,-2.282502443792767,0.8367546432062563,1.212121212121211,-4.0,3.1,-2.799999999999997
2026-03-08,San Francisco,Oregon State,0,-1,2.9596774193548328,-3.8182459677419303,2.644153225806452,-0.539314516129032,1.869959677419355,1.550403225806452,-3.4000000000000004,1.0,0.6000000000000085
2025-11-26,San Jose State,Loyola Chicago,0,12,7.666666666666671,-7.869047619047635,-6.785714285714285,0.8809523809523796,1.595238095238095,2.595238095238095,16.400000000000002,1.8000000000000003,-0.3999999999999915
2025-12-05,San Jose State,San Diego,1,17,0.7767857142857082,2.1803571428571473,-3.678571428571427,-1.9821428571428577,3.125,1.0892857142857153,12.0,3.5,-3.5
2025-12-09,San Jose State,Long Beach State,1,6,7.4977777777777845,-2.8999999999999915,-2.3444444444444414,-0.022222222222222143,2.4444444444444446,2.81111111111111,7.8,4.9,-6.099999999999994
2025-12-20,San Jose State,New Mexico,-1,-23,-3.5909090909090935,11.872727272727289,-8.363636363636363,0.2727272727272716,0.9090909090909101,-5.363636363636363,-15.999999999999998,-3.3,-4.5
2025-12-30,San Jose State,San Diego State,1,-13,-4.132575757575765,10.192424242424238,0.6590909090909101,-0.9469696969696972,-0.31060606060606055,-3.0,-20.8,-5.1,-4.599999999999994
2026-01-06,San Jose State,Fresno State,1,-15,4.635714285714272,12.335714285714289,-2.5714285714285694,-2.071428571428571,1.8571428571428577,-3.7142857142857153,-0.8000000000000007,0.30000000000000027,-3.3999999999999915
2026-01-10,San Jose State,Grand Canyon,-1,-18,-1.0828571428571365,14.745238095238093,-0.2523809523809497,-0.5238095238095237,-0.5761904761904759,-5.357142857142858,-25.2,-2.5,-2.6999999999999886
2026-01-13,San Jose State,Air Force,1,8,14.106250000000003,-0.21249999999999147,1.6875,-1.8125,3.4375,-2.125,11.0,2.9000000000000004,-1.2999999999999972
2026-01-20,San Jose State,Nevada,-1,-33,-6.916666666666671,7.322222222222223,2.6111111111111107,2.1111111111111107,-0.3888888888888875,-3.1111111111111107,-13.600000000000001,-2.8,-1.7999999999999972
2026-01-27,San Jose State,Boise State,1,-31,-5.7749999999999915,10.515,-3.25,-0.1999999999999993,0.34999999999999964,-5.599999999999998,-19.2,-3.7,-2.0999999999999943
2026-01-31,San Jose State,New Mexico,1,-10,-9.919047619047603,20.004761904761907,-6.761904761904763,0.571428571428573,-0.04761904761904745,-7.142857142857142,-27.4,-3.3,-4.5
2026-02-07,San Jose State,Colorado State,-1,-8,-12.236363636363635,5.209090909090918,-3.954545454545457,-0.45454545454545503,1.4545454545454541,-3.5454545454545467,-15.399999999999999,-1.5,1.8000000000000114
2026-02-14,San Jose State,Grand Canyon,1,-15,-2.808333333333337,17.020833333333343,-0.8333333333333321,-1.416666666666666,-1.0416666666666679,-6.041666666666668,-17.4,-2.5,-2.6999999999999886
2026-02-17,San Jose State,Nevada,1,16,-7.676000000000002,11.543999999999997,2.919999999999998,0.9599999999999991,-1.0,-4.279999999999998,-16.4,-2.8,-1.7999999999999972
2026-02-21,San Jose State,Boise State,-1,-15,-6.880769230769232,8.588461538461544,-2.1923076923076934,-0.6538461538461551,-0.07692307692307665,-5.346153846153847,2.0,-3.7,-2.0999999999999943
2026-02-24,San Jose State,Air Force,-1,6,14.374074074074073,-2.7185185185185077,0.03703703703703809,-3.7037037037037024,2.8888888888888884,-2.4074074074074083,22.8,2.9000000000000004,-1.2999999999999972
2026-02-28,San Jose State,Colorado State,1,-12,-12.075000000000003,5.896428571428572,-3.2142857142857117,-0.8214285714285712,1.2142857142857144,-3.8571428571428577,-12.2,-1.5,1.8000000000000114
2026-03-03,San Jose State,Fresno State,-1,-14,1.7413793103448256,12.720689655172393,-1.1724137931034484,-2.275862068965518,0.8965517241379306,-5.068965517241381,-3.6,0.30000000000000027,-3.3999999999999915
2026-03-11,San Jose State,Boise State,0,10,-6.803225806451621,11.49354838709678,-2.70967741935484,-1.35483870967742,-0.32258064516129004,-5.64516129032258,-21.2,-3.7,-2.0999999999999943
2026-03-12,San Jose State,New Mexico,0,-16,-6.942237903225802,17.008165322580652,-4.378024193548388,-0.6239919354838701,-0.3195564516129039,-6.166330645161292,-1.6,-3.3,-4.5
2025-11-15,Santa Clara,Nevada,1,15,1.8333333333333286,-9.733333333333334,4.0,3.666666666666667,0.3333333333333339,-0.33333333333333215,9.333333333333332,1.5999999999999996,2.0999999999999943
2025-11-18,Santa Clara,Idaho State,1,9,11.024999999999991,-20.05000000000001,1.75,-0.25,1.75,7.25,22.0,10.5,3.0
2025-11-21,Santa Clara,Louisiana,1,37,21.480000000000004,-20.179999999999993,5.599999999999998,-0.20000000000000107,7.3999999999999995,4.399999999999999,29.4,10.7,5.200000000000003
2025-11-27,Santa Clara,Saint Louis,0,-1,-4.963333333333324,0.6899999999999835,-0.5,-6.433333333333335,4.066666666666666,-7.033333333333331,-8.600000000000001,1.1999999999999993,-2.299999999999997
2025-11-28,Santa Clara,Minnesota,0,11,6.571428571428584,-8.557142857142878,6.571428571428569,-1.1428571428571423,3.7142857142857135,-0.42857142857142705,19.8,-2.0999999999999996,5.8999999999999915
2025-12-06,Santa Clara,New Mexico,-1,-27,4.9777777777777885,-1.6875,-1.2083333333333321,-0.20833333333333393,3.3611111111111107,-3.305555555555557,5.6,1.0999999999999996,-0.6000000000000085
2025-12-13,Santa Clara,Arizona State,0,-3,1.6899999999999835,-4.210000000000008,7.800000000000001,0.9000000000000004,5.6000000000000005,-0.8999999999999986,-1.0,-3.5999999999999996,-1.2999999999999972
2025-12-17,Santa Clara,North Texas,0,3,10.436363636363637,2.672727272727272,10.0,-0.3636363636363633,3.6363636363636367,-1.4545454545454568,-2.8,6.1,1.7000000000000028
2025-12-20,Santa Clara,Loyola Chicago,0,-2,7.858333333333334,-18.674999999999997,3.666666666666668,0.75,3.583333333333334,0.41666666666666785,2.5999999999999996,6.199999999999999,3.5
2025-12-28,Santa Clara,Oregon State,-1,38,5.546153846153842,-5.584615384615375,4.692307692307693,-0.384615384615385,5.615384615384615,-2.23076923076923,-11.0,5.1,2.700000000000003
2025-12-30,Santa Clara,Portland,-1,7,9.350000000000009,-8.192857142857136,9.642857142857142,-2.7857142857142847,3.6428571428571423,-3.928571428571427,6.0,7.199999999999999,-0.7000000000000028
2026-01-02,Santa Clara,Pepperdine,1,19,13.266666666666666,-8.120000000000005,6.600000000000001,-0.4666666666666668,2.5999999999999996,-0.9333333333333336,16.6,8.5,-0.5
2026-01-04,Santa Clara,San Diego,1,28,11.127083333333346,-8.484583333333319,2.625,-0.8291666666666675,3.6833333333333336,2.070833333333333,19.4,7.8999999999999995,0.3999999999999915
2026-01-08,Santa Clara,Gonzaga,-1,-12,-6.311764705882368,9.082352941176481,10.058823529411764,1.4117647058823533,0.7647058823529402,-6.0588235294117645,-1.6000000000000014,-3.0999999999999996,-0.7000000000000028
2026-01-10,Santa Clara,Loyola Marymount,1,31,7.638888888888886,2.194444444444443,4.944444444444446,0.9444444444444446,3.8888888888888875,-2.555555555555557,22.2,6.8,0.7999999999999972
2026-01-14,Santa Clara,Pacific,1,16,5.378947368421066,-0.15263157894736423,8.94736842105263,-1.1578947368421062,2.3684210526315788,-3.842105263157894,8.0,5.699999999999999,3.3999999999999915
2026-01-24,Santa Clara,San Diego,-1,12,9.419047619047632,-8.63333333333334,3.0,-1.4285714285714288,3.3809523809523814,1.4761904761904745,3.799999999999999,7.8999999999999995,0.3999999999999915
2026-01-28,Santa Clara,San Francisco,1,15,6.709090909090904,-1.9227272727272577,2.3636363636363633,0.2727272727272734,2.2727272727272734,-3.6363636363636367,9.6,4.1,2.0999999999999943
2026-01-31,Santa Clara,Loyola Marymount,-1,31,11.90000000000002,-1.052173913043461,4.260869565217391,-0.39130434782608603,3.478260869565217,-1.7826086956521756,29.0,6.8,0.7999999999999972
2026-02-04,Santa Clara,Pacific,-1,15,5.80416666666666,-1.8333333333333428,8.375,-1.083333333333334,2.0,-3.125,12.2,5.699999999999999,3.3999999999999915
2026-02-14,Santa Clara,Gonzaga,1,-8,-2.6658119658119546,8.489743589743597,9.729344729344731,1.0099715099715105,0.1381766381766365,-4.102564102564102,4.800000000000001,-3.0999999999999996,-0.7000000000000028
2026-02-21,Santa Clara,San Francisco,-1,21,9.002709359605902,-5.5953201970443445,2.9950738916256157,0.02463054187191993,2.0800492610837438,-2.4926108374384235,24.6,4.1,2.0999999999999943
2026-02-28,Santa Clara,Oregon State,1,21,11.686666666666667,-7.466666666666669,5.266666666666666,-0.7000000000000011,3.966666666666667,-1.0,-1.4,5.1,2.700000000000003
2026-03-08,Santa Clara,Pacific,0,8,8.886995967741925,-0.5164314516129025,9.125,-1.513104838709678,1.634072580645162,-3.767137096774192,14.4,5.699999999999999,3.3999999999999915
2026-03-10,Santa Clara,Gonzaga,0,-11,-1.2059659090909065,10.102651515151507,9.62215909090909,0.8030303030303028,0.5549242424242422,-4.136363636363637,-6.6000000000000005,-3.0999999999999996,-0.7000000000000028
2026-03-20,Santa Clara,Kentucky,0,-5,2.9235294117647186,-1.7470588235294144,5.5294117647058805,0.35294117647058876,0.882352941176471,-2.2058823529411775,3.8,-7.700000000000001,-0.20000000000000284
2025-11-15,Seattle,Idaho State,1,9,0.6666666666666714,-17.133333333333326,-2.0,4.0,-3.0,5.333333333333332,13.0,4.8,2.4000000000000057
2025-12-28,Seattle,San Francisco,1,-8,0.3307692307692349,-8.25384615384614,-6.076923076923077,1.1538461538461533,0.15384615384615508,-1.1538461538461533,7.0,-1.6,1.5
2026-01-02,Seattle,Gonzaga,-1,-8,-14.433333333333337,0.5666666666666487,0.1999999999999993,1.5999999999999996,-2.7333333333333343,-3.3999999999999986,-15.8,-8.799999999999999,-1.2999999999999972
2026-01-08,Seattle,Oregon State,-1,-13,4.1647058823529335,-15.029411764705884,-3.117647058823529,-0.23529411764705976,2.235294117647059,1.235294117647058,11.2,-0.6,2.1000000000000085
2026-01-15,Seattle,San Diego,1,11,2.86666666666666,-13.044444444444437,-4.5,-0.7777777777777786,1.2222222222222214,3.8888888888888893,-0.20000000000000018,2.2,-0.20000000000000284
2026-01-17,Seattle,Gonzaga,1,-21,-15.5263157894737,4.042105263157893,2.2631578947368425,1.5263157894736832,-2.578947368421053,-4.210526315789476,-19.0,-8.799999999999999,-1.2999999999999972
2026-01-21,Seattle,Loyola Marymount,1,10,-0.1652380952381094,-4.794047619047603,-2.9523809523809526,0.7166666666666668,0.5142857142857142,-1.1119047619047642,7.000000000000002,1.1,0.20000000000000284
2026-01-24,Seattle,Pacific,-1,-2,-6.8619047619047535,-6.780952380952385,0.6190476190476204,-0.7142857142857135,-1.2857142857142865,-2.2857142857142847,-8.4,0.0,2.799999999999997
2026-02-04,Seattle,Pepperdine,1,2,2.9956521739130437,-15.708695652173901,-0.608695652173914,-0.47826086956521685,-0.5652173913043477,1.4347826086956523,9.2,2.8,-1.0999999999999943
2026-02-07,Seattle,Portland,-1,-1,-1.386499999999998,-14.667833333333348,1.2316666666666691,-1.2066666666666652,-0.1033333333333335,-0.5066666666666677,3.2,1.5,-1.2999999999999972
2026-02-11,Seattle,Santa Clara,-1,-12,-14.817846153846148,-4.9123076923077065,-6.727692307692308,0.8415384615384625,-3.2553846153846155,0.8200000000000003,-16.0,-5.699999999999999,-0.5999999999999943
2026-02-15,Seattle,Oregon State,1,10,-2.8217948717948644,-14.118518518518513,-1.1452991452991448,0.6609686609686616,1.3404558404558395,0.4259259259259274,-9.4,-0.6,2.1000000000000085
2026-02-21,Seattle,Portland,1,12,-2.1785714285714306,-14.6142857142857,1.6785714285714306,-1.25,-0.25,0.0357142857142847,8.0,1.5,-1.2999999999999972
2026-02-25,Seattle,Pepperdine,-1,7,0.879310344827573,-17.468965517241372,-0.413793103448274,-0.2413793103448274,-0.5862068965517242,1.6896551724137936,13.8,2.8,-1.0999999999999943
2026-02-28,Seattle,Loyola Marymount,-1,5,-3.5033333333333303,-7.189999999999998,-1.6999999999999993,0.3333333333333339,0.2999999999999998,-0.7333333333333343,-2.2,1.1,0.20000000000000284
2026-03-06,Seattle,San Diego,0,2,-2.7120967741935544,-14.81502016129032,-4.028225806451612,-0.64616935483871,-0.6875,2.350806451612904,15.200000000000001,2.2,-0.20000000000000284
2026-03-07,Seattle,Pacific,0,-3,-6.415221774193554,-6.925705645161301,2.320564516129032,-0.816532258064516,-1.67641129032258,-2.974798387096776,13.2,0.0,2.799999999999997
2026-03-22,Seattle,Auburn,-1,-6,-14.002941176470586,-16.267647058823528,-2.147058823529413,1.3529411764705888,-3.352941176470587,0.5294117647058805,1.0,-11.9,-1.0
2025-11-18,Seton Hall,New Haven,1,23,25.284999999999997,-22.700000000000003,0.3000000000000007,-5.449999999999999,7.65,0.3000000000000007,30.65,17.4,3.5999999999999943
2025-11-24,Seton Hall,NC State,0,11,-22.695000000000007,-9.615000000000009,-11.95,-2.8000000000000007,1.8000000000000007,-5.449999999999999,-12.600000000000001,-2.1999999999999993,-3.299999999999997
2025-12-03,Seton Hall,Central Connecticut State,1,16,-1.971428571428575,-2.6625000000000085,-3.678571428571427,-0.19642857142857117,0.01785714285714235,-6.625,-3.200000000000001,16.8,1.3999999999999915
2025-12-06,Seton Hall,Kansas State,-1,11,-1.2666666666666657,-16.272222222222226,-7.0,-4.027777777777779,1.2638888888888893,0.45833333333333215,14.8,-0.40000000000000036,-7.1000000000000085
2025-12-13,Seton Hall,Rutgers,1,22,10.659999999999982,-14.389999999999986,-1.0,-1.6999999999999993,-0.1999999999999993,0.5,24.4,1.4000000000000004,-0.9000000000000057
2025-12-19,Seton Hall,Providence,-1,5,-5.0537878787878725,-17.2560606060606,-10.0,-1.0227272727272734,0.9469696969696972,-4.9469696969696955,4.0,-0.5999999999999996,-7.900000000000006
2025-12-30,Seton Hall,Marquette,-1,6,5.815384615384602,-12.92307692307692,-9.615384615384617,-1.4615384615384617,-0.9230769230769234,-0.30769230769231015,22.6,-0.40000000000000036,-4.6000000000000085
2026-01-04,Seton Hall,Creighton,1,2,-2.4571428571428697,-9.57142857142857,-12.428571428571427,-0.7142857142857153,2.071428571428571,-2.8571428571428577,-9.2,-0.8000000000000007,-1.9000000000000057
2026-01-10,Seton Hall,Georgetown,-1,9,-0.846666666666664,-12.286666666666662,-3.8000000000000007,0.8666666666666671,0.2666666666666657,-0.7333333333333343,1.8000000000000003,0.0,-1.0
2026-01-13,Seton Hall,Connecticut,1,-5,-5.75110294117647,1.2860294117647015,-5.547794117647058,-0.8492647058823533,1.389705882352942,-1.5808823529411775,-12.0,-5.800000000000001,0.3999999999999915
2026-01-17,Seton Hall,Butler,1,-11,-4.029411764705884,-9.976470588235301,-6.6470588235294095,-1.8823529411764692,-0.882352941176471,-2.0588235294117645,1.0,0.1999999999999993,-4.900000000000006
2026-01-24,Seton Hall,DePaul,-1,-7,1.878947368421052,-5.731578947368419,-5.631578947368421,-1.3684210526315788,2.8947368421052637,0.10526315789473628,-2.2,1.9000000000000004,-1.1000000000000085
2026-01-31,Seton Hall,Marquette,1,5,1.8017316017315892,-12.433766233766235,-9.71861471861472,-0.7705627705627709,1.621212121212121,0.8896103896103895,1.0,-0.40000000000000036,-4.6000000000000085
2026-02-07,Seton Hall,Creighton,-1,-1,-4.75652173913042,-13.452173913043467,-13.217391304347826,0.04347826086956452,3.086956521739131,-1.7826086956521756,12.4,-0.8000000000000007,-1.9000000000000057
2026-02-11,Seton Hall,Providence,1,7,-9.941666666666663,-15.508333333333326,-10.041666666666666,-1.125,1.666666666666666,-4.416666666666668,-0.4,-0.5999999999999996,-7.900000000000006
2026-02-15,Seton Hall,Butler,-1,7,-4.075999999999993,-10.212000000000003,-6.32,-0.9200000000000017,0.3199999999999985,-1.3999999999999986,17.4,0.1999999999999993,-4.900000000000006
2026-02-18,Seton Hall,DePaul,1,-12,2.058461538461529,-6.195538461538462,-6.546153846153846,-1.0876923076923077,2.126153846153846,0.5092307692307685,9.2,1.9000000000000004,-1.1000000000000085
2026-02-21,Seton Hall,Georgetown,1,4,-4.720512820512823,-10.971082621082616,-5.247863247863249,0.9116809116809108,0.4786324786324787,-0.9273504273504294,-3.4000000000000004,0.0,-1.0
2026-02-28,Seton Hall,Connecticut,-1,-4,-11.461453201970443,0.2594827586206918,-8.016009852216749,0.42610837438423665,1.1982758620689662,-1.474137931034484,-8.8,-5.800000000000001,0.3999999999999915
2026-03-12,Seton Hall,Creighton,0,11,-4.058064516129022,-11.512903225806454,-12.677419354838712,-0.06451612903225801,2.61290322580645,-1.774193548387096,-0.19999999999999996,-0.8000000000000007,-1.9000000000000057
2025-11-17,Siena,Colgate,1,-3,-1.63333333333334,-22.099999999999994,-5.0,1.333333333333334,9.333333333333334,-2.166666666666668,14.166666666666668,0.7000000000000002,-4.299999999999997
2025-11-21,Siena,Albany (NY),1,10,-2.184999999999988,1.6350000000000051,-11.25,-4.25,0.8000000000000007,-4.0,-4.0,2.5,-1.7999999999999972
2025-11-24,Siena,Holy Cross,-1,4,12.790000000000006,-19.596666666666664,-10.433333333333332,-1.5999999999999996,5.633333333333334,-1.3666666666666671,23.8,2.3,-1.2000000000000028
2025-11-28,Siena,Longwood,0,7,3.1666666666666714,-3.3000000000000114,-4.833333333333334,-2.833333333333334,-0.33333333333333215,-2.333333333333332,8.8,1.5999999999999996,-7.1000000000000085
2025-11-29,Siena,American,-1,4,-4.657142857142858,0.8857142857142719,-14.285714285714285,-1.8571428571428577,0.8571428571428577,-4.142857142857142,-16.0,1.2999999999999998,-2.200000000000003
2025-11-30,Siena,Maine,0,4,16.049999999999997,-6.737499999999997,-4.0,-2.875,3.0,0.125,11.4,2.8,-0.9000000000000057
2025-12-05,Siena,Niagara,1,29,9.777777777777786,-14.682539682539684,-7.523809523809524,-0.34920634920634974,3.936507936507936,-0.6349206349206362,19.2,2.7,0.7000000000000028
2025-12-07,Siena,Canisius,1,22,10.061111111111103,-14.685555555555553,-4.477777777777778,-1.4444444444444446,0.5444444444444443,0.9444444444444429,21.799999999999997,2.5999999999999996,-0.5
2025-12-22,Siena,Indiana,-1,-21,-11.458333333333329,2.7249999999999943,-12.583333333333332,0.08333333333333393,1.333333333333333,-3.083333333333332,2.8,-16.0,-3.200000000000003
2026-01-02,Siena,Iona,-1,-3,-0.2620879120879209,-6.053846153846152,-8.752747252747255,-1.0549450549450565,1.3681318681318677,-3.1648351648351642,6.2,0.7000000000000002,-5.799999999999997
2026-01-04,Siena,Rider,-1,9,15.480952380952374,-12.69642857142857,0.7976190476190474,-3.0238095238095237,-2.654761904761905,-1.2857142857142847,14.4,2.5,-1.4000000000000057
2026-01-09,Siena,Merrimack,1,-4,4.49166666666666,-8.825000000000003,-8.904166666666665,0.6958333333333329,3.404166666666667,4.170833333333334,-5.6,-1.2999999999999998,-0.20000000000000284
2026-01-11,Siena,Mount St. Mary's,-1,17,9.80257352941176,-5.123897058823545,-7.7389705882352935,-5.639705882352942,1.055147058823529,-2.915441176470587,-11.0,0.9000000000000004,-3.5
2026-01-14,Siena,Sacred Heart,1,-6,-0.15098039215686754,-11.792810457516339,-12.013071895424837,-2.836601307189543,-0.2875816993464042,0.5784313725490193,5.3999999999999995,1.0999999999999996,-4.299999999999997
2026-01-17,Siena,Manhattan,-1,15,0.5368421052631618,-13.62807017543858,-2.716374269005847,-0.9181286549707597,0.9970760233918128,0.3421052631578938,10.4,2.4000000000000004,-4.5
2026-01-19,Siena,Fairfield,1,8,-2.868421052631575,-5.410526315789468,-5.210526315789473,0.15789473684210442,-2.1578947368421044,-1.94736842105263,0.0,1.7000000000000002,-3.200000000000003
2026-01-22,Siena,Marist,1,19,3.3772222222222155,9.202777777777783,-3.0500000000000007,-1.0888888888888886,0.48888888888888893,-3.2388888888888907,-8.6,0.7999999999999998,-2.299999999999997
2026-01-30,Siena,Niagara,-1,3,10.910714285714278,-12.204999999999998,-3.3047619047619037,-0.5357142857142865,2.826190476190476,2.6000000000000014,13.8,2.7,0.7000000000000028
2026-02-01,Siena,Canisius,-1,15,13.445454545454552,-7.09999999999998,-3.4090909090909065,-2.0909090909090917,0.31818181818181834,0.3636363636363633,13.0,2.5999999999999996,-0.5
2026-02-05,Siena,Iona,1,7,7.19130434782609,-1.0869565217391397,-8.60869565217391,-1.4782608695652169,1.608695652173913,-2.8695652173913047,13.8,0.7000000000000002,-5.799999999999997
2026-02-07,Siena,Saint Peter's,-1,-5,3.5523809523809575,-0.5660714285714192,-6.160714285714285,-0.20238095238095255,-3.30952380952381,1.4642857142857153,7.2,0.7000000000000002,-1.9000000000000057
2026-02-13,Siena,Quinnipiac,1,-12,3.1170769230769224,0.44784615384615734,-3.1892307692307718,-1.0492307692307694,-1.9246153846153842,-1.4015384615384612,6.0,-0.20000000000000018,-5.700000000000003
2026-02-15,Siena,Marist,-1,4,4.922307692307683,7.329538461538462,-2.081538461538461,-0.9892307692307707,0.6830769230769231,-3.1061538461538483,-1.4,0.7999999999999998,-2.299999999999997
2026-02-20,Siena,Merrimack,-1,-7,3.5037037037037067,-1.0740740740740762,-6.222222222222221,0.37037037037037024,2.2222222222222223,3.2592592592592595,-16.599999999999998,-1.2999999999999998,-0.20000000000000284
2026-02-22,Siena,Saint Peter's,1,9,2.4402857142857215,-0.14614285714284847,-5.822857142857142,-0.4228571428571417,-3.414285714285713,1.4614285714285735,-3.4000000000000004,0.7000000000000002,-1.9000000000000057
2026-02-27,Siena,Fairfield,-1,-14,-0.06206896551725549,-3.6379310344827616,-5.517241379310345,0.06896551724138078,-3.1034482758620694,-1.0689655172413808,-5.2,1.7000000000000002,-3.200000000000003
2026-03-01,Siena,Rider,1,15,13.625714285714281,-11.554761904761918,1.6690476190476193,-0.8095238095238084,-2.2595238095238095,0.7738095238095255,4.800000000000001,2.5,-1.4000000000000057
2026-03-07,Siena,Mount St. Mary's,0,5,9.125806451612902,-0.206451612903237,-6.35483870967742,-5.064516129032258,-0.9032258064516139,-2.774193548387096,-10.2,0.9000000000000004,-3.5
2026-03-08,Siena,Fairfield,0,15,0.5062500000000085,-2.2238636363636317,-4.8560606060606055,-0.4337121212121211,-3.4981060606060606,-1.3693181818181834,-3.9999999999999996,1.7000000000000002,-3.200000000000003
2026-03-10,Siena,Merrimack,0,10,2.4757575757575694,-0.7969696969696827,-6.696969696969699,0.6060606060606055,1.9393939393939394,3.3333333333333357,0.5999999999999996,-1.2999999999999998,-0.20000000000000284
2026-03-19,Siena,Duke,0,-6,-12.07647058823531,8.005882352941171,-8.235294117647058,-0.5,-2.2058823529411775,-4.1764705882352935,-5.999999999999999,-19.7,-2.6000000000000085
2025-11-15,South Alabama,Coppin State,0,10,32.435,-26.224999999999994,1.25,-8.100000000000001,2.25,8.2,42.15,6.2,-2.299999999999997
2025-11-19,South Alabama,Jacksonville State,-1,6,-20.013333333333335,19.46666666666667,-11.866666666666664,0.2666666666666657,-5.4,-5.933333333333334,-31.533333333333335,-1.0,0.5
2025-12-02,South Alabama,New Mexico State,0,2,7.141666666666666,9.000000000000014,-0.45833333333333215,-4.083333333333334,-1.541666666666666,1.2083333333333321,-6.000000000000001,-2.0,-1.2000000000000028
2025-12-05,South Alabama,East Tennessee State,-1,-26,0.1472222222222257,7.773611111111109,-4.263888888888889,-4.083333333333333,-0.625,2.180555555555557,-6.6000000000000005,0.19999999999999973,0.29999999999999716
2025-12-14,South Alabama,North Texas,1,-1,6.8700000000000045,4.820000000000007,1.1000000000000014,-3.5,-0.40000000000000036,2.400000000000002,-4.6000000000000005,-4.2,-0.8999999999999915
2025-12-17,South Alabama,Louisiana–Monroe,-1,4,9.781818181818196,-11.027272727272731,-5.454545454545457,-3.6363636363636367,0.7272727272727284,3.3636363636363633,10.799999999999999,0.0,0.0
2025-12-31,South Alabama,Louisiana,-1,5,18.578571428571422,-7.171428571428578,-2.5,-2.071428571428573,0.14285714285714235,4.428571428571427,4.2,0.39999999999999947,2.6000000000000085
2026-01-10,South Alabama,Georgia Southern,1,16,-3.986764705882365,-4.929779411764713,-9.569852941176471,-1.0441176470588243,-2.257352941176471,1.7132352941176485,-2.1999999999999993,0.5999999999999996,-5.299999999999997
2026-01-15,South Alabama,Arkansas State,1,4,-4.711764705882359,-6.029411764705884,-8.058823529411764,-4.411764705882353,-4.647058823529411,0.8235294117647065,-3.5999999999999996,-1.2000000000000002,-6.200000000000003
2026-01-17,South Alabama,Louisiana,1,-3,14.472222222222229,-8.543859649122808,-4.14327485380117,-1.9912280701754383,0.020467836257310523,5.976608187134506,15.8,0.39999999999999947,2.6000000000000085
2026-01-22,South Alabama,James Madison,-1,7,-1.068421052631578,-12.631578947368425,-6.631578947368421,-1.526315789473685,-2.3157894736842106,2.0526315789473664,5.8,-0.5,-0.7000000000000028
2026-01-29,South Alabama,Coastal Carolina,1,5,4.6590909090909065,-1.9318181818181728,-5.827272727272728,-0.9727272727272727,-1.372727272727273,-3.1863636363636374,-3.4000000000000004,0.0,-2.5
2026-01-31,South Alabama,Georgia State,1,2,6.574025974025972,-5.338311688311691,-7.939393939393941,-2.1103896103896105,-1.4891774891774885,2.7012987012987004,0.5999999999999996,0.5999999999999996,-2.200000000000003
2026-02-04,South Alabama,Appalachian State,-1,-8,-1.2511363636363626,0.7439393939393995,-6.776515151515149,-0.5946969696969706,-2.8977272727272725,0.10227272727272663,-8.4,0.0,2.299999999999997
2026-02-07,South Alabama,Buffalo,1,12,-10.199999999999989,-10.347826086956516,-5.173913043478262,-2.217391304347826,-1.0,3.913043478260871,5.199999999999999,-0.40000000000000036,-0.8999999999999915
2026-02-14,South Alabama,Arkansas State,-1,4,-4.683538461538461,-4.744769230769222,-8.327692307692306,-5.293846153846154,-5.506153846153847,-0.7399999999999984,-8.799999999999999,-1.2000000000000002,-6.200000000000003
2026-02-16,South Alabama,Marshall,-1,-4,-4.273076923076928,-5.557692307692307,-7.23076923076923,-3.4230769230769234,-3.0769230769230766,0.6153846153846168,6.2,-0.9000000000000004,-4.0
2026-02-25,South Alabama,Louisiana–Monroe,1,35,8.517241379310335,-12.758620689655174,-3.413793103448274,-3.7586206896551726,-0.5862068965517242,3.206896551724139,13.4,0.0,0.0
2026-03-06,South Alabama,Georgia Southern,0,-9,-0.8935483870967715,-7.067057673509282,-8.680351906158357,-1.7399804496578692,-1.9491691104594322,3.1603128054740957,5.6,0.5999999999999996,-5.299999999999997
2026-03-17,South Alabama,Auburn,-1,-11,-7.235416666666666,-9.283238636363649,-2.7964015151515156,-1.71875,-4.242424242424242,2.7698863636363633,2.4000000000000004,-16.5,-3.0
2025-11-18,South Carolina,Radford,1,29,13.14,-8.940000000000012,6.733333333333334,-2.333333333333334,-3.0666666666666664,2.6000000000000014,16.333333333333336,13.5,-5.599999999999994
2025-11-21,South Carolina,Butler,0,-7,-1.7999999999999972,1.4249999999999972,4.5,-4.0,-5.75,-0.75,-5.0,-0.3000000000000007,-3.0
2025-11-23,South Carolina,Northwestern,0,-2,-4.440000000000012,3.539999999999992,12.0,2.0,0.8000000000000007,1.0,-5.199999999999999,-2.5999999999999996,2.9000000000000057
2025-11-28,South Carolina,Charleston Southern,1,12,7.408333333333346,-1.1625000000000085,-5.416666666666668,-3.958333333333334,-1.208333333333334,-5.458333333333332,3.6000000000000005,13.2,-7.099999999999994
2025-12-16,South Carolina,Clemson,-1,-7,-5.841818181818155,-0.19545454545455243,2.163636363636364,0.545454545454545,-3.4090909090909083,-1.4818181818181841,3.4000000000000004,-2.5,3.299999999999997
2025-12-30,South Carolina,Albany (NY),1,29,8.195238095238096,-10.603571428571428,4.345238095238095,-2.166666666666666,-0.9404761904761916,2.2738095238095255,23.8,15.0,2.6000000000000085
2026-01-06,South Carolina,Louisiana State,-1,10,-6.814285714285717,0.09285714285714164,7.214285714285715,-1.2142857142857135,-1.7857142857142865,-4.0,-2.6000000000000014,-1.5,-1.7999999999999972
2026-01-10,South Carolina,Georgia,1,-5,-6.099999999999994,6.433333333333337,-1.6666666666666643,-2.0,-4.466666666666667,-4.266666666666669,-3.5999999999999996,-3.3000000000000007,-6.5
2026-01-14,South Carolina,Arkansas,-1,-34,-5.299999999999997,-3.643749999999997,3.4375,-1.0,-2.0,0.3125,6.2,-6.0,-5.200000000000003
2026-01-17,South Carolina,Auburn,-1,-4,-4.029411764705884,-5.123529411764693,2.9411764705882355,-1.647058823529413,-4.1764705882352935,0.588235294117645,-11.8,-4.800000000000001,-1.5
2026-01-20,South Carolina,Oklahoma,1,9,-5.0944444444444485,-1.9611111111111086,-0.6111111111111107,0.0,-2.8888888888888893,-0.22222222222222499,-3.2,-3.3000000000000007,-1.0999999999999943
2026-01-28,South Carolina,Florida,1,-47,-3.940000000000012,5.6650000000000205,0.75,-1.950000000000001,-7.450000000000001,-4.449999999999999,-22.200000000000003,-7.4,-3.5999999999999943
2026-01-31,South Carolina,Louisiana State,1,-5,-6.814285714285717,0.48571428571428044,6.190476190476193,-0.8095238095238102,-2.1428571428571432,-2.333333333333332,-14.0,-1.5,-1.7999999999999972
2026-02-07,South Carolina,Missouri,1,-19,-3.2361660079051546,1.7954545454545467,4.328063241106722,-2.4308300395256914,-2.2134387351778644,-0.9703557312252933,-9.0,-2.5999999999999996,-0.5999999999999943
2026-02-14,South Carolina,Alabama,-1,-14,-9.329166666666666,0.07916666666666572,-10.333333333333336,-0.125,-2.458333333333333,-5.125,-26.400000000000002,-7.199999999999999,-6.700000000000003
2026-02-17,South Carolina,Florida,-1,-14,-8.299999999999997,10.979999999999976,0.35999999999999943,-1.8800000000000008,-7.080000000000001,-6.16,-42.400000000000006,-7.4,-3.5999999999999943
2026-02-21,South Carolina,Mississippi State,1,8,1.8923076923076962,0.8000000000000114,0.6923076923076898,-1.5384615384615383,-2.3076923076923075,-4.57692307692308,-9.0,-1.4000000000000004,-3.700000000000003
2026-02-24,South Carolina,Kentucky,1,-9,-6.222222222222214,4.98888888888888,1.5555555555555571,-0.5925925925925934,-3.1111111111111107,-1.9259259259259238,-9.799999999999999,-6.300000000000001,-1.2999999999999972
2026-02-28,South Carolina,Georgia,-1,-19,-9.835714285714289,3.7285714285714278,-2.8571428571428577,-0.8214285714285712,-3.9642857142857144,-2.1071428571428577,-4.6,-3.3000000000000007,-6.5
2026-03-07,South Carolina,Ole Miss,-1,3,0.14999999999999147,1.309999999999988,3.56666666666667,0.2666666666666675,-0.8333333333333339,-0.3999999999999986,-5.3999999999999995,-2.9000000000000004,-1.2999999999999972
2026-03-11,South Carolina,Oklahoma,0,-12,-10.209677419354847,-1.1096774193548526,-1.096774193548388,-0.2903225806451619,-2.354838709677418,-0.612903225806452,-15.8,-3.3000000000000007,-1.0999999999999943
2025-11-14,South Carolina State,College of Charleston,-1,-27,-32.766666666666666,-1.7666666666666515,-4.0,11.999999999999998,-4.999999999999999,-2.666666666666668,-27.0,-8.200000000000001,0.8999999999999915
2025-11-19,South Carolina State,Chattanooga,1,-12,-26.450000000000003,3.4250000000000114,-13.5,9.0,3.25,-0.25,-25.25,-4.2,2.8999999999999915
2025-11-25,South Carolina State,Missouri,-1,-32,-39.31666666666666,20.63333333333334,0.16666666666666785,1.833333333333334,0.0,-8.333333333333332,-38.2,-20.5,1.0
2025-12-05,South Carolina State,Bethune-Cookman,-1,-21,-11.924999999999997,6.5375000000000085,0.5,4.375,-0.625,-5.0,-6.4,-4.2,-1.7999999999999972
2025-12-08,South Carolina State,Charleston Southern,-1,-40,-18.799999999999997,18.787878787878782,-17.656565656565657,1.7070707070707076,-1.2727272727272734,-12.131313131313131,-28.8,-4.7,-5.5
2025-12-12,South Carolina State,Queens (NC),-1,-24,-28.756666666666675,3.178888888888892,-9.98888888888889,3.022222222222222,0.7777777777777786,-5.533333333333331,-27.4,-6.6000000000000005,-1.1000000000000085
2025-12-22,South Carolina State,South Carolina,-1,-25,-20.965034965034945,20.806293706293715,-10.160839160839163,5.16083916083916,1.7132867132867133,-6.174825174825177,-25.200000000000003,-17.9,1.5999999999999943
2026-01-03,South Carolina State,Howard,1,1,-13.820000000000007,20.326666666666682,-0.1999999999999993,1.4000000000000004,0.13333333333333286,-5.0,-17.799999999999997,-2.3000000000000007,0.09999999999999432
2026-01-10,South Carolina State,Morgan State,-1,-5,-6.7012499999999875,5.085000000000008,-0.9416666666666664,1.3041666666666671,1.4208333333333325,-1.3833333333333329,3.4000000000000004,1.799999999999999,-1.7000000000000028
2026-01-12,South Carolina State,Coppin State,-1,2,0.4628482972136254,-1.9433436532507642,-1.94736842105263,-0.19504643962848434,1.1207430340557263,-1.829721362229101,8.0,0.0,0.7999999999999972
2026-01-17,South Carolina State,Norfolk State,1,-7,-11.288596491228077,14.803508771929842,0.5760233918128641,2.7105263157894743,-0.23684210526315752,-3.4619883040935697,-9.2,-0.20000000000000107,0.8999999999999915
2026-01-26,South Carolina State,Delaware State,1,6,2.6005263157894802,11.351052631578938,1.9368421052631568,2.655263157894737,1.5315789473684216,-2.1315789473684212,8.6,2.799999999999999,3.8999999999999915
2026-02-04,South Carolina State,Maryland Eastern Shore,1,9,-3.402691511387161,8.090269151138713,0.012422360248447006,0.20703933747411973,1.3188405797101446,-2.7681159420289845,-1.4,-0.3000000000000007,4.5
2026-02-07,South Carolina State,Howard,-1,-28,-11.665612648221341,16.02490118577076,-1.1679841897233203,1.5296442687747032,-0.7608695652173907,-3.715415019762844,-10.600000000000001,-2.3000000000000007,0.09999999999999432
2026-02-16,South Carolina State,Coppin State,1,-2,0.19983277591974513,-2.8742474916387977,-1.5602006688963215,-0.5468227424749177,0.13210702341137015,-1.2959866220735776,4.2,0.0,0.7999999999999972
2026-02-18,South Carolina State,North Carolina Central,1,13,-10.183333333333337,3.7750000000000057,-0.625,2.125,0.4166666666666661,-1.9583333333333321,-3.0,1.0,3.299999999999997
2026-02-21,South Carolina State,Norfolk State,-1,-19,-12.46577777777776,9.224740740740742,1.2296296296296312,1.8800000000000008,-0.31555555555555515,-2.884444444444444,-0.2,-0.20000000000000107,0.8999999999999915
2026-02-25,South Carolina State,Morgan State,1,-7,-8.666615384615412,4.71061538461538,-2.0969230769230762,1.7523076923076921,0.4292307692307702,-2.7015384615384583,-11.0,1.799999999999999,-1.7000000000000028
2026-02-28,South Carolina State,Maryland Eastern Shore,-1,-12,-1.2796296296296248,5.900396825396825,0.22486772486772466,-0.4285714285714288,1.0859788359788354,-2.5965608465608447,2.0,-0.3000000000000007,4.5
2026-03-02,South Carolina State,Delaware State,-1,2,4.028968253968259,6.7423280423280545,2.2486772486772466,1.9603174603174605,1.3531746031746028,-1.6058201058201043,11.799999999999999,2.799999999999999,3.8999999999999915
2026-03-05,South Carolina State,North Carolina Central,-1,16,-8.611330049261099,2.499630541871923,-0.9298029556650249,2.251231527093596,0.5258620689655178,-1.3706896551724128,0.20000000000000018,1.0,3.299999999999997
2026-03-12,South Carolina State,Norfolk State,0,6,-11.84215053763441,7.814086021505375,0.7795698924731198,2.253763440860215,-0.14946236559139692,-2.655913978494624,-7.0,-0.20000000000000107,0.8999999999999915
2026-03-13,South Carolina State,Howard,0,-17,-12.712903225806457,15.835483870967735,-1.258064516129032,1.2258064516129021,-0.6451612903225818,-3.741935483870968,-22.6,-2.3000000000000007,0.09999999999999432
2025-11-20,South Dakota,Missouri,-1,-34,-9.23999999999998,5.099999999999994,0.3999999999999986,-2.4000000000000004,3.4000000000000004,-4.399999999999999,-9.4,-17.3,3.299999999999997
2025-11-23,South Dakota,South Carolina State,1,1,28.953333333333333,-9.693333333333342,2.0333333333333314,-4.600000000000001,3.3666666666666654,1.3999999999999986,31.4,3.2,2.299999999999997
2025-11-29,South Dakota,Air Force,0,17,12.84107142857141,-0.25357142857144765,0.571428571428573,-0.5357142857142865,5.303571428571429,-2.1428571428571423,9.4,-6.0,5.3999999999999915
2025-12-03,South Dakota,Portland State,1,-6,-2.77500000000002,5.883333333333326,-3.0,-1.625,0.4166666666666661,-4.458333333333332,-16.2,-3.6,2.5
2025-12-06,South Dakota,Northern Colorado,-1,-2,-10.422222222222231,7.944444444444443,-9.777777777777775,1.7777777777777786,4.444444444444445,-5.888888888888889,-18.2,-3.4000000000000004,1.1999999999999886
2025-12-13,South Dakota,Prairie View A&M,1,12,3.4343434343434325,10.634343434343435,0.45454545454545325,1.2525252525252526,2.929292929292929,-1.2828282828282838,-12.0,2.2,-0.30000000000001137
2025-12-20,South Dakota,Kansas State,-1,-30,-4.860139860139867,4.190909090909074,-7.804195804195803,-0.06293706293706158,1.9370629370629384,-1.4125874125874134,-7.2,-15.600000000000001,-1.3000000000000114
2025-12-31,South Dakota,North Dakota State,-1,-23,-0.06666666666666288,11.686666666666667,-6.333333333333336,1.2666666666666657,1.0,-0.8666666666666671,-10.2,-3.1,3.3999999999999915
2026-01-10,South Dakota,Denver,1,10,-8.56797385620915,-8.192156862745108,-2.9640522875816977,3.0588235294117645,2.0620915032679736,0.07516339869280841,-7.199999999999999,-2.4000000000000004,3.1999999999999886
2026-01-15,South Dakota,Kansas City,1,16,11.850000000000009,-1.8444444444444485,-0.9444444444444464,-1.0,1.4444444444444446,-0.5,-2.6000000000000005,1.3999999999999995,0.7999999999999972
2026-01-17,South Dakota,North Dakota,-1,-16,5.935839598997475,3.488721804511286,-4.571428571428573,2.007518796992482,0.6040100250626583,0.9749373433583948,4.0,-1.2000000000000002,3.0
2026-01-21,South Dakota,Omaha,-1,4,2.0849999999999795,2.125,-4.199999999999999,1.6500000000000004,3.5,-1.0499999999999972,-4.8,-1.7000000000000002,3.5
2026-01-29,South Dakota,Oral Roberts,1,8,9.76363636363638,1.3318181818181785,-6.0,-1.0454545454545467,1.3181818181818183,0.7727272727272734,16.0,-1.5,2.6999999999999886
2026-01-31,South Dakota,North Dakota State,1,-5,-4.034782608695664,11.978260869565219,-5.608695652173914,1.4782608695652186,-0.7826086956521738,-0.39130434782608603,-9.8,-3.1,3.3999999999999915
2026-02-04,South Dakota,Kansas City,-1,7,13.854347826086965,-2.6818840579710184,-1.0253623188405818,-1.17572463768116,0.3586956521739122,0.36050724637680887,16.6,1.3999999999999995,0.7999999999999972
2026-02-11,South Dakota,North Dakota,1,-1,1.2143874643874568,1.417948717948704,-3.2592592592592595,2.515669515669517,-0.4643874643874639,1.4131054131054128,-2.0,-1.2000000000000002,3.0
2026-02-19,South Dakota,Denver,-1,-20,-8.450661375661383,-6.999074074074073,-2.173280423280424,2.318783068783068,0.15873015873015817,-0.49470899470899354,-5.0,-2.4000000000000004,3.1999999999999886
2026-02-21,South Dakota,Oral Roberts,-1,-5,8.939285714285717,-0.23928571428571388,-6.0,-1.1428571428571423,0.4642857142857153,0.6785714285714306,8.0,-1.5,2.6999999999999886
2026-02-25,South Dakota,Omaha,1,17,-1.934482758620689,0.948275862068968,-3.4137931034482776,1.068965517241379,1.6206896551724146,-0.9310344827586192,-5.4,-1.7000000000000002,3.5
2026-03-06,South Dakota,Omaha,0,-14,-0.19032258064515872,0.05161290322581635,-3.096774193548388,0.9032258064516121,1.322580645161291,-0.9677419354838719,1.5999999999999999,-1.7000000000000002,3.5
2025-11-21,South Dakota State,Georgia State,1,47,16.19999999999999,-0.8400000000000176,-2.3999999999999986,-1.0,1.1999999999999993,2.6000000000000014,11.0,0.5999999999999996,-1.3000000000000114
2025-12-03,South Dakota State,Northern Arizona,-1,13,-6.308333333333337,-9.283333333333331,4.916666666666668,3.125,0.20833333333333393,2.0,1.3999999999999995,1.2999999999999998,2.8999999999999915
2025-12-06,South Dakota State,Idaho,1,-3,-10.408333333333331,-7.31805555555556,-6.222222222222221,1.833333333333334,1.3194444444444446,0.9861111111111107,6.4,-1.3000000000000003,-1.7000000000000028
2025-12-09,South Dakota State,Ball State,-1,4,11.04000000000002,-5.768888888888895,-0.1999999999999993,0.8333333333333339,2.2111111111111104,5.266666666666669,13.200000000000001,1.0999999999999996,1.8999999999999915
2025-12-19,South Dakota State,Milwaukee,0,-1,-1.0092307692307685,-14.163846153846151,-0.6000000000000014,2.3230769230769237,-1.6769230769230763,3.3538461538461526,3.4000000000000004,-0.9000000000000004,-1.2000000000000028
2025-12-29,South Dakota State,Arizona,-1,-28,-12.720238095238102,10.723809523809521,7.142857142857142,-0.6071428571428577,-3.083333333333334,-2.7023809523809526,-25.200000000000003,-20.099999999999998,-3.6000000000000085
2026-01-01,South Dakota State,Omaha,1,15,-1.5733333333333377,-7.493333333333339,-0.8000000000000007,0.4666666666666668,1.8666666666666671,1.5333333333333314,-9.799999999999999,1.2999999999999998,-1.0
2026-01-03,South Dakota State,North Dakota,-1,-3,5.7235294117647015,-1.466911764705884,0.2536764705882355,0.6286764705882355,0.0,3.360294117647058,-3.1999999999999997,1.7999999999999998,-1.5
2026-01-08,South Dakota State,Denver,1,8,-10.0,-16.082352941176467,1.8823529411764675,1.5882352941176485,1.2941176470588225,3.117647058823529,-15.8,0.5999999999999996,-1.3000000000000114
2026-01-14,South Dakota State,North Dakota State,-1,-11,-3.619883040935676,5.164327485380113,-1.4707602339181278,0.4532163742690063,-1.049707602339181,2.7222222222222214,-10.0,-0.10000000000000009,-1.1000000000000085
2026-01-17,South Dakota State,Kansas City,1,28,10.247368421052641,-9.089473684210532,3.4210526315789487,-1.94736842105263,0.4210526315789487,2.94736842105263,5.8,4.3999999999999995,-3.700000000000003
2026-01-28,South Dakota State,Omaha,-1,-9,1.7876623376623542,-3.9305194805194787,-0.3290043290043272,0.06277056277056303,2.445887445887447,1.8008658008658038,-3.1999999999999997,1.2999999999999998,-1.0
2026-01-31,South Dakota State,Oral Roberts,1,23,8.813636363636363,-5.927667984189725,-2.0494071146245076,-1.8952569169960487,1.2134387351778653,3.5494071146245076,17.2,1.5,-1.8000000000000114
2026-02-07,South Dakota State,South Dakota,1,-1,-0.5181666666666729,-5.9738333333333316,3.1950000000000003,-0.8316666666666652,0.025000000000000355,3.161666666666669,4.0,3.0,-4.5
2026-02-12,South Dakota State,Denver,-1,-18,-8.864923076923063,-13.162000000000006,0.24923076923077048,1.5061538461538468,0.3215384615384611,2.816923076923075,-6.4,0.5999999999999996,-1.3000000000000114
2026-02-14,South Dakota State,Oral Roberts,-1,18,8.17307692307692,-5.3192307692307566,-3.4230769230769234,-2.0,0.2692307692307683,3.2692307692307665,9.4,1.5,-1.8000000000000114
2026-02-18,South Dakota State,North Dakota State,1,-8,-6.081481481481475,4.011111111111106,-2.0740740740740726,0.22222222222222143,-1.2592592592592595,2.666666666666668,-8.799999999999999,-0.10000000000000009,-1.1000000000000085
2026-02-21,South Dakota State,North Dakota,1,8,0.7238095238095212,-3.3433333333333337,-0.6428571428571423,1.1880952380952383,-0.9023809523809536,3.916666666666668,-1.4,1.7999999999999998,-1.5
2026-02-26,South Dakota State,Kansas City,-1,14,14.84298029556652,-8.539532019704424,1.6588669950738932,-2.4889162561576352,-0.003694581280788256,3.2573891625615765,21.2,4.3999999999999995,-3.700000000000003
2026-02-28,South Dakota State,South Dakota,-1,-5,0.7733333333333405,-4.699999999999989,2.466666666666665,-1.0333333333333332,0.13333333333333286,2.7333333333333343,4.4,3.0,-4.5
2025-11-16,South Florida,Kennesaw State,-1,19,-2.26666666666668,22.200000000000017,4.0,0.33333333333333215,1.3333333333333321,-13.333333333333332,-22.0,6.1,2.3999999999999915
2025-11-19,South Florida,Oklahoma State,-1,-8,13.575000000000003,8.900000000000006,4.75,-2.25,2.0,-6.75,2.25,-3.6000000000000005,0.5
2025-11-28,South Florida,Colorado State,0,-15,-14.771428571428572,-12.257142857142867,3.0,1.7142857142857135,3.571428571428571,1.428571428571427,5.2,1.0999999999999996,11.5
2025-12-10,South Florida,College of Charleston,1,6,6.533333333333331,-6.588888888888889,4.666666666666668,3.0,0.6666666666666661,-0.22222222222222499,0.7999999999999998,6.5,6.199999999999989
2025-12-17,South Florida,Alabama,-1,-11,-6.929999999999993,-3.430000000000007,-6.5000000000000036,1.0999999999999996,2.700000000000001,-4.399999999999999,-20.2,-10.399999999999999,0.19999999999998863
2026-01-07,South Florida,North Texas,-1,4,11.030952380952371,5.030476190476179,10.342857142857142,-0.32380952380952444,3.8571428571428577,4.604761904761908,6.199999999999999,4.3,7.5
2026-01-14,South Florida,East Carolina,1,11,19.36874999999999,-6.568749999999994,11.8125,-1.5,2.6875,3.875,29.599999999999998,6.5,5.0
2026-01-25,South Florida,Florida Atlantic,1,14,-0.28052631578948706,-0.8615789473684146,4.313157894736843,-0.6842105263157894,1.3157894736842106,0.5473684210526315,-0.5999999999999996,3.5999999999999996,4.299999999999997
2026-02-15,South Florida,Florida Atlantic,-1,2,3.5279999999999916,-2.4399999999999977,4.079999999999998,-0.9600000000000009,1.08,0.5599999999999987,20.0,3.5999999999999996,4.299999999999997
2026-02-19,South Florida,Memphis,1,21,11.082153846153844,-1.0981538461538491,7.833846153846153,-2.2076923076923087,0.9907692307692297,3.53846153846154,7.2,0.7000000000000002,3.0
2026-02-25,South Florida,Rice,-1,19,7.64444444444446,-7.225925925925949,3.4814814814814845,-0.29629629629629584,1.037037037037038,3.1851851851851833,13.8,6.4,6.699999999999989
2026-03-05,South Florida,Memphis,-1,7,12.186206896551724,-4.579310344827604,8.241379310344826,-2.1034482758620694,1.4482758620689644,4.03448275862069,31.2,0.7000000000000002,3.0
2026-03-08,South Florida,Charlotte,1,23,3.2533333333333303,-12.433333333333337,4.800000000000001,0.13333333333333286,3.466666666666667,3.8999999999999986,15.200000000000001,4.8,9.899999999999991
2026-03-14,South Florida,Charlotte,0,22,3.645454545454527,-12.758455522971659,4.4398826979472155,-0.04398826979472226,3.4613880742912997,3.5043988269794752,21.8,4.8,9.899999999999991
2026-03-19,South Florida,Louisville,0,-4,-3.284848484848496,-2.6303030303030397,-3.242424242424242,-0.5757575757575761,2.515151515151514,-0.9696969696969688,16.6,-8.0,4.699999999999989
2025-11-18,Southeast Missouri State,Iowa,-1,-29,-26.816666666666663,5.491666666666674,7.0,1.25,0.0,0.6666666666666679,-22.333333333333332,-19.2,6.900000000000006
2025-11-25,Southeast Missouri State,Cal Poly,0,16,0.3114285714285643,2.0371428571428396,-8.742857142857144,-3.5142857142857142,-2.314285714285713,-4.942857142857143,-1.2000000000000002,-4.1,-7.099999999999994
2025-11-26,Southeast Missouri State,Northern Arizona,-1,-7,-5.506666666666675,2.670000000000016,2.7333333333333307,1.5999999999999996,-3.033333333333333,-1.9333333333333336,-2.0,-1.0999999999999996,4.5
2025-11-29,Southeast Missouri State,Lipscomb,1,-11,-1.1999999999999886,4.828571428571422,-9.857142857142858,-1.428571428571427,-2.571428571428571,-2.1428571428571423,-12.600000000000001,-2.1999999999999997,-0.7999999999999972
2025-12-06,Southeast Missouri State,Chattanooga,-1,4,-6.873611111111103,0.4791666666666714,-9.583333333333332,2.5277777777777786,1.0277777777777786,-1.1805555555555571,-10.4,-0.39999999999999947,2.299999999999997
2026-01-01,Southeast Missouri State,Eastern Illinois,1,9,11.108333333333334,-4.941666666666677,5.410256410256409,-0.2884615384615383,1.8076923076923084,1.4038461538461533,7.999999999999999,1.0,2.5
2026-01-10,Southeast Missouri State,Morehead State,-1,-2,0.29374999999998863,-8.006250000000009,1.8125,-0.625,-2.4375,0.375,0.7999999999999998,0.5,2.1000000000000085
2026-01-15,Southeast Missouri State,Lindenwood,1,-12,1.3176470588235247,6.535294117647055,1.764705882352942,-1.0588235294117645,-1.9411764705882355,-2.9411764705882355,9.6,0.8000000000000007,-4.099999999999994
2026-01-17,Southeast Missouri State,SIU Edwardsville,1,-13,1.5166666666666657,6.361111111111114,0.3333333333333357,0.8888888888888893,-0.8888888888888893,-1.1111111111111143,5.6000000000000005,1.8000000000000007,3.1000000000000085
2026-01-22,Southeast Missouri State,Little Rock,1,5,3.1465789473684396,-8.107368421052627,4.005263157894735,-1.9789473684210535,-0.8578947368421037,2.5736842105263165,-5.3999999999999995,0.0,2.0
2026-01-31,Southeast Missouri State,Eastern Illinois,-1,18,8.195454545454538,-0.8363636363636431,4.227272727272727,0.0,0.9090909090909083,1.2272727272727266,-8.0,1.0,2.5
2026-02-05,Southeast Missouri State,Morehead State,1,12,-2.3217391304347927,-8.256521739130434,3.6521739130434767,-0.21739130434782616,-2.782608695652174,0.304347826086957,2.6,0.5,2.1000000000000085
2026-02-12,Southeast Missouri State,SIU Edwardsville,-1,-18,3.495999999999995,6.1000000000000085,1.120000000000001,0.5999999999999996,-0.20000000000000107,-1.4800000000000004,6.800000000000001,1.8000000000000007,3.1000000000000085
2026-02-14,Southeast Missouri State,Lindenwood,-1,12,2.57692307692308,4.842307692307685,2.4230769230769234,-2.0384615384615383,-1.73076923076923,-2.115384615384613,5.3999999999999995,0.8000000000000007,-4.099999999999994
2026-02-21,Southeast Missouri State,Little Rock,-1,5,3.960714285714289,-8.299999999999983,3.1785714285714306,-0.7142857142857153,-0.9285714285714288,2.8571428571428577,6.8,0.0,2.0
2026-03-05,Southeast Missouri State,Lindenwood,0,2,3.0380040322580584,3.0440524193548413,2.008064516129032,-1.709677419354838,-1.65625,-1.6885080645161281,4.8,0.8000000000000007,-4.099999999999994
2026-03-06,Southeast Missouri State,Morehead State,0,-5,-3.784374999999983,-8.203729838709677,3.379032258064516,-0.23185483870967794,-2.127016129032258,0.777217741935484,-4.4,0.5,2.1000000000000085
2025-11-28,Southeastern Louisiana,Gardner-Webb,0,8,-0.33571428571428896,-26.323809523809516,0.6428571428571423,-0.8809523809523796,1.333333333333334,1.4523809523809526,22.2,4.5,-4.900000000000006
2025-11-29,Southeastern Louisiana,Navy,0,4,-16.505357142857136,-4.926785714285714,7.482142857142858,0.6964285714285712,-0.053571428571428825,-1.446428571428573,-7.2,2.9000000000000004,0.0
2025-12-07,Southeastern Louisiana,Northwestern State,1,-8,-6.362499999999997,-22.450000000000003,3.75,0.625,1.875,5.0,14.2,0.6000000000000001,0.20000000000000284
2025-12-13,Southeastern Louisiana,Houston Christian,-1,3,-13.155555555555551,-6.37777777777778,1.6666666666666679,2.0,-0.6666666666666661,-0.4444444444444464,5.2,1.5999999999999996,0.7999999999999972
2025-12-15,Southeastern Louisiana,East Texas A&M,1,-1,-8.379999999999995,1.0199999999999818,-5.300000000000001,-0.8000000000000007,0.40000000000000036,-2.1000000000000014,5.0,1.0999999999999996,-2.700000000000003
2025-12-19,Southeastern Louisiana,Louisiana State,-1,-13,-25.782727272727257,3.5027272727272845,2.7727272727272734,0.9909090909090921,-1.7545454545454557,-7.418181818181818,-6.6,-12.5,-4.700000000000003
2025-12-30,Southeastern Louisiana,Incarnate Word,-1,-9,-22.08333333333333,-4.133333333333354,-0.5,2.0,-2.833333333333332,-0.75,-6.2,0.8999999999999999,0.09999999999999432
2026-01-05,Southeastern Louisiana,Lamar,1,8,-7.714285714285708,4.428571428571431,1.2142857142857117,0.2857142857142847,-2.928571428571429,-1.8571428571428577,-5.2,0.8999999999999999,-0.6000000000000085
2026-01-10,Southeastern Louisiana,McNeese State,-1,-12,-22.97999999999999,4.513333333333335,1.1333333333333364,1.8666666666666671,-3.200000000000001,-0.46666666666666856,-8.8,-3.6,-1.7999999999999972
2026-01-12,Southeastern Louisiana,New Orleans,1,-3,-5.71875,-11.175000000000011,0.4375,-1.875,-1.5,-2.5,-5.800000000000001,-2.2,-5.1000000000000085
2026-01-24,Southeastern Louisiana,Nicholls State,1,6,-9.89473684210526,-5.700000000000017,-5.210526315789473,0.05263157894736814,-0.8421052631578956,2.578947368421055,3.1999999999999993,-0.8999999999999999,-2.6000000000000085
2026-01-27,Southeastern Louisiana,McNeese State,1,-10,-22.965000000000003,4.689999999999998,0.6999999999999993,2.549999999999999,-3.1000000000000014,-0.5500000000000007,-18.8,-3.6,-1.7999999999999972
2026-02-02,Southeastern Louisiana,Lamar,-1,-19,-8.786363636363646,4.209090909090904,0.1363636363636367,0.6818181818181817,-2.636363636363635,-2.0,-11.2,0.8999999999999999,-0.6000000000000085
2026-02-07,Southeastern Louisiana,Houston Christian,1,8,-7.856521739130443,-7.078260869565213,1.391304347826086,0.04347826086956452,0.0,0.913043478260871,-5.0,1.5999999999999996,0.7999999999999972
2026-02-09,Southeastern Louisiana,Incarnate Word,1,12,-14.074999999999989,-4.429166666666674,-1.3333333333333321,1.041666666666666,-1.958333333333334,-0.20833333333333215,0.0,0.8999999999999999,0.09999999999999432
2026-02-14,Southeastern Louisiana,Northwestern State,-1,-3,-6.659999999999997,-6.412000000000006,2.6400000000000006,0.9199999999999999,1.08,0.9599999999999973,-2.8,0.6000000000000001,0.20000000000000284
2026-02-16,Southeastern Louisiana,East Texas A&M,-1,-17,-1.589173789173799,-1.2106837606837786,-5.658119658119659,-0.7393162393162402,0.917378917378918,-2.0071225071225065,3.3999999999999995,1.0999999999999996,-2.700000000000003
2026-02-28,Southeastern Louisiana,Nicholls State,-1,-8,-7.0310344827586135,-2.186206896551724,-4.689655172413794,0.6206896551724128,0.1724137931034484,1.9655172413793096,-3.1999999999999997,-0.8999999999999999,-2.6000000000000085
2026-03-02,Southeastern Louisiana,New Orleans,-1,4,-7.036666666666676,-3.069999999999993,2.1666666666666643,-1.799999999999999,-1.200000000000001,-3.3999999999999986,-14.8,-2.2,-5.1000000000000085
2025-11-21,Southern,San Jose State,-1,-14,1.6400000000000148,-10.960000000000008,0.6499999999999986,1.6999999999999993,1.3499999999999996,4.850000000000001,10.85,-8.7,6.299999999999997
2025-11-29,Southern,Northwestern State,-1,2,8.88333333333334,-20.33333333333333,5.0,1.833333333333334,3.666666666666667,9.0,27.0,-2.9,6.6000000000000085
2025-12-16,Southern,California Baptist,-1,-8,3.095454545454544,-0.1700000000000017,3.763636363636362,1.7727272727272734,-3.2454545454545443,1.0181818181818159,9.2,-5.8,3.700000000000003
2025-12-21,Southern,Baylor,-1,-44,-13.099999999999994,-2.4154545454545513,-1.1454545454545482,2.4454545454545453,-3.118181818181819,0.3818181818181827,-18.799999999999997,-17.7,2.6000000000000085
2025-12-29,Southern,Illinois,-1,-35,-17.716666666666654,6.6499999999999915,-7.166666666666668,3.583333333333334,-2.166666666666666,-3.0833333333333357,-15.2,-21.6,5.799999999999997
2026-01-05,Southern,Prairie View A&M,1,-4,-0.2857142857142918,4.164285714285711,2.2142857142857117,0.0,1.2857142857142865,1.2142857142857153,-11.200000000000001,2.4000000000000004,-0.7000000000000028
2026-01-10,Southern,Florida A&M,-1,-8,13.828333333333333,-3.344999999999999,-0.3000000000000007,-1.8166666666666664,2.666666666666667,2.9833333333333343,-2.1999999999999993,2.0,1.4000000000000057
2026-01-12,Southern,Bethune-Cookman,-1,4,5.835833333333326,-7.585833333333326,2.279166666666665,0.5583333333333336,1.3375000000000004,1.8125,5.600000000000001,-0.7999999999999998,0.10000000000000853
2026-01-17,Southern,Grambling State,-1,18,2.517647058823542,3.882352941176478,1.411764705882355,-1.5294117647058822,2.1764705882352953,2.7058823529411775,-13.8,1.5999999999999996,2.799999999999997
2026-01-24,Southern,Arkansas–Pine Bluff,1,-1,2.5704678362573077,-7.948538011695902,-2.809941520467838,-1.7134502923976598,1.2251461988304104,0.6169590643274852,4.6000000000000005,1.5999999999999996,0.7000000000000028
2026-01-28,Southern,Mississippi Valley State,1,11,18.161052631578954,-13.583684210526314,3.3473684210526287,-3.4342105263157894,2.621052631578947,3.9894736842105267,18.6,4.699999999999999,2.0
2026-01-31,Southern,Alcorn State,-1,-5,13.18105263157895,-13.31421052631579,0.13157894736842124,-2.223684210526315,1.7184210526315784,4.27105263157895,11.2,0.9000000000000004,2.5
2026-02-02,Southern,Jackson State,-1,5,14.290476190476198,-12.36666666666666,-4.857142857142858,-1.3809523809523814,3.1428571428571432,1.9047619047619015,11.4,1.0999999999999996,0.29999999999999716
2026-02-07,Southern,Alabama A&M,1,13,4.8318181818181785,2.568181818181813,1.1363636363636367,0.4090909090909083,2.4090909090909083,-1.8181818181818166,6.0,3.3000000000000007,4.6000000000000085
2026-02-09,Southern,Alabama State,1,1,8.030434782608694,-2.8521739130434725,-2.6086956521739104,-1.391304347826086,-0.17391304347825987,1.2173913043478244,10.399999999999999,0.7999999999999998,0.7999999999999972
2026-02-14,Southern,Prairie View A&M,-1,5,1.6083333333333343,0.7958333333333201,1.75,-0.125,2.333333333333334,0.5416666666666679,12.6,2.4000000000000004,-0.7000000000000028
2026-02-21,Southern,Grambling State,1,14,6.571538461538452,5.172769230769234,-0.30153846153845976,-2.303076923076924,2.056923076923077,1.1338461538461537,6.3999999999999995,1.5999999999999996,2.799999999999997
2026-02-26,Southern,Florida A&M,1,-11,9.787464387464397,0.12535612535612017,-1.3219373219373232,-2.950142450142449,1.6809116809116809,1.435897435897438,5.800000000000001,2.0,1.4000000000000057
2026-02-28,Southern,Bethune-Cookman,1,-3,4.145566502463055,0.812807881773395,2.8805418719211815,-1.2918719211822651,1.181034482758621,-1.2931034482758612,-2.0,-0.7999999999999998,0.10000000000000853
2026-03-03,Southern,Alabama State,-1,7,6.134482758620678,-1.2655172413792997,-2.482758620689655,-1.2413793103448274,-0.4137931034482758,0.4482758620689644,-5.6000000000000005,0.7999999999999998,0.7999999999999972
2026-03-05,Southern,Alabama A&M,-1,3,2.2033333333333474,0.44333333333334224,1.8333333333333321,0.40000000000000036,2.500000000000001,-0.7666666666666657,-2.4000000000000004,3.3000000000000007,4.6000000000000085
2026-03-12,Southern,Arkansas–Pine Bluff,0,3,2.9193548387096797,-4.135483870967747,-2.161290322580644,-1.870967741935484,1.5161290322580658,0.870967741935484,-0.7999999999999998,1.5999999999999996,0.7000000000000028
2026-03-13,Southern,Florida A&M,0,3,9.174374999999998,2.419166666666655,-1.3291666666666657,-3.1187500000000004,0.8666666666666671,0.9937499999999986,-9.2,2.0,1.4000000000000057
2026-03-14,Southern,Prairie View A&M,0,-6,2.2436720142602553,4.320231729055251,1.529411764705884,0.0089126559714785,1.6488413547237073,-0.041889483065954636,-10.200000000000001,2.4000000000000004,-0.7000000000000028
2025-11-24,Southern California,Boise State,0,3,10.379999999999995,-1.8649999999999949,-0.8999999999999986,-0.5,2.0,5.050000000000001,10.5,3.299999999999999,4.599999999999994
2025-11-25,Southern California,Seton Hall,0,2,2.8833333333333258,7.726666666666674,4.066666666666666,2.166666666666666,-1.0333333333333332,3.0,1.8000000000000007,0.6999999999999993,5.799999999999997
2025-11-26,Southern California,Arizona State,0,13,4.261904761904773,-4.814285714285717,-0.7857142857142847,2.2619047619047628,2.8095238095238093,3.904761904761905,8.4,-1.0,1.5
2025-12-02,Southern California,Oregon,-1,5,14.757142857142867,-5.085714285714289,-4.571428571428569,-1.2857142857142865,-2.0,2.2857142857142847,10.2,-0.10000000000000142,5.799999999999997
2025-12-09,Southern California,San Diego,-1,13,12.894444444444431,-3.401388888888903,-4.472222222222221,-1.0555555555555554,1.6805555555555554,5.472222222222221,11.0,10.5,3.1999999999999886
2026-01-02,Southern California,Michigan,-1,-30,-7.098717948717962,13.41153846153847,-7.185897435897438,-0.4102564102564106,-0.3333333333333339,-7.083333333333336,-20.4,-7.900000000000002,0.6999999999999886
2026-01-05,Southern California,Michigan State,-1,-29,1.75,6.414285714285725,-1.0,0.5,-2.7142857142857135,-2.6428571428571423,1.0,-5.0,5.199999999999989
2026-01-09,Southern California,Minnesota,-1,1,2.8599999999999994,2.3800000000000097,-2.3333333333333357,1.8000000000000007,1.1999999999999993,1.2666666666666657,-15.2,0.5,8.699999999999989
2026-01-13,Southern California,Maryland,1,17,9.587499999999991,-6.643749999999997,-6.1875,0.3125,-1.4375,1.6875,8.2,0.0,5.299999999999997
2026-01-17,Southern California,Purdue,1,-5,-13.164705882352933,1.32352941176471,-3.1764705882352935,3.0,-1.2352941176470598,-0.7058823529411775,-16.4,-6.200000000000001,7.5
2026-01-21,Southern California,Northwestern,1,-6,-1.87222222222222,-4.688888888888883,0.5555555555555571,4.333333333333334,1.4444444444444429,2.5555555555555536,0.40000000000000036,-1.4000000000000004,6.799999999999997
2026-01-28,Southern California,Iowa,-1,-1,-8.913684210526327,5.63315789473684,-1.3842105263157904,2.010526315789475,2.268421052631579,4.344736842105263,0.40000000000000013,-3.9000000000000004,9.799999999999997
2026-01-31,Southern California,Rutgers,1,3,8.19047619047619,-7.900000000000006,-0.5238095238095255,1.6190476190476186,-0.6666666666666661,3.0476190476190474,10.4,2.0999999999999996,4.8999999999999915
2026-02-03,Southern California,Indiana,1,6,-6.177272727272737,0.6272727272727252,-10.136363636363633,2.363636363636365,2.1818181818181817,0.6818181818181834,-0.9999999999999999,-2.3000000000000007,5.099999999999994
2026-02-08,Southern California,Penn State,-1,2,-1.504347826086942,-14.595652173913052,-3.1304347826086953,3.0434782608695645,2.086956521739131,5.217391304347828,19.400000000000002,2.5999999999999996,5.3999999999999915
2026-02-11,Southern California,Ohio State,-1,-7,-6.507789855072474,-3.31757246376813,-3.632246376811594,2.163043478260869,1.5760869565217384,1.4221014492753632,5.8,-3.700000000000001,5.3999999999999915
2026-02-18,Southern California,Illinois,1,-36,-14.867076923076922,1.6293846153846232,-11.906153846153845,3.2738461538461525,-2.2799999999999994,-2.309230769230769,-12.200000000000001,-5.9,6.199999999999989
2026-02-21,Southern California,Oregon,1,-1,4.588461538461544,-6.153846153846146,-5.692307692307693,0.5769230769230766,-0.3461538461538449,2.30769230769231,2.799999999999999,-0.10000000000000142,5.799999999999997
2026-02-28,Southern California,Nebraska,1,-15,-6.064285714285717,9.36071428571428,-10.785714285714285,3.0,2.500000000000001,-1.75,-21.6,-3.6000000000000014,5.599999999999994
2025-11-17,Southern Illinois,North Dakota State,-1,-7,4.183333333333323,3.000000000000014,-12.333333333333332,1.083333333333334,-0.5833333333333339,8.5,-0.5833333333333321,-2.9,3.0
2025-11-23,Southern Illinois,Delaware,0,20,11.0,-15.424999999999983,-6.5,0.25,2.5,7.5,18.75,-3.5,7.200000000000003
2025-11-26,Southern Illinois,Memphis,-1,-16,9.719999999999999,-11.503333333333345,-4.600000000000001,-2.5666666666666664,-0.3000000000000007,7.666666666666668,9.399999999999999,-10.6,-0.3999999999999915
2025-11-29,Southern Illinois,Little Rock,1,9,9.745238095238093,-14.157142857142844,4.071428571428573,-4.190476190476192,-0.023809523809523725,6.619047619047617,13.600000000000001,-0.40000000000000036,4.5
2025-12-03,Southern Illinois,High Point,-1,2,-19.112499999999997,2.5250000000000057,-6.0,2.625,1.75,3.375,-13.8,-4.5,0.29999999999999716
2025-12-13,Southern Illinois,Richmond,-1,-9,-7.408888888888896,0.9888888888888943,-8.155555555555559,1.68888888888889,0.31111111111111,-1.87777777777778,-7.999999999999999,-6.6,3.6000000000000085
2025-12-18,Southern Illinois,Illinois State,1,-7,-9.409090909090907,0.26363636363637966,-7.636363636363637,2.7272727272727284,0.7272727272727266,1.09090909090909,-10.0,-8.7,4.700000000000003
2025-12-21,Southern Illinois,Bradley,-1,-4,-2.7750000000000057,1.6749999999999972,-10.0,2.916666666666666,1.75,3.833333333333332,-12.2,-7.1,2.6000000000000085
2025-12-29,Southern Illinois,Murray State,-1,-3,-13.26153846153845,-5.415384615384625,-11.615384615384613,0.8461538461538449,-1.0769230769230766,1.6153846153846168,-12.8,-7.9,-0.09999999999999432
2026-01-04,Southern Illinois,Belmont,-1,1,-10.493333333333325,3.933333333333337,-10.533333333333335,-1.333333333333334,1.4000000000000004,-1.0,-12.2,-7.3,1.6000000000000085
2026-01-07,Southern Illinois,Illinois–Chicago,-1,-13,-3.491250000000008,-6.562916666666666,-3.3791666666666664,0.2791666666666668,-1.6125000000000007,5.425000000000001,-3.4000000000000004,-7.5,3.9000000000000057
2026-01-14,Southern Illinois,Drake,1,-3,-7.105882352941165,-4.28235294117647,-9.764705882352938,3.2941176470588243,2.2352941176470598,1.4117647058823515,5.8,-6.4,3.9000000000000057
2026-01-17,Southern Illinois,Belmont,1,-5,-12.032456140350874,1.7973684210526386,-8.725146198830409,-0.4415204678362574,1.7923976608187129,-0.8654970760233915,-8.2,-7.3,1.6000000000000085
2026-01-28,Southern Illinois,Northern Iowa,1,15,-0.6026190476190436,6.779047619047617,-5.026190476190475,3.783333333333333,4.142857142857143,2.0214285714285722,-0.40000000000000036,-8.7,8.5
2026-01-31,Southern Illinois,Illinois–Chicago,1,-2,-6.794805194805193,-3.3725108225108045,-2.121212121212121,1.1060606060606073,-1.2380952380952372,4.521645021645021,-14.200000000000001,-7.5,3.9000000000000057
2026-02-03,Southern Illinois,Illinois State,-1,4,-10.286363636363632,1.2818181818181955,-6.727272727272727,1.7272727272727266,0.2727272727272734,-0.40909090909091006,-4.2,-8.7,4.700000000000003
2026-02-06,Southern Illinois,Murray State,1,-10,-15.090217391304336,-9.202173913043481,-10.922101449275363,0.7228260869565215,-1.570652173913043,0.9365942028985508,7.4,-7.9,-0.09999999999999432
2026-02-09,Southern Illinois,Indiana State,-1,15,-3.200000000000003,-4.704166666666666,-9.666666666666668,-0.75,1.875,0.9583333333333321,1.4,-5.6,2.0
2026-02-12,Southern Illinois,Evansville,1,26,3.719999999999999,-10.320000000000007,-6.039999999999999,-0.4399999999999995,2.24,3.479999999999997,12.4,-5.9,4.400000000000006
2026-02-15,Southern Illinois,Bradley,1,-10,-7.08461538461539,-6.150000000000006,-7.46153846153846,3.0,0.6538461538461551,2.5,5.6,-7.1,2.6000000000000085
2026-02-18,Southern Illinois,Drake,-1,5,-8.287433862433858,-10.816005291005297,-9.166666666666668,2.4246031746031758,1.2632275132275126,1.7235449735449748,17.4,-6.4,3.9000000000000057
2026-02-21,Southern Illinois,Northern Iowa,-1,2,-4.760714285714286,3.3392857142857224,-4.857142857142858,3.1071428571428577,3.928571428571429,2.1428571428571423,-11.0,-8.7,8.5
2026-02-25,Southern Illinois,Indiana State,1,11,-2.541379310344823,-8.317241379310346,-8.551724137931036,-0.7931034482758612,2.137931034482758,1.4827586206896548,18.799999999999997,-5.6,2.0
2026-03-01,Southern Illinois,Evansville,-1,14,3.7666666666666657,-15.039999999999992,-6.133333333333333,-0.5333333333333332,2.833333333333334,3.866666666666667,28.8,-5.9,4.400000000000006
2026-03-05,Southern Illinois,Drake,0,-4,-6.558064516129022,-11.693548387096769,-8.870967741935484,1.870967741935484,1.387096774193548,1.5483870967741922,17.200000000000003,-6.4,3.9000000000000057
2025-11-20,Southern Indiana,Incarnate Word,0,-6,-23.849999999999994,-3.1999999999999886,-0.75,5.0,-2.0,1.0,-18.25,-4.0,4.099999999999994
2025-11-22,Southern Indiana,Illinois–Chicago,0,-11,-16.280000000000015,7.660000000000025,3.3999999999999986,-1.799999999999999,-1.4000000000000004,3.0,-18.4,-8.9,1.5
2025-12-07,Southern Indiana,Indiana State,-1,-22,-3.0333333333333456,6.25555555555556,-0.11111111111111072,-1.8888888888888893,1.3333333333333321,1.5555555555555571,-9.2,-7.0,-0.4000000000000057
2025-12-18,Southern Indiana,Little Rock,1,-15,4.024545454545461,-12.14181818181818,11.518181818181816,-3.336363636363636,0.336363636363636,7.309090909090909,20.6,-1.8000000000000007,2.0999999999999943
2025-12-20,Southern Indiana,Morehead State,1,-4,-6.86363636363636,-6.88181818181819,7.90909090909091,-2.4545454545454533,-2.3636363636363633,2.27272727272727,4.3999999999999995,-1.3000000000000007,2.200000000000003
2026-01-01,Southern Indiana,SIU Edwardsville,-1,-4,-10.558333333333337,9.475641025641025,5.608974358974361,0.37820512820512775,-0.16025641025641058,-0.5128205128205146,-12.2,0.0,3.200000000000003
2026-01-03,Southern Indiana,Lindenwood,-1,-3,-10.792307692307702,10.033516483516479,7.236263736263734,-1.1263736263736277,-0.5714285714285712,-2.4835164835164854,-41.2,-1.0,-4.0
2026-01-08,Southern Indiana,Southeast Missouri State,1,-8,-9.590000000000003,2.800952380952367,4.790476190476191,-0.704761904761904,0.5952380952380949,0.6619047619047613,-20.2,-1.8000000000000007,0.09999999999999432
2026-01-22,Southern Indiana,Eastern Illinois,1,-8,-1.0950292397660917,0.39941520467837677,8.885964912280702,-0.7807017543859658,2.5847953216374266,1.7719298245614041,-15.6,-0.8000000000000007,2.5999999999999943
2026-01-29,Southern Indiana,Lindenwood,1,-13,-7.9497619047619,5.405476190476179,7.283333333333331,-1.7928571428571427,-0.47142857142857153,-0.4547619047619058,3.4,-1.0,-4.0
2026-01-31,Southern Indiana,SIU Edwardsville,1,-12,-9.290259740259742,4.646969696969691,5.573593073593074,1.166666666666666,0.37229437229437146,1.071428571428573,1.0000000000000004,0.0,3.200000000000003
2026-02-07,Southern Indiana,Southeast Missouri State,-1,-25,-12.408152173913038,0.15706521739129187,4.5181159420289845,-0.061594202898550776,1.2572463768115956,1.1992753623188435,-15.6,-1.8000000000000007,0.09999999999999432
2026-02-21,Southern Indiana,Eastern Illinois,-1,2,-1.6318783068783063,0.5547619047619037,7.644179894179896,-0.24735449735449677,2.3386243386243386,1.6388888888888893,-8.2,-0.8000000000000007,2.5999999999999943
2026-02-24,Southern Indiana,Morehead State,-1,-1,-12.90061576354681,-4.612315270935966,6.71551724137931,-0.583743842364532,-0.6428571428571423,0.5800492610837438,-14.399999999999999,-1.3000000000000007,2.200000000000003
2026-02-28,Southern Indiana,Little Rock,-1,-19,-4.763218390804596,-4.3439080459770025,6.319540229885057,-1.0344827586206904,0.4114942528735632,2.828735632183907,-1.2000000000000002,-1.8000000000000007,2.0999999999999943
2025-11-13,Southern Mississippi,Grambling State,-1,-5,12.600000000000009,3.7666666666666515,6.333333333333336,-5.000000000000002,1.666666666666666,6.0,6.333333333333332,4.8999999999999995,0.7999999999999972
2025-11-22,Southern Mississippi,North Florida,0,9,6.614999999999995,-14.299999999999997,-10.45,0.25,0.9000000000000004,6.899999999999999,15.3,2.8,-2.200000000000003
2025-12-03,Southern Mississippi,Radford,-1,7,13.101587301587301,-4.40952380952379,-10.666666666666668,-1.6190476190476204,-0.07936507936507908,2.7301587301587276,13.0,2.3,-4.099999999999994
2025-12-06,Southern Mississippi,Miami (FL),-1,-24,-2.5486111111111285,12.651388888888889,0.30555555555555713,-0.7777777777777786,0.6944444444444446,-1.1944444444444429,-10.2,-13.0,0.7999999999999972
2025-12-08,Southern Mississippi,Grambling State,1,8,11.511111111111106,-0.2666666666666657,0.25,-2.625,3.2222222222222214,4.444444444444443,10.8,4.8999999999999995,0.7999999999999972
2025-12-13,Southern Mississippi,Ole Miss,0,-4,0.45777777777776407,3.3488888888888937,-1.7444444444444436,1.9555555555555557,1.7888888888888896,1.2222222222222214,4.6,-14.100000000000001,0.20000000000000284
2025-12-18,Southern Mississippi,Louisiana,1,8,21.754545454545465,-7.054545454545448,-3.6363636363636367,0.09090909090909172,2.8181818181818175,4.181818181818183,12.4,0.8999999999999995,5.6000000000000085
2025-12-20,Southern Mississippi,Arkansas State,1,-7,-1.8500000000000085,-4.608333333333334,-7.5,-2.5,-1.083333333333334,-0.9166666666666679,-12.0,-0.7000000000000002,-3.200000000000003
2025-12-29,Southern Mississippi,Louisiana State,-1,-28,-15.614102564102566,2.644871794871804,-2.352564102564102,1.25,-0.25,-3.6538461538461533,-8.6,-12.7,-0.29999999999999716
2026-01-01,Southern Mississippi,Louisiana–Monroe,-1,14,7.007142857142853,-7.800000000000011,-6.571428571428573,-1.2857142857142865,2.8571428571428568,2.0,3.8000000000000007,0.0,0.0
2026-01-03,Southern Mississippi,Louisiana,-1,7,16.620000000000005,-2.220000000000013,-4.933333333333334,1.0,2.7333333333333334,3.8666666666666636,-1.1999999999999997,0.8999999999999995,5.6000000000000085
2026-01-10,Southern Mississippi,Louisiana–Monroe,1,10,6.71764705882353,-9.847058823529409,-6.0588235294117645,-0.6470588235294112,3.0588235294117636,3.235294117647058,8.799999999999999,0.0,0.0
2026-01-22,Southern Mississippi,Georgia State,-1,-7,6.548157894736832,0.1510526315789491,-9.936842105263157,1.3499999999999996,0.5052631578947366,0.6447368421052637,-9.2,1.0999999999999996,0.7999999999999972
2026-01-24,Southern Mississippi,Coastal Carolina,-1,-18,2.666666666666657,1.319047619047609,-7.428571428571427,2.7142857142857153,0.23809523809523725,-4.904761904761905,-5.8,0.5,0.5
2026-01-29,Southern Mississippi,Appalachian State,1,-7,-3.9772727272727195,4.281818181818167,-8.18181818181818,3.1363636363636367,-1.4090909090909083,-1.7272727272727266,-17.2,0.5,5.299999999999997
2026-01-31,Southern Mississippi,James Madison,1,8,-5.253162055335963,-6.214229249011851,-8.756916996047433,1.0909090909090917,-0.28260869565217384,-0.7470355731225311,-14.4,0.0,2.299999999999997
2026-02-04,Southern Mississippi,Marshall,-1,-4,-8.03446969696968,0.1295454545454504,-10.348484848484851,0.09469696969697061,-1.2803030303030294,-1.40909090909091,-18.8,-0.40000000000000036,-1.0
2026-02-07,Southern Mississippi,Kent State,1,1,-8.052521739130455,-0.5123478260869518,-9.845217391304349,-2.1304347826086953,-2.241739130434784,-2.5165217391304324,-4.8,-1.6,-3.700000000000003
2026-02-12,Southern Mississippi,South Alabama,1,-6,-2.651923076923083,4.541346153846163,-1.6025641025641022,3.6314102564102573,2.4647435897435903,-1.419871794871792,-7.6,0.5,3.0
2026-02-21,Southern Mississippi,Old Dominion,1,5,-0.45714285714286973,-2.6035714285714278,-4.464285714285715,1.8928571428571441,2.0357142857142856,-0.35714285714285765,-5.800000000000001,-0.5,-0.8999999999999915
2026-02-24,Southern Mississippi,Arkansas State,-1,-5,-8.089655172413785,-0.8379310344827502,-10.551724137931032,-1.275862068965516,-2.655172413793103,-2.3103448275862064,-18.2,-0.7000000000000002,-3.200000000000003
2026-02-27,Southern Mississippi,South Alabama,-1,13,-4.673333333333346,3.353333333333353,-3.3333333333333357,4.166666666666666,2.9666666666666677,-1.4000000000000021,-7.8,0.5,3.0
2026-03-05,Southern Mississippi,James Madison,0,6,-4.770766129032268,-3.9441532258064456,-6.762096774193548,1.672379032258064,0.6139112903225801,-0.8195564516129039,-7.2,0.0,2.299999999999997
2026-03-07,Southern Mississippi,Appalachian State,0,13,-3.4116324535679468,4.429618768328439,-9.20136852394917,3.3753665689149557,-0.7751710654936463,-1.2649071358748785,1.3999999999999995,0.5,5.299999999999997
2025-11-15,Southern Utah,Omaha,-1,-5,1.8999999999999915,-16.866666666666674,3.666666666666668,1.333333333333334,6.666666666666666,12.333333333333336,17.0,2.4,2.3000000000000114
2025-11-17,Southern Utah,Gonzaga,-1,-72,-13.424999999999997,22.89999999999999,3.5,3.25,-1.0,-1.5,-24.0,-12.299999999999999,0.9000000000000057
2025-11-28,Southern Utah,Robert Morris,-1,-7,-7.699999999999989,10.257142857142853,-0.7142857142857153,-0.8571428571428577,-5.857142857142856,2.571428571428573,-15.4,1.0,4.200000000000003
2025-12-06,Southern Utah,Oregon State,-1,-11,-0.1766666666666623,-0.968888888888884,0.06666666666666643,0.655555555555555,1.855555555555556,3.055555555555557,14.799999999999999,-4.1,4.300000000000011
2025-12-18,Southern Utah,Northern Arizona,-1,-8,2.2933333333333366,4.611666666666665,4.533333333333331,1.2166666666666668,0.38333333333333464,2.083333333333332,10.799999999999999,2.4,6.200000000000003
2026-01-10,Southern Utah,California Baptist,-1,-3,-4.353308823529417,8.148161764705875,4.610294117647058,0.7169117647058822,-3.6029411764705888,0.3014705882352935,-15.8,-1.9000000000000001,2.9000000000000057
2026-01-17,Southern Utah,Abilene Christian,1,22,-2.049999999999997,6.455555555555563,6.0,0.2222222222222232,-0.44444444444444464,5.0,-4.4,0.6999999999999997,1.7000000000000028
2026-01-31,Southern Utah,Abilene Christian,-1,3,1.0045454545454504,5.8700000000000045,4.768181818181816,0.0636363636363626,-0.704545454545455,4.886363636363637,11.4,0.6999999999999997,1.7000000000000028
2026-02-12,Southern Utah,California Baptist,1,-17,-2.3041666666666742,8.970833333333317,3.791666666666668,2.041666666666668,-3.125,-0.29166666666666785,-9.0,-1.9000000000000001,2.9000000000000057
2026-02-21,Southern Utah,Abilene Christian,-1,-4,2.8159544159544225,7.503276353276348,3.162393162393162,0.08547008547008694,-0.6951566951566956,4.394586894586894,-3.2,0.6999999999999997,1.7000000000000028
2026-03-07,Southern Utah,California Baptist,1,-7,-0.9433333333333422,11.259999999999991,2.3999999999999986,2.4333333333333336,-3.2333333333333325,-0.6666666666666679,-7.0,-1.9000000000000001,2.9000000000000057
2025-11-20,St. Bonaventure,Robert Morris,1,14,4.624999999999986,4.474999999999994,-7.0,-4.25,-2.25,-2.25,-0.5,4.6,1.0999999999999943
2025-11-25,St. Bonaventure,North Carolina,0,-15,0.6799999999999926,17.980000000000018,-10.0,0.5999999999999996,2.5999999999999996,-10.0,-14.4,-10.1,-1.2999999999999972
2025-11-27,St. Bonaventure,East Carolina,0,9,20.13333333333334,-7.950000000000017,-1.0,-3.0,3.166666666666666,-1.3333333333333357,23.0,2.7,-2.299999999999997
2025-11-30,St. Bonaventure,Florida Atlantic,-1,5,-4.571428571428584,-3.585714285714289,-7.285714285714285,1.1428571428571441,-0.4285714285714288,-1.1428571428571423,-2.5999999999999996,-0.19999999999999996,-3.0
2025-12-06,St. Bonaventure,Buffalo,-1,8,-6.474999999999994,-7.893055555555549,-5.541666666666668,2.416666666666666,3.125,2.1111111111111107,1.0,4.3,0.20000000000000284
2025-12-10,St. Bonaventure,Colgate,1,8,0.21999999999998465,-4.900000000000006,-1.8000000000000007,1.8000000000000007,4.799999999999999,-1.8999999999999986,-8.6,6.2,-0.29999999999999716
2025-12-13,St. Bonaventure,Ohio,0,-5,8.802020202020202,-15.532323232323236,-3.09090909090909,0.8888888888888893,2.0303030303030294,1.5959595959595951,15.8,3.2,-2.9000000000000057
2025-12-20,St. Bonaventure,Le Moyne,1,11,3.702272727272714,-12.314393939393923,-3.6060606060606055,-0.030303030303029388,4.037878787878788,-0.5151515151515156,15.399999999999999,8.6,-0.7000000000000028
2026-01-07,St. Bonaventure,Richmond,1,-9,-2.0752380952380918,0.732857142857128,-6.761904761904759,1.647619047619047,2.833333333333334,-2.647619047619049,1.0,0.9,-0.29999999999999716
2026-01-10,St. Bonaventure,Fordham,1,-4,5.015833333333333,8.991250000000008,-4.487500000000001,0.08750000000000036,-1.0999999999999996,-3.9250000000000007,-5.0,2.9,3.5999999999999943
2026-01-14,St. Bonaventure,Saint Joseph's,-1,-4,8.08272058823529,1.794117647058826,-7.1911764705882355,-0.036764705882353255,-0.39705882352941124,-3.5882352941176485,-3.1999999999999997,-0.8,-0.29999999999999716
2026-01-17,St. Bonaventure,La Salle,-1,-4,13.762745098039218,-4.322875816993459,2.7549019607843164,-0.6503267973856204,1.238562091503269,0.27777777777777857,8.0,-0.7,1.2999999999999972
2026-01-20,St. Bonaventure,Loyola Chicago,1,14,11.39678362573099,-9.816666666666663,-6.1812865497076,-1.4093567251461998,1.6374269005847957,0.33625730994151937,11.799999999999999,0.6,2.0
2026-01-23,St. Bonaventure,Saint Louis,1,-35,-10.33684210526313,14.100000000000009,-7.631578947368421,-1.3157894736842088,1.0,-8.578947368421051,-15.8,-4.4,-3.799999999999997
2026-01-28,St. Bonaventure,Duquesne,-1,8,0.18999999999999773,3.759999999999991,-6.75,-2.6500000000000004,2.1500000000000004,-3.1999999999999993,-7.8,-0.6000000000000001,-2.1000000000000085
2026-01-31,St. Bonaventure,George Mason,1,-4,-2.5333333333333172,7.176190476190499,2.095238095238095,0.7142857142857135,2.428571428571429,-2.333333333333332,-7.800000000000001,-0.30000000000000004,3.5
2026-02-03,St. Bonaventure,Dayton,-1,-2,3.872727272727275,7.40454545454547,-3.545454545454543,-0.7272727272727284,2.545454545454545,-0.7727272727272734,-0.40000000000000036,-4.2,0.09999999999999432
2026-02-07,St. Bonaventure,Fordham,-1,3,5.826086956521735,9.678260869565221,-3.6521739130434803,-0.0434782608695663,-1.695652173913043,-3.6521739130434767,-3.8,2.9,3.5999999999999943
2026-02-14,St. Bonaventure,Duquesne,1,-5,-0.7124999999999915,2.9375,-7.166666666666668,-1.75,1.125,-2.708333333333332,-11.4,-0.6000000000000001,-2.1000000000000085
2026-02-18,St. Bonaventure,Saint Joseph's,1,-6,6.6640000000000015,5.768000000000001,-8.36,-0.6799999999999997,-0.9199999999999999,-3.6799999999999997,-4.2,-0.8,-0.29999999999999716
2026-02-21,St. Bonaventure,Richmond,-1,-5,0.27891737891738444,1.4910256410256295,-5.299145299145298,1.632478632478632,2.1438746438746445,-1.9330484330484339,3.4000000000000004,0.9,-0.29999999999999716
2026-02-26,St. Bonaventure,Rhode Island,1,18,5.003703703703721,6.2777777777777715,-4.148148148148145,-0.5925925925925934,0.8148148148148149,1.1111111111111107,-0.6000000000000001,-0.30000000000000004,1.5999999999999943
2026-02-28,St. Bonaventure,George Mason,-1,-13,0.7571428571428527,4.782142857142844,1.1428571428571423,0.5714285714285712,1.6785714285714288,-1.5357142857142847,12.2,-0.30000000000000004,3.5
2026-03-04,St. Bonaventure,George Washington,-1,-9,-5.327586206896555,4.437931034482759,-8.758620689655174,-1.4137931034482758,-1.0344827586206904,-1.6206896551724164,-9.2,-2.3,-1.7000000000000028
2026-03-07,St. Bonaventure,Davidson,1,-5,1.2433333333333252,5.809999999999988,-5.266666666666666,1.1999999999999993,1.5,0.36666666666666714,-5.6,-0.7,3.5
2026-03-11,St. Bonaventure,La Salle,0,19,11.83548387096775,-0.04838709677419217,1.2903225806451601,-0.5483870967741922,0.19354838709677402,0.7741935483870996,3.2,-0.7,1.2999999999999972
2026-03-12,St. Bonaventure,George Mason,0,6,-0.569052419354847,5.534677419354836,0.8901209677419359,0.80241935483871,2.025201612903226,-1.358870967741936,1.2,-0.30000000000000004,3.5
2026-03-13,St. Bonaventure,Dayton,0,-5,2.621700879765399,7.103519061583569,-3.009775171065492,-0.45161290322580605,2.4780058651026398,-0.3304007820136867,-6.0,-4.2,0.09999999999999432
2025-11-20,St. John's (NY),Bucknell,1,48,18.679999999999993,-14.240000000000009,-1.6666666666666679,0.3333333333333339,4.066666666666666,4.800000000000001,26.2,17.700000000000003,3.9000000000000057
2025-11-24,St. John's (NY),Iowa State,0,-1,-8.775000000000006,2.4749999999999943,-2.75,3.0,2.25,3.75,-6.25,-2.0,3.0
2025-11-25,St. John's (NY),Baylor,0,15,-0.020000000000010232,-11.954999999999998,-2.0,0.8499999999999996,1.3499999999999996,5.149999999999999,10.399999999999999,1.1000000000000014,1.9000000000000057
2025-11-26,St. John's (NY),Auburn,0,-11,0.440476190476204,-5.8238095238095156,-3.0,2.4523809523809526,-0.8571428571428577,2.8571428571428577,6.200000000000001,-0.5,1.2999999999999972
2025-12-06,St. John's (NY),Ole Miss,1,5,5.837500000000006,-1.4303571428571473,1.428571428571427,2.071428571428571,3.303571428571429,1.1071428571428577,14.0,1.4000000000000004,1.5
2025-12-13,St. John's (NY),Iona,1,27,6.3465909090909065,-6.142045454545453,-4.625,1.2272727272727266,4.715909090909091,-1.3181818181818166,8.2,17.5,1.4000000000000057
2025-12-16,St. John's (NY),DePaul,1,13,6.464646464646449,-0.9070707070707016,0.14141414141414188,1.7272727272727266,3.878787878787879,1.7878787878787854,0.7999999999999998,5.700000000000001,3.5999999999999943
2025-12-20,St. John's (NY),Kentucky,0,-12,-2.8472727272727383,2.01909090909092,-3.8454545454545475,3.336363636363636,1.4454545454545453,-2.745454545454546,-2.1999999999999993,-2.0,1.5
2025-12-23,St. John's (NY),Harvard,1,26,5.336363636363643,-5.309090909090912,3.030303030303031,1.795454545454545,4.537878787878788,1.59090909090909,4.2,14.0,6.799999999999997
2025-12-31,St. John's (NY),Georgetown,-1,12,1.5814102564102512,-8.5275641025641,1.1089743589743613,4.185897435897436,1.1794871794871806,-0.08333333333333215,7.000000000000001,3.8000000000000007,3.700000000000003
2026-01-03,St. John's (NY),Providence,1,-6,-1.0153846153846189,-10.338461538461544,-4.846153846153847,1.384615384615385,2.5384615384615383,-3.615384615384613,3.5999999999999996,3.200000000000001,-3.200000000000003
2026-01-06,St. John's (NY),Butler,-1,14,-0.6100000000000136,-4.014285714285705,-0.10952380952380736,1.1523809523809536,-0.5952380952380949,-1.423809523809524,4.3999999999999995,4.0,-0.20000000000000284
2026-01-10,St. John's (NY),Creighton,-1,17,2.096666666666664,-4.92583333333333,-6.308333333333334,1.6750000000000007,2.604166666666666,-2.2958333333333343,-3.2,3.0,2.799999999999997
2026-01-13,St. John's (NY),Marquette,1,24,12.051102941176481,-7.194485294117655,-3.702205882352942,0.4963235294117645,0.3860294117647065,1.202205882352942,21.6,3.4000000000000004,0.09999999999999432
2026-01-20,St. John's (NY),Seton Hall,1,5,7.922222222222231,3.8444444444444343,5.722222222222221,1.2222222222222214,0.0,0.44444444444444287,11.0,3.8000000000000007,4.700000000000003
2026-01-28,St. John's (NY),Butler,1,22,1.7150000000000034,-4.885000000000005,-0.8500000000000014,-0.29999999999999893,0.8499999999999996,-0.9499999999999993,11.4,4.0,-0.20000000000000284
2026-02-03,St. John's (NY),DePaul,-1,12,11.314718614718615,-2.2517316017316062,-0.8831168831168803,-0.4610389610389607,3.0757575757575744,1.149350649350648,13.799999999999999,5.700000000000001,3.5999999999999943
2026-02-06,St. John's (NY),Connecticut,1,9,-0.7980237154150132,4.658498023715424,-1.3260869565217384,0.5059288537549413,1.6798418972332012,-0.8656126482213438,-4.800000000000001,-2.0,5.099999999999994
2026-02-14,St. John's (NY),Providence,-1,10,-0.8586666666666645,-13.836333333333329,-4.998333333333331,-1.0183333333333344,2.0583333333333336,-3.0249999999999986,10.4,3.200000000000001,-3.200000000000003
2026-02-18,St. John's (NY),Marquette,-1,6,9.524615384615387,-9.08292307692308,-4.652307692307694,-0.9507692307692306,1.8984615384615378,1.943076923076923,7.0,3.4000000000000004,0.09999999999999432
2026-02-21,St. John's (NY),Creighton,1,29,3.7863247863247835,-11.28376068376069,-7.548433048433047,0.12393162393162527,3.2720797720797723,-0.38461538461538325,10.8,3.0,2.799999999999997
2026-02-25,St. John's (NY),Connecticut,-1,-32,-1.9060846560846585,0.30714285714286405,-2.5740740740740726,0.1547619047619051,1.579365079365079,0.4259259259259274,10.200000000000001,-2.0,5.099999999999994
2026-03-03,St. John's (NY),Georgetown,1,3,4.251724137931035,-10.386206896551712,-0.4482758620689644,0.3793103448275854,1.0344827586206904,1.0689655172413808,16.0,3.8000000000000007,3.700000000000003
2026-03-06,St. John's (NY),Seton Hall,-1,7,7.160000000000011,0.35999999999999943,5.133333333333333,-0.2666666666666675,0.4666666666666668,1.8000000000000007,6.8,3.8000000000000007,4.700000000000003
2026-03-12,St. John's (NY),Providence,0,13,-1.5677419354838662,-13.990221774193543,-4.534274193548388,-1.779233870967742,1.59375,-2.289314516129032,7.8,3.200000000000001,-3.200000000000003
2026-03-13,St. John's (NY),Seton Hall,0,10,7.299999999999997,0.22187499999999716,5.625,-0.15625,0.59375,1.65625,1.9999999999999996,3.8000000000000007,4.700000000000003
2026-03-14,St. John's (NY),Connecticut,0,20,-3.5727272727272634,1.163636363636357,-2.9696969696969724,-0.06060606060606055,1.333333333333334,0.45454545454545325,-1.1999999999999993,-2.0,5.099999999999994
2026-03-20,St. John's (NY),Northern Iowa,0,26,4.200504201680658,1.7306722689075684,-1.120168067226892,1.1731092436974784,5.226890756302521,1.1075630252100837,-3.8000000000000007,10.100000000000001,7.799999999999997
2026-03-22,St. John's (NY),Kansas,0,2,4.373109243697471,-2.919579831932765,0.02857142857142847,-0.20588235294117574,1.942857142857143,-2.969747899159664,15.2,-2.0,2.5
2026-03-27,St. John's (NY),Duke,0,-5,-8.49166666666666,3.1055555555555543,-4.361111111111111,-0.3611111111111125,-0.02777777777777679,-2.6388888888888893,5.0,-2.8999999999999986,4.599999999999994
2025-11-14,St. Mary's (CA),North Texas,1,31,17.42500000000001,1.5833333333333286,3.333333333333332,-0.3333333333333339,0.25,3.5,10.416666666666668,5.8,-1.8999999999999915
2025-11-19,St. Mary's (CA),Arkansas State,1,13,14.349999999999994,-22.099999999999994,-3.25,-1.75,1.0,5.25,25.0,8.8,-7.200000000000003
2025-12-07,St. Mary's (CA),Davidson,-1,9,3.5333333333333314,-10.137500000000003,-3.541666666666668,0.4861111111111107,3.416666666666666,5.541666666666668,9.2,4.6,1.4000000000000057
2025-12-14,St. Mary's (CA),Boise State,0,-1,6.909999999999982,-6.1200000000000045,-4.100000000000001,0.0,1.0,2.0,2.200000000000001,0.39999999999999947,-1.7999999999999972
2025-12-19,St. Mary's (CA),Florida Atlantic,1,13,-1.8999999999999915,-8.272727272727266,-7.272727272727273,0.0,-1.454545454545455,2.0,-15.0,5.1,-5.099999999999994
2025-12-22,St. Mary's (CA),Northern Iowa,1,5,8.100000000000009,6.994696969696989,-4.174242424242422,2.257575757575758,5.181818181818182,2.0378787878787854,-13.6,4.1,2.5
2025-12-28,St. Mary's (CA),Loyola Marymount,-1,5,4.992307692307691,0.5,-6.46153846153846,-0.615384615384615,2.0,1.76923076923077,-5.2,6.5,-2.799999999999997
2025-12-30,St. Mary's (CA),Pepperdine,-1,27,11.55714285714285,-12.657142857142873,-3.5,-1.2857142857142865,1.4285714285714288,4.0,10.600000000000001,8.2,-4.099999999999994
2026-01-02,St. Mary's (CA),Portland,1,21,9.806666666666658,-14.900000000000006,-0.8000000000000007,-3.6000000000000014,2.200000000000001,1.9333333333333336,18.8,6.8999999999999995,-4.299999999999997
2026-01-04,St. Mary's (CA),Seattle,1,17,7.956249999999997,1.0562500000000057,-2.0,-1.5625,1.4375,2.0625,13.2,5.3999999999999995,-3.0
2026-01-13,St. Mary's (CA),San Francisco,-1,14,8.98508771929825,-3.109356725146199,-6.780701754385962,-0.7134502923976598,0.8830409356725148,-0.17251461988304229,10.2,3.8,-1.5
2026-01-17,St. Mary's (CA),Santa Clara,-1,-8,1.276052631578935,-3.9344736842105306,-10.155263157894737,-0.7789473684210524,-1.568421052631578,4.744736842105265,0.6000000000000014,-0.2999999999999998,-3.5999999999999943
2026-01-21,St. Mary's (CA),Oregon State,1,30,11.586666666666687,-13.903809523809514,-4.19047619047619,-1.0714285714285712,3.7976190476190474,3.8952380952380956,13.6,4.8,-0.8999999999999915
2026-01-24,St. Mary's (CA),Portland,-1,6,11.390476190476193,-12.919047619047618,-0.7619047619047628,-3.0,1.904761904761905,2.6190476190476204,9.600000000000001,6.8999999999999995,-4.299999999999997
2026-01-31,St. Mary's (CA),Gonzaga,-1,-8,-3.4863636363636488,5.659090909090921,0.5454545454545467,0.31818181818181657,-0.7727272727272734,-0.7272727272727302,-6.4,-3.3999999999999995,-4.299999999999997
2026-02-04,St. Mary's (CA),San Diego,1,27,10.106159420289856,-11.317934782608702,-6.157608695652176,-2.3605072463768124,1.394927536231883,5.414855072463766,-1.2000000000000002,7.6,-3.200000000000003
2026-02-07,St. Mary's (CA),San Francisco,1,25,7.302833333333339,-7.325499999999991,-5.75,-0.6666666666666661,1.1416666666666657,0.9600000000000009,12.600000000000001,3.8,-1.5
2026-02-11,St. Mary's (CA),Pepperdine,1,28,17.231999999999985,-15.623999999999995,-2.120000000000001,-2.120000000000001,1.7199999999999989,5.359999999999999,31.8,8.2,-4.099999999999994
2026-02-14,St. Mary's (CA),Pacific,-1,11,6.314387464387451,-5.388319088319108,0.23789173789173645,-1.8774928774928767,1.098290598290598,1.1296296296296298,7.199999999999999,5.3999999999999995,-0.20000000000000284
2026-02-18,St. Mary's (CA),Seattle,-1,2,14.607407407407393,-0.1444444444444457,-1.3333333333333321,-1.7407407407407405,2.4444444444444446,3.6666666666666643,19.200000000000003,5.3999999999999995,-3.0
2026-02-25,St. Mary's (CA),Santa Clara,1,19,-1.0620689655172413,-5.358620689655169,-8.586206896551722,-0.3793103448275854,-0.724137931034484,4.517241379310345,7.599999999999998,-0.2999999999999998,-3.5999999999999943
2026-02-28,St. Mary's (CA),Gonzaga,1,11,-3.519999999999996,3.75,0.8000000000000007,0.9333333333333336,-0.16666666666666607,1.0,-6.600000000000001,-3.3999999999999995,-4.299999999999997
2026-03-09,St. Mary's (CA),Santa Clara,0,-5,-1.09969758064517,-6.619455645161281,-8.28326612903226,-0.2741935483870961,-0.3760080645161299,4.94858870967742,7.200000000000001,-0.2999999999999998,-3.5999999999999943
2025-11-13,St. Thomas,Green Bay,1,19,-0.09999999999999432,-1.9666666666666828,-0.6666666666666679,-0.9999999999999991,-1.3333333333333335,-3.0,0.3333333333333339,-0.6000000000000001,4.299999999999997
2025-11-15,St. Thomas,Southeast Missouri State,-1,12,1.50833333333334,14.299999999999997,0.25,-2.916666666666666,-4.333333333333333,-2.916666666666668,-7.833333333333333,2.4999999999999996,-0.10000000000000853
2025-11-21,St. Thomas,Northern Colorado,0,1,-20.61999999999999,16.259999999999977,-8.066666666666663,-4.466666666666667,-11.066666666666666,-6.466666666666669,-25.26666666666667,-0.30000000000000027,-1.8000000000000114
2025-11-22,St. Thomas,Cal State Fullerton,0,-8,1.5133333333333212,-4.243333333333325,-2.9666666666666686,-2.4333333333333336,-5.933333333333334,-3.8999999999999986,8.6,-1.9000000000000001,-6.200000000000003
2025-11-23,St. Thomas,Portland,-1,10,0.09047619047618127,4.954761904761909,5.5,-5.523809523809524,-4.976190476190476,-5.166666666666668,5.199999999999999,-3.0,-0.9000000000000057
2025-12-03,St. Thomas,Montana State,-1,-8,-8.649999999999977,1.9208333333333343,1.4444444444444429,-1.4861111111111107,-2.9305555555555554,1.2916666666666679,4.6,-1.8,2.0
2026-01-04,St. Thomas,Denver,1,4,-6.655000000000001,-20.751666666666665,3.508333333333333,-1.3249999999999993,-4.004166666666666,3.283333333333335,19.200000000000003,0.6999999999999997,0.19999999999998863
2026-01-07,St. Thomas,South Dakota,1,13,3.53125,-10.299999999999997,7.125,-4.1875,-5.8125,2.75,23.400000000000002,3.1,-3.0
2026-01-10,St. Thomas,Oral Roberts,-1,11,13.476470588235301,-5.476470588235287,-0.9411764705882355,-5.470588235294118,-3.4705882352941178,3.352941176470587,28.6,1.6,-0.30000000000001137
2026-01-15,St. Thomas,North Dakota,-1,11,9.724999999999994,-5.337777777777774,1.0388888888888879,-1.9499999999999993,-4.683333333333333,3.2611111111111093,10.200000000000001,1.9,0.0
2026-01-17,St. Thomas,North Dakota State,-1,-3,1.8457894736842206,2.804473684210521,-0.010526315789473273,-2.1578947368421044,-5.326315789473685,1.8500000000000014,4.6,0.0,0.3999999999999915
2026-01-22,St. Thomas,South Dakota State,1,5,3.664999999999978,-2.6750000000000114,2.1999999999999993,-2.25,-4.35,-0.5999999999999979,-0.20000000000000018,0.10000000000000009,1.5
2026-01-24,St. Thomas,South Dakota,-1,12,3.2285714285714135,-9.790476190476184,5.761904761904763,-3.428571428571427,-4.7142857142857135,2.428571428571427,7.2,3.1,-3.0
2026-01-29,St. Thomas,North Dakota,1,-1,6.703409090909105,-5.468560606060592,1.7045454545454533,-0.6818181818181817,-4.356060606060606,3.3939393939393945,1.0,1.9,0.0
2026-02-01,St. Thomas,Kansas City,1,35,17.067391304347822,-11.32885375494071,4.195652173913043,-3.83399209486166,-3.4901185770750995,2.762845849802371,19.0,4.5,-2.200000000000003
2026-02-04,St. Thomas,South Dakota State,-1,15,4.793659420289856,-2.592028985507227,2.5108695652173907,-1.846014492753623,-3.9057971014492763,-0.45833333333333215,4.3999999999999995,0.10000000000000009,1.5
2026-02-07,St. Thomas,Oral Roberts,1,17,14.807833333333335,-9.683000000000007,0.26666666666666927,-3.885,-3.1500000000000004,3.4783333333333317,30.599999999999998,1.6,-0.30000000000001137
2026-02-12,St. Thomas,Omaha,-1,-4,6.442307692307693,-7.699999999999989,1.9230769230769234,-1.9615384615384617,-2.115384615384615,1.3846153846153868,12.2,1.4,0.5
2026-02-14,St. Thomas,Kansas City,-1,40,19.63451851851852,-10.822370370370365,5.15851851851852,-4.0518518518518505,-3.8785185185185176,2.884444444444444,27.6,4.5,-2.200000000000003
2026-02-21,St. Thomas,Denver,-1,-2,-1.8748768472906505,-14.904926108374383,3.50369458128079,-0.20443349753694662,-3.6330049261083746,1.8399014778325125,9.200000000000001,0.6999999999999997,0.19999999999998863
2026-02-26,St. Thomas,North Dakota State,1,22,1.486206896551721,2.4275862068965495,0.7931034482758612,-1.4827586206896548,-4.551724137931035,1.6206896551724128,0.7999999999999989,0.0,0.3999999999999915
2026-02-28,St. Thomas,Omaha,1,15,7.013333333333335,-7.740000000000009,2.866666666666667,-1.7666666666666675,-1.833333333333333,1.2333333333333343,15.6,1.4,0.5
2026-03-05,St. Thomas,South Dakota State,0,13,7.174193548387095,-3.9387096774193537,3.6774193548387117,-1.7741935483870979,-3.516129032258065,-0.38709677419354804,8.799999999999999,0.10000000000000009,1.5
2026-03-07,St. Thomas,North Dakota,0,-1,8.51003787878787,-8.290814393939385,2.3589015151515156,-0.6089015151515156,-4.105113636363637,3.9886363636363633,23.0,1.9,0.0
2026-03-17,St. Thomas,Seattle,-1,-15,14.299999999999997,5.815151515151513,4.757575757575758,-2.5151515151515156,-2.1818181818181817,2.27272727272727,4.800000000000001,-4.5,0.3999999999999915
2025-11-18,Stanford,Louisiana,1,27,16.88333333333334,-14.75,-1.8333333333333321,0.3333333333333339,2.916666666666666,3.333333333333332,22.75,11.399999999999999,3.700000000000003
2025-11-21,Stanford,Seattle,1,-8,2.924999999999997,-4.7250000000000085,2.0,-4.0,3.0,1.5,6.0,6.3999999999999995,-0.9000000000000057
2025-11-27,Stanford,Minnesota,0,4,3.3666666666666742,-1.0566666666666862,3.5333333333333314,-0.8000000000000007,-1.1333333333333346,-1.9666666666666686,6.3999999999999995,-1.3999999999999995,4.3999999999999915
2025-11-28,Stanford,Saint Louis,0,1,-6.7666666666666515,7.5,-2.5,-6.333333333333332,0.16666666666666607,-7.666666666666668,-11.2,1.8999999999999995,-3.799999999999997
2025-12-01,Stanford,Portland,1,22,4.926785714285714,-3.664285714285711,6.321428571428573,-5.821428571428571,3.25,-4.714285714285715,9.6,7.8999999999999995,-2.200000000000003
2025-12-13,Stanford,San Jose State,-1,4,3.4566666666666777,-7.319999999999993,6.388888888888889,-1.9222222222222207,0.9666666666666668,0.68888888888889,4.4,5.1,2.3999999999999915
2025-12-20,Stanford,Colorado,0,9,-7.7363636363636346,-5.818181818181813,6.90909090909091,1.3636363636363633,1.2727272727272734,-1.90909090909091,-1.799999999999999,-0.8999999999999995,-2.9000000000000057
2025-12-27,Stanford,Cal State Northridge,1,8,6.782692307692301,-2.7596153846153726,0.7435897435897445,-2.6602564102564106,-1.083333333333334,-3.6923076923076934,-1.4000000000000004,9.5,-8.100000000000009
2025-12-30,Stanford,Notre Dame,1,-7,1.3461538461538396,-0.007692307692309441,0.9230769230769234,-0.5384615384615383,1.615384615384615,-3.0769230769230766,-1.3999999999999995,-0.5,0.29999999999999716
2026-01-02,Stanford,Louisville,1,4,-13.030769230769238,6.64835164835165,-9.939560439560438,-0.8681318681318668,-0.9725274725274726,-6.021978021978022,-8.8,-5.500000000000001,-2.6000000000000085
2026-01-14,Stanford,North Carolina,1,5,-4.994852941176475,6.169485294117635,-0.5661764705882355,-0.242647058823529,0.04044117647058876,-6.3382352941176485,-12.0,-3.8,-1.2999999999999972
2026-01-17,Stanford,Duke,1,-30,-8.759477124182993,10.060130718954255,-2.6601307189542496,-1.7516339869281037,-0.640522875816993,-5.607843137254903,-11.0,-7.8999999999999995,1.3999999999999915
2026-01-24,Stanford,California,1,-12,-2.2368421052631646,3.700000000000003,0.7368421052631575,0.7368421052631575,2.526315789473685,-2.1052631578947363,0.0,1.5999999999999996,-2.200000000000003
2026-01-28,Stanford,Miami (FL),-1,-9,-9.415000000000006,7.355000000000018,5.100000000000001,-1.5500000000000007,-0.09999999999999964,-3.8000000000000007,-14.0,-2.500000000000001,-1.1000000000000085
2026-01-31,Stanford,Florida State,-1,-8,0.9714285714285609,-1.433333333333323,-7.857142857142858,-1.8095238095238102,-1.4761904761904763,-0.9523809523809526,-10.6,-1.6000000000000005,-3.5
2026-02-04,Stanford,Clemson,1,-2,-5.86363636363636,9.213636363636354,1.5454545454545432,1.0909090909090917,1.6363636363636367,-3.7727272727272734,-21.8,-3.2,2.8999999999999915
2026-02-07,Stanford,Georgia Tech,1,23,5.886956521739108,3.4782608695652186,7.086956521739133,-2.5652173913043477,1.3478260869565215,-5.782608695652172,-4.799999999999999,3.5,-4.1000000000000085
2026-02-11,Stanford,Boston College,-1,6,10.620471014492765,4.881521739130434,1.0887681159420275,0.041666666666666075,0.9981884057971016,-3.827898550724637,4.800000000000001,3.3,0.5999999999999943
2026-02-21,Stanford,California,-1,-6,-2.4961538461538453,2.1769230769230745,1.76923076923077,0.3076923076923066,2.73076923076923,-2.53846153846154,5.199999999999999,1.5999999999999996,-2.200000000000003
2026-02-25,Stanford,Pittsburgh,1,8,1.9592592592592553,-4.262962962962959,1.5555555555555571,-0.6666666666666661,-0.5925925925925934,-0.03703703703703809,16.0,-0.6000000000000005,3.200000000000003
2026-02-28,Stanford,SMU,1,20,-8.985714285714309,-1.5,4.214285714285715,-0.7857142857142865,-0.35714285714285765,-3.3571428571428577,-2.2,-2.500000000000001,-3.4000000000000057
2026-03-04,Stanford,Notre Dame,-1,8,1.0379310344827672,-3.7965517241379274,1.0689655172413772,-1.0,0.034482758620688614,-2.793103448275861,11.8,-0.5,0.29999999999999716
2026-03-07,Stanford,NC State,-1,1,-7.326666666666654,-1.0233333333333263,-1.1999999999999993,0.7333333333333325,0.5999999999999996,-2.133333333333333,13.2,-3.3999999999999995,-1.7999999999999972
2026-03-10,Stanford,Pittsburgh,0,-1,4.599999999999994,-2.254838709677429,1.4193548387096797,-1.064516129032258,-0.612903225806452,-0.29032258064516014,3.4000000000000004,-0.6000000000000005,3.200000000000003
2025-11-14,Stephen F. Austin,Abilene Christian,1,10,-0.5333333333333456,7.1000000000000085,7.333333333333332,-2.666666666666666,0.0,0.6666666666666679,-5.333333333333336,1.0,-2.799999999999997
2025-11-18,Stephen F. Austin,Fresno State,-1,-2,10.240000000000009,0.45999999999997954,4.800000000000001,-5.15,1.25,1.1499999999999986,8.1,-4.199999999999999,-2.3999999999999915
2025-11-21,Stephen F. Austin,Pepperdine,-1,3,-1.4000000000000057,-10.180000000000007,3.3999999999999986,-0.5999999999999996,-3.4000000000000004,1.8000000000000007,6.800000000000001,-0.3999999999999999,-3.3999999999999915
2025-12-07,Stephen F. Austin,Louisiana–Monroe,1,20,11.75,-13.037499999999994,2.25,-3.125,4.0,1.875,14.8,0.0,0.0
2025-12-29,Stephen F. Austin,East Texas A&M,-1,27,10.334848484848479,-9.468181818181819,-1.8939393939393945,-4.325757575757574,2.8409090909090917,1.7424242424242422,35.6,1.7999999999999998,-1.5999999999999943
2025-12-31,Stephen F. Austin,Northwestern State,-1,10,9.158333333333317,-22.591666666666683,6.583333333333332,-3.0,3.833333333333333,6.25,23.599999999999998,1.3000000000000003,1.3000000000000114
2026-01-03,Stephen F. Austin,Southeastern Louisiana,-1,10,16.323076923076925,-11.146153846153851,3.0769230769230766,-2.76923076923077,2.23076923076923,3.9230769230769234,28.4,0.7000000000000002,1.1000000000000085
2026-01-05,Stephen F. Austin,McNeese State,-1,-2,-8.028571428571425,-5.392857142857139,5.357142857142858,-0.4285714285714288,-0.2857142857142847,3.6428571428571423,17.0,-2.9,-0.6999999999999886
2026-01-10,Stephen F. Austin,Houston Christian,1,18,9.679999999999993,-17.519999999999996,5.599999999999998,-2.666666666666666,2.7333333333333325,3.9333333333333336,35.8,2.3,1.9000000000000057
2026-01-12,Stephen F. Austin,Incarnate Word,1,10,-0.59375,-11.193749999999994,2.6875,-0.5,0.5,2.5,7.6,1.6,1.2000000000000028
2026-01-17,Stephen F. Austin,New Orleans,-1,5,8.67647058823529,-21.594117647058823,4.705882352941174,-4.352941176470589,1.4117647058823533,0.9411764705882355,13.2,-1.4999999999999998,-4.0
2026-01-19,Stephen F. Austin,Nicholls State,-1,17,4.63333333333334,-15.3611111111111,-0.8888888888888857,-2.777777777777777,2.0555555555555554,6.166666666666668,7.999999999999999,-0.19999999999999973,-1.5
2026-01-24,Stephen F. Austin,Lamar,-1,7,7.831578947368413,-6.521052631578939,4.94736842105263,-2.578947368421053,0.05263157894736814,2.157894736842106,7.8,1.6,0.5
2026-01-27,Stephen F. Austin,Northwestern State,1,2,5.749210526315792,-19.893421052631567,6.8921052631578945,-2.4157894736842103,3.7815789473684216,5.410526315789472,12.200000000000001,1.3000000000000003,1.3000000000000114
2026-01-31,Stephen F. Austin,Southeastern Louisiana,1,27,15.457142857142841,-8.766666666666652,3.8571428571428577,-3.2857142857142847,2.1428571428571423,3.4761904761904745,12.6,0.7000000000000002,1.1000000000000085
2026-02-02,Stephen F. Austin,McNeese State,1,7,-5.190909090909074,-3.7954545454545467,5.136363636363637,-0.45454545454545325,-0.954545454545455,2.8181818181818166,3.0,-2.9,-0.6999999999999886
2026-02-07,Stephen F. Austin,Lamar,1,10,6.669565217391309,-6.013043478260883,4.260869565217391,-2.217391304347826,-0.5652173913043477,1.3043478260869534,8.2,1.6,0.5
2026-02-09,Stephen F. Austin,East Texas A&M,1,4,13.459000000000003,-9.42649999999999,-1.5466666666666669,-3.6383333333333336,2.385,1.120000000000001,15.399999999999999,1.7999999999999998,-1.5999999999999943
2026-02-21,Stephen F. Austin,Nicholls State,1,3,7.451851851851856,-14.088888888888903,-0.9259259259259274,-2.222222222222223,1.8888888888888893,5.444444444444443,12.0,-0.19999999999999973,-1.5
2026-02-23,Stephen F. Austin,New Orleans,1,-4,8.385714285714286,-13.896428571428572,6.035714285714285,-4.75,0.8928571428571423,-0.25,6.0,-1.4999999999999998,-4.0
2026-02-28,Stephen F. Austin,Houston Christian,-1,21,10.486206896551721,-13.91724137931034,5.172413793103448,-3.0344827586206886,2.1724137931034484,3.5517241379310356,7.6000000000000005,2.3,1.9000000000000057
2026-03-02,Stephen F. Austin,Incarnate Word,-1,8,3.066666666666663,-13.60666666666667,2.1000000000000014,-1.8666666666666671,0.7000000000000011,2.6000000000000014,9.0,1.6,1.2000000000000028
2026-03-11,Stephen F. Austin,McNeese State,0,-17,-2.9906249999999943,-0.3499999999999943,3.53125,-0.4375,-0.5,2.375,-2.0,-2.9,-0.6999999999999886
2025-11-19,Stetson,Howard,1,4,-15.575000000000003,7.299999999999997,11.25,0.0,2.5,2.5,-17.5,1.8999999999999995,-2.299999999999997
2025-11-29,Stetson,Southern Utah,0,-2,2.9571428571428697,1.7410714285714306,5.607142857142858,-0.19642857142857117,0.4464285714285712,-2.1428571428571423,5.4,-3.1,-3.5
2025-11-30,Stetson,Robert Morris,-1,-18,-5.637500000000003,10.775000000000006,3.0,-0.375,-5.125,0.125,-7.4,-2.1,0.7000000000000028
2025-12-02,Stetson,Grand Canyon,-1,-22,-2.934920634920644,14.066666666666663,7.253968253968253,-0.07936507936507908,-1.3492063492063497,-2.2857142857142847,-7.8,-10.4,-0.6999999999999886
2025-12-06,Stetson,South Carolina,-1,-31,-13.927499999999995,11.47999999999999,-3.3500000000000014,4.574999999999999,1.0749999999999993,-2.3249999999999993,-13.8,-13.7,-0.7999999999999972
2025-12-22,Stetson,Oklahoma,-1,-53,-18.74318181818181,8.795454545454547,-3.825757575757578,3.5530303030303028,-1.7651515151515156,-1.4545454545454533,-17.6,-17.0,-1.8999999999999915
2026-01-01,Stetson,North Alabama,-1,3,-4.716083916083917,5.645454545454555,6.0489510489510465,2.7272727272727266,-0.51048951048951,-0.9790209790209801,-20.8,0.5999999999999996,1.4000000000000057
2026-01-03,Stetson,Central Arkansas,-1,-20,-6.157142857142858,12.314285714285703,-6.214285714285719,0.7142857142857153,-0.07142857142857117,-3.357142857142854,-21.200000000000003,-1.8000000000000003,-2.5
2026-01-08,Stetson,Lipscomb,1,8,-12.63333333333334,13.893333333333317,-5.199999999999999,2.0666666666666664,-0.6666666666666679,-2.866666666666667,-24.2,-1.8000000000000003,-2.5999999999999943
2026-01-10,Stetson,Austin Peay,1,-12,-8.237499999999997,20.19910714285713,-1.053571428571427,1.9464285714285712,-1.1964285714285712,-1.8482142857142847,-25.6,-1.2999999999999998,-2.0999999999999943
2026-01-17,Stetson,Queens (NC),1,-6,-14.650000000000006,-2.077777777777783,-4.111111111111111,1.9444444444444446,-1.0,-0.8888888888888893,-16.0,-2.4000000000000004,-3.5
2026-01-22,Stetson,Lipscomb,-1,-5,-9.652631578947364,12.457894736842107,-3.7894736842105274,1.6315789473684212,-0.526315789473685,-2.94736842105263,-8.4,-1.8000000000000003,-2.5999999999999943
2026-01-23,Stetson,Austin Peay,-1,-8,-7.966111111111104,17.99555555555557,-0.5444444444444443,2.5999999999999996,-1.166666666666666,-0.6833333333333336,-9.6,-1.2999999999999998,-2.0999999999999943
2026-01-29,Stetson,North Florida,-1,7,-7.233333333333334,-7.166666666666657,-7.0,0.5238095238095237,1.095238095238095,1.6666666666666679,-1.0000000000000004,0.2999999999999998,-4.5
2026-01-31,Stetson,North Alabama,1,-2,-1.947846889952146,-0.6944976076555207,5.916267942583733,2.569377990430622,-0.2057416267942589,1.1961722488038262,11.4,0.5999999999999996,1.4000000000000057
2026-02-05,Stetson,Bellarmine,-1,-21,-15.113636363636346,-6.804940711462436,3.8794466403162033,2.8814229249011856,3.0138339920948614,2.09090909090909,-0.7999999999999998,-0.40000000000000036,1.6000000000000085
2026-02-07,Stetson,Eastern Kentucky,-1,-12,-8.441666666666663,2.6499999999999915,-6.3750000000000036,1.0833333333333321,-3.0,0.33333333333333215,-1.3999999999999995,-1.1000000000000005,-2.0
2026-02-11,Stetson,Jacksonville,1,5,-2.7239999999999895,7.052000000000007,3.16,0.7599999999999998,-1.0399999999999991,0.03999999999999915,-0.7999999999999998,-0.5,2.4000000000000057
2026-02-14,Stetson,Florida Gulf Coast,-1,-2,-5.81538461538463,7.061538461538447,0.73076923076923,0.9615384615384617,-1.5384615384615383,-1.3846153846153868,-8.2,-0.7999999999999998,-2.5999999999999943
2026-02-19,Stetson,Central Arkansas,1,-12,-7.392592592592592,12.914814814814804,-5.518518518518519,1.5925925925925917,-0.518518518518519,-2.4444444444444464,-18.6,-1.8000000000000003,-2.5
2026-02-21,Stetson,North Florida,1,5,-3.8642857142856997,-3.9142857142857252,-6.142857142857142,-0.35714285714285765,0.6785714285714279,0.0714285714285694,-2.8000000000000007,0.2999999999999998,-4.5
2026-02-26,Stetson,Jacksonville,-1,-4,-1.606896551724148,6.84137931034482,3.551724137931032,0.8965517241379306,-1.0344827586206904,0.10344827586207117,0.3999999999999999,-0.5,2.4000000000000057
2026-02-28,Stetson,Florida Gulf Coast,1,15,-3.910000000000011,8.0,0.7666666666666657,1.166666666666666,-1.5999999999999996,-1.4333333333333336,-3.8000000000000003,-0.7999999999999998,-2.5999999999999943
2026-03-04,Stetson,Eastern Kentucky,0,16,-6.3999999999999915,1.287096774193543,-6.612903225806452,1.096774193548388,-3.096774193548388,0.41935483870967616,4.800000000000001,-1.1000000000000005,-2.0
2026-03-06,Stetson,Austin Peay,0,-9,-6.847090517241384,13.945258620689671,1.9795258620689644,1.3577586206896548,-0.5592672413793096,-1.4622844827586192,2.8,-1.2999999999999998,-2.0999999999999943
2025-11-14,Stonehill,Fairfield,-1,-2,4.833333333333357,-9.466666666666654,-1.0,2.666666666666666,-2.333333333333334,3.333333333333332,10.333333333333334,-2.3,0.29999999999999716
2025-11-15,Stonehill,Loyola (MD),0,-11,-5.783333333333317,-1.6666666666666714,0.41666666666666785,3.583333333333334,-2.333333333333334,5.25,-2.916666666666667,-0.7999999999999998,-1.7999999999999972
2025-11-17,Stonehill,Iowa State,-1,-39,-30.38666666666667,10.093333333333334,-2.0666666666666664,4.6,-3.1333333333333346,6.800000000000001,-29.73333333333333,-22.8,-0.7000000000000028
2025-11-21,Stonehill,Lafayette,1,4,-3.510000000000005,-11.190000000000012,3.6000000000000014,2.9333333333333336,-1.3000000000000007,7.800000000000001,-6.200000000000001,-1.9000000000000004,0.8999999999999915
2025-11-30,Stonehill,Quinnipiac,-1,-14,-12.844642857142844,-1.976785714285711,1.303571428571427,2.5,-1.6964285714285712,5.125,-17.0,-4.2,-2.200000000000003
2025-12-02,Stonehill,Bryant,-1,-12,6.466666666666669,1.3444444444444485,-2.875,0.5555555555555554,1.5694444444444446,4.305555555555557,-7.199999999999999,-0.5999999999999996,2.0999999999999943
2025-12-17,Stonehill,New Hampshire,-1,-1,0.9690909090909088,0.8336363636363728,-0.9636363636363647,3.0272727272727273,-0.2818181818181813,1.6090909090909093,10.2,-0.40000000000000036,-1.2000000000000028
2026-01-02,Stonehill,New Haven,1,-15,-2.238461538461536,-1.553846153846166,2.3076923076923066,3.1538461538461533,0.8461538461538467,5.153846153846153,6.6,0.40000000000000036,4.599999999999994
2026-01-08,Stonehill,Central Connecticut State,-1,-7,-17.02358974358974,-1.8184615384615483,1.815384615384616,3.861538461538462,0.7846153846153854,1.1589743589743584,2.8,-0.1999999999999993,2.3999999999999915
2026-01-10,Stonehill,Chicago State,1,3,3.518749999999997,-12.825000000000003,5.6875,2.0,1.1875,6.75,6.200000000000001,-2.2,1.0999999999999943
2026-01-17,Stonehill,Mercyhurst,-1,5,-2.8470588235294088,2.1823529411764753,5.3529411764705905,4.0588235294117645,2.2941176470588243,4.7058823529411775,-13.2,-0.5,2.0
2026-01-19,Stonehill,Saint Francis (PA),-1,-2,0.21666666666666856,-12.416666666666671,-0.8333333333333357,1.3888888888888893,1.166666666666666,5.222222222222221,5.6,-0.09999999999999964,-2.5
2026-01-23,Stonehill,LIU,1,-3,-9.152631578947378,-5.6000000000000085,5.94736842105263,0.21052631578947434,-2.3157894736842106,5.210526315789473,-3.6,-3.0999999999999996,-0.7999999999999972
2026-01-26,Stonehill,Central Connecticut State,1,2,-16.07444444444444,-5.041666666666671,2.2444444444444436,4.283333333333333,1.072222222222221,2.322222222222223,-0.20000000000000007,-0.1999999999999993,2.3999999999999915
2026-01-29,Stonehill,FDU,1,1,-6.438095238095229,-5.761904761904759,-5.238095238095237,2.4761904761904763,-1.0,4.142857142857142,3.6,0.3000000000000007,3.0
2026-01-31,Stonehill,Le Moyne,-1,11,-10.072727272727292,-5.222727272727269,-0.045454545454543194,1.363636363636365,1.59090909090909,2.2727272727272734,-2.1999999999999997,-0.9000000000000004,-1.2000000000000028
2026-02-05,Stonehill,FDU,-1,-16,-6.360869565217371,-6.734782608695667,-4.826086956521738,2.2608695652173925,-0.8260869565217401,4.304347826086957,1.8,0.3000000000000007,3.0
2026-02-07,Stonehill,LIU,-1,-7,-9.946920289855072,-3.700000000000003,4.847826086956523,0.16304347826086918,-2.1304347826086953,4.163043478260871,-10.0,-3.0999999999999996,-0.7999999999999972
2026-02-12,Stonehill,Chicago State,-1,-13,-0.6439999999999912,-13.192000000000007,4.440000000000001,3.039999999999999,1.08,6.960000000000001,-2.2,-2.2,1.0999999999999943
2026-02-19,Stonehill,New Haven,-1,-13,-3.4994301994301935,-2.2693732193732075,1.6609686609686598,2.4601139601139597,1.8518518518518512,4.019943019943021,-7.0,0.40000000000000036,4.599999999999994
2026-02-21,Stonehill,Le Moyne,1,9,-10.896428571428572,-3.789285714285711,0.8571428571428577,0.2857142857142865,1.6428571428571432,0.821428571428573,-15.8,-0.9000000000000004,-1.2000000000000028
2026-02-26,Stonehill,Saint Francis (PA),1,26,-4.9551724137931075,-11.886206896551712,-0.3103448275862064,0.3793103448275854,0.344827586206895,4.758620689655171,-1.5999999999999996,-0.09999999999999964,-2.5
2026-02-28,Stonehill,Mercyhurst,1,-3,-7.556666666666672,-0.9200000000000017,4.333333333333336,3.533333333333333,1.0000000000000009,4.266666666666669,-3.8,-0.5,2.0
2026-03-04,Stonehill,Le Moyne,-1,10,-8.554838709677412,-3.470967741935482,0.9677419354838719,-0.06451612903225801,1.903225806451612,1.0322580645161281,-2.0,-0.9000000000000004,-1.2000000000000028
2026-03-07,Stonehill,Mercyhurst,-1,-5,-6.965624999999989,-0.5187500000000114,4.875,3.46875,1.125,4.25,2.8,-0.5,2.0
2025-11-20,Stony Brook,Brown,1,10,12.909999999999997,-17.36500000000001,3.8500000000000014,-4.15,0.9500000000000002,6.199999999999999,23.55,0.6999999999999997,-0.29999999999999716
2025-11-24,Stony Brook,Pacific,0,-28,7.599999999999994,-9.320000000000007,5.599999999999998,-3.5999999999999996,2.0,0.8000000000000007,13.4,-4.3,1.5999999999999943
2025-11-25,Stony Brook,Bethune-Cookman,0,7,1.6000000000000085,-13.666666666666686,6.833333333333332,-1.5,-0.3333333333333339,0.6666666666666643,12.0,2.3000000000000003,-4.099999999999994
2025-11-28,Stony Brook,Loyola Marymount,-1,3,-7.142857142857153,4.205357142857139,2.4642857142857153,-1.4285714285714288,-1.0357142857142865,-2.0,3.3999999999999995,-3.1999999999999997,-1.0
2025-12-06,Stony Brook,Duquesne,-1,-9,-5.487499999999997,-7.387500000000003,3.125,-6.25,-0.125,-0.375,-5.8,-5.0,-2.4000000000000057
2025-12-09,Stony Brook,Columbia,1,4,-9.031111111111102,4.833333333333329,4.633333333333333,-2.855555555555556,-2.4222222222222207,-5.3444444444444414,-29.799999999999997,-0.6999999999999997,-0.29999999999999716
2025-12-13,Stony Brook,Central Michigan,1,23,1.0777777777777686,-14.538888888888891,6.144444444444442,-2.5555555555555554,-1.7444444444444454,-0.07777777777777928,4.6,0.20000000000000018,-0.20000000000000284
2025-12-17,Stony Brook,Albany (NY),1,-16,3.029545454545456,-10.671212121212122,2.0681818181818166,-1.878787878787879,-1.1060606060606073,1.6893939393939412,17.0,3.6,1.9000000000000057
2025-12-21,Stony Brook,Marist,-1,-19,-1.7083333333333286,4.586666666666659,3.1499999999999986,-1.5166666666666657,-0.6833333333333336,-1.2166666666666686,-7.0,1.9,1.4000000000000057
2025-12-29,Stony Brook,Hampton,-1,-3,-3.3384615384615444,-1.930769230769215,3.2307692307692335,-1.0,-2.5384615384615383,0.3076923076923066,-13.8,0.8000000000000003,0.5999999999999943
2026-01-03,Stony Brook,North Carolina A&T,1,1,-4.751794871794871,-4.764102564102558,7.54871794871795,-1.6410256410256423,-1.1487179487179482,-2.3076923076923066,-12.6,1.1999999999999997,-1.7999999999999972
2026-01-08,Stony Brook,Drexel,-1,-19,-1.3625000000000114,-4.1000000000000085,1.25,-0.875,-3.0625,0.5625,-11.6,-0.10000000000000009,2.5
2026-01-15,Stony Brook,Hofstra,1,5,-12.24444444444444,4.012091503267968,2.052287581699346,-0.6013071895424851,-2.022875816993464,-2.31045751633987,-16.6,-3.5,1.5999999999999943
2026-01-17,Stony Brook,College of Charleston,1,6,-4.473099415204686,-2.333625730994143,2.3801169590643276,-0.7777777777777786,-0.7923976608187129,-3.3479532163742682,-10.6,-1.7,-1.4000000000000057
2026-01-22,Stony Brook,Northeastern,-1,15,-4.570555555555558,-9.997777777777785,5.12777777777778,-1.8777777777777782,0.21111111111111036,2.8888888888888893,5.6,-1.4,-1.9000000000000057
2026-01-29,Stony Brook,Campbell,-1,12,-6.009523809523827,-7.638095238095218,4.238095238095237,-2.2857142857142865,-3.0,1.142857142857146,2.4,-2.5,-2.0
2026-01-31,Stony Brook,Elon,-1,4,-12.209090909090904,-7.204545454545453,0.045454545454546746,-0.31818181818181834,-2.90909090909091,0.7272727272727302,11.399999999999999,-0.3999999999999999,-1.2000000000000028
2026-02-05,Stony Brook,Monmouth,1,-1,1.6347826086956445,-0.12608695652173196,8.217391304347824,-1.0,-1.5217391304347831,0.1739130434782581,6.0,-1.2999999999999998,0.09999999999999432
2026-02-07,Stony Brook,Northeastern,1,14,-2.921212121212122,-11.910227272727255,4.71590909090909,-0.4962121212121211,0.6931818181818183,3.0984848484848513,18.2,-1.4,-1.9000000000000057
2026-02-16,Stony Brook,Drexel,1,3,1.1230769230769369,0.47307692307690274,4.26923076923077,-1.0769230769230766,-1.4615384615384617,0.8076923076923066,9.0,-0.10000000000000009,2.5
2026-02-21,Stony Brook,Hampton,1,7,3.0,0.007407407407413302,5.703703703703702,-0.2962962962962976,-1.8148148148148149,0.8518518518518547,13.2,0.8000000000000003,0.5999999999999943
2026-02-26,Stony Brook,Monmouth,-1,-13,0.6857142857142975,-1.3035714285714306,7.142857142857146,-0.75,-1.8928571428571423,0.3571428571428541,2.0,-1.2999999999999998,0.09999999999999432
2026-02-28,Stony Brook,Hofstra,-1,-9,-9.16896551724139,3.1655172413793196,1.4827586206896548,0.7931034482758612,-2.379310344827587,-1.6551724137931032,-14.6,-3.5,1.5999999999999943
2026-03-07,Stony Brook,Campbell,0,-7,-6.92903225806451,-6.654838709677421,5.06451612903226,-0.935483870967742,-2.806451612903224,1.483870967741936,-5.8,-2.5,-2.0
2025-11-18,Syracuse,Monmouth,1,5,23.76666666666665,-28.633333333333354,1.3333333333333321,-8.333333333333334,-1.666666666666666,-0.33333333333333215,35.0,10.1,1.6999999999999886
2025-11-24,Syracuse,Houston,0,-4,5.525000000000006,-1.3449999999999989,-7.300000000000001,-0.40000000000000036,-2.0500000000000007,2.0500000000000007,5.25,-6.699999999999999,4.0
2025-11-25,Syracuse,Kansas,0,-11,2.3200000000000074,-10.16000000000001,-1.0333333333333314,-0.5333333333333332,1.2666666666666666,-2.0,14.8,-6.300000000000001,0.5999999999999943
2025-11-26,Syracuse,Iowa State,0,-31,-14.716666666666654,-3.6499999999999915,0.3333333333333357,-0.6666666666666661,-1.8333333333333321,1.6666666666666679,-10.8,-6.300000000000001,1.0999999999999943
2025-12-11,Syracuse,Saint Joseph's,1,8,-3.3375000000000057,-11.645833333333343,-2.75,-1.4861111111111107,-3.0555555555555554,-2.0277777777777786,-17.8,6.2,1.0
2025-12-13,Syracuse,Hofstra,1,-1,-9.330303030303028,-3.159595959595947,-2.3232323232323253,-0.6262626262626263,-2.070707070707071,-0.565656565656564,-29.4,7.9,3.1999999999999886
2025-12-17,Syracuse,Mercyhurst,1,14,6.069090909090889,-8.456363636363648,3.1181818181818173,0.7545454545454557,0.7636363636363637,2.281818181818185,4.0,16.0,3.799999999999997
2025-12-20,Syracuse,Northeastern,1,8,4.638383838383817,-9.14747474747476,1.040404040404038,-2.2929292929292924,0.282828282828282,0.7171717171717162,2.1999999999999997,10.0,-0.30000000000001137
2025-12-22,Syracuse,Stonehill,1,29,9.775000000000006,-5.775000000000006,-2.833333333333332,-3.5,-0.5,-4.083333333333332,5.6000000000000005,16.5,1.7999999999999972
2025-12-31,Syracuse,Clemson,1,-3,-9.069230769230757,-2.8615384615384585,-4.153846153846153,1.6923076923076934,-1.0769230769230766,-2.2307692307692335,10.0,-2.5,4.199999999999989
2026-01-06,Syracuse,Georgia Tech,-1,10,3.2438095238095315,-2.0809523809523824,1.9714285714285715,-2.223809523809525,-0.20952380952380878,-4.109523809523807,-1.5999999999999996,4.2,-2.8000000000000114
2026-01-10,Syracuse,Pittsburgh,-1,11,-3.2600000000000193,-10.113333333333344,-2.9333333333333336,0.2666666666666675,-0.9333333333333336,1.8666666666666671,2.799999999999999,0.09999999999999964,4.5
2026-01-13,Syracuse,Florida State,1,8,-0.1875,-11.225000000000009,-14.6875,-1.3125,-2.8125,2.0,9.0,-0.9000000000000004,-2.200000000000003
2026-01-17,Syracuse,Boston College,-1,-8,10.28235294117647,-3.1352941176470495,-4.764705882352942,0.5294117647058822,-1.0,-1.5882352941176485,20.8,4.0,1.8999999999999915
2026-01-24,Syracuse,Miami (FL),1,-9,-9.615789473684217,0.9526315789473614,0.10526315789473628,0.15789473684210442,-1.894736842105262,-1.1052631578947363,1.0,-1.8000000000000007,0.19999999999998863
2026-01-27,Syracuse,NC State,-1,-20,-11.264999999999986,-2.7099999999999937,-6.350000000000001,1.799999999999999,-0.40000000000000036,-0.5500000000000007,-12.2,-2.6999999999999993,-0.5
2026-01-31,Syracuse,Notre Dame,1,14,-0.595238095238102,-4.871428571428581,-3.0,0.1904761904761898,-1.0476190476190474,-1.476190476190478,2.999999999999999,0.20000000000000018,1.5999999999999943
2026-02-02,Syracuse,North Carolina,-1,-10,-7.9361471861471955,0.6300865800865694,-4.532467532467532,1.4805194805194795,-1.3095238095238102,-3.5844155844155843,-11.4,-3.0999999999999996,0.0
2026-02-11,Syracuse,California,1,7,-2.387500000000017,-0.3166666666666629,-3.416666666666668,1.2083333333333321,1.458333333333334,-0.875,-6.3999999999999995,2.3,-0.9000000000000057
2026-02-14,Syracuse,SMU,1,1,-9.127499999999998,-4.4950000000000045,-1.1999999999999993,-0.20666666666666522,-1.6050000000000004,-1.2600000000000016,-7.4,-1.8000000000000007,-2.1000000000000085
2026-02-16,Syracuse,Duke,-1,-37,-10.977538461538458,10.113846153846154,-4.526153846153846,0.08615384615384691,-1.8200000000000003,-3.2107692307692304,-11.799999999999999,-7.199999999999999,2.6999999999999886
2026-02-21,Syracuse,North Carolina,1,-13,-6.474074074074082,3.044301994301989,-4.09116809116809,1.5441595441595428,-0.867521367521368,-3.303418803418804,-9.200000000000001,-3.0999999999999996,0.0
2026-03-03,Syracuse,Louisville,-1,-15,-10.496551724137944,5.200000000000017,-11.586206896551722,-1.0344827586206886,-2.137931034482758,-4.172413793103448,-11.4,-4.800000000000001,-1.3000000000000114
2026-03-07,Syracuse,Pittsburgh,1,-2,1.2933333333333366,-3.1500000000000057,-3.333333333333332,-0.033333333333333215,-1.8666666666666654,1.2666666666666657,-13.4,0.09999999999999964,4.5
2026-03-10,Syracuse,SMU,0,-17,-8.84193548387097,-2.6548387096774064,-0.7096774193548399,-0.25806451612903203,-1.7741935483870979,-1.516129032258064,-10.2,-1.8000000000000007,-2.1000000000000085
2025-11-19,TCU,Kansas City,1,36,8.800000000000011,-21.82499999999999,4.0,0.25,-0.75,-1.0,23.25,19.0,-1.2999999999999972
2025-11-27,TCU,Florida,0,4,-1.9799999999999898,-0.8599999999999994,-1.0,-2.4000000000000004,-6.600000000000001,-10.2,-0.6000000000000014,-4.5,-1.7999999999999972
2025-12-05,TCU,Notre Dame,1,-2,-2.498412698412693,-10.052380952380958,-0.6190476190476168,0.5396825396825395,1.1904761904761916,-2.0476190476190474,12.6,3.1000000000000005,2.5
2025-12-07,TCU,North Texas,-1,10,2.447222222222223,-3.6986111111111057,5.375,-0.44444444444444464,-0.31944444444444464,-1.0972222222222214,9.0,10.4,2.4000000000000057
2025-12-15,TCU,Incarnate Word,1,4,-12.032222222222217,-16.455555555555563,-0.04444444444444429,1.5444444444444443,-2.5555555555555554,0.5222222222222221,2.4000000000000004,14.8,4.799999999999997
2025-12-18,TCU,Oral Roberts,1,19,3.303846153846166,-12.889230769230778,-4.661538461538459,-3.592307692307692,0.22307692307692406,1.1461538461538474,4.800000000000001,16.1,0.5999999999999943
2025-12-21,TCU,Florida A&M,1,24,16.963636363636354,-16.23131313131313,1.8484848484848513,-5.070707070707071,2.3939393939393936,1.2929292929292941,8.8,19.4,-0.29999999999999716
2025-12-29,TCU,Jackson State,1,51,25.46666666666667,-30.73333333333335,-3.083333333333332,-3.666666666666666,3.500000000000001,3.666666666666668,33.8,18.5,-1.4000000000000057
2026-01-03,TCU,Baylor,1,6,-14.198076923076925,-9.482051282051287,-0.26923076923077005,-0.13461538461538503,-3.2371794871794872,-3.064102564102562,-15.799999999999997,-0.29999999999999893,0.9000000000000057
2026-01-06,TCU,Kansas,-1,-4,2.992857142857133,-1.585714285714289,1.071428571428573,0.07142857142857117,1.9285714285714288,-5.428571428571431,7.200000000000001,-3.4000000000000004,1.5
2026-01-10,TCU,Arizona,1,-13,-9.273333333333326,3.1200000000000045,6.0,-1.1333333333333346,-2.533333333333333,-5.399999999999999,-7.0,-5.499999999999998,-1.2000000000000028
2026-01-14,TCU,Brigham Young,-1,-6,-8.787499999999994,0.7749999999999915,-1.8125,0.1875,0.625,-3.8125,-5.0,-2.0999999999999996,-0.5999999999999943
2026-01-20,TCU,Oklahoma State,1,3,-2.2666666666666657,-7.922222222222217,0.9444444444444429,-1.666666666666666,0.8333333333333339,-3.1111111111111107,3.4000000000000004,2.5,-4.599999999999994
2026-01-24,TCU,Baylor,-1,7,-8.202631578947361,-9.298245614035082,-0.39766081871345094,-0.4824561403508767,-2.3771929824561404,-1.4883040935672511,6.200000000000001,-0.29999999999999893,0.9000000000000057
2026-01-28,TCU,Houston,1,-9,-6.554736842105257,5.888947368421057,-4.244736842105265,2.544736842105264,-2.1342105263157887,0.871052631578948,-18.599999999999998,-3.799999999999999,4.900000000000006
2026-02-01,TCU,Colorado,-1,-26,-3.9857142857142946,-12.599999999999994,2.2380952380952372,1.3333333333333321,0.3333333333333339,0.0,11.4,2.700000000000001,-0.7000000000000028
2026-02-07,TCU,Kansas State,1,2,-0.3499999999999943,-8.86363636363636,-5.136363636363637,-1.3636363636363633,0.045454545454546746,0.045454545454543194,6.6,2.0,-3.4000000000000057
2026-02-10,TCU,Iowa State,1,7,-12.713043478260872,6.582608695652183,0.0434782608695663,0.304347826086957,-0.7826086956521738,-0.9565217391304337,-26.6,-3.4000000000000004,2.0
2026-02-14,TCU,Oklahoma State,-1,3,-1.0166666666666515,-6.637499999999989,-0.08333333333333215,-1.25,0.5833333333333321,-2.375,4.2,2.5,-4.599999999999994
2026-02-24,TCU,Arizona State,1,12,0.24444444444444002,-8.677777777777763,-0.37037037037037024,-0.2592592592592595,1.4074074074074083,1.185185185185187,-0.40000000000000013,0.7000000000000011,-0.5999999999999943
2026-02-28,TCU,Kansas State,-1,9,1.989285714285728,-9.007142857142853,-4.321428571428573,-1.7142857142857135,1.0714285714285712,0.5357142857142847,16.2,2.0,-3.4000000000000057
2026-03-07,TCU,Cincinnati,1,10,4.106666666666655,3.046666666666667,-4.166666666666664,-0.40000000000000036,0.6999999999999993,-2.2333333333333307,-5.8,0.5,1.0
2026-03-11,TCU,Oklahoma State,0,7,-1.0230846774193623,-8.836995967741927,-0.4929435483870961,-1.300403225806452,0.6592741935483879,-2.653225806451612,10.4,2.5,-4.599999999999994
2026-03-12,TCU,Kansas,0,-5,0.11088709677417796,1.3062499999999915,1.120967741935484,-0.10584677419354804,1.442540322580646,-5.128024193548388,12.6,-3.4000000000000004,1.5
2026-03-19,TCU,Ohio State,0,2,-7.809090909090912,-6.627272727272725,-0.1212121212121211,0.6363636363636367,2.757575757575758,-0.2121212121212146,-4.6000000000000005,-2.0,3.299999999999997
2026-03-21,TCU,Duke,0,-23,-11.421260504201669,7.269831932773116,-3.5613445378151276,0.12100840336134411,-0.705042016806722,-4.2226890756302495,-3.1999999999999993,-4.299999999999999,3.5999999999999943
2025-11-20,Tarleton State,Rice,-1,16,-2.7466666666666697,12.50666666666666,-8.933333333333335,2.4333333333333336,-1.0333333333333332,-2.9666666666666686,-8.200000000000001,-1.7999999999999998,2.5999999999999943
2025-12-01,Tarleton State,Cincinnati,-1,-18,4.314285714285717,18.782142857142873,-14.142857142857142,0.2857142857142865,0.5,-6.5,2.4000000000000004,-13.8,2.0
2025-12-16,Tarleton State,Mississippi Valley State,-1,24,17.310000000000002,-20.12818181818183,-3.018181818181816,-2.0090909090909097,0.9363636363636374,1.59090909090909,47.0,7.799999999999999,1.2999999999999972
2025-12-19,Tarleton State,Florida A&M,1,24,12.433333333333337,-12.341666666666669,-3.541666666666668,-0.875,1.916666666666666,1.0833333333333321,23.8,5.1,0.7000000000000028
2026-01-03,Tarleton State,California Baptist,1,5,1.5666666666666629,-4.1000000000000085,-2.7333333333333343,1.2666666666666657,-3.466666666666667,-2.1999999999999993,15.4,-2.7,3.0
2026-01-08,Tarleton State,Abilene Christian,1,-4,2.597916666666677,-3.441666666666663,-2.916666666666668,0.22916666666666607,-1.3791666666666664,1.5249999999999986,19.2,-0.10000000000000009,1.7999999999999972
2026-01-15,Tarleton State,Southern Utah,-1,-1,5.617647058823536,-11.035294117647055,-8.058823529411764,0.5294117647058822,-0.29411764705882426,-3.2941176470588225,15.2,-0.7999999999999998,0.09999999999999432
2026-02-05,Tarleton State,California Baptist,-1,-1,-2.1227272727272606,0.39090909090909065,-3.136363636363635,2.0,-2.7727272727272716,-3.9090909090909065,-18.2,-2.7,3.0
2026-02-07,Tarleton State,Southern Utah,-1,3,-0.1173913043478052,-9.043478260869577,-7.0434782608695645,-0.0434782608695663,0.08695652173913082,-3.695652173913043,-11.0,-0.7999999999999998,0.09999999999999432
2026-02-14,Tarleton State,Abilene Christian,-1,-14,1.8958333333333286,-3.3291666666666515,-3.541666666666668,0.625,-0.7083333333333339,1.4583333333333321,-3.8,-0.10000000000000009,1.7999999999999972
2026-02-16,Tarleton State,Abilene Christian,1,3,1.0400000000000063,-2.415999999999997,-3.8400000000000016,0.5199999999999996,-0.8800000000000008,1.1600000000000001,-9.2,-0.10000000000000009,1.7999999999999972
2026-02-19,Tarleton State,Southern Utah,1,4,-1.4461538461538623,-9.74615384615386,-7.153846153846153,0.4230769230769216,-0.42307692307692335,-3.5,3.2,-0.7999999999999998,0.09999999999999432
2026-02-28,Tarleton State,California Baptist,-1,-15,-2.0810344827586107,1.4199507389162562,-4.379310344827585,2.153940886699507,-3.527093596059114,-3.9076354679802954,-5.800000000000001,-2.7,3.0
2026-03-11,Tarleton State,Abilene Christian,0,-6,2.548387096774192,-1.3774193548387075,-4.096774193548386,0.19354838709677402,-0.09677419354838612,0.9354838709677438,4.3999999999999995,-0.10000000000000009,1.7999999999999972
2025-11-19,Temple,Hofstra,1,5,9.341666666666669,-1.6583333333333314,-4.916666666666668,-6.25,-2.083333333333334,-1.25,6.333333333333334,-0.7999999999999999,0.0
2025-11-25,Temple,Princeton,0,4,15.854285714285723,1.2028571428571269,-5.885714285714286,-7.0,-1.4285714285714288,-2.6285714285714263,7.8,0.8,1.3000000000000114
2025-11-26,Temple,Rhode Island,0,-15,2.5238095238095326,8.542857142857144,-1.1904761904761898,-4.7857142857142865,-3.571428571428571,2.0,-8.600000000000001,-2.0,-0.29999999999999716
2025-12-06,Temple,Saint Joseph's,0,-1,8.028571428571425,8.905357142857156,-5.696428571428573,-4.571428571428571,-5.071428571428571,-4.339285714285715,-4.4,-2.5,-2.1999999999999886
2025-12-14,Temple,Saint Francis (PA),1,28,22.029999999999987,-0.28000000000000114,-3.8999999999999986,-6.399999999999999,-1.5999999999999996,-0.8000000000000007,-0.5999999999999996,7.7,-3.8999999999999915
2025-12-18,Temple,Davidson,-1,5,0.6481818181818255,6.328181818181818,-2.072727272727274,-2.1090909090909076,-0.5,1.2909090909090892,3.5999999999999996,-2.4,1.6000000000000085
2025-12-22,Temple,Princeton,1,4,15.103205128205119,0.211538461538467,-6.878205128205128,-4.006410256410256,-1.7884615384615383,-0.8461538461538467,16.0,0.8,1.3000000000000114
2025-12-30,Temple,Charlotte,-1,3,5.100000000000023,-3.5307692307692378,-4.0,-3.0,-3.3076923076923066,1.0769230769230766,14.399999999999999,-0.7,0.7000000000000028
2026-01-07,Temple,East Carolina,1,8,18.989999999999995,-2.6100000000000136,1.2857142857142847,-4.580952380952381,-3.2285714285714286,1.2428571428571438,21.0,1.0,-4.199999999999989
2026-01-14,Temple,Memphis,-1,-2,11.238749999999996,1.946249999999992,-1.5500000000000007,-5.616666666666667,-4.354166666666666,0.716666666666665,3.8,-4.8,-6.199999999999989
2026-01-18,Temple,Florida Atlantic,1,-6,-3.027450980392146,1.9248366013071774,-6.601307189542485,-3.522875816993464,-4.032679738562091,-2.6928104575163374,-7.799999999999999,-1.9,-4.8999999999999915
2026-01-21,Temple,Rice,-1,4,5.155555555555566,-1.950000000000017,-4.333333333333332,-2.666666666666666,-3.222222222222223,0.33333333333333215,12.0,0.9000000000000001,-2.5
2026-01-28,Temple,Charlotte,1,-4,-0.7549999999999955,-7.8700000000000045,-4.0,-2.1999999999999993,-1.9500000000000002,0.6999999999999993,-0.20000000000000018,-0.7,0.7000000000000028
2026-01-31,Temple,South Florida,1,1,-2.923809523809524,4.014285714285705,-10.142857142857142,-2.666666666666666,-4.809523809523809,-3.7619047619047628,-10.6,-5.5,-9.199999999999989
2026-02-07,Temple,East Carolina,-1,8,14.150000000000006,-3.25,2.09090909090909,-3.2272727272727266,-1.954545454545455,0.4545454545454568,4.4,1.0,-4.199999999999989
2026-02-15,Temple,North Texas,1,-3,7.508999999999986,7.441833333333335,1.7100000000000009,-2.585000000000001,-2.5999999999999996,0.8816666666666677,-1.4,-1.2,-1.6999999999999886
2026-02-26,Temple,Florida Atlantic,-1,-4,-0.31031746031744945,2.5603174603174494,-4.488095238095241,-3.4867724867724874,-2.6044973544973544,-3.1071428571428577,-3.5999999999999996,-1.9,-4.8999999999999915
2026-03-01,Temple,Rice,1,-6,3.7750000000000057,-2.107142857142861,-5.392857142857142,-3.5357142857142865,-3.3571428571428568,-0.6071428571428577,-0.40000000000000036,0.9000000000000001,-2.5
2026-03-11,Temple,Florida Atlantic,0,-4,0.9870967741935459,2.3645161290322676,-3.741935483870968,-3.548387096774192,-2.774193548387097,-2.70967741935484,2.2,-1.9,-4.8999999999999915
2025-11-17,Tennessee,Rice,1,25,12.25833333333334,-6.966666666666669,1.8333333333333321,3.0,4.75,7.666666666666664,13.5,16.5,-0.4000000000000057
2025-11-24,Tennessee,Rutgers,0,25,14.47999999999999,-10.199999999999989,4.799999999999997,4.4,3.799999999999999,4.0,18.6,7.800000000000001,0.7999999999999972
2025-11-25,Tennessee,Houston,0,3,12.433333333333337,3.6666666666666714,-3.6666666666666643,4.333333333333332,2.833333333333332,4.666666666666668,10.0,0.20000000000000107,2.9000000000000057
2025-11-26,Tennessee,Kansas,0,-5,12.028571428571425,-2.3428571428571416,0.42857142857142705,2.571428571428571,6.000000000000001,-0.28571428571428825,11.2,0.5999999999999996,-0.5
2025-12-02,Tennessee,Syracuse,-1,-2,13.94107142857142,0.028571428571439128,-1.2321428571428577,2.6428571428571423,4.428571428571429,4.035714285714285,17.6,6.9,-1.0999999999999943
2025-12-06,Tennessee,Illinois,0,-13,-8.647222222222211,-5.950000000000003,-7.694444444444443,3.0,-0.3611111111111107,-1.0416666666666679,-1.1999999999999993,-0.1999999999999993,2.0999999999999943
2025-12-16,Tennessee,Louisville,1,21,-11.870000000000005,3.4499999999999886,-13.800000000000004,2.0999999999999996,1.8000000000000007,-1.6999999999999993,-23.2,2.0999999999999996,-2.4000000000000057
2025-12-21,Tennessee,Gardner-Webb,1,42,18.138311688311703,-25.194805194805184,-0.9090909090909101,-1.0064935064935057,5.253246753246753,5.20779220779221,2.6,22.4,-2.200000000000003
2025-12-30,Tennessee,South Carolina State,1,51,24.798809523809524,-26.820238095238082,3.488095238095241,-2.0238095238095237,3.333333333333334,9.321428571428573,24.799999999999997,24.8,-1.7999999999999972
2026-01-03,Tennessee,Arkansas,-1,-11,-2.7692307692307594,-10.323076923076911,-2.23076923076923,2.846153846153845,3.76923076923077,3.3076923076923066,4.0,0.9000000000000004,-5.400000000000006
2026-01-10,Tennessee,Florida,-1,-24,3.326666666666668,-2.713333333333324,-5.266666666666666,-0.2666666666666675,-1.7333333333333343,-2.0,2.1999999999999993,-0.5,-3.799999999999997
2026-01-17,Tennessee,Kentucky,1,-2,-1.9882352941176435,-3.5470588235294116,-3.9411764705882355,2.9411764705882355,3.2941176470588225,1.764705882352942,3.2,0.5999999999999996,-1.5
2026-01-24,Tennessee,Alabama,-1,6,-4.161111111111083,-9.666666666666671,-15.333333333333332,3.1111111111111107,2.4444444444444446,-1.4444444444444429,-8.0,-0.29999999999999893,-6.900000000000006
2026-01-28,Tennessee,Georgia,-1,1,-3.368684210526311,-0.6831578947368371,-8.573684210526316,1.5289473684210524,1.1684210526315795,0.26578947368420813,0.0,3.5999999999999996,-6.700000000000003
2026-01-31,Tennessee,Auburn,1,8,-2.067380952380944,-9.407380952380947,-2.6833333333333336,2.0666666666666664,2.466666666666667,3.7738095238095255,-7.0,2.0999999999999996,-1.7000000000000028
2026-02-03,Tennessee,Ole Miss,1,18,7.823809523809544,-4.671428571428564,-1.7142857142857153,3.19047619047619,4.857142857142858,3.619047619047617,7.800000000000001,4.0,-1.5
2026-02-07,Tennessee,Kentucky,-1,-3,-0.6745059288537618,-3.55316205533596,-3.5454545454545467,2.796442687747035,3.3853754940711465,1.7885375494071134,3.6,0.5999999999999996,-1.5
2026-02-11,Tennessee,Mississippi State,-1,9,10.347826086956516,-7.84347826086956,-4.217391304347824,1.0,3.608695652173914,-0.39130434782608603,18.6,5.5,-3.9000000000000057
2026-02-14,Tennessee,Louisiana State,1,10,-0.13333333333332575,-8.441666666666663,-0.4166666666666643,1.5,3.708333333333334,1.5416666666666643,17.4,5.4,-2.0
2026-02-18,Tennessee,Oklahoma,1,23,-2.26400000000001,-10.651999999999987,-7.640000000000001,2.5199999999999996,3.880000000000001,3.759999999999998,11.0,3.5999999999999996,-1.2999999999999972
2026-02-24,Tennessee,Missouri,-1,-4,1.6851851851851904,-8.611111111111114,-1.2222222222222214,0.07407407407407263,4.222222222222223,3.148148148148149,9.4,4.300000000000001,-0.7999999999999972
2026-02-28,Tennessee,Alabama,1,-2,-4.271428571428558,-8.357142857142861,-16.142857142857146,2.0357142857142865,3.821428571428571,-1.678571428571427,-5.0,-0.29999999999999893,-6.900000000000006
2026-03-03,Tennessee,South Carolina,-1,19,6.9137931034482705,-9.275862068965523,-5.758620689655171,2.2413793103448274,6.862068965517241,3.8275862068965516,15.8,6.9,-0.20000000000000284
2026-03-12,Tennessee,Auburn,0,10,-1.1105846774193537,-11.264012096774195,-3.760080645161292,1.35483870967742,3.13508064516129,3.63608870967742,2.2,2.0999999999999996,-1.7000000000000028
2026-03-20,Tennessee,Miami (OH),0,22,-7.027272727272731,-1.3818181818181898,-7.6969696969696955,1.3030303030303045,7.515151515151515,-0.1212121212121211,0.8000000000000003,16.2,-3.5999999999999943
2026-03-29,Tennessee,Michigan,0,-33,-5.2043543543543365,3.4798798798798742,-5.635885885885887,-0.18168168168168108,4.732732732732732,-2.2379879879879887,-1.200000000000001,-2.200000000000001,-3.4000000000000057
2025-11-20,Tennessee State,Tennessee,-1,-29,-12.149999999999991,7.049999999999983,3.5,1.0,-3.0,-1.25,-11.0,-20.0,3.0999999999999943
2025-11-30,Tennessee State,Chattanooga,-1,6,-7.1857142857142975,-6.771428571428558,-9.42857142857143,6.2857142857142865,4.142857142857142,3.142857142857146,-1.4000000000000004,0.6000000000000005,4.199999999999989
2025-12-03,Tennessee State,Alabama A&M,-1,-27,13.712500000000006,-9.674999999999997,2.041666666666668,3.375,4.291666666666667,4.208333333333332,12.8,4.700000000000001,4.0
2025-12-20,Tennessee State,Southeast Missouri State,1,-9,-3.602272727272748,-6.280303030303031,-2.969696969696969,2.3636363636363633,2.2196969696969706,2.5151515151515156,-5.2,1.0,1.8999999999999915
2026-01-03,Tennessee State,Little Rock,-1,5,5.646153846153851,-11.012087912087907,2.956043956043956,-1.0934065934065949,1.9560439560439562,4.593406593406591,-3.1999999999999997,1.0,3.8999999999999915
2026-01-10,Tennessee State,Eastern Illinois,-1,-4,10.173333333333346,-6.960000000000008,1.7333333333333343,1.333333333333334,3.466666666666666,3.0666666666666664,-3.5999999999999996,2.0,4.3999999999999915
2026-01-15,Tennessee State,Morehead State,1,5,-2.040441176470594,-9.514705882352956,0.889705882352942,0.7205882352941178,-0.1764705882352935,1.9742647058823515,-1.2000000000000002,1.5,4.0
2026-01-17,Tennessee State,Southern Indiana,1,6,9.894117647058835,-1.9647058823529449,-6.5882352941176485,1.9411764705882355,0.882352941176471,1.0588235294117645,11.0,2.8000000000000007,1.7999999999999972
2026-01-22,Tennessee State,SIU Edwardsville,-1,-8,1.506725146198832,5.576023391812868,-1.3771929824561404,2.0292397660818704,0.8304093567251467,1.0321637426900594,5.4,2.8000000000000007,5.0
2026-01-24,Tennessee State,Lindenwood,-1,10,1.4323684210526295,6.8697368421052545,0.2473684210526308,-0.8394736842105264,0.14736842105263115,-1.0921052631578938,2.8000000000000003,1.8000000000000007,-2.200000000000003
2026-01-29,Tennessee State,Little Rock,1,7,4.844999999999999,-7.4950000000000045,1.5999999999999979,-1.0,0.6499999999999986,4.199999999999999,-3.0,1.0,3.8999999999999915
2026-02-05,Tennessee State,Eastern Illinois,1,9,9.95573122529646,-0.5703557312253054,2.250988142292492,0.5731225296442695,2.9940711462450587,2.517786561264824,-4.6,2.0,4.3999999999999915
2026-02-12,Tennessee State,Southern Indiana,-1,2,13.412500000000009,-1.2416666666666742,-6.5,0.375,0.375,0.4166666666666643,17.6,2.8000000000000007,1.7999999999999972
2026-02-14,Tennessee State,Morehead State,-1,-8,-0.29953846153846087,-7.189538461538447,1.2800000000000011,0.10769230769230909,-0.5492307692307694,1.2569230769230764,7.6,1.5,4.0
2026-02-19,Tennessee State,Lindenwood,1,9,4.647150997151002,6.0005698005698065,0.23646723646723444,-1.6068376068376065,0.28917378917378933,-1.249287749287749,7.2,1.8000000000000007,-2.200000000000003
2026-02-21,Tennessee State,SIU Edwardsville,1,27,4.404894179894185,7.270899470899479,-1.3465608465608447,0.7711640211640223,1.6428571428571423,-0.886243386243386,4.0,2.8000000000000007,5.0
2026-02-26,Tennessee State,Southeast Missouri State,-1,8,3.239532019704427,2.1252463054187274,-2.19704433497537,0.08990147783251246,1.7549261083743843,0.18349753694581494,6.0,1.0,1.8999999999999915
2026-03-07,Tennessee State,Morehead State,0,26,-0.6437500000000114,-7.6521169354838605,1.3447580645161281,0.36491935483870996,-0.127016129032258,0.9475806451612918,8.999999999999998,1.5,4.0
2026-03-20,Tennessee State,Iowa State,0,-34,-8.440808823529423,5.015808823529426,-4.102941176470587,1.6819852941176467,0.8492647058823533,1.1746323529411775,5.0,-19.4,3.0999999999999943
2025-11-26,Tennessee Tech,Kentucky,-1,-50,-13.566666666666663,5.3500000000000085,-2.5,5.333333333333334,-0.8333333333333339,-3.5,-6.399999999999999,-21.9,-1.7999999999999972
2025-11-29,Tennessee Tech,Georgia,-1,-42,-19.942857142857136,12.485714285714295,-5.0,4.571428571428573,-3.571428571428573,-3.2857142857142847,-7.6000000000000005,-18.9,-7.0
2025-12-03,Tennessee Tech,Lipscomb,-1,-3,-5.075000000000003,4.025000000000006,-7.125,2.5,-0.625,0.75,-32.2,-3.6999999999999997,-2.299999999999997
2025-12-18,Tennessee Tech,Southeast Missouri State,1,11,-0.7636363636363797,-0.32727272727272805,0.6363636363636367,2.7272727272727284,-0.09090909090909172,2.7272727272727266,-15.0,-1.5,-1.5
2025-12-30,Tennessee Tech,Tennessee State,1,-12,3.0147435897435884,5.381410256410263,3.544871794871792,0.3141025641025639,-2.7884615384615383,0.0320512820512846,12.8,-2.5,-3.3999999999999915
2026-01-01,Tennessee Tech,Little Rock,-1,-19,8.31483516483516,-6.7379120879121075,6.054945054945055,-0.7912087912087902,-1.1868131868131861,5.1208791208791204,12.8,-1.5,0.5
2026-01-08,Tennessee Tech,Eastern Illinois,-1,-10,9.6847619047619,-0.9104761904761887,6.0,1.9095238095238098,1.5619047619047617,2.480952380952381,-6.4,-0.5,1.0
2026-01-15,Tennessee Tech,Southern Indiana,1,-17,6.329411764705881,0.5143382352941188,-3.3933823529411775,2.4338235294117645,-0.8161764705882355,0.7610294117647065,-4.8,0.3000000000000007,-1.5999999999999943
2026-01-17,Tennessee Tech,Morehead State,1,-6,-6.761111111111106,-5.361111111111114,3.7222222222222214,1.666666666666666,-2.1111111111111107,1.8333333333333321,-6.0,-1.0,0.6000000000000085
2026-01-22,Tennessee Tech,Lindenwood,-1,-21,-2.4421052631578988,10.826315789473682,2.842105263157894,0.7368421052631575,-1.7894736842105274,-1.2105263157894726,-7.2,-0.6999999999999993,-5.599999999999994
2026-01-24,Tennessee Tech,SIU Edwardsville,-1,-4,-4.295000000000002,10.685000000000016,1.1000000000000014,3.0,-0.5500000000000007,0.10000000000000142,-13.0,0.3000000000000007,1.6000000000000085
2026-01-31,Tennessee Tech,Little Rock,1,10,-0.5523809523809433,-2.6761904761904844,3.4285714285714306,0.0,-0.8571428571428577,3.5714285714285694,-11.399999999999999,-1.5,0.5
2026-02-02,Tennessee Tech,Tennessee State,-1,5,-4.461038961038952,5.224025974025977,2.3831168831168803,1.1190476190476186,-1.0259740259740262,-0.8225108225108215,-11.6,-2.5,-3.3999999999999915
2026-02-07,Tennessee Tech,Eastern Illinois,1,-6,8.229166666666671,4.170833333333334,4.75,1.2916666666666679,1.666666666666666,1.4166666666666643,9.4,-0.5,1.0
2026-02-12,Tennessee Tech,Morehead State,-1,-7,-3.240000000000009,-1.8680000000000092,4.0,1.5599999999999987,-1.879999999999999,0.5599999999999987,6.0,-1.0,0.6000000000000085
2026-02-14,Tennessee Tech,Southern Indiana,-1,8,9.749230769230778,4.512307692307687,-3.564615384615383,1.7169230769230772,-0.6646153846153844,-0.31384615384615344,20.200000000000003,0.3000000000000007,-1.5999999999999943
2026-02-19,Tennessee Tech,SIU Edwardsville,1,10,0.29999999999999716,12.088888888888889,1.296296296296294,1.962962962962962,0.1481481481481488,-1.2222222222222214,-3.1999999999999993,0.3000000000000007,1.6000000000000085
2026-02-21,Tennessee Tech,Lindenwood,1,15,1.296428571428578,9.239285714285714,2.75,-0.6428571428571423,-0.75,-1.4285714285714306,10.2,-0.6999999999999993,-5.599999999999994
2026-02-28,Tennessee Tech,Southeast Missouri State,-1,-16,-1.4233333333333462,5.489999999999995,0.43333333333333357,1.2666666666666675,0.36666666666666714,0.33333333333333215,3.4000000000000004,-1.5,-1.5
2025-11-15,Texas,Kansas City,1,16,9.066666666666663,-28.566666666666663,-3.333333333333332,-2.333333333333332,2.333333333333332,8.0,29.333333333333336,21.0,-3.0
2025-11-18,Texas,Rider,1,34,23.366666666666674,-18.033333333333346,4.916666666666668,-4.166666666666666,2.333333333333334,5.166666666666668,28.25,19.9,3.0999999999999943
2025-11-24,Texas,Arizona State,0,-1,11.280000000000001,-6.780000000000001,0.0,-0.3999999999999986,4.399999999999999,5.0,13.399999999999999,2.700000000000001,-2.299999999999997
2025-11-26,Texas,NC State,0,5,-7.071428571428555,-6.359523809523822,-5.428571428571427,1.7380952380952372,3.4761904761904763,3.80952380952381,9.8,2.200000000000001,-1.2999999999999972
2025-12-08,Texas,Southern,1,26,5.99444444444444,4.0972222222222285,-0.027777777777778567,-1.416666666666666,1.5,2.069444444444443,-8.0,19.4,-3.4000000000000057
2025-12-12,Texas,Connecticut,-1,-8,4.049999999999997,9.509999999999991,0.3999999999999986,2.6999999999999993,2.6999999999999993,4.0,-3.4000000000000004,-1.4000000000000004,2.3999999999999915
2025-12-16,Texas,Le Moyne,1,42,7.429999999999993,-7.8500000000000085,-0.6999999999999993,-0.8545454545454554,4.145454545454545,3.1818181818181834,7.6,20.5,-0.20000000000000284
2025-12-22,Texas,Maryland Eastern Shore,1,23,25.770833333333343,-9.654166666666669,3.625,-3.166666666666666,3.229166666666666,5.583333333333332,26.8,22.5,3.0
2026-01-03,Texas,Mississippi State,1,-3,11.992307692307705,-3.7153846153846217,-2.8461538461538467,-0.07692307692307665,1.8461538461538467,-0.2307692307692335,2.4000000000000004,3.5,-3.6000000000000085
2026-01-06,Texas,Tennessee,-1,-14,2.4357142857142833,7.614285714285728,1.5,-0.8571428571428559,-1.8571428571428559,0.14285714285714235,-2.0,-2.0,0.29999999999999716
2026-01-10,Texas,Alabama,-1,4,-1.3133333333333326,-3.4066666666666805,-13.600000000000001,1.5333333333333332,0.5333333333333332,-1.2666666666666693,-3.0,-2.299999999999999,-6.6000000000000085
2026-01-21,Texas,Kentucky,-1,-5,1.1000000000000085,3.36666666666666,-1.8333333333333357,1.5555555555555571,1.2777777777777768,2.0,-1.5999999999999999,-1.4000000000000004,-1.2000000000000028
2026-01-24,Texas,Georgia,1,20,-1.2263157894736594,8.215789473684197,-7.05263157894737,0.15789473684210442,-0.8421052631578938,-0.5789473684210549,-1.4,1.5999999999999996,-6.400000000000006
2026-01-28,Texas,Auburn,-1,-6,1.9599999999999795,-2.9299999999999926,-0.9499999999999993,0.3500000000000014,-0.3000000000000007,2.9499999999999993,-1.2000000000000002,0.09999999999999964,-1.4000000000000057
2026-01-31,Texas,Oklahoma,-1,10,2.2333333333333343,-1.3666666666666458,-5.19047619047619,1.333333333333334,0.6666666666666661,2.0,10.8,1.5999999999999996,-1.0
2026-02-03,Texas,South Carolina,1,9,8.899999999999991,-1.0863636363636147,-3.8636363636363633,1.5909090909090917,3.1818181818181825,2.7727272727272734,17.0,4.9,0.09999999999999432
2026-02-07,Texas,Ole Miss,1,11,12.005335968379427,1.3096837944663946,0.29841897233201564,1.9031620553359687,2.312252964426877,2.853754940711461,13.799999999999999,2.0,-1.2000000000000028
2026-02-14,Texas,Missouri,-1,17,5.012499999999989,-0.2083333333333286,0.8333333333333357,-0.7083333333333339,0.5833333333333339,1.8333333333333321,8.8,2.3000000000000007,-0.5
2026-02-17,Texas,Louisiana State,1,3,4.828000000000003,-2.4839999999999947,1.2800000000000011,0.4800000000000004,0.8399999999999999,0.6799999999999997,20.2,3.4000000000000004,-1.7000000000000028
2026-02-21,Texas,Georgia,-1,-11,2.6999999999999886,3.1461538461538368,-7.2692307692307665,0.26923076923077005,-0.9230769230769234,0.5,16.2,1.5999999999999996,-6.400000000000006
2026-02-25,Texas,Florida,1,-13,2.9000000000000057,10.503703703703692,-3.7407407407407405,-0.851851851851853,-3.777777777777777,-3.6296296296296298,-10.399999999999999,-2.5,-3.5
2026-03-04,Texas,Arkansas,-1,-20,-1.5586206896551573,0.3862068965517125,-0.724137931034484,1.862068965517242,1.137931034482758,1.9310344827586228,0.4,-1.0999999999999996,-5.1000000000000085
2026-03-07,Texas,Oklahoma,1,-3,1.296666666666681,-1.5300000000000011,-6.266666666666666,0.8333333333333339,0.7333333333333325,2.2666666666666657,-10.4,1.5999999999999996,-1.0
2026-03-11,Texas,Ole Miss,0,-10,11.632258064516122,0.8741935483870975,-0.7096774193548399,1.483870967741936,2.290322580645162,2.387096774193548,-2.999999999999999,2.0,-1.2000000000000028
2026-03-17,Texas,NC State,0,2,-0.013541666666668561,0.7658143939393796,-5.7282196969696955,1.6875,1.7717803030303028,1.587121212121211,-1.4000000000000004,2.200000000000001,-1.2999999999999972
2026-03-19,Texas,Brigham Young,0,8,1.0318181818181813,3.6174688057041067,-3.9162210338680943,0.19786096256684438,0.04545454545454497,0.07040998217468797,-7.2,-0.09999999999999964,-2.299999999999997
2026-03-21,Texas,Gonzaga,0,6,-1.3352941176470665,15.597058823529409,1.2941176470588225,1.1764705882352935,-0.20588235294117752,-0.970588235294116,-16.4,3.200000000000001,-1.7000000000000028
2026-03-26,Texas,Purdue,0,-2,-6.8437065637065615,1.9474903474903442,-3.474903474903474,1.7830115830115822,0.5397683397683402,1.5003861003860983,-14.200000000000001,-2.5,3.700000000000003
2025-11-18,Texas A&M,Montana,1,5,-3.190000000000012,12.675000000000011,7.949999999999999,-1.6999999999999993,0.6500000000000004,-9.05,-11.600000000000001,14.2,2.799999999999997
2025-11-21,Texas A&M,Manhattan,1,41,-2.8000000000000114,-6.579999999999998,8.0,1.1999999999999993,-2.0,-0.1999999999999993,3.3999999999999995,18.1,5.0
2025-11-25,Texas A&M,Mississippi Valley State,1,36,25.483333333333334,-13.521428571428558,11.880952380952383,-3.5238095238095237,-0.1190476190476204,2.095238095238095,30.6,22.4,3.5999999999999943
2025-11-28,Texas A&M,Florida State,0,36,4.209523809523802,13.13095238095238,-6.261904761904763,0.5714285714285712,-3.428571428571429,-2.238095238095241,-11.8,2.299999999999999,2.0
2025-12-02,Texas A&M,Pittsburgh,-1,8,15.087500000000006,-0.8125,8.5,0.25,-1.375,1.0,22.2,3.299999999999999,8.700000000000003
2025-12-07,Texas A&M,SMU,0,-13,5.822222222222209,1.12222222222222,10.555555555555557,0.11111111111111072,-0.8888888888888875,-3.2222222222222214,9.0,1.3999999999999986,2.0999999999999943
2025-12-14,Texas A&M,Jacksonville,1,37,9.349999999999994,-1.470000000000013,4.899999999999999,-0.5,-1.8000000000000007,1.0,13.000000000000002,16.4,8.299999999999997
2025-12-21,Texas A&M,East Texas A&M,1,41,16.645454545454555,0.036363636363645924,2.5454545454545467,-1.1818181818181817,2.8181818181818175,0.2727272727272734,27.8,15.299999999999999,5.299999999999997
2025-12-29,Texas A&M,Prairie View A&M,1,29,13.808333333333337,-2.34999999999998,11.583333333333336,0.08333333333333215,1.75,2.25,8.0,20.1,0.8999999999999915
2026-01-03,Texas A&M,Louisiana State,1,3,-1.6307692307692179,-0.41538461538461036,9.384615384615383,2.0,0.4615384615384617,-3.1538461538461533,11.799999999999999,1.6999999999999993,3.299999999999997
2026-01-06,Texas A&M,Auburn,-1,2,3.335714285714289,-8.035714285714278,5.285714285714288,1.6428571428571423,-1.0,1.7857142857142847,20.599999999999998,-1.6000000000000014,3.5999999999999943
2026-01-10,Texas A&M,Oklahoma,1,7,1.1866666666666674,-1.6066666666666691,1.3333333333333321,3.2666666666666675,0.2666666666666675,0.5999999999999979,3.1999999999999993,-0.10000000000000142,4.0
2026-01-13,Texas A&M,Tennessee,-1,-5,4.90625,5.681250000000006,9.8125,-0.375,-2.3125,-2.4375,1.9999999999999982,-3.700000000000001,5.299999999999997
2026-01-17,Texas A&M,Texas,-1,4,0.5,-1.4941176470588289,8.176470588235293,0.7647058823529402,-1.0588235294117663,-2.7058823529411775,2.0,-1.700000000000001,5.0
2026-01-21,Texas A&M,Mississippi State,1,20,12.061111111111103,-3.1444444444444457,5.222222222222221,1.0555555555555554,-0.6111111111111107,-3.166666666666668,5.800000000000001,1.799999999999999,1.3999999999999915
2026-01-24,Texas A&M,South Carolina,1,23,6.510526315789463,-1.9631578947368382,3.2631578947368425,1.6315789473684212,2.2105263157894743,0.4210526315789487,10.399999999999999,3.1999999999999993,5.099999999999994
2026-01-31,Texas A&M,Georgia,-1,15,1.2802380952380759,1.960000000000008,1.6523809523809518,0.3880952380952376,-1.602380952380953,-1.8166666666666664,11.200000000000001,-0.10000000000000142,-1.4000000000000057
2026-02-04,Texas A&M,Alabama,-1,-3,2.200000000000017,-5.757142857142867,-4.714285714285712,1.5238095238095237,-0.04761904761904745,-3.2380952380952372,8.600000000000001,-4.0,-1.6000000000000085
2026-02-07,Texas A&M,Florida,1,-19,2.75,4.818181818181827,5.545454545454547,-0.18181818181818166,-4.5,-3.59090909090909,-4.800000000000001,-4.200000000000001,1.5
2026-02-11,Texas A&M,Missouri,1,-1,5.286956521739128,-1.8782608695652385,9.652173913043477,-1.0,0.2608695652173907,0.7826086956521721,7.8,0.5999999999999996,4.5
2026-02-18,Texas A&M,Ole Miss,1,3,11.696000000000012,-2.0119999999999862,8.64,1.8800000000000008,1.8399999999999999,1.5199999999999996,8.399999999999999,0.29999999999999893,3.799999999999997
2026-02-21,Texas A&M,Oklahoma,-1,4,1.3576923076922895,-5.992307692307691,3.1923076923076934,1.1923076923076934,0.6538461538461533,1.53846153846154,-0.1999999999999993,-0.10000000000000142,4.0
2026-02-25,Texas A&M,Arkansas,-1,-15,-3.52222222222224,-1.6370370370370466,8.185185185185183,1.8888888888888875,1.1111111111111125,0.8888888888888893,-18.8,-2.8000000000000007,-0.10000000000000853
2026-02-28,Texas A&M,Texas,1,-6,-1.864285714285728,-2.4749999999999943,9.214285714285712,0.14285714285714235,-0.42857142857142705,-0.7142857142857153,-5.800000000000001,-1.700000000000001,5.0
2026-03-03,Texas A&M,Kentucky,1,11,1.910344827586215,2.406896551724145,5.96551724137931,0.6551724137931032,-0.4137931034482758,-0.27586206896551957,-6.4,-3.1000000000000014,3.799999999999997
2026-03-07,Texas A&M,Louisiana State,-1,3,3.0366666666666617,-4.390000000000001,9.466666666666669,0.2333333333333325,0.06666666666666643,-0.13333333333333286,6.0,1.6999999999999993,3.299999999999997
2026-03-12,Texas A&M,Oklahoma,0,-20,-0.8981854838709751,-4.536391129032253,3.151209677419356,0.860887096774194,0.508064516129032,1.809475806451612,-12.4,-0.10000000000000142,4.0
2026-03-19,Texas A&M,St. Mary's (CA),0,13,0.21250000000000568,10.321874999999991,8.96875,0.28125,-0.71875,-2.53125,-14.0,4.8999999999999995,7.599999999999994
2026-03-21,Texas A&M,Houston,0,-31,0.04822510822511106,11.730129870129858,4.780952380952382,2.654545454545455,-0.5038961038961034,1.3558441558441565,-12.200000000000001,-3.5,8.200000000000003
2025-11-16,Texas A&M–Corpus Christi,Oklahoma State,-1,-16,-21.25,17.499999999999986,-2.583333333333332,-0.75,-0.25,-10.666666666666668,-30.75,-11.0,-7.8999999999999915
2025-12-06,Texas A&M–Corpus Christi,Lamar,-1,8,-9.885714285714272,10.399999999999991,-0.2857142857142847,1.5714285714285712,-2.2857142857142847,-1.1428571428571423,-17.2,1.2999999999999998,0.7999999999999972
2025-12-17,Texas A&M–Corpus Christi,Stephen F. Austin,-1,-9,-11.13333333333334,-1.3888888888888857,-5.444444444444443,3.555555555555557,-0.8888888888888893,1.2222222222222214,8.399999999999999,-0.30000000000000027,0.29999999999999716
2025-12-29,Texas A&M–Corpus Christi,Nicholls State,1,-5,-2.827272727272728,-16.60909090909091,-5.363636363636363,1.6363636363636367,1.7272727272727266,6.454545454545453,6.200000000000001,-0.5,-1.2000000000000028
2025-12-31,Texas A&M–Corpus Christi,New Orleans,1,14,1.2666666666666515,-20.325000000000017,-1.25,-0.8333333333333339,1.333333333333334,2.1666666666666643,30.8,-1.8,-3.700000000000003
2026-01-05,Texas A&M–Corpus Christi,Houston Christian,-1,16,-0.4642857142857082,-16.89285714285714,-0.928571428571427,0.7142857142857135,2.6428571428571423,3.6428571428571423,26.799999999999997,1.9999999999999996,2.200000000000003
2026-01-10,Texas A&M–Corpus Christi,Northwestern State,-1,-1,-0.8333333333333286,-19.75333333333333,-0.1999999999999993,1.0,3.466666666666667,5.466666666666669,10.799999999999999,1.0,1.6000000000000085
2026-01-12,Texas A&M–Corpus Christi,East Texas A&M,-1,11,4.1316176470588175,-10.302573529411774,-8.382352941176471,-1.4007352941176467,2.3308823529411757,1.1911764705882355,17.2,1.4999999999999996,-1.2999999999999972
2026-01-17,Texas A&M–Corpus Christi,Southeastern Louisiana,1,12,5.752941176470586,-10.399999999999991,-3.117647058823529,0.8235294117647047,1.3529411764705888,3.7647058823529385,14.0,0.3999999999999999,1.4000000000000057
2026-01-19,Texas A&M–Corpus Christi,McNeese State,1,-16,-16.733333333333334,-6.011111111111106,-2.666666666666668,3.0555555555555554,-1.4444444444444446,2.666666666666668,-1.4000000000000004,-3.2,-0.3999999999999915
2026-01-24,Texas A&M–Corpus Christi,Incarnate Word,-1,8,-8.699999999999989,-11.973684210526315,-4.315789473684209,2.6842105263157894,-0.7368421052631575,2.05263157894737,15.4,1.2999999999999998,1.5
2026-01-31,Texas A&M–Corpus Christi,Houston Christian,1,2,-2.4000000000000057,-17.628571428571433,-1.7142857142857153,0.1904761904761898,1.2857142857142847,3.095238095238095,2.4,1.9999999999999996,2.200000000000003
2026-02-02,Texas A&M–Corpus Christi,Incarnate Word,1,-2,-8.11818181818181,-12.690909090909102,-5.181818181818183,1.7272727272727266,-0.7272727272727266,2.0454545454545467,8.8,1.2999999999999998,1.5
2026-02-07,Texas A&M–Corpus Christi,Nicholls State,-1,7,-1.15652173913044,-11.026086956521738,-8.652173913043477,0.7391304347826093,0.47826086956521685,4.565217391304348,3.4,-0.5,-1.2000000000000028
2026-02-09,Texas A&M–Corpus Christi,New Orleans,-1,-6,-1.0916666666666544,-15.358333333333334,-2.1666666666666643,-1.541666666666666,0.0,-0.5416666666666679,1.2,-1.8,-3.700000000000003
2026-02-14,Texas A&M–Corpus Christi,Lamar,1,13,-2.8599999999999994,-4.476000000000013,-3.2799999999999976,1.3200000000000003,-1.3999999999999986,0.0799999999999983,-7.0,1.2999999999999998,0.7999999999999972
2026-02-16,Texas A&M–Corpus Christi,Stephen F. Austin,1,-10,-9.430769230769243,1.5307692307692378,-7.384615384615387,3.3076923076923084,-1.2307692307692317,-0.8461538461538467,-8.600000000000001,-0.30000000000000027,0.29999999999999716
2026-02-21,Texas A&M–Corpus Christi,McNeese State,-1,-16,-14.792592592592598,-0.4629629629629619,-2.962962962962962,3.1111111111111107,-1.5925925925925917,1.9629629629629655,-13.2,-3.2,-0.3999999999999915
2026-02-23,Texas A&M–Corpus Christi,Southeastern Louisiana,-1,5,4.917857142857159,-8.596428571428575,-3.1428571428571423,0.7142857142857135,0.6428571428571423,2.2857142857142847,1.8000000000000003,0.3999999999999999,1.4000000000000057
2026-02-28,Texas A&M–Corpus Christi,Northwestern State,1,12,-0.686206896551738,-10.793103448275858,-0.551724137931032,1.793103448275863,2.206896551724139,2.5517241379310356,-6.199999999999999,1.0,1.6000000000000085
2026-03-02,Texas A&M–Corpus Christi,East Texas A&M,1,13,3.2489247311827825,-8.239462365591407,-8.778494623655913,-0.023655913978494425,1.6279569892473118,0.026881720430107947,9.600000000000001,1.4999999999999996,-1.2999999999999972
2026-03-09,Texas A&M–Corpus Christi,New Orleans,0,13,-0.5564516129032313,-10.515322580645162,-0.75,-1.365927419354838,-0.32560483870967794,-1.4122983870967758,-2.4000000000000004,-1.8,-3.700000000000003
2026-03-10,Texas A&M–Corpus Christi,Stephen F. Austin,0,-2,-8.93548387096773,1.4406249999999972,-6.742943548387096,3.72883064516129,-1.116935483870968,-0.8618951612903238,-2.1999999999999993,-0.30000000000000027,0.29999999999999716
2025-12-06,Texas Southern,Sam Houston State,1,-12,-20.74166666666666,12.174999999999997,-10.333333333333332,3.583333333333334,-5.75,-2.541666666666668,-20.4,-8.8,0.7000000000000028
2025-12-14,Texas Southern,Minnesota,-1,-36,-12.309999999999988,7.832857142857151,-4.114285714285714,3.7857142857142865,-1.7428571428571429,-1.442857142857143,8.799999999999999,-17.5,8.0
2025-12-17,Texas Southern,NC State,-1,-36,-29.22954545454546,13.211363636363643,-9.806818181818183,5.613636363636363,-1.4090909090909083,-3.09090909090909,-14.2,-19.5,1.8000000000000114
2025-12-22,Texas Southern,Abilene Christian,1,-7,-9.816666666666663,18.98611111111113,-1.1388888888888893,1.5555555555555554,-2.6388888888888893,1.4444444444444429,-11.399999999999999,-5.500000000000001,2.200000000000003
2026-01-03,Texas Southern,Southern,-1,-11,-11.722377622377635,4.6076923076922895,-4.2797202797202765,2.1118881118881117,-2.1398601398601382,-0.3286713286713301,9.799999999999999,-2.3000000000000007,-0.29999999999999716
2026-01-05,Texas Southern,Grambling State,-1,-17,-7.438095238095244,10.288095238095238,-1.2380952380952408,0.7023809523809526,-0.45238095238095344,2.4523809523809526,-19.4,-0.7000000000000011,2.5
2026-01-10,Texas Southern,Arkansas–Pine Bluff,1,-8,-8.915897435897449,-2.450256410256401,-6.5846153846153825,0.523076923076923,-1.6769230769230763,-0.3794871794871817,-30.4,-0.7000000000000011,0.4000000000000057
2026-01-12,Texas Southern,Mississippi Valley State,1,33,6.305462184873946,-7.509243697478993,-0.28991596638655537,-1.8865546218487417,-0.13025210084033567,2.9075630252100844,16.2,2.3999999999999986,1.7000000000000028
2026-01-17,Texas Southern,Alcorn State,-1,1,6.213333333333338,-11.233333333333348,-2.0666666666666664,-0.7333333333333325,-0.40000000000000036,4.333333333333332,26.0,-1.4000000000000004,2.200000000000003
2026-01-19,Texas Southern,Jackson State,-1,-5,6.971323529411777,-10.322426470588226,-8.1875,-0.125,0.7610294117647056,2.2463235294117645,8.0,-1.200000000000001,0.0
2026-01-24,Texas Southern,Alabama A&M,1,15,-2.320261437908499,8.209803921568636,-1.2549019607843164,2.0359477124183005,-0.26797385620915115,-2.2679738562091494,-3.0,1.0,4.300000000000011
2026-01-27,Texas Southern,Alabama State,1,32,-1.6903508771929836,0.5953216374269061,-4.2368421052631575,0.06432748538011701,-2.6754385964912295,0.8596491228070171,6.4,-1.5000000000000009,0.5
2026-01-31,Texas Southern,Prairie View A&M,-1,-7,-2.955137844611542,5.408020050125316,0.5764411027568954,1.2005012531328312,0.030075187969924144,0.5889724310776963,20.799999999999997,0.09999999999999964,-1.0
2026-02-07,Texas Southern,Florida A&M,-1,5,6.184999999999988,4.320000000000007,-2.6499999999999986,-1.799999999999999,0.6000000000000005,2.5,7.0,-0.3000000000000007,1.1000000000000085
2026-02-09,Texas Southern,Bethune-Cookman,-1,-10,-0.17163561076603173,2.7778467908902797,0.8530020703933765,0.3478260869565215,-0.6024844720496905,-0.5652173913043477,-9.0,-3.1000000000000005,-0.19999999999998863
2026-02-14,Texas Southern,Grambling State,1,3,1.2077075098814163,9.020750988142296,-1.695652173913043,-0.8735177865612656,0.027667984189724493,1.482213438735176,1.7999999999999998,-0.7000000000000011,2.5
2026-02-16,Texas Southern,Southern,1,1,-4.858782608695648,3.4725217391304284,-1.3130434782608695,1.3130434782608695,-2.0782608695652165,0.4834782608695676,0.7999999999999998,-2.3000000000000007,-0.29999999999999716
2026-02-19,Texas Southern,Arkansas–Pine Bluff,-1,19,-1.5887820512820525,-2.2775641025641136,-3.301282051282051,-0.5769230769230766,-0.3044871794871806,1.323717948717949,-1.8,-0.7000000000000011,0.4000000000000057
2026-02-21,Texas Southern,Mississippi Valley State,-1,-1,13.569777777777801,-10.007407407407413,2.2118518518518506,-1.7925925925925927,0.7703703703703706,4.066666666666666,19.2,2.3999999999999986,1.7000000000000028
2026-02-26,Texas Southern,Alcorn State,1,5,6.230769230769226,-8.123076923076923,-0.5769230769230766,-0.3076923076923084,0.1923076923076934,4.9615384615384635,-0.20000000000000018,-1.4000000000000004,2.200000000000003
2026-02-28,Texas Southern,Jackson State,1,25,7.849735449735462,-8.173809523809538,-6.322751322751323,-0.9444444444444446,-0.1256613756613767,2.0846560846560855,10.0,-1.200000000000001,0.0
2026-03-05,Texas Southern,Prairie View A&M,1,-11,-1.7938095238095286,3.5747619047618997,0.3642857142857139,1.0119047619047628,-0.05714285714285694,1.1952380952380928,1.200000000000001,0.09999999999999964,-1.0
2026-03-12,Texas Southern,Alabama A&M,0,-11,-1.7696329254727488,1.4599555061178933,0.44271412680756583,1.6807563959955498,1.0901001112347046,0.25917686318131317,6.800000000000001,1.0,4.300000000000011
2025-11-15,Texas State,Texas Southern,1,10,17.53333333333333,-28.77499999999999,1.0,-3.5,1.083333333333333,2.083333333333332,37.41666666666667,3.6000000000000005,-3.5
2025-11-18,Texas State,Abilene Christian,1,14,-9.004999999999995,6.230000000000004,-0.8500000000000014,0.5999999999999996,-2.8499999999999996,-0.8999999999999986,-10.1,-1.9000000000000004,-1.2999999999999972
2025-11-21,Texas State,Little Rock,1,9,4.566666666666677,-20.0,2.4333333333333336,-2.0999999999999996,-2.533333333333333,4.133333333333333,26.4,0.8999999999999995,0.7000000000000028
2025-11-28,Texas State,Seattle,0,-14,-4.947499999999991,-8.427499999999995,-5.425000000000001,-0.5749999999999993,3.2750000000000004,1.5249999999999986,8.6,-6.1000000000000005,-0.7999999999999972
2025-11-29,Texas State,Lehigh,0,-4,8.552777777777777,-12.808333333333337,-8.48611111111111,1.416666666666666,3.3888888888888893,2.944444444444443,21.2,1.7000000000000002,0.0
2025-12-03,Texas State,Rice,-1,-5,-0.4833333333333343,-8.76111111111112,-9.88888888888889,0.9333333333333336,-0.5666666666666664,0.6444444444444422,19.8,-3.6,-0.5
2025-12-10,Texas State,Southern,1,3,-7.704040404040413,-6.708080808080808,-8.090909090909092,0.2929292929292924,-0.17171717171717127,-1.0,5.8,1.2999999999999998,-3.799999999999997
2025-12-17,Texas State,Arkansas State,1,-19,-4.321969696969703,-11.643181818181802,-12.106060606060607,-0.5984848484848477,-1.545454545454545,-1.0984848484848513,-3.0,-2.7,-5.0
2025-12-20,Texas State,South Alabama,1,2,-5.54807692307692,-4.274358974358989,-5.7435897435897445,4.301282051282051,1.852564102564103,-1.5897435897435912,-8.4,-1.5,1.2000000000000028
2026-01-03,Texas State,Louisiana–Monroe,-1,5,4.466666666666669,-12.493333333333325,-9.466666666666665,0.3333333333333339,3.2,1.06666666666667,5.3999999999999995,0.0,0.0
2026-01-08,Texas State,Southern Mississippi,-1,-10,-2.799999999999997,-3.262500000000003,-3.0625,1.0625,0.6875,-1.875,-4.6,-2.0,-1.7999999999999972
2026-01-10,Texas State,Arkansas State,-1,-1,-8.893014705882365,-4.216176470588238,-11.591911764705882,-0.5110294117647065,-1.2205882352941178,-2.1617647058823515,-24.0,-2.7,-5.0
2026-01-14,Texas State,Louisiana,1,5,10.383333333333326,-7.355555555555554,-8.444444444444446,2.0555555555555554,2.833333333333334,2.7777777777777786,-1.4,-1.1000000000000005,3.8000000000000114
2026-01-17,Texas State,Southern Mississippi,1,7,-2.689473684210512,-3.2736842105263264,-3.1578947368421044,0.8947368421052637,0.4210526315789469,-1.3684210526315788,-7.2,-2.0,-1.7999999999999972
2026-01-22,Texas State,Coastal Carolina,-1,-2,1.730000000000004,-1.8299999999999983,-10.600000000000001,3.8499999999999996,0.8499999999999996,-5.699999999999999,3.4000000000000004,-1.5,-1.2999999999999972
2026-01-24,Texas State,James Madison,-1,-25,-4.812142857142845,-12.03857142857143,-11.880952380952381,2.0500000000000007,0.45238095238095255,-0.5095238095238095,5.3999999999999995,-2.0,0.5
2026-01-28,Texas State,Marshall,1,4,-9.968181818181819,-2.4595454545454487,-13.622727272727275,0.5772727272727263,-0.6863636363636374,-2.427272727272726,-13.600000000000001,-2.4000000000000004,-2.799999999999997
2026-01-31,Texas State,Old Dominion,1,17,-0.17529644268773836,-5.6602766798419,-8.1699604743083,2.24308300395257,2.142292490118577,-1.179841897233203,-1.4000000000000001,-2.5,-2.6999999999999886
2026-02-04,Texas State,Georgia Southern,-1,6,-5.36666666666666,-5.391666666666666,-14.333333333333334,2.125,0.20833333333333393,1.0416666666666679,6.6000000000000005,-0.9000000000000004,-4.099999999999994
2026-02-14,Texas State,Louisiana–Monroe,1,11,6.845441595441599,-12.62464387464388,-9.333333333333334,-0.1253561253561255,2.0584045584045576,1.1182336182336208,18.8,0.0,0.0
2026-02-19,Texas State,South Alabama,-1,8,-2.2308201058201007,-0.03346560846561886,-5.4642857142857135,3.7751322751322753,2.4232804232804233,-1.9523809523809526,10.4,-1.5,1.2000000000000028
2026-02-21,Texas State,Louisiana,-1,-13,8.778694581280789,-6.505295566502468,-8.387931034482758,2.070197044334977,1.7635467980295578,3.543103448275861,15.399999999999999,-1.1000000000000005,3.8000000000000114
2026-02-27,Texas State,Appalachian State,1,3,-3.430000000000007,2.0166666666666657,-11.466666666666667,3.4333333333333336,-0.40000000000000036,-2.333333333333332,2.0,-1.5,3.5
2026-03-06,Texas State,Southern Mississippi,0,-4,0.6617943548387046,-2.370060483870958,-2.825604838709678,-0.28125,-0.14112903225806406,-1.10483870967742,-0.39999999999999947,-2.0,-1.7999999999999972
2025-11-14,Texas Tech,Milwaukee,1,17,12.458333333333357,-17.23333333333335,8.166666666666668,-0.5833333333333339,4.416666666666666,4.416666666666668,22.583333333333332,17.1,-1.0999999999999943
2025-11-21,Texas Tech,Purdue,0,-30,-5.619999999999976,-3.4200000000000017,4.600000000000001,1.5999999999999996,0.5999999999999996,-0.5999999999999979,-0.40000000000000036,-1.0999999999999996,3.1000000000000085
2025-11-26,Texas Tech,New Orleans,1,32,12.73333333333332,-2.8499999999999943,7.833333333333332,-4.666666666666666,2.666666666666666,-3.0,8.2,15.100000000000001,-2.700000000000003
2025-12-07,Texas Tech,Louisiana State,0,24,-11.599999999999994,7.887500000000003,8.75,-1.25,2.625,-7.75,-15.8,4.800000000000001,-2.299999999999997
2025-12-13,Texas Tech,Arkansas,0,-7,-2.9111111111111114,2.9000000000000057,4.777777777777779,1.2222222222222232,3.333333333333334,-1.3333333333333321,-9.600000000000001,0.3000000000000007,-5.700000000000003
2025-12-16,Texas Tech,Northern Colorado,1,11,-4.2099999999999795,4.489999999999995,0.09999999999999787,-1.700000000000001,4.6,-3.400000000000002,-9.4,17.6,-3.200000000000003
2025-12-20,Texas Tech,Duke,0,1,-3.818181818181813,19.872727272727275,1.3636363636363633,-1.8181818181818183,0.7272727272727266,-6.272727272727273,-2.5999999999999996,-0.8999999999999986,1.2999999999999972
2026-01-03,Texas Tech,Oklahoma State,1,22,2.9461538461538623,4.546153846153842,6.384615384615383,-2.846153846153845,2.0,-3.53846153846154,3.8000000000000007,5.9,-6.8999999999999915
2026-01-06,Texas Tech,Houston,-1,-4,4.478571428571428,15.57142857142857,2.8571428571428577,0.8571428571428559,0.2857142857142865,1.5,-10.4,-0.3999999999999986,2.6000000000000085
2026-01-10,Texas Tech,Colorado,-1,2,-0.5600000000000023,-2.8400000000000034,10.399999999999999,0.0,1.1333333333333346,0.06666666666666643,9.0,6.100000000000001,-3.0
2026-01-17,Texas Tech,Brigham Young,1,13,-2.3941176470588204,9.352941176470594,3.882352941176471,-0.5882352941176467,1.1764705882352935,-2.4705882352941195,-2.5999999999999996,1.3000000000000007,-2.8999999999999915
2026-01-20,Texas Tech,Baylor,-1,19,-1.7133986928104719,-0.5895424836601251,5.516339869281044,-1.2875816993464042,-1.0751633986928102,-0.4836601307189561,17.6,3.1000000000000014,-1.3999999999999915
2026-01-24,Texas Tech,Houston,1,4,1.5833333333333286,14.728070175438603,2.271929824561404,1.8304093567251467,-1.0438596491228083,2.1637426900584806,-9.599999999999998,-0.3999999999999986,2.6000000000000085
2026-02-02,Texas Tech,Kansas,1,-3,5.300000000000011,8.19523809523811,7.571428571428569,0.3809523809523814,2.5238095238095237,-4.238095238095237,-7.0,0.0,-0.7999999999999972
2026-02-11,Texas Tech,Colorado,1,34,2.833876811594209,-5.145833333333329,9.222826086956523,0.7101449275362306,1.4782608695652169,1.2771739130434767,8.6,6.100000000000001,-3.0
2026-02-14,Texas Tech,Arizona,-1,3,-1.9624999999999915,11.90000000000002,12.916666666666668,-1.166666666666666,-1.375,-5.125,-10.0,-2.099999999999998,-3.5
2026-02-17,Texas Tech,Arizona State,-1,-5,8.375999999999976,-5.447999999999993,6.759999999999998,-1.08,2.24,2.7600000000000016,8.0,4.100000000000001,-2.8999999999999915
2026-02-21,Texas Tech,Kansas State,1,28,8.35769230769229,-4.6807692307692434,2.3846153846153832,-2.3076923076923084,1.3461538461538467,2.23076923076923,19.8,5.4,-5.700000000000003
2026-02-24,Texas Tech,Cincinnati,1,12,13.833333333333329,7.537037037037038,2.8518518518518547,-1.4814814814814827,0.8888888888888893,-0.6296296296296298,0.5999999999999996,3.9000000000000004,-1.2999999999999972
2026-02-28,Texas Tech,Iowa State,-1,9,-1.5571428571428498,9.44642857142857,6.285714285714285,0.0,0.6071428571428559,1.25,10.4,0.0,-0.29999999999999716
2026-03-03,Texas Tech,TCU,1,-8,9.220689655172421,4.289655172413802,6.724137931034484,-0.275862068965516,0.3448275862068968,1.9655172413793096,5.6000000000000005,3.4000000000000004,-2.299999999999997
2026-03-07,Texas Tech,Brigham Young,-1,-6,1.2066666666666634,-0.1599999999999966,4.133333333333333,-0.1999999999999993,0.16666666666666785,-0.8666666666666671,15.2,1.3000000000000007,-2.8999999999999915
2026-03-12,Texas Tech,Iowa State,0,-22,-0.7167338709677438,10.716028225806454,6.041330645161292,0.3195564516129039,0.03931451612903203,1.430443548387096,-5.199999999999999,0.0,-0.29999999999999716
2026-03-20,Texas Tech,Akron,0,20,-5.082904411764716,4.098529411764716,0.5183823529411775,-0.2224264705882355,0.21323529411764675,-1.6360294117647065,-16.0,14.200000000000001,-3.0
2026-03-22,Texas Tech,Alabama,0,-25,-2.569696969696963,-2.7727272727272805,-6.333333333333336,0.7575757575757578,-0.30303030303030276,-3.030303030303031,-6.0,-0.8999999999999986,-7.200000000000003
2025-11-22,Texas–Rio Grande Valley,Missouri State,-1,-7,11.924999999999983,9.950000000000017,3.75,-0.5,-1.5,-4.25,-0.75,0.7000000000000002,-0.29999999999999716
2025-11-24,Texas–Rio Grande Valley,Illinois,-1,-14,-15.173333333333332,9.876666666666651,-4.166666666666668,1.5999999999999996,-5.366666666666665,-4.466666666666669,-12.799999999999999,-16.6,1.2999999999999972
2025-12-03,Texas–Rio Grande Valley,Stephen F. Austin,-1,-13,3.3499999999999943,10.238095238095255,-1.404761904761905,0.6190476190476204,-1.8571428571428577,1.5238095238095255,4.199999999999999,0.7999999999999998,0.7999999999999972
2025-12-07,Texas–Rio Grande Valley,Austin Peay,1,13,1.9624999999999915,11.960714285714289,-4.017857142857142,-2.0178571428571423,-1.0714285714285712,0.946428571428573,1.4,2.9000000000000004,-2.299999999999997
2025-12-16,Texas–Rio Grande Valley,Lamar,-1,11,2.444444444444443,8.255555555555574,1.6666666666666679,-0.7777777777777768,-3.222222222222223,1.1111111111111107,-8.4,2.4,1.2999999999999972
2025-12-29,Texas–Rio Grande Valley,New Orleans,1,-16,11.145454545454541,-16.27272727272728,2.72727272727273,-3.90909090909091,-0.3636363636363633,2.636363636363633,31.8,-0.7,-3.200000000000003
2025-12-31,Texas–Rio Grande Valley,Nicholls State,1,-2,3.8500000000000085,-7.308333333333337,-1.3333333333333357,-0.4166666666666661,-0.33333333333333215,5.916666666666668,-4.799999999999999,0.6000000000000001,-0.7000000000000028
2026-01-03,Texas–Rio Grande Valley,Texas A&M–Corpus Christi,1,-4,5.161538461538456,7.0692307692307566,4.384615384615387,-1.3076923076923066,-2.5384615384615383,-0.23076923076922995,-13.4,1.1,0.5
2026-01-05,Texas–Rio Grande Valley,Incarnate Word,1,13,-10.557142857142878,-4.157142857142844,-0.28571428571428825,1.6428571428571423,-2.3571428571428577,1.9285714285714306,0.40000000000000036,2.4,2.0
2026-01-10,Texas–Rio Grande Valley,East Texas A&M,-1,-8,8.980833333333322,-4.544166666666669,-3.0749999999999993,-2.6208333333333336,0.7458333333333336,1.2708333333333321,31.2,2.5999999999999996,-0.7999999999999972
2026-01-12,Texas–Rio Grande Valley,Northwestern State,-1,-1,2.7312499999999886,-11.643749999999997,5.5625,-0.5625,1.3125,4.5,0.6000000000000001,2.1,2.1000000000000085
2026-01-17,Texas–Rio Grande Valley,McNeese State,1,3,-13.100000000000009,3.5941176470588374,3.5882352941176485,1.7058823529411757,-3.1764705882352935,2.117647058823529,-2.6,-2.1,0.10000000000000853
2026-01-19,Texas–Rio Grande Valley,Southeastern Louisiana,1,3,11.016666666666666,-1.6388888888888857,3.2777777777777786,-0.44444444444444287,-0.5555555555555554,3.1666666666666643,6.3999999999999995,1.5,1.9000000000000057
2026-01-24,Texas–Rio Grande Valley,Houston Christian,-1,17,2.026315789473685,-11.252631578947373,4.631578947368421,-0.7368421052631593,-0.5263157894736832,3.315789473684209,7.8,3.0999999999999996,2.700000000000003
2026-01-26,Texas–Rio Grande Valley,Texas A&M–Corpus Christi,-1,9,4.650000000000006,6.339999999999989,6.350000000000001,-1.4499999999999993,-2.1999999999999993,-0.05000000000000071,0.0,1.1,0.5
2026-01-31,Texas–Rio Grande Valley,Incarnate Word,-1,13,-2.990476190476187,-6.461904761904762,1.571428571428573,0.6190476190476186,-2.904761904761905,2.3333333333333357,15.0,2.4,2.0
2026-02-02,Texas–Rio Grande Valley,Houston Christian,1,17,3.9409090909090736,-11.272727272727266,4.863636363636363,-1.3636363636363633,-0.954545454545455,3.09090909090909,9.0,3.0999999999999996,2.700000000000003
2026-02-07,Texas–Rio Grande Valley,New Orleans,-1,19,4.213043478260872,-10.734782608695653,4.826086956521738,-3.0,-1.8260869565217384,-0.6086956521739104,5.4,-0.7,-3.200000000000003
2026-02-09,Texas–Rio Grande Valley,Nicholls State,-1,20,5.5,-6.9750000000000085,-1.4166666666666679,-0.625,-1.041666666666666,4.916666666666668,19.8,0.6000000000000001,-0.7000000000000028
2026-02-14,Texas–Rio Grande Valley,Stephen F. Austin,1,-9,-2.412000000000006,5.664000000000016,-0.28000000000000114,2.0,-2.4000000000000004,-0.5199999999999996,5.6,0.7999999999999998,0.7999999999999972
2026-02-16,Texas–Rio Grande Valley,Lamar,1,5,4.546153846153842,-0.5730769230769113,4.23076923076923,-0.3461538461538467,-2.6538461538461533,0.5769230769230766,13.4,2.4,1.2999999999999972
2026-02-21,Texas–Rio Grande Valley,Southeastern Louisiana,-1,21,13.177777777777791,-3.4185185185184963,3.6296296296296298,-1.2592592592592595,-0.3333333333333339,2.3333333333333357,14.2,1.5,1.9000000000000057
2026-02-23,Texas–Rio Grande Valley,McNeese State,-1,-7,-6.19285714285715,4.571428571428598,4.321428571428573,1.4285714285714288,-2.8928571428571423,2.0714285714285694,-7.0,-2.1,0.10000000000000853
2026-02-28,Texas–Rio Grande Valley,East Texas A&M,1,8,10.65574712643678,-4.157931034482743,-1.427586206896553,-1.7735632183908052,0.30459770114942497,0.4068965517241381,14.0,2.5999999999999996,-0.7999999999999972
2026-03-02,Texas–Rio Grande Valley,Northwestern State,1,12,7.489999999999995,-7.323333333333352,6.966666666666669,0.0,0.9333333333333327,2.833333333333332,3.0,2.1,2.1000000000000085
2026-03-09,Texas–Rio Grande Valley,Nicholls State,0,18,6.47127016129032,-5.78971774193549,-0.8135080645161281,-0.6048387096774199,-0.935483870967742,4.44657258064516,5.8,0.6000000000000001,-0.7000000000000028
2026-03-10,Texas–Rio Grande Valley,McNeese State,0,-4,-4.981754032258053,4.418749999999989,4.098790322580644,1.65625,-2.902217741935484,2.316532258064516,1.0,-2.1,0.10000000000000853
2025-11-24,The Citadel,Bellarmine,1,-12,3.1000000000000085,-12.459999999999994,10.0,-3.4000000000000004,3.1999999999999993,4.0,11.6,-1.4000000000000004,-0.09999999999999432
2025-11-26,The Citadel,Houston Christian,1,-7,8.903333333333336,11.799999999999997,6.566666666666666,-4.300000000000001,0.6333333333333346,-0.6000000000000014,-11.2,-2.1000000000000005,1.2000000000000028
2025-11-30,The Citadel,Presbyterian,0,-28,9.649206349206338,8.423809523809524,11.444444444444443,-4.904761904761905,0.015873015873015817,0.5873015873015852,1.0,-2.0,-1.0
2025-12-04,The Citadel,Davidson,-1,-16,-7.373214285714283,12.592857142857156,5.857142857142858,-2.928571428571429,3.571428571428571,-0.14285714285714235,-9.0,-8.4,1.4000000000000057
2025-12-13,The Citadel,South Carolina,-1,-16,-6.565555555555548,16.090000000000003,0.6555555555555586,-0.5111111111111111,1.666666666666666,-2.7777777777777786,-13.8,-14.7,-2.5
2025-12-17,The Citadel,College of Charleston,-1,-4,0.318181818181813,7.190909090909088,4.9090909090909065,-0.8181818181818183,-0.9090909090909083,-2.6363636363636367,-5.6000000000000005,-5.0,-3.200000000000003
2025-12-20,The Citadel,Richmond,-1,-24,-8.52651515151517,16.3598484848485,3.84090909090909,-2.3409090909090917,0.6590909090909083,-4.901515151515149,-13.399999999999999,-6.8,-2.3999999999999915
2025-12-30,The Citadel,East Tennessee State,1,-25,-7.969230769230791,16.423076923076934,5.076923076923077,-1.7692307692307683,0.23076923076922995,-1.0769230769230766,-10.2,-2.8000000000000003,-0.7000000000000028
2026-01-07,The Citadel,Mercer,-1,-38,-5.2933333333333366,15.900000000000006,1.0666666666666664,-0.6666666666666661,-1.8666666666666671,-3.6000000000000014,-23.799999999999997,-3.6,-3.5
2026-01-21,The Citadel,Furman,1,2,-6.994736842105269,14.715789473684211,-0.526315789473685,-1.7368421052631593,-1.7894736842105274,-4.10526315789474,-12.6,-3.5,-1.0
2026-01-23,The Citadel,East Tennessee State,-1,-29,-8.554999999999993,16.77499999999999,6.450000000000003,0.34999999999999964,0.4499999999999993,-1.6500000000000021,-12.2,-2.8000000000000003,-0.7000000000000028
2026-02-05,The Citadel,Samford,-1,-14,-5.821739130434793,5.052173913043475,1.391304347826086,1.9565217391304355,1.2173913043478253,-2.913043478260871,1.4000000000000001,-3.1,-3.200000000000003
2026-02-07,The Citadel,Chattanooga,-1,7,-5.0874999999999915,6.754166666666677,-1.0416666666666679,0.7083333333333339,2.333333333333334,-2.041666666666668,5.4,-1.0,-1.2000000000000028
2026-02-14,The Citadel,Mercer,1,-16,-9.734615384615381,11.334615384615375,2.19230769230769,-0.26923076923077005,-2.653846153846155,-2.5384615384615365,-5.800000000000001,-3.6,-3.5
2026-02-19,The Citadel,Samford,1,-3,-8.374074074074073,7.73333333333332,1.6296296296296298,1.8518518518518512,1.2962962962962958,-3.851851851851851,-26.2,-3.1,-3.200000000000003
2026-02-21,The Citadel,Chattanooga,1,-21,-6.664285714285725,5.299999999999983,-0.6428571428571459,0.7142857142857153,1.9642857142857144,-2.0714285714285694,-9.600000000000001,-1.0,-1.2000000000000028
2026-02-25,The Citadel,Furman,-1,-21,-8.393103448275866,12.175862068965515,1.1034482758620712,-1.6551724137931032,-0.3793103448275872,-4.586206896551726,-16.2,-3.5,-1.0
2026-03-06,The Citadel,Chattanooga,0,3,-7.922580645161304,5.896774193548396,-0.5483870967741922,0.7096774193548381,2.0,-3.032258064516128,-16.0,-1.0,-1.2000000000000028
2026-03-07,The Citadel,East Tennessee State,0,-7,-10.446874999999991,14.240423387096769,7.478830645161292,0.16733870967741993,0.10584677419354804,-2.11592741935484,-8.2,-2.8000000000000003,-0.7000000000000028
2025-11-15,Toledo,Detroit Mercy,1,7,11.299999999999997,7.5,-11.0,1.0,-3.666666666666668,-10.0,3.333333333333334,2.5,-0.4000000000000057
2025-11-26,Toledo,Belmont,0,-15,0.0833333333333286,24.599999999999994,-7.666666666666668,-2.166666666666668,-0.16666666666666607,-9.666666666666668,-18.599999999999998,-1.5,-1.0999999999999943
2025-12-06,Toledo,Oakland,-1,-1,1.56527777777778,-8.263888888888886,-0.5416666666666679,1.7222222222222214,1.541666666666666,-1.5555555555555571,7.6,0.0,-2.0999999999999943
2025-12-13,Toledo,Robert Morris,-1,-5,5.170707070707053,6.068686868686868,-2.9797979797979792,-0.8989898989898997,-2.6969696969696972,-2.8282828282828305,2.6000000000000005,2.9000000000000004,2.299999999999997
2025-12-16,Toledo,Michigan State,-1,-23,2.059999999999988,16.61999999999999,0.3000000000000007,-0.09999999999999964,-1.5999999999999996,-5.400000000000002,-7.199999999999999,-14.899999999999999,2.0999999999999943
2026-01-03,Toledo,Central Michigan,-1,3,12.53131868131868,-4.367032967032969,1.3241758241758248,-1.2527472527472518,1.2032967032967044,-0.9175824175824197,11.200000000000001,2.9000000000000004,1.2999999999999972
2026-01-06,Toledo,Northern Illinois,-1,14,8.128571428571448,-2.15000000000002,-5.857142857142858,-4.142857142857144,-1.0,0.5,-2.4,3.8999999999999995,0.29999999999999716
2026-01-09,Toledo,Miami (OH),1,-14,-10.989999999999995,8.863749999999996,-7.045833333333334,-0.6125000000000007,3.470833333333333,-5.725000000000001,-10.999999999999998,0.6000000000000001,-2.5999999999999943
2026-01-13,Toledo,Ohio,1,16,5.284926470588232,2.8992647058823593,-2.4632352941176485,-1.5735294117647065,2.0257352941176467,-1.154411764705884,-6.600000000000001,1.5000000000000002,-1.7000000000000028
2026-01-16,Toledo,Kent State,-1,-3,-1.3176470588235247,2.5470588235294116,-8.588235294117649,-3.764705882352942,-0.117647058823529,-4.117647058823529,10.8,0.9000000000000001,-4.400000000000006
2026-01-20,Toledo,Massachusetts,-1,-2,7.772807017543855,9.832456140350885,-1.9532163742690045,-3.1988304093567255,0.1754385964912295,-3.418128654970758,2.2,1.8,-3.5
2026-01-24,Toledo,Bowling Green,1,1,-1.1052631578947256,14.842105263157904,-1.5789473684210549,-0.6315789473684212,1.0526315789473681,-2.2631578947368425,-0.19999999999999973,1.8,-1.0999999999999943
2026-01-27,Toledo,Akron,-1,-10,-10.925000000000011,6.844999999999999,-8.95,-0.049999999999998934,0.15000000000000036,-4.649999999999999,-15.4,-0.7999999999999999,-1.7000000000000028
2026-01-31,Toledo,Ball State,1,18,13.28761904761906,5.596904761904753,-2.542857142857141,1.0238095238095237,2.654761904761905,0.6190476190476204,1.7999999999999998,4.1,3.299999999999997
2026-02-03,Toledo,Kent State,1,-3,1.3454545454545581,3.7727272727272805,-7.5,-3.59090909090909,-1.545454545454545,-5.136363636363637,1.6,0.9000000000000001,-4.400000000000006
2026-02-07,Toledo,James Madison,-1,-2,5.019021739130423,-1.6500000000000057,-5.875,-0.26811594202898625,0.3623188405797091,-3.047101449275363,-2.4000000000000004,2.5,1.5999999999999943
2026-02-14,Toledo,Bowling Green,-1,-10,1.9200000000000017,12.787999999999982,-0.6799999999999997,-1.1600000000000001,0.5999999999999996,-2.84,4.8,1.8,-1.0999999999999943
2026-02-21,Toledo,Eastern Michigan,1,19,11.14301994301995,4.446153846153848,1.1481481481481488,-1.2891737891737893,0.49002849002848947,-2.4088319088319103,5.4,1.1,0.5
2026-02-24,Toledo,Northern Illinois,1,10,13.419373219373213,0.5629629629629562,-6.10826210826211,-3.851851851851851,-1.0398860398860403,-0.3105413105413106,15.6,3.8999999999999995,0.29999999999999716
2026-02-28,Toledo,Ohio,-1,12,5.885714285714272,1.403571428571425,-2.6071428571428577,-0.5,0.7142857142857135,-0.2857142857142847,1.9999999999999996,1.5000000000000002,-1.7000000000000028
2026-03-03,Toledo,Miami (OH),-1,-2,-8.082758620689646,8.444827586206898,-6.689655172413794,-0.068965517241379,2.4482758620689653,-4.689655172413794,-1.799999999999999,0.6000000000000001,-2.5999999999999943
2026-03-06,Toledo,Buffalo,1,21,-0.4166666666666714,-1.3233333333333235,-5.466666666666669,-0.5666666666666664,1.2666666666666666,0.5666666666666664,8.2,2.5999999999999996,1.4000000000000057
2026-03-12,Toledo,Bowling Green,0,1,3.819354838709671,10.664516129032265,-0.9032258064516121,-1.1612903225806441,0.48387096774193594,-2.6774193548387117,12.6,1.8,-1.0999999999999943
2026-03-13,Toledo,Massachusetts,0,10,5.581249999999997,3.265625,-2.0625,-2.78125,-1.09375,-2.375,10.0,1.8,-3.5
2026-03-14,Toledo,Akron,0,-3,-7.057575757575762,6.942424242424252,-8.969696969696969,-0.6666666666666679,-0.8787878787878789,-4.0,-8.4,-0.7999999999999999,-1.7000000000000028
2025-11-14,Towson,Norfolk State,1,10,-15.991666666666646,-4.650000000000006,0.0,1.0,-3.25,1.5,-9.0,8.5,-5.0
2025-11-18,Towson,James Madison,-1,-6,-10.690000000000012,-25.189999999999998,-1.3500000000000014,-0.6500000000000004,0.9000000000000004,3.1000000000000014,11.75,2.0,-3.5
2025-11-24,Towson,Rhode Island,0,7,-15.440000000000012,-6.640000000000015,2.0,-1.1999999999999993,1.4000000000000004,4.599999999999998,-5.6,-2.5,-2.299999999999997
2025-11-25,Towson,Liberty,0,3,-35.14000000000003,-4.789999999999992,-7.966666666666669,3.2666666666666657,6.133333333333334,-1.6999999999999993,-20.200000000000003,-0.7999999999999999,-0.5999999999999943
2025-12-03,Towson,Cornell,1,13,-14.575000000000003,-8.850000000000009,-13.625,-3.75,3.0,-1.875,-13.8,-0.5,-7.699999999999989
2025-12-16,Towson,Kansas,-1,-24,-3.191818181818178,9.397272727272721,0.2727272727272734,0.31818181818181834,3.209090909090909,-5.309090909090909,-9.600000000000001,-15.5,-4.599999999999994
2025-12-22,Towson,Sacred Heart,1,25,-3.8499999999999943,-6.4750000000000085,-9.333333333333336,-1.666666666666666,2.083333333333334,3.0,-6.199999999999999,4.3999999999999995,-4.199999999999989
2025-12-31,Towson,Hampton,-1,-1,-1.0,0.8499999999999943,1.0,-0.3571428571428559,1.2142857142857153,0.928571428571427,-1.9999999999999998,3.0,-3.0
2026-01-03,Towson,Monmouth,1,-14,0.39857142857142946,-3.526666666666671,4.93809523809524,-0.4047619047619051,2.071428571428571,0.8333333333333321,10.399999999999999,0.9000000000000001,-3.5
2026-01-08,Towson,Hofstra,1,-11,-11.257916666666674,2.9324999999999903,-0.625,-0.3125,1.8583333333333325,-1.2041666666666657,-10.4,-1.3,-2.0
2026-01-10,Towson,Northeastern,-1,9,-4.979607843137259,-10.94862745098041,2.560784313725488,-1.0352941176470587,4.5098039215686265,3.2823529411764696,3.5999999999999996,0.8,-5.5
2026-01-15,Towson,College of Charleston,1,9,-4.170915032679744,-3.1091503267973906,-0.8627450980392162,0.47058823529411775,3.1078431372549016,-2.5359477124183023,-13.600000000000001,0.5,-5.0
2026-01-19,Towson,Drexel,1,1,-1.1368421052631703,-0.06315789473684674,-1.526315789473685,-0.6842105263157894,1.0,0.8947368421052637,-8.0,2.0999999999999996,-1.0999999999999943
2026-01-22,Towson,Elon,-1,13,-17.06973684210527,-9.743947368421033,-4.342105263157894,0.4815789473684209,0.7815789473684216,0.9868421052631575,-1.0,1.8,-4.799999999999997
2026-01-24,Towson,North Carolina A&T,-1,-7,-2.9880952380952266,-7.576984126984129,3.5793650793650826,-1.5396825396825395,2.595238095238095,-2.174603174603174,11.0,3.3999999999999995,-5.3999999999999915
2026-01-31,Towson,Hampton,1,32,0.5618577075098727,1.6201581027667942,1.0810276679841877,-0.24110671936758798,1.9130434782608692,0.6837944664031603,0.5999999999999999,3.0,-3.0
2026-02-07,Towson,Hofstra,-1,-22,-8.837500000000006,-0.63333333333334,-3.7083333333333357,-0.041666666666666075,0.875,-0.5,1.4000000000000004,-1.3,-2.0
2026-02-12,Towson,Stony Brook,1,12,-1.220000000000013,-0.7399999999999949,-5.199999999999999,-0.28000000000000114,3.5200000000000014,0.0,-7.4,2.2,-3.5999999999999943
2026-02-15,Towson,Monmouth,-1,-1,-0.6727692307692337,-2.0601538461538382,2.6861538461538466,-0.76923076923077,1.8892307692307693,0.944615384615382,-3.2,0.9000000000000001,-3.5
2026-02-22,Towson,Drexel,-1,-6,0.7115079365079424,-0.48333333333332007,-0.8280423280423292,-1.3425925925925934,2.310846560846562,0.768518518518519,8.4,2.0999999999999996,-1.0999999999999943
2026-02-26,Towson,Elon,1,2,-11.12142857142858,-10.282142857142858,-4.964285714285715,0.07142857142857117,0.7142857142857135,1.4642857142857153,11.2,1.8,-4.799999999999997
2026-02-28,Towson,Campbell,1,4,-6.596551724137939,-8.810344827586206,-0.7241379310344804,-1.4137931034482758,0.7586206896551726,2.0344827586206904,-1.8,-0.29999999999999993,-5.599999999999994
2026-03-03,Towson,Stony Brook,-1,12,-0.01999999999999602,-1.3966666666666612,-5.899999999999999,-0.36666666666666714,3.366666666666667,0.5666666666666664,7.0,2.2,-3.5999999999999943
2026-03-07,Towson,Hampton,0,6,1.8741935483870975,-2.816129032258047,-0.2258064516129039,-0.2258064516129039,2.032258064516128,1.8387096774193523,13.2,3.0,-3.0
2026-03-08,Towson,College of Charleston,0,25,-3.8703629032258107,-2.933266129032262,-0.7469758064516121,-0.42036290322580605,2.43850806451613,-1.504032258064516,-5.6,0.5,-5.0
2026-03-09,Towson,Hofstra,0,-3,-8.700284090909108,2.0365530303030255,-4.568181818181817,0.18939393939393945,1.0160984848484844,-0.9592803030303045,-10.399999999999999,-1.3,-2.0
2025-11-14,Troy,Loyola Marymount,-1,-11,-7.049999999999997,3.2666666666666657,2.916666666666668,-0.16666666666666607,0.0,-1.8333333333333321,-6.833333333333332,-1.3,0.9000000000000057
2025-11-16,Troy,Cal State Northridge,-1,-9,9.350000000000009,-9.075000000000003,7.25,-4.75,-5.5,-1.0,16.25,0.7000000000000002,-6.5
2025-11-20,Troy,Southern California,-1,-1,-11.200000000000003,12.233333333333334,8.333333333333332,2.166666666666668,-4.833333333333334,-3.833333333333332,-17.2,-10.7,-2.6999999999999886
2025-11-24,Troy,Toledo,0,-7,-3.125714285714295,-6.631428571428572,9.885714285714286,0.31428571428571317,1.4571428571428573,7.314285714285717,5.0,-0.8,0.4000000000000057
2025-11-26,Troy,Saint Francis (PA),0,10,26.137500000000003,-16.917500000000004,7.800000000000001,-1.7750000000000004,2.95,6.699999999999999,22.4,6.9,-0.3999999999999915
2025-12-20,Troy,Marshall,1,7,1.270454545454541,-6.081818181818164,1.9621212121212146,-0.030303030303029388,1.6439393939393927,1.1363636363636367,13.4,1.2999999999999998,-1.2999999999999972
2025-12-31,Troy,Texas State,1,20,6.562087912087918,2.584065934065947,14.736263736263735,-0.13186813186813318,0.7142857142857135,3.159340659340657,18.2,3.7,1.5
2026-01-03,Troy,South Alabama,1,10,3.6295238095238034,1.61571428571429,8.957142857142859,3.519047619047619,3.742857142857142,0.5095238095238095,7.8,2.2,2.700000000000003
2026-01-07,Troy,Arkansas State,-1,-12,-1.1066666666666691,-5.786666666666662,2.3999999999999986,-1.1333333333333329,-0.5333333333333332,1.2666666666666693,5.399999999999999,1.0,-3.5
2026-01-10,Troy,Louisiana,-1,20,18.002941176470586,-6.109191176470603,5.5992647058823515,0.9632352941176467,3.3566176470588234,4.959558823529413,1.8000000000000003,2.5999999999999996,5.300000000000011
2026-01-14,Troy,Southern Mississippi,1,26,5.38039215686274,-1.2483660130719016,11.343137254901961,0.3562091503267979,1.741830065359478,0.5588235294117645,6.4,1.7000000000000002,-0.29999999999999716
2026-01-17,Troy,Arkansas State,1,25,1.4111111111111114,-4.705555555555549,1.1111111111111107,-1.9444444444444446,-0.8333333333333321,-0.33333333333333215,3.0,1.0,-3.5
2026-01-21,Troy,Old Dominion,-1,6,11.292368421052643,-7.130789473684231,5.955263157894738,1.4947368421052634,3.3684210526315788,1.0447368421052623,14.8,1.2000000000000002,-1.1999999999999886
2026-01-24,Troy,Georgia Southern,-1,5,5.100952380952393,-5.114047619047625,-0.7166666666666686,1.8547619047619044,1.2023809523809526,2.540476190476191,18.4,2.8,-2.5999999999999943
2026-01-29,Troy,James Madison,1,-9,5.376190476190473,-10.023809523809518,2.0,1.1428571428571423,1.7619047619047628,1.3333333333333321,16.599999999999998,1.7000000000000002,2.0
2026-01-31,Troy,Appalachian State,1,-22,5.515217391304347,1.8071146245059282,3.2944664031620547,2.857707509881422,0.830039525691701,-0.13043478260869534,0.5999999999999996,2.2,5.0
2026-02-04,Troy,Georgia State,-1,11,11.373913043478254,-2.6913043478260903,0.7826086956521721,1.0434782608695645,2.0434782608695645,2.0869565217391326,-2.2,2.8,0.5
2026-02-07,Troy,Akron,1,10,-10.907971014492745,0.4541666666666657,-0.5072463768115938,0.8931159420289863,0.9528985507246386,-0.3822463768115938,-15.600000000000001,-1.6,-1.2999999999999972
2026-02-11,Troy,Texas State,-1,-12,8.396923076923073,1.2913846153846151,13.715384615384616,-1.0307692307692307,1.3461538461538467,1.6430769230769222,-4.6,3.7,1.5
2026-02-14,Troy,Southern Mississippi,-1,-4,7.6484330484330485,-2.1196581196581263,10.723646723646727,-0.8760683760683747,1.4373219373219381,0.6794871794871788,-2.8000000000000003,1.7000000000000002,-0.29999999999999716
2026-02-18,Troy,Louisiana–Monroe,-1,1,12.644444444444446,-11.75555555555556,4.518518518518519,-0.851851851851853,3.4444444444444446,3.0,6.0,0.0,0.0
2026-02-21,Troy,South Alabama,-1,-11,3.0142857142857196,0.4214285714285637,8.285714285714288,2.9642857142857135,3.8571428571428568,-0.07142857142857295,-0.8,2.2,2.700000000000003
2026-02-24,Troy,Louisiana,1,19,12.42068965517241,-4.796551724137942,5.896551724137929,1.2413793103448274,2.999999999999999,5.241379310344826,-0.40000000000000036,2.5999999999999996,5.300000000000011
2026-02-27,Troy,Louisiana–Monroe,1,15,12.133333333333326,-12.450000000000003,4.266666666666666,-0.7000000000000011,3.333333333333332,3.0666666666666664,16.200000000000003,0.0,0.0
2026-03-08,Troy,Southern Mississippi,0,8,5.8867172675522,-1.6245730550284492,11.483870967741936,-0.9914611005692588,1.221062618595825,0.6641366223908918,-2.2,1.7000000000000002,-0.29999999999999716
2026-03-09,Troy,Georgia Southern,0,16,0.6135416666666629,-6.154513888888886,-1.625,1.2465277777777786,1.9236111111111107,2.5347222222222214,-2.4000000000000004,2.8,-2.5999999999999943
2026-03-19,Troy,Nebraska,0,-29,-1.339678030303034,4.985037878787864,-2.087121212121211,1.9573863636363633,2.945075757575758,-0.7196969696969688,9.200000000000001,-14.3,2.9000000000000057
2025-11-23,Tulane,Boston College,0,3,12.329999999999998,24.473333333333343,-5.100000000000001,-0.6333333333333346,-7.533333333333334,-8.566666666666666,-10.4,-4.4,1.2999999999999972
2025-11-28,Tulane,Nicholls State,1,10,20.98666666666668,5.086666666666659,-6.699999999999999,-4.766666666666666,-5.033333333333332,1.5666666666666664,9.0,1.7000000000000002,0.5999999999999943
2025-12-02,Tulane,Grambling State,1,2,11.628571428571433,7.728571428571442,4.428571428571427,-5.285714285714285,-3.8571428571428577,1.428571428571427,-0.40000000000000036,7.699999999999999,-0.4000000000000057
2025-12-06,Tulane,Akron,1,-17,-18.838888888888903,8.676388888888894,-8.0,-0.6666666666666661,-5.694444444444445,-4.027777777777779,-25.6,-0.5,-2.200000000000003
2025-12-17,Tulane,Louisiana Tech,1,8,-0.6181818181818244,25.23434343434343,4.323232323232325,-1.333333333333334,-5.333333333333334,-5.777777777777779,-22.2,2.3000000000000003,3.0
2025-12-20,Tulane,Portland State,1,2,-4.441666666666663,12.056666666666658,1.1833333333333336,-3.2333333333333343,-4.366666666666666,-4.133333333333333,-12.0,2.7,-1.0999999999999943
2025-12-31,Tulane,East Carolina,-1,9,10.830769230769235,1.1999999999999886,4.46153846153846,-3.0,-3.9230769230769234,-0.9230769230769198,3.999999999999999,1.2999999999999998,-1.5999999999999943
2026-01-04,Tulane,Florida Atlantic,1,3,-10.592857142857127,5.507142857142867,-3.928571428571427,-1.4285714285714288,-4.714285714285714,-3.571428571428573,-20.0,-1.6,-2.299999999999997
2026-01-18,Tulane,North Texas,1,-8,3.4058823529411626,8.994117647058829,5.529411764705884,-1.5294117647058822,-2.2941176470588243,-0.0588235294117645,0.0,-0.9,0.9000000000000057
2026-01-21,Tulane,Florida Atlantic,-1,-5,-8.435380116959081,4.905263157894737,-1.8684210526315788,-2.049707602339181,-4.371345029239766,-4.5877192982456165,-2.6000000000000005,-1.6,-2.299999999999997
2026-01-23,Tulane,Charlotte,-1,-3,-5.857894736842113,-4.984210526315792,0.05263157894736992,-0.7368421052631593,-2.7368421052631584,-1.0,-0.3999999999999999,-0.4,3.299999999999997
2026-01-28,Tulane,South Florida,1,-14,-8.28500000000001,6.155000000000001,-6.25,-1.1500000000000004,-5.799999999999999,-5.399999999999999,-9.6,-5.2,-6.599999999999994
2026-02-01,Tulane,Memphis,-1,2,3.4573809523809302,6.265952380952385,2.5333333333333314,-3.557142857142857,-4.430952380952382,-1.4761904761904745,-13.2,-4.5,-3.5999999999999943
2026-02-11,Tulane,Temple,1,11,-6.7739130434782595,2.2913043478260846,3.4347826086956523,2.0,-1.608695652173913,-1.4347826086956523,-9.8,0.29999999999999993,2.5999999999999943
2026-02-19,Tulane,North Texas,-1,6,1.009692307692319,8.155692307692306,5.112307692307695,-0.29076923076923045,-4.255384615384615,0.08461538461538254,-8.0,-0.9,0.9000000000000057
2026-02-22,Tulane,Rice,1,6,-2.0038461538461547,-1.9769230769230717,-1.8076923076923066,-1.0769230769230766,-5.269230769230768,-1.3076923076923066,4.2,1.2000000000000002,0.09999999999999432
2026-03-01,Tulane,South Florida,-1,-28,-9.842857142857142,6.635714285714286,-5.178571428571427,-0.6428571428571423,-6.142857142857142,-4.214285714285715,-13.2,-5.2,-6.599999999999994
2026-03-05,Tulane,Temple,-1,-29,-6.065517241379311,0.8068965517241367,3.931034482758619,2.310344827586208,-1.5862068965517242,-0.4482758620689644,-3.8000000000000007,0.29999999999999993,2.5999999999999943
2026-03-08,Tulane,Memphis,1,-1,0.4399999999999977,3.2866666666666617,3.3333333333333357,-2.366666666666667,-4.966666666666666,-0.3999999999999986,-3.6000000000000014,-4.5,-3.5999999999999943
2026-03-11,Tulane,Memphis,0,12,0.3870967741935516,3.219354838709677,3.451612903225808,-2.483870967741936,-4.935483870967742,-0.5483870967741922,-9.399999999999999,-4.5,-3.5999999999999943
2026-03-12,Tulane,Charlotte,0,-14,-7.154435483870969,-5.027419354838713,-0.04536290322580783,-0.497983870967742,-2.847782258064516,-0.45362903225806406,-12.6,-0.4,3.299999999999997
2025-11-17,Tulsa,Kansas State,-1,-1,0.7333333333333343,-2.1666666666666714,1.6666666666666643,-4.000000000000002,6.000000000000001,1.3333333333333321,0.6666666666666643,-6.5,-3.4000000000000057
2025-11-21,Tulsa,Austin Peay,1,9,17.85000000000001,17.245000000000005,-4.25,-1.5,2.25,-0.5500000000000007,-2.1999999999999993,6.800000000000001,0.5
2025-11-25,Tulsa,San Jose State,0,30,8.840000000000003,-4.0,6.0,-0.7999999999999989,1.4000000000000004,1.1999999999999993,8.0,0.19999999999999973,4.599999999999994
2025-11-26,Tulsa,Northern Iowa,0,3,14.366666666666646,12.150000000000006,2.0,2.833333333333334,6.499999999999999,1.1666666666666679,-0.40000000000000036,0.19999999999999973,6.799999999999997
2025-12-06,Tulsa,Missouri State,1,24,12.226785714285711,-3.1160714285714164,4.107142857142858,-0.16071428571428648,0.035714285714286476,2.9107142857142847,19.4,4.6,2.5
2025-12-10,Tulsa,Arkansas–Pine Bluff,1,33,33.52666666666667,-24.24888888888887,5.477777777777778,-4.822222222222221,2.477777777777778,5.411111111111111,44.2,10.5,-1.0
2025-12-13,Tulsa,New Mexico State,0,13,20.222499999999997,2.592499999999987,6.574999999999999,-1.8249999999999993,-0.7750000000000004,2.2250000000000014,22.2,4.1,2.0999999999999943
2025-12-22,Tulsa,Denver,1,5,5.533333333333331,-20.905952380952385,6.345238095238095,-0.07142857142857117,0.8928571428571423,4.107142857142858,5.199999999999999,6.699999999999999,1.0999999999999943
2025-12-31,Tulsa,Rice,1,49,18.461538461538453,-0.3615384615384585,4.307692307692307,-2.1538461538461533,-0.8461538461538449,0.8461538461538467,5.199999999999999,4.0,1.5999999999999943
2026-01-04,Tulsa,North Texas,-1,-5,22.814285714285717,4.228571428571428,7.714285714285715,-2.1428571428571423,0.8571428571428577,3.2142857142857153,13.799999999999999,1.9,2.4000000000000057
2026-01-10,Tulsa,South Florida,1,-15,10.313333333333347,-0.5666666666666629,-2.6666666666666643,-1.4000000000000004,-2.8666666666666654,-1.2666666666666657,-2.5999999999999996,-2.4,-5.099999999999994
2026-01-14,Tulsa,Charlotte,-1,12,11.941544117647055,-8.701838235294119,2.2058823529411775,-0.452205882352942,-0.680147058823529,2.5588235294117645,1.0,2.4,4.799999999999997
2026-01-21,Tulsa,Memphis,1,17,21.38529411764705,1.557516339869295,4.225490196078432,-3.307189542483661,-2.245098039215687,2.898692810457515,6.199999999999999,-1.6999999999999997,-2.0999999999999943
2026-01-24,Tulsa,Rice,-1,6,18.89473684210526,-3.1473684210526187,1.8421052631578974,-1.5263157894736832,-1.2631578947368425,2.210526315789476,4.800000000000001,4.0,1.5999999999999943
2026-01-28,Tulsa,North Texas,1,16,21.25999999999999,6.585000000000008,6.5,-1.3000000000000007,-0.5,2.9499999999999993,6.800000000000001,1.9,2.4000000000000057
2026-02-04,Tulsa,Florida Atlantic,-1,2,12.53399209486166,0.15830039525691575,0.021739130434781373,-2.387351778656125,-1.7252964426877462,-0.10079051383399218,20.4,1.2,-0.7999999999999972
2026-02-08,Tulsa,South Florida,-1,-6,7.769565217391303,1.2478260869565219,-4.304347826086957,-1.1739130434782616,-3.304347826086957,-1.0869565217391326,-2.0,-2.4,-5.099999999999994
2026-02-18,Tulsa,Charlotte,1,5,9.580923076923085,-8.723538461538467,2.309230769230769,-1.0061538461538468,-0.5184615384615388,3.2538461538461547,5.0,2.4,4.799999999999997
2026-02-25,Tulsa,Tulane,-1,34,16.30886243386243,-1.761904761904745,2.8558201058201043,-0.33465608465608376,2.5939153439153433,3.2751322751322753,1.2000000000000002,2.8,1.5
2026-03-05,Tulsa,East Carolina,-1,27,21.531034482758628,-4.355172413793113,8.724137931034484,-1.5172413793103452,-0.7931034482758612,2.620689655172413,8.799999999999999,4.1,-0.09999999999999432
2026-03-08,Tulsa,Temple,1,2,11.853333333333353,-2.8233333333333235,6.666666666666668,1.5666666666666664,1.166666666666667,2.466666666666665,17.200000000000003,3.0999999999999996,4.099999999999994
2026-03-13,Tulsa,North Texas,0,6,18.45564516129032,4.679737903225799,8.561491935483872,-0.41431451612903203,-1.279233870967742,3.107862903225808,16.400000000000002,1.9,2.4000000000000057
2026-03-17,Tulsa,Stephen F. Austin,1,5,8.24848484848485,5.663636363636343,2.969696969696969,1.2727272727272716,-1.3939393939393927,1.3636363636363633,9.2,4.699999999999999,3.5999999999999943
2026-04-02,Tulsa,New Mexico,0,5,4.827777777777783,2.9888888888888943,1.6944444444444429,0.3611111111111125,0.08333333333333215,0.13888888888888928,-13.0,-3.1,0.09999999999999432
2026-04-05,Tulsa,Auburn,0,-6,2.7729729729729655,-8.051351351351357,3.621621621621621,0.3243243243243228,-1.2432432432432439,2.9729729729729755,-4.6,-10.4,0.29999999999999716
2025-11-14,UAB,High Point,1,17,-29.80000000000001,13.600000000000009,3.3333333333333357,4.333333333333333,4.666666666666666,-1.6666666666666679,-32.666666666666664,2.4,-0.20000000000000284
2025-11-21,UAB,South Alabama,1,8,-2.123333333333349,-6.24666666666667,2.133333333333333,2.2333333333333343,3.5666666666666664,1.1000000000000014,4.799999999999999,4.1000000000000005,4.5
2025-11-24,UAB,Southern Illinois,0,8,0.07333333333333769,-0.1666666666666714,6.666666666666668,-1.2333333333333343,2.8666666666666654,-1.8666666666666671,-3.5999999999999996,6.9,-0.5
2025-12-01,UAB,Middle Tennessee,-1,-15,1.544642857142847,-7.544642857142861,-7.214285714285715,-0.7857142857142865,2.875,2.0892857142857153,29.0,0.9,3.299999999999997
2025-12-05,UAB,Drake,-1,5,-7.422222222222231,1.8888888888888857,-4.888888888888889,1.3333333333333321,5.333333333333334,-1.0,-6.799999999999999,0.5,3.4000000000000057
2025-12-14,UAB,Troy,1,-1,1.2590909090909008,-1.5854545454545388,-8.345454545454547,-4.018181818181818,2.2181818181818187,-0.8818181818181827,-6.0,1.9,1.7999999999999972
2025-12-17,UAB,Cleveland State,1,24,4.713636363636368,-13.184848484848473,-6.234848484848484,-4.348484848484848,2.5757575757575744,4.083333333333332,-6.0,5.4,0.0
2026-01-04,UAB,South Florida,-1,3,-2.7692307692307594,-0.8923076923076962,-9.68681318681319,-1.9285714285714288,-0.8571428571428577,0.659340659340657,-9.200000000000001,-4.3999999999999995,-3.8999999999999915
2026-01-07,UAB,Florida Atlantic,1,-5,-2.8799999999999955,-2.799999999999997,-7.133333333333333,-3.0,0.13333333333333286,1.5333333333333314,0.1999999999999993,-0.7999999999999999,0.4000000000000057
2026-01-11,UAB,East Carolina,-1,2,16.01833333333333,-8.217500000000001,1.6166666666666671,-3.479166666666666,1.5625,4.850000000000001,16.6,2.1,1.1000000000000085
2026-01-14,UAB,Tulane,-1,13,3.966911764705884,-5.534926470588232,-5.022058823529413,-0.882352941176471,4.470588235294118,5.1139705882352935,-7.0,0.8,2.700000000000003
2026-01-18,UAB,Tulsa,1,-22,-12.570261437908485,-2.632352941176478,-7.1764705882352935,-1.1241830065359473,2.1993464052287575,1.9803921568627452,-7.6,-2.0,1.2000000000000028
2026-01-22,UAB,South Florida,1,-13,-3.451169590643275,0.4166666666666572,-11.321637426900583,-2.1608187134502916,-1.0204678362573105,0.005847953216374435,-7.0,-4.3999999999999995,-3.8999999999999915
2026-01-31,UAB,North Texas,-1,4,7.17619047619047,4.180952380952391,-0.3809523809523796,-2.333333333333332,1.5238095238095237,4.61904761904762,-1.2,-0.09999999999999998,3.6000000000000085
2026-02-05,UAB,Memphis,1,-10,7.169047619047632,-0.10541125541125496,-2.759740259740262,-4.616883116883116,-0.012987012987013102,3.813852813852815,-5.4,-3.6999999999999997,-0.8999999999999915
2026-02-08,UAB,Rice,1,6,2.6652173913043384,-5.173913043478265,-5.34782608695652,-2.782608695652174,-0.08695652173912904,3.304347826086957,-4.0,2.0,2.799999999999997
2026-02-11,UAB,Tulsa,-1,5,-13.362499999999997,-1.61666666666666,-6.208333333333336,-1.0416666666666679,2.291666666666666,1.3333333333333357,-6.199999999999999,-2.0,1.2000000000000028
2026-02-15,UAB,Tulane,1,-1,3.6404999999999887,-5.1995000000000005,-3.8299999999999983,-1.58,5.066666666666667,4.761666666666667,6.6,0.8,2.700000000000003
2026-02-18,UAB,Temple,-1,5,-2.5407692307692145,-4.0816923076923075,-0.6476923076923065,0.2846153846153854,3.460000000000001,3.7646153846153823,2.6,1.1,5.299999999999997
2026-02-22,UAB,Memphis,-1,11,5.372649572649578,-1.9628205128205138,-1.3860398860398853,-4.52991452991453,-0.1623931623931636,4.0056980056980045,4.8,-3.6999999999999997,-0.8999999999999915
2026-03-01,UAB,North Texas,1,-4,3.7412561576354477,1.2843596059113196,1.2413793103448292,-1.695812807881774,0.6256157635467972,4.541871921182267,4.4,-0.09999999999999998,3.6000000000000085
2026-03-04,UAB,Charlotte,-1,6,-3.9896551724137765,-11.496551724137944,-4.172413793103448,-2.0,1.8275862068965516,4.03448275862069,3.6,0.4,6.0
2026-03-08,UAB,East Carolina,1,7,7.833333333333329,-7.506666666666675,1.4666666666666686,-2.8999999999999986,1.1333333333333329,3.6666666666666643,8.4,2.1,1.1000000000000085
2026-03-13,UAB,Charlotte,0,-5,-2.8013104838709637,-11.085483870967735,-5.010080645161292,-2.227822580645162,1.684475806451612,3.797379032258064,8.0,0.4,6.0
2025-11-14,UC Davis,Sacramento State,1,4,-9.966666666666683,-13.433333333333337,-0.3333333333333357,1.0,3.666666666666668,-8.666666666666668,2.0,0.9000000000000004,-0.5999999999999943
2025-11-18,UC Davis,Nevada,-1,4,-7.1499999999999915,-12.850000000000009,5.25,5.0,-2.75,-2.5,5.25,-7.3,4.200000000000003
2025-11-21,UC Davis,Colorado,-1,-16,-19.495000000000005,-14.555000000000007,8.8,5.050000000000001,-0.5999999999999996,-3.6499999999999986,-3.4000000000000004,-10.5,0.7000000000000028
2025-11-24,UC Davis,Louisiana,1,21,17.13333333333334,-12.433333333333337,6.833333333333332,2.833333333333334,1.833333333333333,1.3333333333333321,17.6,1.7999999999999998,7.300000000000011
2025-12-05,UC Davis,Hawaii,-1,-6,-2.971428571428575,10.580357142857139,3.928571428571427,-0.16071428571428648,-2.0,-5.267857142857142,-13.799999999999999,0.10000000000000009,-1.1999999999999886
2025-12-13,UC Davis,Oregon,-1,-42,1.5888888888888886,-9.3125,-2.625,0.5972222222222214,-4.916666666666666,0.6527777777777786,12.200000000000001,-11.600000000000001,5.1000000000000085
2025-12-17,UC Davis,Seattle,1,-1,-12.168888888888887,12.383333333333326,3.9666666666666686,1.2444444444444454,-0.9333333333333327,-2.5,-33.199999999999996,-3.1999999999999997,2.700000000000003
2025-12-21,UC Davis,Idaho State,-1,10,-8.150000000000006,1.7316666666666833,-0.25,2.0666666666666664,-3.1333333333333337,0.6166666666666671,-22.200000000000003,1.6,5.1000000000000085
2026-01-01,UC Davis,Cal State Northridge,1,9,3.336904761904748,-0.4571428571428555,0.2380952380952408,-0.6428571428571423,-3.345238095238095,-3.571428571428573,-9.2,-0.09999999999999964,-4.5
2026-01-03,UC Davis,Cal State Bakersfield,1,-2,10.33025641025641,-3.2005128205128273,7.420512820512819,-1.0410256410256409,-2.810256410256409,0.3999999999999986,4.6000000000000005,2.8,-1.3999999999999915
2026-01-10,UC Davis,Cal Poly,-1,-6,8.023529411764713,-4.421568627450995,-7.560784313725492,-2.752941176470589,-1.7215686274509805,-3.4549019607843157,23.0,-0.2999999999999998,-4.8999999999999915
2026-01-15,UC Davis,Cal State Fullerton,1,5,2.263194444444437,-2.677777777777777,-1.6180555555555571,1.6597222222222214,-0.5694444444444446,-1.8055555555555571,19.6,-0.5999999999999999,-3.8999999999999915
2026-01-29,UC Davis,Cal State Northridge,-1,-16,4.385714285714286,-0.3669047619047632,2.223809523809525,-0.6404761904761891,-2.802380952380952,-3.942857142857143,5.8,-0.09999999999999964,-4.5
2026-01-31,UC Davis,Cal State Bakersfield,-1,8,9.182683982683969,-4.218614718614717,7.852813852813853,-0.5194805194805205,-2.2727272727272734,1.2012987012987004,15.8,2.8,-1.3999999999999915
2026-02-07,UC Davis,Cal Poly,1,9,4.343840579710147,-7.027898550724643,-8.027173913043477,-3.070652173913043,-1.253623188405797,-2.041666666666668,5.6,-0.2999999999999998,-4.8999999999999915
2026-02-14,UC Davis,Long Beach State,1,17,3.8240000000000123,-3.839999999999989,3.599999999999998,0.6399999999999988,0.5200000000000005,0.6799999999999997,4.2,0.40000000000000036,-0.09999999999999432
2026-02-19,UC Davis,Cal State Fullerton,-1,-1,0.7339031339031408,-3.471652421652408,-1.6538461538461533,1.501424501424502,-0.1467236467236468,-1.5940170940170972,7.2,-0.5999999999999999,-3.8999999999999915
2026-02-26,UC Davis,Hawaii,1,-4,-0.005219780219775316,10.028571428571425,1.090659340659343,-0.9038461538461533,-1.6538461538461533,-4.747252747252745,5.0,0.10000000000000009,-1.1999999999999886
2026-03-05,UC Davis,Long Beach State,-1,6,5.370229885057483,-3.6875862068965546,3.7126436781609193,0.28045977011494294,0.36666666666666625,0.3540229885057471,7.8,0.40000000000000036,-0.09999999999999432
2026-03-12,UC Davis,Cal State Fullerton,0,-12,-1.0343749999999972,-3.534374999999997,-2.40625,1.53125,-0.09375,-1.5,-4.2,-0.5999999999999999,-3.8999999999999915
2025-11-22,UC Irvine,Northern Iowa,1,-1,6.409999999999997,-1.2099999999999937,-4.399999999999999,1.8499999999999996,8.5,9.100000000000001,11.149999999999999,-3.7,8.200000000000003
2025-11-25,UC Irvine,New Mexico State,0,-12,0.14166666666667993,-10.191666666666677,-4.25,0.6666666666666661,2.583333333333334,7.916666666666668,1.0,0.19999999999999996,3.5
2025-11-26,UC Irvine,South Dakota State,0,12,-2.0,-8.457142857142856,-8.0,-1.2857142857142865,0.7142857142857153,3.2857142857142883,1.0,2.2,3.8000000000000114
2025-11-30,UC Irvine,San Jose State,-1,9,-4.908928571428575,-23.216071428571425,-3.2857142857142847,1.5892857142857135,0.7321428571428577,9.107142857142858,-6.0,-3.7,6.0
2025-12-06,UC Irvine,Cal State Northridge,1,14,3.2424999999999926,-18.04249999999999,-6.399999999999999,-2.8499999999999996,-2.5500000000000007,4.75,11.8,0.7000000000000002,-4.5
2025-12-19,UC Irvine,Belmont,1,-26,-11.274242424242445,-7.8780303030303145,-10.431818181818183,-1.1515151515151523,2.128787878787879,2.674242424242422,-1.6000000000000005,-2.3,1.3000000000000114
2025-12-21,UC Irvine,North Dakota State,0,1,-8.414743589743594,-5.294871794871796,-8.634615384615383,1.3782051282051277,-0.28205128205128105,6.2564102564102555,-7.6,2.1,2.700000000000003
2025-12-22,UC Irvine,Norfolk State,0,19,-1.2203296703296473,-10.417582417582409,-0.16483516483516425,0.4175824175824179,0.09340659340659485,5.532967032967033,8.600000000000001,8.2,2.5
2026-01-01,UC Irvine,Cal State Bakersfield,-1,4,6.54285714285713,-14.199999999999989,1.071428571428573,-2.5,0.07142857142857295,6.0,6.6,3.5999999999999996,-1.3999999999999915
2026-01-03,UC Irvine,Cal State Fullerton,-1,22,-2.373333333333335,-15.280000000000001,-8.399999999999999,0.2666666666666657,1.333333333333334,2.7333333333333307,-3.1999999999999997,0.19999999999999996,-3.8999999999999915
2026-01-08,UC Irvine,Long Beach State,1,10,3.773750000000007,-15.092500000000001,-3.408333333333335,0.08750000000000036,1.3416666666666668,7.75,-0.20000000000000018,1.2000000000000002,-0.09999999999999432
2026-01-11,UC Irvine,Hawaii,-1,-1,-5.250840336134459,4.19747899159664,-4.962184873949578,-1.1722689075630246,-0.008403361344537785,0.33613445378151496,-8.8,0.8999999999999999,-1.1999999999999886
2026-01-17,UC Irvine,UC Davis,-1,-3,-4.161764705882348,-12.246405228758164,-7.428104575163399,-1.215686274509805,1.8267973856209156,5.019607843137255,8.200000000000001,0.7999999999999998,0.0
2026-01-29,UC Irvine,Hawaii,1,11,-5.548370927318288,2.8345864661654048,-6.177944862155389,-1.2857142857142865,-0.0952380952380949,0.9974937343358405,-6.4,0.8999999999999999,-1.1999999999999886
2026-02-05,UC Irvine,Cal State Bakersfield,1,16,5.457312252964442,-16.639920948616606,0.0395256916996054,-1.221343873517787,-0.04150197628458585,6.691699604743086,22.0,3.5999999999999996,-1.3999999999999915
2026-02-12,UC Irvine,Cal Poly,-1,-6,0.7064999999999912,-18.23533333333333,-15.651666666666667,-3.9366666666666656,0.8433333333333337,3.3766666666666687,6.199999999999999,0.5,-4.8999999999999915
2026-02-14,UC Irvine,Cal State Fullerton,1,21,-2.721230769230772,-12.415999999999997,-8.60923076923077,0.6846153846153857,1.9676923076923085,3.5507692307692302,-1.8000000000000003,0.19999999999999996,-3.8999999999999915
2026-02-19,UC Irvine,Long Beach State,-1,11,2.3230769230769113,-14.165384615384625,-3.0769230769230766,-0.07692307692307665,2.384615384615385,6.5384615384615365,15.6,1.2000000000000002,-0.09999999999999432
2026-02-26,UC Irvine,Cal State Northridge,-1,1,-1.6749999999999972,-9.38928571428572,-4.464285714285715,-0.5357142857142847,-0.4285714285714288,1.0714285714285694,-4.8,0.7000000000000002,-4.5
2026-03-05,UC Irvine,Cal Poly,1,22,-1.059999999999988,-16.940000000000012,-15.700000000000003,-3.033333333333333,0.7999999999999989,2.6999999999999993,2.8,0.5,-4.8999999999999915
2026-03-07,UC Irvine,UC Davis,1,10,-2.628602150537631,-9.853118279569884,-7.432258064516127,-0.6602150537634408,1.774193548387096,5.29247311827957,2.6000000000000005,0.7999999999999998,0.0
2026-03-13,UC Irvine,Cal State Northridge,0,15,-0.5053977272727366,-9.309090909090898,-5.185606060606062,-1.0321969696969688,-0.795454545454545,0.9251893939393945,9.6,0.7000000000000002,-4.5
2026-03-14,UC Irvine,Hawaii,0,-7,-3.011632453567941,-1.2829912023460395,-6.201368523949171,-1.0586510263929618,0.5904203323558157,1.1964809384164212,4.2,0.8999999999999999,-1.1999999999999886
2025-11-15,UC Riverside,North Dakota,1,-2,-0.8083333333333371,-6.641666666666666,0.25,2.833333333333334,-2.333333333333333,6.166666666666668,3.083333333333334,2.7,1.5
2025-11-18,UC Riverside,California Baptist,-1,-23,-1.7250000000000085,3.1083333333333343,3.5,5.5,-8.833333333333332,-0.6666666666666679,-2.75,-2.0999999999999996,2.5999999999999943
2025-11-21,UC Riverside,San Diego,-1,14,-8.25,3.0049999999999955,-1.1499999999999986,2.5,-0.4500000000000002,5.300000000000001,-8.8,-1.4999999999999998,1.6999999999999886
2025-11-24,UC Riverside,Grambling State,1,9,5.73333333333332,-2.933333333333337,5.666666666666664,-0.6666666666666661,-0.666666666666667,6.5,6.8,5.3,1.6999999999999886
2025-12-04,UC Riverside,UC Irvine,-1,-13,3.4097222222222285,18.35000000000001,5.430555555555557,1.5694444444444446,-3.2777777777777786,-5.111111111111111,-2.2,-1.2999999999999998,-0.8000000000000114
2025-12-06,UC Riverside,Cal Poly,-1,4,2.6355555555555554,-3.168888888888887,-9.033333333333331,-3.1333333333333346,-1.488888888888889,-1.3000000000000007,-3.0,-0.7999999999999998,-5.700000000000003
2025-12-13,UC Riverside,Brigham Young,-1,-47,-10.813333333333318,9.373333333333349,-3.2555555555555564,3.8000000000000007,-0.9111111111111114,-1.2888888888888879,-14.0,-15.8,0.0
2025-12-20,UC Riverside,St. Thomas,-1,-14,-2.400641025641022,8.654487179487177,-4.7564102564102555,3.5064102564102573,3.416666666666666,0.4102564102564088,-26.8,0.8000000000000003,1.5
2026-01-01,UC Riverside,Hawaii,1,-43,-5.109523809523822,23.5404761904762,-1.1309523809523832,0.29761904761904745,-1.2976190476190474,-4.0238095238095255,-34.8,-0.3999999999999999,-2.0
2026-01-08,UC Riverside,Cal State Bakersfield,-1,-1,2.6125000000000114,5.674166666666665,3.9333333333333336,-0.37083333333333357,-2.6833333333333336,1.5666666666666664,-26.6,2.3,-2.200000000000003
2026-01-15,UC Riverside,Long Beach State,-1,-15,-0.37058823529412166,3.876470588235307,0.4117647058823515,1.235294117647058,0.0588235294117645,2.0588235294117645,-22.6,-0.09999999999999964,-0.9000000000000057
2026-01-17,UC Riverside,Cal State Fullerton,1,9,-5.150877192982463,4.172222222222203,-5.3654970760233915,1.7222222222222214,-0.2982456140350873,-1.2339181286549703,-20.400000000000002,-1.0999999999999999,-4.700000000000003
2026-01-22,UC Riverside,UC Irvine,1,-14,-3.136842105263156,17.631578947368425,3.8947368421052637,1.105263157894738,-1.7894736842105274,-4.421052631578949,-17.0,-1.2999999999999998,-0.8000000000000114
2026-01-24,UC Riverside,UC Davis,-1,-8,-7.229473684210518,6.1842105263157805,-3.907894736842106,0.31842105263157805,0.13684210526315788,0.439473684210526,-5.3999999999999995,-0.5,-0.8000000000000114
2026-01-29,UC Riverside,Long Beach State,1,10,-2.299999999999983,3.595238095238102,0.33333333333333215,1.333333333333334,0.666666666666667,1.5714285714285694,-9.2,-0.09999999999999964,-0.9000000000000057
2026-01-31,UC Riverside,Cal Poly,1,-7,-2.186363636363623,-2.0181818181818016,-10.68181818181818,-2.6363636363636367,-0.8636363636363633,-2.0,5.200000000000001,-0.7999999999999998,-5.700000000000003
2026-02-05,UC Riverside,Cal State Fullerton,-1,-6,-4.843478260869546,3.3173913043478365,-4.652173913043477,1.8260869565217401,0.5217391304347814,-1.0869565217391326,-1.4,-1.0999999999999999,-4.700000000000003
2026-02-07,UC Riverside,Cal State Northridge,-1,-14,-3.9250000000000114,5.979166666666671,-1.0416666666666679,-0.29166666666666785,-1.916666666666666,-3.875,-6.2,-0.5999999999999996,-5.300000000000011
2026-02-19,UC Riverside,Cal State Bakersfield,1,28,3.2041310541310537,0.7831908831908834,5.901709401709404,-0.45868945868945943,-1.4501424501424491,1.051282051282051,7.800000000000001,2.3,-2.200000000000003
2026-02-21,UC Riverside,UC Davis,1,-5,-6.184126984126976,5.120105820105806,-2.0542328042328037,0.5608465608465618,0.6772486772486772,1.2976190476190474,-4.8,-0.5,-0.8000000000000114
2026-02-28,UC Riverside,Cal State Northridge,1,11,-4.402528735632174,6.3700000000000045,0.7482758620689651,0.07356321839080593,-1.8827586206896552,-3.1724137931034484,-8.6,-0.5999999999999996,-5.300000000000011
2026-03-06,UC Riverside,Hawaii,-1,-19,-6.540552995391721,13.753110599078326,-1.0403225806451601,-0.5299539170506904,-0.6509216589861744,-3.081797235023039,8.6,-0.3999999999999999,-2.0
2025-11-15,UC San Diego,Idaho,1,8,2.433333333333337,-3.23333333333332,3.333333333333332,0.0,-0.3333333333333339,-2.666666666666668,3.9999999999999982,0.2999999999999998,0.0
2025-11-24,UC San Diego,Temple,0,15,-0.22500000000000853,-5.25,5.5,6.0,0.75,4.5,4.5,-1.4000000000000001,3.3999999999999915
2025-11-25,UC San Diego,Bradley,0,10,9.753333333333345,-2.7666666666666515,0.46666666666666856,1.7333333333333343,0.7333333333333334,8.033333333333331,7.0,-2.7,0.20000000000000284
2025-11-26,UC San Diego,Towson,0,14,17.988095238095227,6.459523809523802,5.0238095238095255,0.26190476190476275,-3.8095238095238093,1.4761904761904745,0.5999999999999996,-0.9000000000000001,5.3999999999999915
2025-12-02,UC San Diego,Nevada,-1,-6,12.135714285714286,-3.169642857142847,7.875,0.8928571428571423,-3.375,3.3571428571428577,11.8,-7.1,2.0999999999999943
2025-12-06,UC San Diego,Long Beach State,-1,6,20.366666666666674,-4.761111111111106,3.291666666666668,-2.8611111111111107,-1.8472222222222214,6.388888888888889,7.3999999999999995,0.6000000000000001,-2.200000000000003
2025-12-14,UC San Diego,Tulane,0,26,10.685555555555553,-6.391111111111101,1.1000000000000014,-0.05555555555555536,1.311111111111111,4.533333333333331,5.8,-1.7000000000000002,0.7999999999999972
2025-12-16,UC San Diego,Loyola Marymount,-1,10,8.760000000000005,6.269999999999996,0.09999999999999787,-1.700000000000001,-1.7000000000000002,1.1000000000000014,13.8,-1.9000000000000001,0.7999999999999972
2025-12-19,UC San Diego,San Diego,1,-2,11.689090909090893,-7.570000000000007,-1.2090909090909108,-2.5272727272727273,-0.9000000000000004,7.672727272727272,18.0,-0.8,0.3999999999999915
2026-01-01,UC San Diego,Cal Poly,-1,-2,13.737912087912079,-9.26703296703296,-4.774725274725274,-6.208791208791208,-0.8076923076923084,-0.39010989010988695,18.2,-0.10000000000000009,-7.0
2026-01-03,UC San Diego,Hawaii,1,10,3.3934065934066098,15.050549450549454,3.802197802197803,-2.6263736263736277,-0.8516483516483522,-2.3461538461538467,-12.2,0.2999999999999998,-3.299999999999997
2026-01-08,UC San Diego,Cal State Fullerton,1,-17,8.918333333333337,-7.749583333333334,0.09166666666666501,-1.2541666666666664,0.1875,1.1416666666666657,16.6,-0.40000000000000013,-6.0
2026-01-10,UC San Diego,UC Riverside,-1,3,13.0,-8.431249999999991,5.9375,-2.9375,0.875,2.25,15.4,0.6999999999999997,-1.2999999999999972
2026-01-15,UC San Diego,Cal State Northridge,1,-5,8.959803921568621,-1.380065359477129,3.3006535947712408,-3.0326797385620914,-2.1111111111111107,-0.8300653594771248,5.4,0.10000000000000009,-6.6000000000000085
2026-01-17,UC San Diego,Cal State Bakersfield,-1,21,13.90029239766082,-3.297076023391824,10.03216374269006,-3.0438596491228083,-1.5818713450292403,3.359649122807017,0.3999999999999999,2.9999999999999996,-3.5
2026-01-22,UC San Diego,UC Davis,-1,6,4.463157894736852,-2.2002923976608173,1.798245614035089,-2.6695906432748533,0.6754385964912295,2.502923976608187,1.0,0.19999999999999973,-2.1000000000000085
2026-01-24,UC San Diego,UC Irvine,1,-2,7.950000000000003,9.040000000000006,9.25,-1.549999999999999,-1.1999999999999993,-1.75,-6.800000000000001,-0.6000000000000001,-2.1000000000000085
2026-01-31,UC San Diego,Cal State Northridge,-1,-17,5.568181818181813,-2.940909090909088,3.5,-2.5909090909090917,-2.045454545454545,-0.7272727272727266,4.0,0.10000000000000009,-6.6000000000000085
2026-02-05,UC San Diego,Long Beach State,1,3,6.0,-6.017391304347839,5.565217391304348,-1.2173913043478262,0.9565217391304355,4.434782608695652,3.3999999999999995,0.6000000000000001,-2.200000000000003
2026-02-08,UC San Diego,Hawaii,-1,-5,-0.7696428571428697,9.842261904761912,2.791666666666668,-2.166666666666666,-0.3988095238095237,-0.7797619047619051,-10.6,0.2999999999999998,-3.299999999999997
2026-02-12,UC San Diego,UC Davis,1,17,-0.43216666666666015,-2.9385000000000048,1.5783333333333331,-1.6566666666666663,0.7149999999999999,3.3999999999999986,-10.8,0.19999999999999973,-2.1000000000000085
2026-02-14,UC San Diego,UC Riverside,1,6,6.230769230769226,-10.369230769230768,3.4230769230769234,-1.9230769230769234,-0.1923076923076934,3.26923076923077,1.7999999999999998,0.6999999999999997,-1.2999999999999972
2026-02-21,UC San Diego,UC Irvine,-1,2,3.3000000000000114,7.159259259259272,8.592592592592592,-1.1851851851851851,-1.2962962962962958,-1.9259259259259274,-6.6000000000000005,-0.6000000000000001,-2.1000000000000085
2026-02-26,UC San Diego,Cal State Bakersfield,1,12,9.910714285714278,-9.814285714285717,9.035714285714288,-2.2857142857142865,-1.3571428571428559,3.8928571428571423,21.200000000000003,2.9999999999999996,-3.5
2026-02-28,UC San Diego,Cal Poly,1,16,2.644827586206887,-9.975862068965526,-6.793103448275865,-4.068965517241379,-0.4137931034482758,1.2068965517241388,0.8000000000000007,-0.10000000000000009,-7.0
2026-03-05,UC San Diego,Cal State Fullerton,-1,-4,0.05999999999998806,-7.953333333333319,-0.6666666666666643,0.0,0.5666666666666664,2.0,12.6,-0.40000000000000013,-6.0
2026-03-11,UC San Diego,Cal Poly,0,3,2.028125000000003,-10.306250000000006,-7.59375,-3.96875,-0.96875,0.78125,2.4000000000000004,-0.10000000000000009,-7.0
2026-03-12,UC San Diego,Cal State Northridge,0,-10,2.071496212121218,-3.43797348484847,3.125,-2.183712121212121,-2.413825757575758,-1.2301136363636367,9.8,0.10000000000000009,-6.6000000000000085
2025-11-17,UC Santa Barbara,Loyola Marymount,1,-4,5.25333333333333,19.12666666666668,-1.8666666666666671,-0.40000000000000036,3.9333333333333336,-1.4666666666666686,-11.733333333333333,-2.3,-0.7999999999999972
2025-11-22,UC Santa Barbara,Nevada,-1,-13,10.780000000000001,0.5700000000000074,4.850000000000001,-1.0,-0.1999999999999993,2.3999999999999986,7.95,-7.5,0.5
2025-11-28,UC Santa Barbara,Lehigh,0,2,22.11904761904762,-1.3095238095238102,0.4761904761904745,-1.1190476190476204,3.8095238095238093,2.7857142857142847,17.8,4.4,-0.20000000000000284
2025-11-29,UC Santa Barbara,Seattle,0,3,4.533333333333331,7.152380952380952,1.5476190476190474,-2.6190476190476204,4.952380952380953,0.8333333333333321,-6.199999999999999,-3.4,-1.0
2025-12-04,UC Santa Barbara,Long Beach State,1,7,16.125,-4.262499999999989,-0.5,-0.75,2.5,3.75,2.8,0.20000000000000018,-3.799999999999997
2025-12-06,UC Santa Barbara,Cal State Bakersfield,1,25,19.177777777777777,-0.8222222222222229,5.444444444444446,-3.0,-0.5555555555555554,1.0,15.399999999999999,2.5999999999999996,-5.099999999999994
2025-12-17,UC Santa Barbara,Green Bay,-1,-3,9.231818181818184,-6.570454545454552,-0.2878787878787854,1.5909090909090917,4.409090909090908,0.6363636363636367,-0.5999999999999996,0.5,2.9000000000000057
2025-12-22,UC Santa Barbara,Portland,1,18,7.1499999999999915,-1.9166666666666714,1.8333333333333321,-2.916666666666666,2.083333333333334,-1.9166666666666643,3.4,-1.9,-2.299999999999997
2026-01-01,UC Santa Barbara,Cal State Fullerton,-1,-11,7.290109890109903,-3.761538461538464,-4.862637362637361,0.5714285714285712,1.23076923076923,-1.8956043956043978,5.0,-0.8,-7.599999999999994
2026-01-03,UC Santa Barbara,Cal State Northridge,-1,-9,8.30952380952381,1.1600000000000108,-0.6142857142857139,-0.40952380952380985,-1.4000000000000004,-1.8999999999999986,-7.6000000000000005,-0.2999999999999998,-8.200000000000003
2026-01-08,UC Santa Barbara,UC Davis,1,-7,2.694285714285712,1.3890476190476164,-0.9476190476190496,0.15238095238095362,2.0047619047619047,1.538095238095238,-18.4,-0.20000000000000018,-3.700000000000003
2026-01-15,UC Santa Barbara,Cal State Bakersfield,-1,6,13.066666666666663,0.8895833333333343,6.479166666666668,-0.875,-1.229166666666666,1.6527777777777786,-1.2,2.5999999999999996,-5.099999999999994
2026-01-17,UC Santa Barbara,Hawaii,1,15,2.9106617647058926,18.918014705882342,0.595588235294116,-0.40073529411764675,-0.15073529411764675,-3.5110294117647065,-12.4,-0.10000000000000009,-4.8999999999999915
2026-01-22,UC Santa Barbara,Cal Poly,1,40,11.464327485380139,-2.402923976608193,-9.201754385964914,-3.087719298245613,-0.035087719298244835,-2.149122807017541,3.8,-0.5,-8.599999999999994
2026-01-24,UC Santa Barbara,Long Beach State,-1,3,12.723421052631593,-0.30894736842104464,2.2736842105263158,0.4078947368421044,1.4131578947368428,2.207894736842107,7.4,0.20000000000000018,-3.799999999999997
2026-01-29,UC Santa Barbara,UC San Diego,-1,14,3.882142857142867,5.135952380952361,-3.5119047619047628,1.7095238095238106,0.39285714285714235,-2.6619047619047613,6.800000000000001,-0.3999999999999999,-1.5999999999999943
2026-01-31,UC Santa Barbara,Cal State Fullerton,1,14,7.77099567099566,-1.548051948051949,-2.8917748917748938,0.7186147186147185,0.5519480519480506,-0.3095238095238102,12.0,-0.8,-7.599999999999994
2026-02-05,UC Santa Barbara,UC Davis,-1,-10,6.554545454545448,-0.07727272727272805,-0.8181818181818201,-0.45454545454545503,1.1363636363636367,1.0909090909090935,17.8,-0.20000000000000018,-3.700000000000003
2026-02-07,UC Santa Barbara,UC Irvine,1,5,10.473913043478277,13.61739130434782,6.65217391304348,0.3478260869565215,-0.9565217391304337,-4.65217391304348,4.199999999999999,-1.0,-3.700000000000003
2026-02-12,UC Santa Barbara,UC Riverside,-1,8,13.615833333333327,-4.293166666666664,0.9783333333333317,-0.8783333333333339,0.4566666666666652,0.6066666666666691,10.2,0.2999999999999998,-2.8999999999999915
2026-02-14,UC Santa Barbara,Cal Poly,-1,-10,11.298923076923089,-4.7747692307692375,-9.176923076923082,-3.73076923076923,-0.10307692307692307,-1.350769230769231,0.6000000000000005,-0.5,-8.599999999999994
2026-02-19,UC Santa Barbara,Cal State Northridge,1,-2,8.623076923076923,3.7076923076923123,1.5384615384615365,-1.1923076923076916,-1.03846153846154,-3.6538461538461533,-13.0,-0.2999999999999998,-8.200000000000003
2026-02-21,UC Santa Barbara,Hawaii,-1,-3,6.421925925925933,13.010962962962964,0.967407407407407,-1.3200000000000003,-0.4607407407407411,-3.4518518518518526,-0.19999999999999996,-0.10000000000000009,-4.8999999999999915
2026-02-26,UC Santa Barbara,UC Riverside,1,11,12.256280788177335,-2.5407635467980185,1.7327586206896548,-0.931034482758621,0.4544334975369466,0.32142857142857295,0.6,0.2999999999999998,-2.8999999999999915
2026-02-28,UC Santa Barbara,UC Irvine,-1,-4,9.537931034482781,12.468965517241386,6.896551724137932,-0.24137931034482918,-0.6551724137931032,-3.9655172413793096,-4.2,-1.0,-3.700000000000003
2026-03-07,UC Santa Barbara,UC San Diego,1,-1,4.95870967741935,5.484086021505362,-1.4172043010752695,1.231182795698924,0.6462365591397852,-1.9817204301075257,-8.0,-0.3999999999999999,-1.5999999999999943
2026-03-11,UC Santa Barbara,UC Davis,0,-6,5.480645161290312,1.735483870967741,-0.612903225806452,-0.06451612903225801,1.0967741935483861,1.9354838709677402,1.0,-0.20000000000000018,-3.700000000000003
2025-11-14,UCF,Texas A&M,-1,12,5.066666666666663,9.200000000000003,-13.999999999999996,2.666666666666666,0.0,0.3333333333333357,-3.666666666666668,-1.299999999999999,-2.3999999999999915
2025-11-17,UCF,Oakland,1,4,12.824999999999989,-9.450000000000003,-0.75,4.75,0.75,2.25,15.25,10.6,-0.19999999999998863
2025-11-20,UCF,Pittsburgh,0,10,11.200000000000003,15.699999999999989,-0.6000000000000014,2.0,-0.1999999999999993,-2.8000000000000007,-2.4000000000000004,2.0,6.300000000000011
2025-11-25,UCF,Quinnipiac,1,11,12.516666666666666,6.533333333333346,-2.3333333333333357,1.5,-0.8333333333333339,0.0,-1.6000000000000014,14.2,1.4000000000000057
2025-12-07,UCF,Towson,1,25,13.091666666666654,4.088888888888889,-0.3611111111111107,2.166666666666666,1.0694444444444446,0.7222222222222214,11.8,11.1,7.0
2025-12-17,UCF,Mercer,1,18,9.38666666666667,2.178888888888892,-6.777777777777779,1.6999999999999993,1.4111111111111114,0.47777777777777786,1.1999999999999993,13.0,1.7000000000000028
2025-12-20,UCF,Florida Gulf Coast,1,22,10.146363636363631,-6.895454545454555,-4.681818181818183,1.0909090909090917,0.6818181818181817,1.5181818181818159,20.6,14.8,0.9000000000000057
2025-12-23,UCF,Florida Atlantic,0,5,6.2159090909090935,0.3553030303030198,-3.3560606060606055,0.3863636363636367,0.6439393939393927,-0.2727272727272734,6.199999999999999,8.700000000000001,0.10000000000000853
2026-01-03,UCF,Kansas,1,6,11.476282051282041,10.967307692307685,0.5705128205128212,1.2051282051282044,4.358974358974358,-4.378205128205128,5.199999999999999,-4.4,2.4000000000000057
2026-01-06,UCF,Oklahoma State,-1,-11,6.12087912087911,0.9906593406593487,0.10439560439560225,-1.1263736263736277,3.247252747252748,-2.708791208791208,12.799999999999999,1.5,-3.6999999999999886
2026-01-11,UCF,Cincinnati,1,1,17.228095238095236,12.516666666666666,-5.919047619047618,-1.3190476190476197,2.295238095238096,-2.4761904761904745,-2.4000000000000004,-0.5,1.9000000000000057
2026-01-14,UCF,Kansas State,-1,9,4.742916666666659,-1.602499999999992,-4.962499999999999,-1.229166666666666,1.6166666666666671,0.7958333333333343,4.3999999999999995,1.0,-2.5
2026-01-17,UCF,Arizona,1,-7,-4.133823529411771,10.76911764705882,4.8308823529411775,-0.33823529411764675,-1.2683823529411757,-4.297794117647058,-16.4,-6.499999999999998,-0.29999999999999716
2026-01-20,UCF,Iowa State,-1,-30,-4.010130718954244,11.014705882352928,0.352941176470587,1.0751633986928102,1.0816993464052285,0.7581699346405237,-3.0,-4.4,2.9000000000000057
2026-01-24,UCF,Colorado,-1,9,0.37660818713449373,-2.547076023391824,3.0467836257309955,2.192982456140351,1.7543859649122808,0.38596491228070207,-4.3999999999999995,1.700000000000001,0.20000000000000284
2026-01-27,UCF,Arizona State,1,3,6.834999999999994,-3.340263157894725,0.047368421052631504,0.2342105263157901,2.905263157894737,2.0710526315789473,2.8000000000000003,-0.29999999999999893,0.30000000000001137
2026-01-31,UCF,Texas Tech,1,8,-3.0900000000000034,1.2699999999999818,-6.200000000000003,1.6000000000000014,0.049999999999998934,-0.5,-13.600000000000001,-4.4,3.200000000000003
2026-02-04,UCF,Houston,-1,-24,-1.0761904761904617,14.890476190476178,-4.238095238095241,3.2857142857142865,-0.19047619047619158,2.095238095238095,-20.599999999999998,-4.799999999999999,5.800000000000011
2026-02-08,UCF,Cincinnati,-1,-20,15.185968379446635,11.793873517786565,-4.549407114624508,-0.7272727272727266,1.3063241106719357,-1.6897233201581017,4.6000000000000005,-0.5,1.9000000000000057
2026-02-17,UCF,TCU,1,11,4.523833333333329,8.504999999999995,-0.19166666666666643,0.4883333333333333,1.1133333333333333,0.14999999999999858,-3.4000000000000004,-1.0,0.9000000000000057
2026-02-24,UCF,Brigham Young,-1,13,-3.9095441595441542,5.410683760683767,-3.1153846153846168,0.7450142450142447,0.015669515669516798,-2.568376068376068,-7.8,-3.0999999999999996,0.30000000000001137
2026-02-28,UCF,Baylor,1,-1,-0.4867724867724945,0.5039682539682389,-1.7156084656084651,-0.13359788359788283,-0.6666666666666661,-0.17989417989418044,6.6,-1.299999999999999,1.8000000000000114
2026-03-03,UCF,Oklahoma State,1,-7,5.682881773399018,1.0454433497536826,-0.8337438423645303,-0.8596059113300498,1.182266009852217,-1.8349753694581281,12.6,1.5,-3.6999999999999886
2026-03-11,UCF,Cincinnati,0,1,9.24833333333332,12.111250000000013,-4.804166666666667,-0.06458333333333321,0.9020833333333336,-1.5666666666666664,-7.6,-0.5,1.9000000000000057
2026-03-12,UCF,Arizona,0,-22,-5.325806451612905,14.8516129032258,5.258064516129032,0.25806451612903203,-1.129032258064516,-5.35483870967742,-14.4,-6.499999999999998,-0.29999999999999716
2025-11-14,UCLA,Arizona,0,-4,-4.76666666666668,7.433333333333337,5.999999999999998,-4.0,-3.666666666666666,-4.666666666666668,-9.666666666666666,-4.199999999999999,-5.1000000000000085
2025-11-18,UCLA,Sacramento State,1,31,0.8349999999999795,-5.200000000000003,0.05000000000000071,-3.5,-0.5500000000000007,-7.5,3.0999999999999996,15.399999999999999,-5.900000000000006
2025-11-21,UCLA,Presbyterian,1,40,9.948571428571427,-14.151428571428568,2.2571428571428562,-1.5999999999999996,-2.628571428571428,0.8285714285714256,18.2,16.9,-0.6000000000000085
2025-11-25,UCLA,California,0,-8,-2.433333333333337,-6.233333333333334,-7.166666666666668,-0.16666666666666607,-0.16666666666666785,-2.1666666666666643,6.0,6.499999999999999,-3.9000000000000057
2025-12-06,UCLA,Oregon,1,11,7.674999999999997,-12.387500000000003,-6.375,-2.375,-4.0,-0.5,18.4,2.8999999999999986,-0.20000000000000284
2025-12-13,UCLA,Gonzaga,0,-10,-8.517777777777795,9.769999999999996,-2.5666666666666664,0.04444444444444429,-3.0,-6.777777777777779,-3.8000000000000007,2.5,-3.9000000000000057
2025-12-17,UCLA,Arizona State,1,13,1.3518181818181887,-3.576363636363638,-3.372727272727275,-0.336363636363636,1.0636363636363626,-1.3454545454545475,-0.40000000000000036,2.0,-4.5
2025-12-19,UCLA,Cal Poly,1,21,10.143939393939391,-9.3810606060606,-10.787878787878785,-5.742424242424242,-1.0151515151515156,-4.65909090909091,4.4,14.2,-10.200000000000003
2025-12-23,UCLA,UC Riverside,1,32,8.891025641025621,-9.06858974358974,-1.51923076923077,-2.698717948717949,0.18589743589743613,-3.0961538461538467,16.4,15.0,-4.5
2026-01-03,UCLA,Iowa,-1,-13,-7.115384615384613,6.584615384615375,-0.30769230769231015,0.615384615384615,0.7692307692307692,0.23076923076922995,-14.200000000000001,-0.9000000000000004,3.799999999999997
2026-01-10,UCLA,Maryland,1,12,11.406666666666666,-6.966666666666669,-6.333333333333332,-2.666666666666666,-2.0666666666666664,-1.5333333333333314,16.8,3.0,-0.7000000000000028
2026-01-14,UCLA,Penn State,-1,11,-0.5187500000000114,-9.743749999999991,-3.5,0.6875,-0.1875,0.6875,14.600000000000001,5.6,-0.6000000000000085
2026-01-17,UCLA,Ohio State,-1,-12,-3.459558823529406,-1.865441176470597,-3.055147058823529,-0.547794117647058,0.036764705882353255,-3.6213235294117645,0.20000000000000018,-0.7000000000000011,-0.6000000000000085
2026-01-20,UCLA,Purdue,1,2,-9.666666666666671,2.8277777777777686,-3.5,0.05555555555555536,-1.9444444444444446,-4.222222222222221,-10.8,-3.200000000000001,1.5
2026-01-24,UCLA,Northwestern,1,7,1.6052631578947398,-2.663157894736841,0.36842105263157876,1.421052631578947,0.21052631578947256,-1.2631578947368425,8.2,1.5999999999999996,0.7999999999999972
2026-01-28,UCLA,Oregon,-1,16,8.674999999999997,-5.2549999999999955,-5.25,-2.6000000000000014,-2.3499999999999996,-1.5500000000000007,21.2,2.8999999999999986,-0.20000000000000284
2026-01-31,UCLA,Indiana,1,-1,-2.3285714285714363,0.9809523809523881,-9.761904761904763,-0.4761904761904763,0.8095238095238093,-2.3809523809523796,9.6,0.6999999999999993,-0.9000000000000057
2026-02-03,UCLA,Rutgers,1,32,11.913636363636385,-7.372727272727261,-0.7727272727272734,-0.954545454545455,-2.09090909090909,0.45454545454545325,12.4,5.1,-1.1000000000000085
2026-02-14,UCLA,Michigan,-1,-30,-4.645833333333343,11.050000000000011,-6.458333333333332,-3.166666666666666,-1.458333333333334,-7.333333333333332,-6.200000000000001,-4.900000000000002,-5.300000000000011
2026-02-17,UCLA,Michigan State,-1,-23,-0.1840000000000117,6.896000000000001,-1.8000000000000007,-2.1599999999999984,-2.959999999999999,-5.880000000000003,9.0,-2.0,-0.8000000000000114
2026-02-21,UCLA,Illinois,1,1,-11.763675213675214,4.037321937321934,-11.105413105413106,0.10968660968661048,-3.3475783475783487,-5.415954415954417,-21.8,-2.9000000000000004,0.19999999999998863
2026-02-24,UCLA,Southern California,1,19,5.381481481481487,1.518518518518519,1.0740740740740726,-3.2592592592592595,-1.4074074074074083,-3.0,4.0,3.0,-6.0
2026-02-28,UCLA,Minnesota,-1,-5,6.3142857142857025,0.7857142857142776,-4.892857142857146,-1.3928571428571441,1.1071428571428568,-1.0,-7.6,3.5,2.6999999999999886
2026-03-03,UCLA,Nebraska,1,20,0.46206896551724697,10.858620689655169,-9.586206896551722,-0.6551724137931032,0.5517241379310347,-4.655172413793107,-20.6,-0.6000000000000014,-0.4000000000000057
2026-03-07,UCLA,Southern California,-1,21,7.606666666666669,-0.09333333333334792,1.1999999999999993,-3.6999999999999993,-1.4333333333333336,-2.6000000000000014,20.4,3.0,-6.0
2026-03-12,UCLA,Rutgers,0,13,12.168548387096763,-4.8634072580645125,0.6159274193548399,-1.30141129032258,-0.889112903225806,0.18245967741935587,9.2,5.1,-1.1000000000000085
2026-03-13,UCLA,Michigan State,0,4,-0.3533266129032313,5.432862903225825,-0.47681451612903203,-2.399193548387096,-2.533266129032258,-4.96875,10.6,-2.0,-0.8000000000000114
2026-03-14,UCLA,Purdue,0,-7,-7.38787878787879,-0.3303030303030283,-3.7272727272727266,-0.30303030303030276,-1.6060606060606055,-1.9696969696969688,6.3999999999999995,-3.200000000000001,1.5
2026-03-20,UCLA,UCF,0,4,3.629963235294113,-2.9020220588235333,-0.7463235294117645,-2.5808823529411757,-2.1819852941176467,-2.272058823529413,19.0,2.299999999999999,-4.800000000000011
2026-03-22,UCLA,Connecticut,0,-16,0.32285714285715983,8.92857142857143,-2.7428571428571438,-2.085714285714287,-1.6285714285714281,-2.37142857142857,1.7999999999999998,-2.1000000000000014,0.19999999999998863
2025-11-19,UMBC,George Washington,-1,-37,-17.92500000000001,5.375,1.5,1.5,-3.5,-2.75,-17.25,-11.0,-3.200000000000003
2025-11-29,UMBC,Delaware State,1,14,16.241666666666674,-11.754166666666663,8.083333333333332,2.875,-0.5,4.291666666666668,12.6,4.999999999999999,0.3999999999999915
2025-12-03,UMBC,Georgetown,-1,-9,-8.957142857142856,-8.314285714285703,3.2857142857142847,5.7142857142857135,-2.8571428571428577,3.2857142857142883,2.6,-16.2,-1.0
2025-12-06,UMBC,Bucknell,-1,7,7.157499999999985,-16.804999999999993,0.5249999999999986,0.05000000000000071,-0.1750000000000007,5.375,24.6,-2.3,-0.7999999999999972
2025-12-09,UMBC,Buffalo,1,-4,-10.73333333333332,-5.511111111111106,0.777777777777775,2.8888888888888893,0.33333333333333304,5.333333333333336,0.20000000000000018,-4.4,-1.2999999999999972
2025-12-12,UMBC,Army,1,-3,3.442727272727268,-7.2572727272727064,-10.136363636363633,0.8909090909090924,-2.581818181818182,2.1545454545454525,4.0,0.09999999999999964,-2.0
2025-12-21,UMBC,South Florida,-1,-25,-7.381818181818161,-1.7999999999999972,-4.454545454545457,0.6363636363636367,-5.7272727272727275,1.2727272727272734,1.2,-12.5,-8.799999999999997
2025-12-29,UMBC,Coppin State,-1,34,14.466666666666669,-17.73541666666668,4.416666666666668,-2.458333333333334,-1.604166666666667,5.0,24.599999999999998,2.2,-2.700000000000003
2026-01-08,UMBC,Maine,1,7,15.73076923076924,-1.8600961538461576,6.22596153846154,-2.08173076923077,0.865384615384615,5.653846153846153,2.2,-0.40000000000000036,1.5999999999999943
2026-01-10,UMBC,New Hampshire,1,1,9.642857142857139,-3.9995238095237937,-1.8333333333333321,0.795238095238096,-1.2190476190476192,1.2904761904761912,15.200000000000001,0.39999999999999947,-2.200000000000003
2026-01-15,UMBC,Bryant,-1,-5,14.78156862745098,-2.3752941176470586,-4.682352941176472,-2.1960784313725483,-0.5411764705882351,3.4627450980392176,11.600000000000001,0.20000000000000018,1.0999999999999943
2026-01-19,UMBC,Binghamton,-1,18,7.516447368421055,-7.547697368421055,6.730263157894736,-1.171052631578947,1.0296052631578947,2.184210526315791,0.3999999999999999,3.2,0.09999999999999432
2026-01-22,UMBC,NJIT,1,13,12.047941176470601,-4.638235294117649,-2.223529411764705,-1.0176470588235293,-1.4088235294117641,1.1970588235294137,2.8000000000000007,-0.20000000000000018,-1.2999999999999972
2026-01-31,UMBC,Albany (NY),-1,3,2.8727272727272606,-5.470000000000013,0.39090909090909065,-1.2545454545454557,-2.4454545454545453,3.5,7.4,-0.7000000000000002,0.7000000000000028
2026-02-05,UMBC,Binghamton,1,17,8.768530020703949,-9.21842650103521,6.175983436853002,-1.9440993788819885,0.38923395445134545,2.113871635610767,20.2,3.2,0.09999999999999432
2026-02-12,UMBC,Maine,-1,16,14.11927272727273,-2.637999999999991,4.281818181818185,-2.501818181818182,1.3909090909090907,5.600000000000001,8.4,-0.40000000000000036,1.5999999999999943
2026-02-14,UMBC,New Hampshire,-1,22,9.37826086956521,-4.347826086956516,-2.695652173913043,-1.0869565217391308,-2.3478260869565215,1.6521739130434767,14.8,0.39999999999999947,-2.200000000000003
2026-02-21,UMBC,Albany (NY),1,4,2.649333333333331,-7.552888888888873,0.6770370370370387,-1.6651851851851855,-2.61925925925926,4.534814814814812,12.2,-0.7000000000000002,0.7000000000000028
2026-02-26,UMBC,Bryant,1,12,13.091025641025652,-8.674928774928773,-4.128205128205128,-3.319088319088319,-1.3803418803418799,4.128205128205128,25.200000000000003,0.20000000000000018,1.0999999999999943
2026-03-03,UMBC,NJIT,-1,39,11.292142857142863,-6.646428571428572,-1.4333333333333336,-1.4523809523809526,-1.4904761904761896,2.2857142857142847,20.2,-0.20000000000000018,-1.2999999999999972
2026-03-07,UMBC,New Hampshire,1,15,12.56896551724138,-7.4793103448275815,-4.172413793103448,-1.2068965517241388,-2.06896551724138,2.655172413793103,27.4,0.39999999999999947,-2.200000000000003
2026-03-17,UMBC,Howard,0,-3,3.28276515151515,3.3259469696969717,3.1032196969696955,-3.544507575757576,-3.274621212121213,3.4185606060606055,7.6,-0.10000000000000053,-3.4000000000000057
2025-11-19,UMass Lowell,Bradley,-1,-10,-1.3349999999999937,17.140000000000015,-7.100000000000001,4.4,2.5500000000000007,0.3500000000000014,-13.75,-8.2,-0.5
2025-11-22,UMass Lowell,Saint Peter's,-1,-2,0.99166666666666,-0.3500000000000085,-8.416666666666668,3.583333333333334,-1.833333333333334,1.4166666666666679,-14.149999999999999,-2.3999999999999995,2.8999999999999915
2025-11-26,UMass Lowell,Stonehill,-1,11,5.199999999999989,14.02857142857144,-7.0,0.0,0.7142857142857153,-7.714285714285712,1.0,0.9000000000000004,1.2999999999999972
2025-12-06,UMass Lowell,Massachusetts,-1,-20,-0.6888888888888829,12.506944444444443,-4.208333333333332,-0.22222222222222143,0.5,0.18055555555555713,-5.199999999999999,-5.1,-3.9000000000000057
2025-12-13,UMass Lowell,Quinnipiac,-1,-4,-2.951818181818169,8.52000000000001,-4.772727272727273,2.5272727272727273,-0.09090909090909172,0.027272727272727337,3.0,-3.3,-0.9000000000000057
2025-12-16,UMass Lowell,Sacred Heart,1,5,-3.4000000000000057,-2.3116666666666674,-13.26666666666667,1.3666666666666654,0.40000000000000036,3.4499999999999993,16.200000000000003,-2.0,0.5
2025-12-21,UMass Lowell,Boston University,-1,-12,-5.035897435897439,-7.199999999999989,-7.23076923076923,2.6089743589743577,2.602564102564104,3.179487179487179,8.799999999999999,-1.6999999999999993,3.8999999999999915
2025-12-29,UMass Lowell,Iowa,-1,-28,-16.027380952380938,17.451190476190476,-2.5238095238095255,3.928571428571429,2.654761904761904,2.3928571428571423,-14.6,-20.7,6.299999999999997
2026-01-03,UMass Lowell,Albany (NY),1,12,0.7466666666666697,1.1066666666666691,-4.866666666666667,1.333333333333334,0.8000000000000007,1.2000000000000028,13.6,-0.5999999999999996,3.0
2026-01-08,UMass Lowell,Bryant,-1,14,14.155416666666667,7.974999999999994,-9.675,-0.9499999999999993,2.825,0.35416666666666785,-1.6000000000000005,0.3000000000000007,3.3999999999999915
2026-01-10,UMass Lowell,Binghamton,-1,5,7.14705882352942,-1.147058823529406,0.8235294117647065,0.29411764705882426,4.235294117647059,0.1764705882352935,-1.8,3.3000000000000007,2.3999999999999915
2026-01-15,UMass Lowell,NJIT,1,-9,13.755555555555546,0.0833333333333286,-7.666666666666668,0.44444444444444464,1.7777777777777768,-0.5555555555555571,-6.6,-0.09999999999999964,1.0
2026-01-24,UMass Lowell,UMBC,-1,-23,-2.3188888888888783,6.612222222222243,-4.899999999999999,2.2444444444444454,3.4666666666666677,-1.6333333333333329,-4.199999999999999,0.10000000000000053,2.299999999999997
2026-01-29,UMass Lowell,New Hampshire,-1,-5,5.659147869674186,5.417293233082717,-7.461152882205514,1.882205513784461,0.8746867167919792,-0.8521303258145352,-9.600000000000001,0.5,0.09999999999999432
2026-01-31,UMass Lowell,Maine,1,14,11.62272727272726,6.140909090909091,-0.09090909090908994,-0.1363636363636367,4.363636363636364,3.5,-8.399999999999999,-0.2999999999999998,3.8999999999999915
2026-02-05,UMass Lowell,NJIT,-1,-25,7.773913043478274,1.2391304347826093,-6.652173913043477,1.2608695652173925,1.9565217391304337,-0.0869565217391326,-12.600000000000001,-0.09999999999999964,1.0
2026-02-07,UMass Lowell,Albany (NY),-1,10,-0.7166666666666544,2.254166666666663,-4.416666666666668,1.416666666666666,1.458333333333334,2.5,-5.3999999999999995,-0.5999999999999996,3.0
2026-02-12,UMass Lowell,Bryant,1,19,9.766333333333336,3.3633333333333297,-8.453333333333333,-0.03166666666666629,2.7716666666666674,1.6799999999999997,-5.6,0.3000000000000007,3.3999999999999915
2026-02-19,UMass Lowell,New Hampshire,1,22,7.263782051282064,3.133653846153848,-7.410256410256409,1.7852564102564106,1.541666666666666,-0.04166666666666785,13.4,0.5,0.09999999999999432
2026-02-21,UMass Lowell,Binghamton,1,13,6.101851851851848,-3.1809523809523768,1.6031746031746046,0.7658730158730158,4.582010582010581,1.3902116402116427,13.0,3.3000000000000007,2.3999999999999915
2026-02-28,UMass Lowell,UMBC,1,-24,-2.321072796934871,8.120434227330776,-4.6487867177522375,2.6615581098339725,3.461047254150703,-1.7969348659003863,-1.0,0.10000000000000053,2.299999999999997
2026-03-03,UMass Lowell,Maine,-1,11,11.646666666666647,4.936666666666682,-1.0333333333333314,-0.033333333333333215,5.4333333333333345,4.033333333333331,9.2,-0.2999999999999998,3.8999999999999915
2026-03-07,UMass Lowell,Albany (NY),1,5,-0.14516129032257652,0.13225806451613664,-3.806451612903224,0.38709677419354804,1.258064516129032,2.161290322580644,1.4,-0.5999999999999996,3.0
2026-03-10,UMass Lowell,UMBC,-1,-22,-4.623958333333334,8.95145833333332,-4.272916666666667,2.4541666666666675,3.4458333333333337,-2.3708333333333336,-18.2,0.10000000000000053,2.299999999999997
2025-11-25,UNC Asheville,Tennessee State,1,-2,3.219999999999999,6.940000000000012,-6.800000000000001,-3.1999999999999993,-4.0,-5.399999999999999,-4.6,1.5999999999999996,-3.5999999999999943
2025-11-30,UNC Asheville,Appalachian State,1,12,0.34583333333333144,-5.237500000000011,-7.0,5.875,-2.125,0.5833333333333321,17.2,0.20000000000000018,3.0999999999999943
2025-12-06,UNC Asheville,NC State,-1,-12,-14.850000000000009,-2.549999999999997,-9.125,3.125,-1.0,-2.5,11.0,-14.2,-2.0999999999999943
2025-12-10,UNC Asheville,Miami (OH),1,-3,-18.454166666666666,14.666666666666657,-9.958333333333332,1.6388888888888893,-1.2361111111111107,-6.902777777777779,-24.6,-2.2,-4.099999999999994
2025-12-13,UNC Asheville,St. Thomas,1,-21,-0.24833333333334906,5.959999999999994,-8.666666666666668,3.533333333333333,2.716666666666667,-2.2666666666666693,-16.8,0.10000000000000009,-1.5999999999999943
2025-12-21,UNC Asheville,UAB,-1,-25,-5.424999999999997,4.821153846153848,-0.705128205128208,3.801282051282051,-4.371794871794872,-2.3076923076923066,-4.4,-3.9,-3.700000000000003
2025-12-31,UNC Asheville,High Point,1,-18,-23.51238095238095,10.608095238095231,-5.661904761904761,4.152380952380954,-2.5238095238095237,0.38095238095238315,-39.400000000000006,-1.5,-3.9000000000000057
2026-01-03,UNC Asheville,Charleston Southern,-1,-3,-5.028750000000002,6.703750000000014,-16.7,0.2958333333333325,-2.491666666666667,-5.987500000000001,-18.2,1.7000000000000002,-7.799999999999997
2026-01-07,UNC Asheville,Longwood,1,11,-0.4786764705882405,5.263970588235296,0.6286764705882355,-1.6838235294117645,-1.6654411764705888,-0.4191176470588225,-8.799999999999999,2.5999999999999996,-3.4000000000000057
2026-01-10,UNC Asheville,Radford,-1,19,-3.7470588235294002,3.6941176470588317,-10.058823529411764,0.235294117647058,-0.47058823529411775,0.5882352941176485,-13.0,2.0,-6.299999999999997
2026-01-14,UNC Asheville,Presbyterian,-1,-1,2.5777777777777686,0.4555555555555486,2.1111111111111107,-0.3333333333333339,-1.4444444444444446,0.8333333333333321,-4.0,1.2000000000000002,0.7999999999999972
2026-01-29,UNC Asheville,Gardner-Webb,1,19,12.874675324675337,-15.558441558441572,-3.0151515151515156,-2.062770562770563,1.4025974025974035,1.9004329004329001,35.0,4.0,-2.700000000000003
2026-02-12,UNC Asheville,Longwood,-1,5,1.5243589743589894,3.209935897435898,0.5769230769230766,-2.282051282051281,-1.2788461538461533,-0.7211538461538467,5.4,2.5999999999999996,-3.4000000000000057
2026-02-14,UNC Asheville,Presbyterian,1,-1,1.9681538461538537,-0.798153846153852,3.7676923076923075,-1.3399999999999999,-0.6938461538461524,-0.21538461538461817,13.399999999999999,1.2000000000000002,0.7999999999999972
2026-02-19,UNC Asheville,High Point,-1,-26,-17.428296703296695,8.246978021978038,-6.016483516483515,2.0,-1.2582417582417573,-0.22527472527472625,-15.399999999999999,-1.5,-3.9000000000000057
2026-02-21,UNC Asheville,Radford,1,1,-3.8624338624338748,-0.10767195767193982,-8.255291005291006,-1.1375661375661377,-0.21164021164021207,-0.31349206349206327,-9.2,2.0,-6.299999999999997
2026-02-26,UNC Asheville,Gardner-Webb,-1,6,10.950615763546807,-15.658743842364544,-2.599753694581281,-2.27463054187192,2.1071428571428577,1.9766009852216762,11.6,4.0,-2.700000000000003
2026-02-28,UNC Asheville,Charleston Southern,1,-17,-0.19333333333334224,2.1413793103448313,-13.97701149425287,-2.666666666666666,-0.9574712643678147,-5.057471264367816,-4.4,1.7000000000000002,-7.799999999999997
2026-03-06,UNC Asheville,Longwood,0,3,-0.11591397849461771,3.7349462365591393,0.1172043010752688,-2.6483870967741936,-1.2817204301075265,-1.259139784946239,-11.8,2.5999999999999996,-3.4000000000000057
2026-03-07,UNC Asheville,High Point,0,-4,-16.711491935483878,9.953326612903226,-6.223790322580644,1.841733870967742,-1.089717741935484,-0.9435483870967758,-22.799999999999997,-1.5,-3.9000000000000057
2025-11-15,UNC Greensboro,Austin Peay,1,-6,-18.600000000000023,49.233333333333334,-5.0,0.3333333333333339,-2.666666666666666,-1.6666666666666679,-54.66666666666667,-0.6999999999999993,-0.7000000000000028
2025-11-20,UNC Greensboro,Queens (NC),-1,-7,-12.165000000000006,13.059999999999988,-3.5500000000000007,-1.6500000000000004,-1.9499999999999993,-1.3000000000000007,-19.75,-1.7999999999999998,-2.1000000000000085
2025-11-25,UNC Greensboro,Delaware,0,-13,0.9033333333333502,6.596666666666664,-2.5333333333333314,0.06666666666666643,-0.7000000000000002,1.6666666666666679,-2.4000000000000004,-2.0999999999999996,4.299999999999997
2025-11-26,UNC Greensboro,Miami (OH),0,-11,-28.202857142857127,25.94571428571429,-2.2857142857142847,0.742857142857142,-1.5714285714285712,-5.114285714285714,-41.599999999999994,-3.8,-2.799999999999997
2025-12-02,UNC Greensboro,UNC Asheville,0,-5,-7.591071428571439,16.10178571428571,5.5,-1.25,-0.9821428571428568,1.7678571428571423,-15.399999999999999,-1.5999999999999996,1.2999999999999972
2025-12-06,UNC Greensboro,East Carolina,-1,4,7.165277777777774,11.174999999999997,5.444444444444443,-1.791666666666666,-2.5972222222222223,0.33333333333333215,7.4,-3.3999999999999995,-1.2999999999999972
2025-12-16,UNC Greensboro,North Carolina A&T,1,-6,2.2666666666666657,10.522222222222226,5.858585858585858,-1.9696969696969706,-2.3737373737373737,-1.2424242424242422,4.3999999999999995,-0.5,-0.5
2026-01-01,UNC Greensboro,Chattanooga,1,5,-3.592307692307699,6.538461538461533,-8.384615384615383,1.8461538461538467,0.3076923076923066,1.4615384615384635,13.600000000000001,0.6000000000000005,1.8999999999999915
2026-01-03,UNC Greensboro,Samford,1,7,2.421428571428578,6.964285714285708,-5.714285714285715,1.6428571428571423,-0.14285714285714235,-0.7142857142857153,4.199999999999999,-1.4999999999999996,-0.10000000000000853
2026-01-10,UNC Greensboro,East Tennessee State,-1,-26,-1.8812500000000085,15.90625,-0.5625,-0.6875,-0.5625,1.6875,10.4,-1.1999999999999997,2.3999999999999915
2026-01-15,UNC Greensboro,The Citadel,1,3,6.047058823529412,-4.094117647058823,-6.4705882352941195,0.35294117647058876,-0.5294117647058822,3.6470588235294095,29.200000000000003,1.6000000000000005,3.0999999999999943
2026-01-17,UNC Greensboro,Mercer,1,-10,-4.288888888888891,11.288888888888877,-4.944444444444443,-0.27777777777777857,-2.3888888888888893,0.4444444444444464,-15.0,-1.9999999999999996,-0.4000000000000057
2026-01-23,UNC Greensboro,Furman,1,-23,-0.44000000000001194,12.180000000000007,-6.899999999999999,-1.9000000000000004,-2.0,-1.25,-13.6,-1.8999999999999995,2.0999999999999943
2026-01-29,UNC Greensboro,Mercer,-1,-18,-4.566666666666663,11.8857142857143,-4.238095238095241,-0.6666666666666679,-2.571428571428573,0.33333333333333215,-18.0,-1.9999999999999996,-0.4000000000000057
2026-01-31,UNC Greensboro,The Citadel,-1,-5,5.218181818181819,0.6409090909090907,-6.0,-0.18181818181818166,-0.18181818181818166,2.59090909090909,-9.799999999999999,1.6000000000000005,3.0999999999999943
2026-02-08,UNC Greensboro,Furman,-1,3,-2.5249999999999915,12.533333333333317,-5.291666666666668,-1.75,-1.125,-1.3333333333333321,-12.600000000000001,-1.8999999999999995,2.0999999999999943
2026-02-21,UNC Greensboro,East Tennessee State,1,-12,-3.103571428571442,14.646428571428572,1.1071428571428577,0.3214285714285712,-0.25,0.6428571428571423,-1.8000000000000007,-1.1999999999999997,2.3999999999999915
2026-02-26,UNC Greensboro,Chattanooga,-1,5,0.7965517241379274,6.358620689655169,-6.206896551724139,0.5862068965517242,1.724137931034483,-0.137931034482758,1.4000000000000001,0.6000000000000005,1.8999999999999915
2026-02-28,UNC Greensboro,Samford,-1,-9,-0.8533333333333246,7.7733333333333405,-3.466666666666665,1.5666666666666664,0.7999999999999989,-1.5666666666666664,-7.199999999999999,-1.4999999999999996,-0.10000000000000853
2026-03-08,UNC Greensboro,Furman,0,-6,-0.4287878787878725,10.688446969696969,-4.194128787878789,-1.464962121212121,-1.1676136363636367,-1.5606060606060623,-1.2,-1.8999999999999995,2.0999999999999943
2025-11-18,UNC Wilmington,East Carolina,1,25,13.299999999999997,-5.700000000000017,-0.6666666666666679,-6.333333333333334,2.0,1.3333333333333321,14.666666666666666,-0.9000000000000001,-4.199999999999989
2025-11-21,UNC Wilmington,Radford,-1,8,16.49166666666666,-11.091666666666669,-4.666666666666668,-3.25,0.16666666666666607,5.75,23.3,2.9,-7.8999999999999915
2025-11-26,UNC Wilmington,Southeastern Louisiana,1,13,26.88000000000001,1.1800000000000068,-3.400000000000002,-3.4000000000000004,2.0,3.1999999999999993,18.6,0.3999999999999999,0.6000000000000085
2025-11-28,UNC Wilmington,Navy,1,30,3.895238095238099,-2.44285714285715,3.904761904761905,-1.6428571428571423,2.0238095238095237,1.2380952380952408,-2.1999999999999993,3.3000000000000003,0.6000000000000085
2025-11-29,UNC Wilmington,Gardner-Webb,1,26,27.516071428571436,-27.65892857142856,-2.8392857142857153,-3.6428571428571423,4.107142857142858,6.410714285714285,41.400000000000006,4.9,-4.299999999999997
2025-12-03,UNC Wilmington,Marshall,1,1,11.324999999999989,-9.980357142857144,-7.053571428571427,-4.9107142857142865,2.3928571428571423,1.446428571428573,21.4,0.19999999999999973,-4.799999999999997
2025-12-06,UNC Wilmington,Louisiana,-1,7,31.088888888888874,-12.822222222222237,1.1111111111111107,-3.0,4.555555555555555,5.666666666666668,35.8,1.4999999999999996,1.8000000000000114
2025-12-20,UNC Wilmington,Howard,1,-1,11.586013986013981,-1.2125874125874248,3.3076923076923066,-2.9790209790209783,3.0209790209790217,2.86013986013986,7.800000000000001,5.0,-3.799999999999997
2025-12-29,UNC Wilmington,North Carolina A&T,-1,9,10.939160839160849,-4.857342657342656,3.8321678321678334,-3.1258741258741267,3.0629370629370616,-0.7832167832167833,-1.1999999999999993,1.9999999999999996,-3.3999999999999915
2025-12-31,UNC Wilmington,Drexel,1,12,12.557142857142864,-6.607142857142861,-2.357142857142854,-2.2857142857142847,1.5,3.2857142857142847,11.6,0.6999999999999997,0.9000000000000057
2026-01-03,UNC Wilmington,Hampton,1,4,10.579999999999998,-3.546666666666667,-0.13333333333333286,-1.5333333333333332,2.0666666666666664,2.6666666666666643,13.8,1.6,-1.0
2026-01-08,UNC Wilmington,Northeastern,-1,9,6.309821428571425,-17.055357142857133,0.5357142857142847,-2.7767857142857135,4.375,5.982142857142858,20.0,-0.6000000000000001,-3.5
2026-01-10,UNC Wilmington,Stony Brook,-1,4,13.882352941176464,-5.02941176470587,-4.8235294117647065,-0.7058823529411775,3.7058823529411775,3.529411764705884,27.4,0.7999999999999998,-1.5999999999999943
2026-01-17,UNC Wilmington,Campbell,1,3,3.6444444444444315,-13.111111111111114,-0.7777777777777786,-3.0555555555555554,0.7222222222222214,3.5,4.199999999999999,-1.7000000000000002,-3.5999999999999943
2026-01-24,UNC Wilmington,Hampton,-1,8,9.200000000000003,-2.214999999999989,0.4499999999999993,-1.0999999999999996,1.9000000000000004,2.9499999999999993,2.4,1.6,-1.0
2026-01-29,UNC Wilmington,Towson,-1,9,10.434199134199105,-2.6567099567099604,-1.3095238095238102,-1.067099567099568,-0.370129870129869,2.3311688311688314,-1.6,-1.4000000000000001,2.0
2026-02-09,UNC Wilmington,College of Charleston,-1,12,6.281884057971027,-4.884963768115938,-0.5942028985507228,-1.5307971014492754,2.4365942028985508,-0.8858695652173907,-6.2,-0.9000000000000001,-3.0
2026-02-12,UNC Wilmington,Elon,1,11,-1.2781666666666638,-10.718833333333336,-4.526666666666667,-1.4783333333333335,0.4949999999999992,2.3099999999999987,7.8,0.3999999999999999,-2.799999999999997
2026-02-14,UNC Wilmington,Hofstra,1,4,1.1878461538461522,-0.9027692307692519,-3.770769230769229,-0.9569230769230774,0.5507692307692302,0.49692307692307836,-4.800000000000001,-2.7,0.0
2026-02-19,UNC Wilmington,Monmouth,1,10,9.434615384615384,-3.5730769230769255,2.1538461538461533,-1.8461538461538467,1.0384615384615383,2.6923076923076934,4.199999999999999,-0.5,-1.5
2026-02-21,UNC Wilmington,Campbell,-1,5,2.970370370370375,-10.829629629629622,-1.037037037037038,-2.8888888888888893,0.18518518518518512,3.5925925925925917,-0.5999999999999996,-1.7000000000000002,-3.5999999999999943
2026-02-26,UNC Wilmington,North Carolina A&T,1,23,7.0332417582417435,-8.754670329670333,3.409340659340657,-2.914835164835166,2.1291208791208796,0.469780219780219,11.600000000000001,1.9999999999999996,-3.3999999999999915
2026-03-01,UNC Wilmington,College of Charleston,1,-3,6.711609195402303,-4.097701149425276,0.09540229885057627,-1.8758620689655174,2.447126436781609,-0.5022988505747144,2.8,-0.9000000000000001,-3.0
2026-03-03,UNC Wilmington,Elon,-1,19,1.2533333333333303,-11.063333333333333,-3.7333333333333343,-1.2333333333333325,1.0333333333333332,3.2666666666666657,17.0,0.3999999999999999,-2.799999999999997
2026-03-08,UNC Wilmington,Campbell,0,-15,3.2598790322580555,-10.489112903225802,0.6733870967741922,-2.375,0.7036290322580641,3.625,8.600000000000001,-1.7000000000000002,-3.5999999999999943
2026-03-21,UNC Wilmington,Dayton,1,-19,4.723722943722947,-1.1055411255411371,0.4008658008658017,-2.0554112554112542,4.273593073593073,2.405194805194803,3.8,-7.800000000000001,-1.7999999999999972
2025-11-20,UNLV,Saint Joseph's,1,14,17.64999999999999,-1.4000000000000057,-2.0,1.75,-1.25,-1.75,14.0,2.6000000000000005,2.8000000000000114
2025-11-25,UNLV,Maryland,0,-7,6.739999999999995,6.040000000000006,-2.799999999999997,0.5999999999999996,3.5999999999999996,0.3999999999999986,0.3999999999999986,-4.799999999999999,4.1000000000000085
2025-11-25,UNLV,Maryland,0,-7,8.813333333333333,7.689999999999998,-3.7333333333333307,-0.6666666666666661,2.8666666666666654,-0.26666666666666927,3.3999999999999995,-4.799999999999999,4.1000000000000085
2025-11-26,UNLV,Alabama,0,-39,-1.5266666666666566,-4.766666666666666,-10.666666666666668,2.8000000000000007,2.466666666666667,-1.2333333333333307,4.200000000000001,-10.799999999999999,-4.0
2025-11-27,UNLV,Rutgers,0,-15,7.085714285714289,9.528571428571425,4.142857142857142,1.5714285714285712,0.7142857142857135,-0.2857142857142847,-1.0,-2.6999999999999993,3.700000000000003
2025-12-07,UNLV,Stanford,-1,1,-6.262499999999989,10.875,-2.75,2.875,-0.75,1.25,-15.799999999999999,-2.8999999999999995,3.1000000000000085
2025-12-13,UNLV,Tennessee State,1,-3,4.266666666666666,10.088888888888874,0.22222222222222143,-2.333333333333334,-2.333333333333334,-3.0,-3.799999999999999,9.5,-0.19999999999998863
2025-12-20,UNLV,Fresno State,1,12,-1.529090909090911,7.480909090909094,-2.8636363636363633,-0.38181818181818095,1.8454545454545457,-0.9545454545454533,-12.799999999999999,2.5000000000000004,2.1000000000000085
2026-01-03,UNLV,Air Force,1,28,11.771794871794867,-6.549358974358967,2.070512820512821,-0.4166666666666661,3.8076923076923075,1.698717948717949,21.8,5.1000000000000005,4.200000000000003
2026-01-09,UNLV,Colorado State,-1,-8,-16.33999999999999,-8.452380952380963,-5.147619047619049,1.6952380952380963,3.1904761904761907,0.8142857142857167,10.4,0.7000000000000002,7.300000000000011
2026-01-13,UNLV,Boise State,1,4,-0.8645833333333286,-0.3829166666666737,-3.8291666666666657,0.9083333333333332,1.4250000000000007,-1.8958333333333321,18.6,-1.5,3.4000000000000057
2026-01-17,UNLV,San Jose State,-1,14,-0.6275735294117624,-9.065073529411762,-0.3088235294117645,1.264705882352942,1.110294117647058,3.985294117647058,18.0,2.2,5.5
2026-01-24,UNLV,San Diego State,1,-11,-2.8555555555555543,5.216666666666669,0.8333333333333321,-0.2222222222222232,0.3888888888888893,-2.0,-11.200000000000001,-2.8999999999999995,0.9000000000000057
2026-01-27,UNLV,New Mexico,1,-28,-5.931578947368422,8.798947368421054,-7.523684210526316,1.9078947368421044,0.9684210526315784,-2.8842105263157904,-13.6,-1.0999999999999996,1.0
2026-01-30,UNLV,Nevada,-1,-13,-6.326428571428565,1.018809523809523,2.1619047619047613,3.347619047619048,0.00952380952380949,-0.269047619047619,-9.8,-0.5999999999999996,3.700000000000003
2026-02-03,UNLV,Fresno State,-1,-2,4.147619047619045,6.6380952380952465,-3.1428571428571423,-0.7619047619047628,2.1428571428571423,-1.571428571428573,-7.6,2.5000000000000004,2.1000000000000085
2026-02-07,UNLV,Grand Canyon,1,2,-0.3045454545454618,9.513636363636365,-1.5,0.6818181818181817,0.09090909090909172,-2.4090909090909065,-18.200000000000003,-0.2999999999999998,2.8000000000000114
2026-02-10,UNLV,San Jose State,1,7,3.5043478260869705,-7.960869565217408,-0.6086956521739104,2.0434782608695663,1.2608695652173925,4.086956521739129,6.799999999999999,2.2,5.5
2026-02-13,UNLV,Boise State,-1,3,-4.800000000000011,1.6041666666666714,-3.416666666666668,1.3333333333333321,1.2083333333333321,-1.2916666666666679,-19.0,-1.5,3.4000000000000057
2026-02-18,UNLV,Colorado State,1,-5,-8.980000000000004,-2.044000000000011,-4.0,1.1600000000000001,2.8000000000000007,0.0400000000000027,-1.0,0.7000000000000002,7.300000000000011
2026-02-21,UNLV,Air Force,-1,25,18.573076923076925,-9.519230769230774,-0.7692307692307665,-1.8076923076923066,4.423076923076923,1.76923076923077,29.4,5.1000000000000005,4.200000000000003
2026-02-25,UNLV,Grand Canyon,-1,-13,2.366666666666646,9.374074074074073,-1.0740740740740762,-0.0740740740740744,0.14814814814814703,-2.148148148148149,4.0,-0.2999999999999998,2.8000000000000114
2026-02-28,UNLV,Nevada,1,2,-1.8464285714285893,3.6035714285714278,2.178571428571427,1.9285714285714288,0.0357142857142847,-0.32142857142857295,5.4,-0.5999999999999996,3.700000000000003
2026-03-06,UNLV,San Diego State,-1,-3,-0.24655172413793025,8.857816091954021,1.5517241379310356,-0.01609195402298802,0.9011494252873575,-0.8137931034482762,10.4,-2.8999999999999995,0.9000000000000057
2026-03-17,UNLV,UC Irvine,-1,3,4.716934046345827,14.615329768270954,4.180035650623886,-0.4260249554367199,-0.034759358288770414,-4.68716577540107,-7.000000000000001,5.9,-0.5
2026-03-22,UNLV,Tulsa,-1,-11,-10.767647058823528,4.950000000000017,-6.3235294117647065,1.735294117647058,0.26470588235294024,-1.735294117647058,-3.4000000000000004,2.0000000000000004,0.9000000000000057
2025-11-19,USC Upstate,Tennessee Tech,1,-4,9.820000000000007,0.8599999999999994,-5.0,-4.200000000000001,0.40000000000000036,0.40000000000000213,6.6,1.5999999999999996,2.5999999999999943
2025-11-25,USC Upstate,North Carolina Central,1,15,13.599999999999994,-19.771428571428558,1.7142857142857153,-1.4285714285714288,1.7142857142857135,4.142857142857142,21.6,4.9,3.799999999999997
2025-11-29,USC Upstate,Nebraska,-1,-9,-6.696428571428569,-0.8678571428571331,-10.357142857142854,1.4821428571428577,2.0357142857142865,-2.2678571428571423,1.1999999999999993,-18.8,3.799999999999997
2025-12-03,USC Upstate,Coastal Carolina,1,7,7.404166666666654,3.7916666666666714,-4.361111111111111,0.5555555555555554,0.9861111111111107,-7.25,-0.7999999999999998,-2.3,1.0999999999999943
2025-12-13,USC Upstate,North Carolina,-1,-18,-4.2525252525252455,4.948484848484853,-1.4949494949494948,0.6363636363636367,-0.9393939393939394,-2.9292929292929273,-3.5999999999999996,-17.1,1.2000000000000028
2025-12-16,USC Upstate,South Carolina State,-1,6,18.46742424242423,-23.329545454545453,5.181818181818183,-3.4772727272727266,-0.787878787878789,7.666666666666668,29.0,3.9000000000000004,0.5
2025-12-31,USC Upstate,Radford,1,-7,-1.7999999999999972,-5.840000000000003,-6.933333333333334,-0.9333333333333318,-0.5999999999999996,3.7333333333333343,-15.0,-0.5,-3.5
2026-01-03,USC Upstate,Presbyterian,-1,-9,3.0945833333333326,-4.543750000000003,4.649999999999999,-1.4958333333333336,-1.2416666666666671,3.0124999999999993,1.2,-1.2999999999999998,3.5999999999999943
2026-01-14,USC Upstate,Charleston Southern,-1,5,-4.228654970760232,-0.5073099415204751,-12.830409356725148,-0.7017543859649127,-1.3596491228070189,-3.842105263157894,-4.6,-0.7999999999999998,-5.0
2026-01-17,USC Upstate,High Point,-1,-20,-20.93368421052631,4.7894736842105345,-3.565789473684209,2.1184210526315788,-1.0421052631578949,1.8131578947368432,-22.4,-4.0,-1.1000000000000085
2026-01-21,USC Upstate,UNC Asheville,1,-14,-1.559999999999988,-4.065000000000012,1.9500000000000028,-0.25,0.5,2.400000000000002,-15.2,-2.5,2.799999999999997
2026-01-23,USC Upstate,Gardner-Webb,-1,-2,10.714285714285708,-19.561904761904756,-1.1428571428571423,-2.428571428571429,2.0476190476190483,4.095238095238095,17.599999999999998,1.5,0.09999999999999432
2026-01-29,USC Upstate,Longwood,1,5,-3.2454545454545496,0.07727272727272805,2.6363636363636367,-2.2272727272727266,-0.954545454545455,1.5454545454545467,-16.6,0.09999999999999964,-0.6000000000000085
2026-02-04,USC Upstate,UNC Asheville,-1,-9,-3.9173913043478166,-3.939130434782612,2.0434782608695663,0.3043478260869552,0.3043478260869552,2.0434782608695627,-8.6,-2.5,2.799999999999997
2026-02-07,USC Upstate,Charleston Southern,1,6,-3.125,-0.2750000000000199,-12.416666666666668,-1.833333333333334,-1.0,-3.7916666666666643,1.0,-0.7999999999999998,-5.0
2026-02-12,USC Upstate,High Point,1,-25,-19.802615384615365,6.385384615384609,-3.001538461538459,2.3138461538461534,-0.8030769230769241,1.3092307692307692,-14.600000000000001,-4.0,-1.1000000000000085
2026-02-14,USC Upstate,Longwood,-1,-7,-2.450284900284913,0.9813390313390329,2.2179487179487154,-1.752136752136753,-1.1068376068376065,0.8561253561253572,-3.6,0.09999999999999964,-0.6000000000000085
2026-02-21,USC Upstate,Presbyterian,1,2,-2.7214285714285893,-2.142857142857153,6.142857142857142,-0.6428571428571423,-0.35714285714285765,1.6428571428571423,-5.4,-1.2999999999999998,3.5999999999999943
2026-02-26,USC Upstate,Radford,-1,-12,-6.375862068965517,-1.7689655172413836,-5.931034482758623,-0.3448275862068968,-0.1724137931034484,1.4482758620689644,-7.6,-0.5,-3.5
2026-02-28,USC Upstate,Gardner-Webb,1,10,7.0600000000000165,-17.35000000000001,-0.36666666666666714,-1.0666666666666664,2.4333333333333336,3.900000000000002,4.800000000000001,1.5,0.09999999999999432
2026-03-04,USC Upstate,Gardner-Webb,0,-1,7.280645161290337,-17.23870967741935,-0.4516129032258078,-1.1290322580645178,2.322580645161291,3.967741935483872,10.2,1.5,0.09999999999999432
2025-11-15,UT Arlington,Missouri State,1,18,-8.566666666666663,-16.03333333333333,-3.3333333333333357,5.666666666666666,4.666666666666666,0.6666666666666679,7.666666666666668,0.7000000000000002,-0.29999999999999716
2025-11-18,UT Arlington,Evansville,-1,8,1.5249999999999915,-20.325000000000003,-5.0,4.75,5.75,3.75,18.0,-0.9,-0.09999999999999432
2025-11-21,UT Arlington,Campbell,0,-4,0.47999999999998977,-25.680000000000007,-0.1999999999999993,1.9999999999999982,4.0,2.599999999999998,19.8,-0.6,-2.299999999999997
2025-11-29,UT Arlington,Stephen F. Austin,1,5,-5.873809523809541,-9.399999999999991,-10.26190476190476,5.761904761904763,2.2619047619047628,1.8095238095238102,6.200000000000001,0.7999999999999998,0.7999999999999972
2025-12-02,UT Arlington,Arkansas State,-1,-20,0.19999999999998863,-20.737499999999997,-9.5,0.25,0.875,0.125,5.6,1.0,-5.700000000000003
2025-12-11,UT Arlington,Texas–Rio Grande Valley,-1,8,-3.13055555555556,-11.826388888888886,-6.222222222222221,3.7777777777777786,4.138888888888889,-1.4027777777777786,-9.2,0.0,0.0
2025-12-17,UT Arlington,Stanford,-1,-16,-10.22999999999999,-11.090000000000003,-7.699999999999999,3.8000000000000007,0.9000000000000004,2.5,-8.0,-8.8,-0.5999999999999943
2025-12-22,UT Arlington,Oral Roberts,-1,12,-0.7974025974025949,-14.418181818181822,-9.09090909090909,-0.11688311688311614,2.798701298701298,2.9025974025974044,-5.0,3.7,-2.200000000000003
2025-12-29,UT Arlington,Tarleton State,1,-6,-4.225641025641025,-3.8076923076923066,1.8397435897435912,-0.1987179487179489,1.948717948717949,1.3589743589743613,-27.2,1.9,-3.799999999999997
2026-01-01,UT Arlington,California Baptist,1,12,-5.131868131868131,-8.635164835164844,-1.3736263736263723,2.4725274725274726,-1.7032967032967044,-0.2417582417582409,-5.800000000000001,-0.8,-0.7999999999999972
2026-01-03,UT Arlington,Southern Utah,-1,9,-0.7642857142857054,-17.464285714285722,-5.642857142857146,1.0714285714285712,1.9285714285714288,-1.2142857142857153,2.8,1.1,-3.700000000000003
2026-01-10,UT Arlington,Abilene Christian,1,10,-2.4000000000000057,-8.772500000000008,-0.5625,0.5083333333333329,0.6041666666666661,3.841666666666665,3.2,1.7999999999999998,-2.0
2026-01-21,UT Arlington,Tarleton State,1,7,-4.297660818713453,-5.423684210526304,2.1842105263157894,0.7982456140350873,1.8304093567251467,2.497076023391813,6.6,1.9,-3.799999999999997
2026-01-29,UT Arlington,Southern Utah,1,19,-1.015037593984971,-14.437343358395992,-5.616541353383457,0.62907268170426,1.5363408521303263,-1.213032581453632,-0.9999999999999996,1.1,-3.700000000000003
2026-01-31,UT Arlington,California Baptist,1,-10,-2.999285714285705,-6.542380952380952,-0.8809523809523796,2.0928571428571416,-1.140476190476189,-0.4904761904761905,-3.8000000000000007,-0.8,-0.7999999999999972
2026-02-12,UT Arlington,Abilene Christian,-1,-4,2.12173913043479,-5.895652173913035,-0.21739130434782794,0.3913043478260878,1.4347826086956523,4.304347826086957,7.6,1.7999999999999998,-2.0
2026-02-14,UT Arlington,Southern Utah,1,-5,0.22983333333333178,-11.427333333333337,-4.376666666666669,0.23833333333333329,1.705,-0.25833333333333286,5.6000000000000005,1.1,-3.700000000000003
2026-02-26,UT Arlington,California Baptist,-1,-12,-2.288888888888877,-2.2777777777777715,-1.6296296296296298,2.0,-1.8148148148148149,-1.1851851851851833,-5.0,-0.8,-0.7999999999999972
2026-03-05,UT Arlington,Tarleton State,-1,5,-0.7164285714285654,-3.6290476190476255,2.9571428571428573,-0.3714285714285719,1.7142857142857135,2.8785714285714263,0.5999999999999996,1.9,-3.799999999999997
2026-03-07,UT Arlington,Abilene Christian,-1,7,1.7393103448276008,-5.293563218390787,-0.9505747126436788,-0.3896551724137929,1.3885057471264357,3.9367816091953998,7.6000000000000005,1.7999999999999998,-2.0
2026-03-12,UT Arlington,Southern Utah,0,6,-3.004193548387093,-12.201182795698926,-4.189247311827959,-0.37526881720430083,1.7623655913978489,0.07204301075269015,1.2,1.1,-3.700000000000003
2025-11-18,UT Martin,Florida State,-1,-14,-8.199999999999989,-10.566666666666663,-9.333333333333332,6.0,-2.333333333333332,2.0,1.3333333333333357,-15.5,-5.3999999999999915
2025-11-22,UT Martin,Prairie View A&M,0,1,7.554999999999993,-10.245000000000005,7.899999999999999,6.449999999999999,2.45,5.300000000000001,14.25,2.3000000000000007,-6.5
2025-11-23,UT Martin,Southern Mississippi,0,-10,-7.0033333333333445,-10.960000000000008,4.933333333333334,6.933333333333335,-0.8333333333333339,2.366666666666667,-0.20000000000000107,-3.3999999999999995,-3.799999999999997
2025-12-02,UT Martin,Charleston Southern,1,17,0.30317460317459677,-9.179365079365084,-10.523809523809522,3.8888888888888893,0.9841269841269842,-1.6349206349206362,-1.0,-1.3999999999999995,-9.399999999999991
2025-12-07,UT Martin,Alabama State,1,10,1.2374999999999972,-16.875,2.25,3.125,0.75,4.375,9.8,0.7000000000000002,-5.0
2025-12-10,UT Martin,Southern Illinois,-1,-29,-1.6666666666666714,-7.133333333333326,8.555555555555554,3.666666666666668,2.1111111111111107,0.44444444444444287,7.199999999999999,-0.09999999999999964,-5.799999999999997
2025-12-18,UT Martin,Tennessee State,-1,-7,3.786363636363646,-5.0818181818181785,6.236363636363638,0.7363636363636363,0.872727272727273,1.418181818181818,12.4,-1.5,-5.199999999999989
2025-12-20,UT Martin,Tennessee Tech,-1,24,-1.5416666666666714,-8.575000000000017,3.916666666666668,1.5,4.666666666666666,1.0833333333333321,1.7999999999999998,1.0,-1.7999999999999972
2026-01-03,UT Martin,Eastern Illinois,1,4,11.873626373626351,-14.42197802197802,8.104395604395602,1.8131868131868139,5.478021978021979,4.296703296703296,4.8,0.5,-0.7999999999999972
2026-01-08,UT Martin,Morehead State,-1,8,-0.7599999999999909,-14.886666666666656,6.266666666666666,1.9333333333333336,1.4666666666666668,3.2666666666666657,3.200000000000001,0.0,-1.1999999999999886
2026-01-10,UT Martin,Southern Indiana,-1,17,9.44416666666666,-10.122083333333322,-0.9833333333333343,2.583333333333334,2.695833333333333,2.1499999999999986,14.0,1.3000000000000007,-3.3999999999999915
2026-01-15,UT Martin,SIU Edwardsville,1,6,1.347058823529423,-1.7294117647058727,3.8235294117647065,3.1764705882352935,2.4705882352941178,1.647058823529413,10.2,1.3000000000000007,-0.19999999999998863
2026-01-17,UT Martin,Lindenwood,1,14,0.6999999999999886,-1.5222222222222257,5.833333333333336,1.333333333333334,1.5555555555555554,0.5555555555555536,5.2,0.3000000000000007,-7.3999999999999915
2026-01-20,UT Martin,Southeast Missouri State,-1,-16,0.3736842105263065,-10.063157894736847,4.05263157894737,2.3684210526315788,3.3157894736842106,3.7368421052631575,9.0,-0.5,-3.299999999999997
2026-01-29,UT Martin,Eastern Illinois,-1,8,7.151190476190479,-8.639285714285705,7.7738095238095255,2.44047619047619,4.788095238095239,3.9880952380952372,-4.2,0.5,-0.7999999999999972
2026-02-03,UT Martin,Little Rock,1,3,4.263636363636351,-17.172727272727272,7.227272727272727,1.045454545454545,2.545454545454545,6.636363636363637,11.200000000000001,-0.5,-1.2999999999999972
2026-02-05,UT Martin,Southern Indiana,1,22,10.657114624505908,-8.1895256916996,-0.586956521739129,2.405138339920949,2.2154150197628457,1.6482213438735194,11.200000000000001,1.3000000000000007,-3.3999999999999915
2026-02-07,UT Martin,Morehead State,1,-6,-2.2124999999999915,-17.83333333333333,7.875,2.25,1.208333333333334,3.625,11.6,0.0,-1.1999999999999886
2026-02-12,UT Martin,Lindenwood,-1,-1,0.9599999999999937,-4.076000000000008,7.199999999999999,0.5999999999999996,2.039999999999999,0.8399999999999999,12.8,0.3000000000000007,-7.3999999999999915
2026-02-14,UT Martin,SIU Edwardsville,-1,5,0.5961538461538396,-1.7846153846153783,6.153846153846153,3.26923076923077,3.5,1.0384615384615365,2.799999999999999,1.3000000000000007,-0.19999999999998863
2026-02-17,UT Martin,Southeast Missouri State,1,-3,-0.9333333333333371,-7.337037037037021,4.888888888888889,2.6296296296296298,3.5925925925925934,2.4074074074074083,-5.200000000000001,-0.5,-3.299999999999997
2026-02-19,UT Martin,Little Rock,-1,-2,3.2764550264550394,-15.222089947089955,7.769841269841272,1.5595238095238084,2.4629629629629637,5.030423280423278,4.4,-0.5,-1.2999999999999972
2026-02-26,UT Martin,Tennessee Tech,1,15,-0.2620689655172441,-12.324137931034485,4.758620689655174,1.0344827586206886,3.3103448275862064,1.6551724137931032,-5.4,1.0,-1.7999999999999972
2026-02-28,UT Martin,Tennessee State,1,-25,-4.419655172413798,-8.858390804597704,7.433333333333334,1.9804597701149422,1.8712643678160905,1.5862068965517224,-4.8,-1.5,-5.199999999999989
2026-03-05,UT Martin,Eastern Illinois,0,3,4.9646169354838605,-10.734173387096774,9.445564516129032,2.523185483870968,4.233870967741936,3.746975806451612,2.4000000000000004,0.5,-0.7999999999999972
2026-03-06,UT Martin,Tennessee State,0,-13,-5.445000000000007,-7.072291666666658,7.410416666666666,2.0250000000000004,1.6333333333333329,1.5062500000000014,-14.6,-1.5,-5.199999999999989
2025-11-25,UTEP,UAB,0,-16,-10.061904761904756,3.1166666666666742,-4.619047619047617,2.666666666666666,-2.8809523809523796,-7.238095238095241,-19.2,-2.8,-5.299999999999997
2025-12-07,UTEP,Seattle,-1,-7,-12.608928571428578,6.726785714285711,0.4107142857142847,0.4642857142857135,1.6964285714285712,-3.6428571428571423,-29.0,-3.3,-2.799999999999997
2025-12-14,UTEP,Hawaii,-1,-5,-10.246590909090912,15.19204545454545,-3.4772727272727266,-0.6136363636363633,-0.5340909090909083,-8.78409090909091,-34.8,0.0,-6.699999999999989
2025-12-21,UTEP,Norfolk State,1,-1,-4.578632478632471,0.6239316239316253,1.8632478632478637,0.9914529914529915,-1.1623931623931636,-3.1111111111111107,6.4,7.299999999999999,-3.0
2025-12-22,UTEP,North Dakota State,1,10,-10.752857142857138,6.241428571428585,-6.285714285714285,1.257142857142858,-1.2285714285714295,-2.7285714285714278,-18.0,1.2000000000000002,-2.799999999999997
2025-12-29,UTEP,Louisiana Tech,-1,-12,-5.127272727272739,17.572727272727263,1.0,0.5454545454545467,-2.3636363636363633,-7.363636363636363,-25.8,0.30000000000000027,0.4000000000000057
2026-01-02,UTEP,Missouri State,-1,-24,-3.491666666666646,2.4083333333333172,-2.666666666666668,1.8333333333333321,0.75,-2.8333333333333357,0.6000000000000001,-0.19999999999999973,-1.5999999999999943
2026-01-04,UTEP,Florida International,-1,-12,-11.369230769230768,3.5076923076922952,-3.6153846153846168,-0.615384615384615,-2.2307692307692317,-4.0,-17.0,-0.3999999999999999,-6.699999999999989
2026-01-08,UTEP,Middle Tennessee,1,3,-8.442857142857136,6.607142857142861,-8.285714285714285,1.2857142857142865,-0.07142857142857117,-3.7142857142857117,-17.0,-1.9,-2.0
2026-01-15,UTEP,Delaware,-1,1,1.6875,-0.018749999999997158,-3.375,0.125,4.375,-3.0,-7.4,0.6000000000000001,1.4000000000000057
2026-01-17,UTEP,Liberty,-1,-11,-18.54117647058824,4.641176470588235,-5.235294117647058,3.117647058823529,4.764705882352942,-2.705882352941174,-17.4,-2.0,1.4000000000000057
2026-01-22,UTEP,Florida International,1,6,-7.555555555555557,4.450000000000017,-1.3888888888888893,-1.166666666666666,-2.666666666666666,-2.666666666666668,-2.4000000000000004,-0.3999999999999999,-6.699999999999989
2026-01-24,UTEP,Missouri State,1,-5,-7.0894736842105175,2.705263157894734,-2.8421052631578974,0.7368421052631593,-0.7368421052631575,-1.05263157894737,-0.3999999999999999,-0.19999999999999973,-1.5999999999999943
2026-01-28,UTEP,Louisiana Tech,1,-10,-2.701842105263154,12.173157894736832,2.410526315789472,0.7657894736842099,-2.2552631578947366,-4.444736842105264,-2.0,0.30000000000000027,0.4000000000000057
2026-01-31,UTEP,Delaware,1,15,1.0509523809523813,-2.0276190476190408,-2.1642857142857146,0.08095238095238066,3.314285714285713,-2.666666666666668,4.0,0.6000000000000001,1.4000000000000057
2026-02-04,UTEP,Sam Houston State,-1,-4,-12.436363636363637,5.76818181818183,-3.09090909090909,-0.4090909090909083,-2.6818181818181834,-5.363636363636363,-12.8,-2.4,-4.799999999999997
2026-02-07,UTEP,New Mexico State,1,3,-7.4972332015810395,3.598418972332013,-2.1857707509881443,0.36956521739130466,-1.6284584980237167,-2.5770750988142304,7.4,-0.7,-2.0
2026-02-11,UTEP,Jacksonville State,-1,5,-4.986956521739145,7.901630434782604,-0.6757246376811565,-0.34601449275362306,-0.2663043478260878,-3.6992753623188435,-7.8,0.30000000000000027,-0.29999999999999716
2026-02-14,UTEP,Liberty,1,-9,-17.59816666666667,2.8613333333333344,-4.361666666666668,2.8383333333333347,4.458333333333333,-1.7916666666666679,-6.8,-2.0,1.4000000000000057
2026-02-21,UTEP,New Mexico State,-1,-4,-6.920461538461538,3.231538461538449,-1.9030769230769238,0.6046153846153857,-1.4338461538461527,-2.724615384615383,4.0,-0.7,-2.0
2026-02-26,UTEP,Middle Tennessee,-1,-10,-5.803703703703718,1.3333333333333428,-5.962962962962962,0.5925925925925934,-0.5925925925925917,-2.148148148148149,-2.6,-1.9,-2.0
2026-03-05,UTEP,Kennesaw State,1,7,-9.793103448275858,6.068965517241381,-5.827586206896552,-0.8965517241379306,-3.448275862068966,-3.620689655172413,-14.0,-1.0999999999999999,-6.799999999999997
2026-03-07,UTEP,Jacksonville State,1,-3,-5.3233333333333235,5.846666666666678,-0.06666666666666643,0.33333333333333215,-0.7666666666666657,-2.833333333333332,-8.6,0.30000000000000027,-0.29999999999999716
2025-11-15,UTSA,Denver,-1,5,-4.1000000000000085,-29.599999999999994,9.0,-5.0,3.333333333333334,4.666666666666664,20.666666666666668,1.2999999999999998,0.6999999999999886
2025-11-24,UTSA,Abilene Christian,0,-11,4.5,-0.6999999999999886,8.2,-2.8000000000000007,0.7999999999999989,4.400000000000002,4.200000000000001,0.2999999999999998,0.3999999999999915
2025-11-25,UTSA,Georgia Southern,0,13,2.1595238095238045,-13.471428571428575,-4.857142857142858,-2.3809523809523796,0.9523809523809526,4.4761904761904745,2.5999999999999996,1.2999999999999998,-2.4000000000000057
2025-11-30,UTSA,South Alabama,1,-24,-7.48571428571428,-7.985714285714295,4.285714285714285,2.7142857142857135,2.0,2.1428571428571423,-6.000000000000001,0.7000000000000002,2.8999999999999915
2025-12-07,UTSA,Alabama,-1,-42,-18.987499999999997,-11.200000000000003,-5.625,-0.375,2.0,-1.25,-11.2,-18.2,-5.300000000000011
2025-12-13,UTSA,Colorado,-1,-24,-24.011111111111106,-11.311111111111103,11.11111111111111,2.222222222222223,2.1111111111111107,2.5555555555555536,-14.600000000000001,-11.2,-1.1000000000000085
2025-12-17,UTSA,Southern California,-1,-27,-17.671818181818182,-1.673636363636362,6.945454545454545,-0.9727272727272727,1.6363636363636367,0.7818181818181849,-23.6,-12.2,-2.5
2025-12-22,UTSA,Seattle,1,-3,-16.415909090909082,9.711363636363643,6.9469696969696955,-0.8560606060606073,2.3636363636363633,1.1515151515151487,-45.0,-3.9,0.8999999999999915
2025-12-31,UTSA,Florida Atlantic,-1,-40,-18.506410256410277,-0.9891025641025664,0.6153846153846168,0.6923076923076916,-1.0897435897435894,1.3205128205128212,-38.0,-4.2,-1.2000000000000028
2026-01-03,UTSA,Temple,-1,-19,-18.636263736263757,-1.6582417582417435,7.807692307692307,4.082417582417582,3.8296703296703294,1.7527472527472554,-44.4,-2.3,3.6999999999999886
2026-01-07,UTSA,Charlotte,1,-16,-16.280476190476193,-6.294285714285721,3.057142857142857,1.3428571428571416,-0.04761904761904745,2.880952380952383,-26.6,-3.0,4.3999999999999915
2026-01-10,UTSA,Tulane,1,-33,-11.233333333333334,-1.213333333333324,3.866666666666667,1.8666666666666671,3.1333333333333337,3.3999999999999986,-20.2,-2.6,1.0999999999999943
2026-01-14,UTSA,Rice,1,-16,-10.201838235294119,2.454044117647058,2.452205882352942,0.297794117647058,-0.9485294117647065,1.3566176470588225,-7.0,-1.4,1.1999999999999886
2026-01-18,UTSA,Memphis,-1,-26,-6.70772058823529,7.73786764705882,4.827205882352942,-1.742647058823529,-1.4411764705882355,1.959558823529413,-30.200000000000003,-7.1,-2.5
2026-01-21,UTSA,North Texas,-1,-19,-8.483333333333348,13.400000000000006,7.833333333333332,0.5555555555555554,0.5,1.6111111111111107,-19.8,-3.5,2.0
2026-01-24,UTSA,Temple,1,-6,-16.357894736842113,7.3052631578947285,6.7368421052631575,3.4210526315789487,2.3157894736842106,-0.10526315789473628,-26.6,-2.3,3.6999999999999886
2026-01-28,UTSA,UAB,1,-10,-14.945000000000007,8.975000000000023,7.099999999999998,3.25,-1.4000000000000004,-3.099999999999998,-15.0,-3.4,-1.6000000000000085
2026-02-04,UTSA,South Florida,-1,-21,-19.03246753246752,9.8426406926407,-3.629870129870131,0.545454545454545,-2.036796536796537,-3.2922077922077904,-23.2,-7.8,-5.5
2026-02-07,UTSA,North Texas,1,-23,-6.281422924901165,14.552569169960464,6.648221343873519,1.1758893280632403,-0.08498023715415037,1.144268774703555,-14.799999999999999,-3.5,2.0
2026-02-11,UTSA,East Carolina,-1,-16,-1.9391304347826122,4.3695652173912976,7.434782608695652,0.608695652173914,0.3478260869565215,0.608695652173914,-10.600000000000001,-1.3,-0.5
2026-02-15,UTSA,Charlotte,-1,9,-15.183333333333337,1.5041666666666629,2.041666666666668,1.041666666666666,0.75,0.7083333333333321,-12.0,-3.0,4.3999999999999915
2026-02-18,UTSA,Florida Atlantic,1,-8,-13.393692307692305,9.815846153846152,0.2507692307692295,-0.43384615384615266,-0.8399999999999999,-3.0369230769230775,-4.199999999999999,-4.2,-1.2000000000000028
2026-02-22,UTSA,Tulsa,-1,-26,-24.307549857549873,8.407264957264957,-1.276353276353273,1.5071225071225065,1.3447293447293447,-2.022792022792025,-10.200000000000001,-5.4,-0.4000000000000057
2026-02-25,UTSA,East Carolina,1,-1,-2.333333333333343,5.666666666666671,7.2592592592592595,0.29629629629629584,0.29629629629629584,0.11111111111111427,-13.4,-1.3,-0.5
2026-03-08,UTSA,Rice,-1,-9,-8.350229885057487,6.150689655172414,-0.7287356321839091,-0.17931034482758612,-1.2310344827586217,-0.3643678160919528,-2.0,-1.4,1.1999999999999886
2025-11-18,Utah,Purdue Fort Wayne,1,8,-0.5799999999999983,2.200000000000003,-1.3999999999999986,1.0,2.9000000000000004,4.649999999999999,-5.800000000000001,11.4,-0.4000000000000057
2025-11-20,Utah,Cal Poly,1,-7,17.879999999999995,-1.4599999999999937,-4.0,-4.399999999999999,1.0,0.5999999999999979,14.4,9.7,-8.0
2025-11-26,Utah,Grand Canyon,0,-10,1.9733333333333434,3.6866666666666674,4.733333333333331,-1.9000000000000004,-2.033333333333333,-0.5,-2.0,3.0,0.20000000000000284
2025-11-26,Utah,Grand Canyon,0,-10,3.816666666666663,6.233333333333334,6.833333333333332,-0.6666666666666661,-1.6666666666666679,0.33333333333333215,-0.20000000000000018,3.0,0.20000000000000284
2025-11-27,Utah,Ole Miss,0,1,-5.359523809523822,8.30476190476189,4.380952380952383,2.3809523809523796,0.8809523809523796,1.3095238095238102,-7.199999999999999,-3.2,-1.2000000000000028
2025-12-02,Utah,California,-1,-7,-3.4160714285714278,11.612499999999997,-0.696428571428573,0.625,1.7678571428571432,-0.125,-13.8,2.0,-1.7000000000000028
2025-12-06,Utah,California Baptist,1,6,5.2222222222222285,9.555555555555557,6.444444444444443,0.0,-3.666666666666668,0.8888888888888857,-2.0,8.4,0.29999999999999716
2025-12-13,Utah,Mississippi State,0,-8,7.146666666666661,3.126666666666665,-2.0777777777777793,-0.7888888888888896,-1.1333333333333346,-4.855555555555558,-4.2,-1.7000000000000002,-3.6000000000000085
2025-12-20,Utah,Eastern Washington,1,24,5.709090909090904,-4.790909090909096,3.0909090909090935,-2.09090909090909,0.7272727272727266,2.18181818181818,-2.0,8.7,-0.7999999999999972
2026-01-03,Utah,Arizona,1,-19,-9.761538461538464,18.78461538461538,6.307692307692307,-1.153846153846155,-4.307692307692308,-4.4615384615384635,-27.2,-8.7,-2.9000000000000057
2026-01-07,Utah,Colorado,-1,-12,-7.114285714285728,2.585714285714289,5.5,1.5,-1.2857142857142865,-0.6428571428571423,-6.6000000000000005,-0.4999999999999991,-2.4000000000000057
2026-01-10,Utah,Brigham Young,1,-5,-9.973333333333343,17.38000000000001,-2.1999999999999993,0.3333333333333339,-0.6666666666666661,-4.0,-28.8,-5.3,-2.299999999999997
2026-01-14,Utah,Texas Tech,-1,-14,-6.293750000000003,7.03125,-6.0,0.875,-2.6875,-1.4375,-14.399999999999999,-6.6000000000000005,0.5999999999999943
2026-01-17,Utah,TCU,1,3,-0.6823529411764895,15.876470588235293,-0.529411764705884,0.11764705882353077,-1.4705882352941178,-0.41176470588235503,-18.6,-3.2,-1.7000000000000028
2026-01-20,Utah,Kansas State,-1,-3,-1.9055555555555657,5.6499999999999915,-4.666666666666668,-1.8888888888888893,-1.3888888888888893,-0.5555555555555536,0.1999999999999993,-1.2000000000000002,-5.1000000000000085
2026-01-24,Utah,Brigham Young,-1,-13,-7.993567251461982,16.010526315789463,-1.850877192982459,0.02339181286549774,-1.757309941520468,-3.8625730994152043,-13.4,-5.3,-2.299999999999997
2026-01-31,Utah,Oklahoma State,1,-12,-0.5450000000000017,8.064999999999984,0.8000000000000007,-1.950000000000001,-0.6000000000000014,-2.8000000000000007,2.0,-0.7000000000000002,-6.299999999999997
2026-02-04,Utah,Arizona State,1,-8,1.8229437229437195,3.480303030303034,0.0930735930735942,-1.170995670995671,0.3354978354978364,1.0108225108225106,1.0000000000000009,-2.499999999999999,-2.299999999999997
2026-02-07,Utah,Kansas,-1,-12,-2.777272727272731,15.645454545454541,1.7727272727272734,0.3636363636363633,0.45454545454545503,-5.818181818181817,-18.4,-6.6000000000000005,-0.20000000000000284
2026-02-10,Utah,Houston,1,-14,-9.373913043478254,20.413043478260875,-3.0434782608695663,2.608695652173913,-2.913043478260871,0.7391304347826093,-22.0,-6.999999999999999,3.200000000000003
2026-02-15,Utah,Cincinnati,-1,-4,5.640499999999989,16.959500000000006,-3.8500000000000014,-1.5466666666666669,-1.3900000000000006,-2.629999999999999,-18.200000000000003,-2.7,-0.7000000000000028
2026-02-21,Utah,UCF,1,-2,-6.468153846153854,3.5418461538461514,0.5338461538461523,-0.8538461538461526,-2.1799999999999997,-0.4169230769230765,-0.1999999999999993,-2.2,-2.6000000000000085
2026-02-24,Utah,Iowa State,1,-16,-12.148148148148152,16.892592592592592,-0.07407407407407263,0.11111111111111072,-1.6666666666666679,-0.6296296296296298,-6.800000000000001,-6.6000000000000005,0.29999999999999716
2026-02-28,Utah,Arizona State,-1,-13,-1.3571428571428612,2.5071428571428385,0.10714285714285765,-0.5,-0.21428571428571352,1.2142857142857117,-4.0,-2.499999999999999,-2.299999999999997
2026-03-03,Utah,Colorado,1,-14,-4.320689655172416,1.5275862068965438,1.5862068965517224,0.4827586206896566,-0.4482758620689662,-0.10344827586206762,5.0,-0.4999999999999991,-2.4000000000000057
2026-03-07,Utah,Baylor,-1,-26,-7.613333333333344,4.373333333333349,-1.4333333333333336,-0.9666666666666668,-2.8000000000000007,-0.8666666666666671,-2.0,-3.499999999999999,-0.7999999999999972
2026-03-10,Utah,Cincinnati,0,-7,2.6258064516129025,16.88709677419355,-4.548387096774192,-0.548387096774194,-1.4838709677419342,-2.7096774193548363,-22.0,-2.7,-0.7000000000000028
2025-11-15,Utah State,UTEP,1,24,0.7000000000000028,-2.2666666666666657,7.333333333333332,2.666666666666666,-1.6666666666666679,5.333333333333332,1.0,9.8,2.3999999999999915
2025-11-21,Utah State,Tulane,0,21,6.900000000000006,-23.275000000000006,3.5,4.75,6.25,4.5,22.5,7.800000000000001,-0.20000000000000284
2025-11-23,Utah State,Davidson,0,34,5.339999999999989,-4.860000000000014,0.0,1.4000000000000004,4.6000000000000005,3.799999999999997,8.600000000000001,5.7,4.0
2025-11-29,Utah State,Montana State,1,3,6.071428571428555,-8.680952380952377,-1.5476190476190474,2.4523809523809526,2.2857142857142856,4.595238095238095,12.799999999999999,9.200000000000001,1.2000000000000028
2025-12-04,Utah State,South Florida,-1,-13,7.710714285714289,-10.625000000000014,-6.017857142857142,0.6071428571428577,-3.25,1.4107142857142847,20.4,2.6000000000000005,-6.799999999999997
2025-12-07,Utah State,Charlotte,-1,26,6.55694444444444,-15.748611111111117,1.4305555555555571,1.1111111111111107,-1.3472222222222214,2.944444444444443,13.0,7.4,3.0999999999999943
2025-12-13,Utah State,Illinois State,0,5,-0.7322222222222194,-3.5033333333333303,-2.144444444444442,2.033333333333333,-0.9222222222222207,-3.1111111111111107,-10.2,5.2,1.2999999999999972
2025-12-20,Utah State,Colorado State,1,42,-12.031818181818181,-12.069090909090917,-3.4545454545454533,1.2545454545454557,2.881818181818181,-1.3909090909090907,-8.399999999999999,3.7,4.700000000000003
2025-12-30,Utah State,Fresno State,-1,9,14.811363636363623,-7.286363636363646,-1.3484848484848513,-1.4469696969696972,1.5,-0.3712121212121211,16.6,5.5,-0.5
2026-01-03,Utah State,San Jose State,1,18,10.808333333333323,-17.5974358974359,1.4294871794871788,0.6410256410256423,-0.5448717948717956,3.48076923076923,17.2,5.2,2.8999999999999915
2026-01-06,Utah State,Air Force,-1,37,27.7521978021978,-14.167582417582409,2.3681318681318686,-0.8571428571428577,3.0549450549450556,1.3461538461538467,36.6,8.1,1.5999999999999943
2026-01-10,Utah State,Boise State,-1,25,16.05428571428571,-6.180952380952391,-2.038095238095238,-0.09047619047619015,0.8000000000000007,-2.3428571428571416,27.2,1.5,0.7999999999999972
2026-01-14,Utah State,Nevada,1,9,9.581666666666663,-11.172083333333333,4.412500000000001,2.9000000000000004,-0.0625,1.091666666666665,19.6,2.4000000000000004,1.0999999999999943
2026-01-17,Utah State,Grand Canyon,-1,-10,15.8125,-3.3062500000000057,-0.125,-0.5,-0.5,-1.3125,16.6,2.7,0.20000000000000284
2026-01-20,Utah State,UNLV,1,-10,14.911764705882362,-6.2529411764706,1.9411764705882355,-1.117647058823529,0.0,0.0,14.600000000000001,3.0,-2.6000000000000085
2026-01-23,Utah State,Colorado State,-1,4,0.32690058479531103,-11.87777777777778,-2.795321637426902,0.3099415204678362,2.6520467836257318,-0.3128654970760216,7.999999999999999,3.7,4.700000000000003
2026-01-31,Utah State,San Diego State,1,5,9.415000000000006,0.1950000000000074,4.300000000000001,-1.75,0.20000000000000107,-2.3000000000000007,-5.800000000000001,0.10000000000000053,-1.7000000000000028
2026-02-04,Utah State,New Mexico,-1,20,4.915800865800861,1.3471861471861502,-4.20779220779221,0.7164502164502178,0.7251082251082259,-2.9480519480519476,-5.8,1.9000000000000004,-1.6000000000000085
2026-02-10,Utah State,Fresno State,1,13,16.921739130434787,-2.8565217391304287,-0.39130434782608603,-2.0,1.7391304347826093,-1.1304347826086953,14.8,5.5,-0.5
2026-02-14,Utah State,Memphis,1,24,17.19583333333334,-1.8708333333333371,2.2083333333333357,-2.833333333333334,-1.625,0.125,4.200000000000001,3.3000000000000007,-3.799999999999997
2026-02-18,Utah State,Boise State,1,19,7.7039999999999935,-7.667999999999992,-0.3999999999999986,-0.28000000000000114,0.5600000000000005,-1.6400000000000006,9.600000000000001,1.5,0.7999999999999972
2026-02-21,Utah State,Nevada,-1,-3,8.988461538461536,-6.942307692307693,4.923076923076923,1.26923076923077,-0.5,-0.07692307692307665,17.8,2.4000000000000004,1.0999999999999943
2026-02-25,Utah State,San Diego State,-1,-17,10.563817663817673,1.7792022792022664,4.841880341880341,-1.4757834757834765,0.10113960113960019,-1.6894586894586894,3.4000000000000004,0.10000000000000053,-1.7000000000000028
2026-02-28,Utah State,Grand Canyon,1,5,11.939285714285703,1.3214285714285694,2.321428571428573,-1.2142857142857135,-0.3928571428571441,-2.9642857142857153,1.7999999999999998,2.7,0.20000000000000284
2026-03-03,Utah State,UNLV,-1,-27,10.089655172413785,-8.15517241379311,3.3103448275862064,-1.2413793103448274,-0.7241379310344822,-0.7931034482758648,3.1999999999999997,3.0,-2.6000000000000085
2026-03-07,Utah State,New Mexico,1,4,5.00333333333333,2.049999999999997,-1.6333333333333329,0.1999999999999993,0.0666666666666682,-3.06666666666667,-10.399999999999999,1.9000000000000004,-1.6000000000000085
2026-03-12,Utah State,UNLV,0,20,8.617842741935476,-6.226713709677426,3.389112903225808,-1.086693548387096,-0.618951612903226,-1.237903225806452,-10.8,3.0,-2.6000000000000085
2026-03-13,Utah State,Nevada,0,13,7.5176136363636346,-2.5693181818181756,6.070075757575758,0.767045454545455,-0.5104166666666661,-1.2613636363636367,-11.4,2.4000000000000004,1.0999999999999943
2026-03-14,Utah State,San Diego State,0,11,8.143695014662754,1.9725317693059736,4.796676441837732,-1.2453567937438912,0.08895405669599121,-1.8778103616813304,0.0,0.10000000000000053,-1.7000000000000028
2026-03-14,Utah State,San Diego State,0,11,8.703977272727272,2.266382575757575,4.745265151515152,-1.2907196969696972,0.058712121212121104,-2.0501893939393945,3.0,0.10000000000000053,-1.7000000000000028
2026-03-22,Utah State,Arizona,0,-12,0.3742857142857048,7.202857142857141,7.600000000000001,-0.4285714285714288,-2.5428571428571427,-6.571428571428569,-3.0,-8.999999999999998,-2.9000000000000057
2025-11-14,Utah Tech,Mississippi Valley State,0,6,20.724999999999994,-7.884999999999991,5.350000000000001,-5.35,4.0,3.8000000000000007,24.15,8.799999999999999,-0.4000000000000057
2025-11-16,Utah Tech,Hawaii,-1,-6,-5.541666666666657,24.03333333333333,6.166666666666668,-0.5,2.166666666666666,-1.5,-20.55,0.0,-3.299999999999997
2025-11-25,Utah Tech,Portland State,1,-5,-10.817499999999995,-0.30749999999999034,1.0,-2.3249999999999993,-1.0749999999999993,0.6000000000000014,-8.2,0.7000000000000002,-0.29999999999999716
2025-11-29,Utah Tech,UC Riverside,1,8,-1.9015873015873126,-0.8238095238095156,3.158730158730158,-2.571428571428571,2.7936507936507926,-0.6984126984126995,11.0,0.3999999999999999,-1.2999999999999972
2025-12-03,Utah Tech,Santa Clara,-1,-10,-9.202500000000015,8.404999999999987,-3.2250000000000014,1.0500000000000007,-3.4000000000000004,1.8999999999999986,-4.0,-9.0,0.0
2025-12-22,Utah Tech,Creighton,-1,-23,-2.761538461538464,-1.3057692307692292,-4.5064102564102555,1.897435897435896,0.21153846153846168,-1.3717948717948723,-3.6000000000000005,-11.700000000000001,1.0999999999999943
2025-12-29,Utah Tech,Southern Utah,1,14,4.481318681318683,-6.642307692307682,0.6483516483516496,-0.6483516483516478,0.07142857142857117,-0.5549450549450547,1.2000000000000002,0.20000000000000018,-1.6000000000000085
2026-01-01,Utah Tech,Abilene Christian,-1,15,4.406153846153856,2.1497435897435935,5.235897435897435,-1.1179487179487175,-1.1948717948717942,4.246153846153845,10.6,0.8999999999999999,0.09999999999999432
2026-01-08,Utah Tech,California Baptist,-1,-12,3.6500000000000057,-0.14374999999999716,5.8125,-0.5,-3.25,0.125,11.600000000000001,-1.7,1.2999999999999972
2026-01-15,Utah Tech,UT Arlington,1,-4,4.5847222222222115,10.692361111111126,6.201388888888889,-1.5625,-1.729166666666666,0.2638888888888893,-11.8,-0.8999999999999999,2.0999999999999943
2026-01-17,Utah Tech,Tarleton State,1,4,-0.7657894736842081,3.6862573099415243,8.254385964912283,-1.4035087719298236,0.38304093567251485,2.3654970760233915,-0.6,1.0,-1.7000000000000028
2026-01-21,Utah Tech,California Baptist,-1,-9,0.3518421052631595,1.9957894736842121,4.715789473684207,0.4526315789473685,-3.5763157894736857,-0.3999999999999986,-5.4,-1.7,1.2999999999999972
2026-01-24,Utah Tech,Southern Utah,1,11,3.527857142857144,-3.6878571428571405,-0.3142857142857167,-1.6047619047619044,-0.1476190476190471,-1.2214285714285715,-10.8,0.20000000000000018,-1.6000000000000085
2026-01-29,Utah Tech,Abilene Christian,-1,6,5.390669856459326,1.3437799043062313,5.444976076555026,-1.4760765550239228,-0.7368421052631575,4.062200956937801,2.6000000000000005,0.8999999999999999,0.09999999999999432
2026-01-31,Utah Tech,Tarleton State,-1,6,2.7474120082815716,3.4935817805383067,7.960662525879918,-1.8571428571428577,-0.03933747412008337,3.057971014492754,10.4,1.0,-1.7000000000000028
2026-02-05,Utah Tech,UT Arlington,1,3,4.395238095238099,8.969047619047615,4.863095238095237,-1.904761904761905,-2.3928571428571423,-0.6130952380952372,2.0,-0.8999999999999999,2.0999999999999943
2026-02-14,Utah Tech,California Baptist,1,5,2.361076923076922,5.07123076923078,4.292307692307695,0.2046153846153853,-3.3138461538461534,-1.0523076923076928,-1.4000000000000004,-1.7,1.2999999999999972
2026-02-19,Utah Tech,UT Arlington,-1,-13,5.254370370370367,6.1857777777777585,5.075555555555557,-2.0562962962962956,-1.8251851851851857,0.46666666666666856,13.399999999999999,-0.8999999999999999,2.0999999999999943
2026-02-21,Utah Tech,Tarleton State,-1,8,5.2424603174603135,4.856746031746027,8.345238095238093,-2.3955026455026456,0.23148148148148096,3.1296296296296298,2.0,1.0,-1.7000000000000028
2026-02-26,Utah Tech,Abilene Christian,1,4,7.043933588761178,2.8187739463601673,4.4521072796934895,-2.0063856960408692,-0.7650063856960418,4.438058748403574,-2.0,0.8999999999999999,0.09999999999999432
2026-02-28,Utah Tech,Southern Utah,-1,-14,5.018333333333331,-4.182619047619056,1.3023809523809504,-2.5428571428571427,-0.29761904761904745,-0.004761904761906521,6.199999999999999,0.20000000000000018,-1.6000000000000085
2026-03-12,Utah Tech,Abilene Christian,0,6,8.471874999999997,3.015625,4.5625,-1.96875,-0.34375,4.21875,6.6,0.8999999999999999,0.09999999999999432
2026-03-13,Utah Tech,California Baptist,0,-14,2.569110459433034,7.360899315738024,3.7028347996089934,0.3079178885630487,-3.5796676441837736,-0.6080156402737025,-10.600000000000001,-1.7,1.2999999999999972
2025-11-15,Utah Valley,Fresno State,-1,-1,18.741666666666674,-2.208333333333357,0.8333333333333321,-1.083333333333334,1.166666666666666,4.083333333333332,16.583333333333332,-2.9,1.2000000000000028
2025-11-19,Utah Valley,UC Irvine,1,7,0.22500000000000853,13.149999999999991,6.0,1.5,-3.75,-6.75,-14.25,0.5,-1.4000000000000057
2025-11-25,Utah Valley,South Dakota State,0,23,5.323333333333338,1.3933333333333309,-3.166666666666668,0.6333333333333346,-0.3333333333333339,-1.1000000000000014,2.8000000000000007,2.7,2.4000000000000057
2025-11-26,Utah Valley,Samford,0,44,8.458333333333343,-19.287499999999994,-8.25,4.708333333333334,1.791666666666666,2.0,8.4,2.6,1.0999999999999943
2025-12-03,Utah Valley,San Diego State,-1,-11,6.566666666666677,-19.880952380952394,-2.071428571428573,-0.6904761904761916,0.8809523809523796,5.30952380952381,24.400000000000002,-8.3,0.0
2025-12-06,Utah Valley,Bowling Green,-1,11,-0.6749999999999972,-0.037500000000008527,-0.875,2.0,-0.75,2.875,4.0,1.5,-0.09999999999999432
2025-12-10,Utah Valley,Idaho State,1,4,0.3499999999999943,-13.660000000000025,-3.7666666666666693,2.81111111111111,-1.155555555555555,5.722222222222221,-3.1999999999999993,2.9,3.700000000000003
2025-12-13,Utah Valley,UC Santa Barbara,0,15,-5.579999999999998,-13.509999999999991,-1.0999999999999979,2.8000000000000007,-1.5,2.400000000000002,-0.20000000000000107,1.5,2.299999999999997
2025-12-29,Utah Valley,California Baptist,1,7,7.738461538461522,-11.792307692307688,2.3076923076923066,2.5384615384615383,-2.6923076923076916,3.30769230769231,24.799999999999997,-0.30000000000000004,2.0
2026-01-01,Utah Valley,Tarleton State,-1,6,8.421428571428564,-5.842857142857142,5.571428571428569,-0.2857142857142865,1.1428571428571423,4.214285714285715,-9.2,2.4,-1.0
2026-01-03,Utah Valley,Abilene Christian,-1,-17,12.086666666666673,-9.967619047619053,2.1285714285714263,0.22857142857142954,-0.15238095238095362,6.619047619047617,31.4,2.3,0.7999999999999972
2026-01-08,Utah Valley,Southern Utah,1,17,11.561666666666667,-16.689999999999998,-2.3374999999999986,1.0500000000000007,1.1374999999999993,1.470833333333335,30.2,1.6,-0.9000000000000057
2026-01-10,Utah Valley,Utah Tech,1,16,5.576470588235296,-9.941176470588232,-3.4117647058823515,2.0588235294117663,1.4117647058823533,2.5294117647058805,15.600000000000001,1.4,0.7000000000000028
2026-01-17,Utah Valley,UT Arlington,1,12,12.288235294117655,1.155228758169926,3.3692810457516345,0.10130718954248508,-0.4836601307189543,2.1241830065359473,0.0,0.5,2.799999999999997
2026-01-21,Utah Valley,Southern Utah,-1,-14,13.205263157894734,-13.299999999999997,-3.2105263157894726,0.5263157894736832,1.3684210526315788,1.0526315789473664,8.0,1.6,-0.9000000000000057
2026-01-24,Utah Valley,California Baptist,-1,-7,7.695000000000007,-5.409999999999997,2.099999999999998,2.1999999999999993,-1.75,1.0500000000000007,-4.2,-0.30000000000000004,2.0
2026-01-29,Utah Valley,Tarleton State,-1,28,6.909047619047627,-4.1961904761904805,5.666666666666668,0.257142857142858,1.7666666666666657,4.204761904761906,7.0,2.4,-1.0
2026-02-05,Utah Valley,Abilene Christian,1,13,10.833982683982683,-8.817748917748915,2.1688311688311686,0.9956709956709968,1.0216450216450212,6.238095238095237,18.4,2.3,0.7999999999999972
2026-02-07,Utah Valley,UT Arlington,1,21,9.475691699604752,-1.1634387351778628,1.7173913043478244,0.624505928853754,-0.6146245059288535,1.0494071146245076,6.2,0.5,2.799999999999997
2026-02-12,Utah Valley,Utah Tech,-1,-4,6.137999999999991,-9.21950000000001,-2.5066666666666677,2.203333333333333,1.6983333333333341,0.9783333333333317,4.799999999999999,1.4,0.7000000000000028
2026-02-19,Utah Valley,California Baptist,1,19,8.248153846153855,-3.876307692307691,1.3615384615384585,2.696923076923076,-1.9815384615384612,-0.22153846153846146,5.199999999999999,-0.30000000000000004,2.0
2026-02-21,Utah Valley,UT Arlington,-1,12,10.373076923076908,-2.6269230769230774,2.73076923076923,0.384615384615385,-0.11538461538461497,1.0769230769230766,19.4,0.5,2.799999999999997
2026-02-26,Utah Valley,Tarleton State,1,7,10.241666666666674,-6.108333333333334,5.31878306878307,0.14021164021163912,2.353174603174603,3.9378306878306866,14.6,2.4,-1.0
2026-02-28,Utah Valley,Abilene Christian,1,7,11.27500000000002,-7.914285714285711,1.2142857142857117,0.4285714285714288,1.3571428571428577,5.178571428571431,8.0,2.3,0.7999999999999972
2026-03-05,Utah Valley,Southern Utah,-1,4,8.50344827586207,-14.203448275862073,-1.8965517241379324,-0.1034482758620694,1.4482758620689662,0.6896551724137936,9.399999999999999,1.6,-0.9000000000000057
2026-03-07,Utah Valley,Utah Tech,-1,3,4.889354838709664,-9.916989247311832,-3.0462365591397855,1.9860215053763444,2.0505376344086024,0.6150537634408586,11.8,1.4,0.7000000000000028
2026-03-13,Utah Valley,UT Arlington,0,2,11.770967741935493,-0.9387096774193537,2.70967741935484,0.29032258064516014,-0.29032258064516014,0.7741935483870961,7.8,0.5,2.799999999999997
2026-03-15,Utah Valley,California Baptist,0,-2,6.549999999999997,-2.21875,1.0,2.0625,-1.625,0.0625,-12.799999999999999,-0.30000000000000004,2.0
2026-03-18,Utah Valley,George Washington,1,-1,-3.433333333333337,-8.24242424242425,-8.848484848484848,1.3636363636363633,-1.0,0.515151515151512,3.1999999999999997,-4.3,0.5
2025-11-17,VCU,NC State,-1,-6,-27.700000000000003,5.700000000000003,-5.333333333333332,5.666666666666666,2.333333333333334,-5.333333333333332,-25.0,-4.6,-0.29999999999999716
2025-11-22,VCU,Coppin State,1,43,21.757142857142853,-13.249999999999972,10.428571428571427,-1.1428571428571423,2.928571428571429,0.571428571428573,20.45,16.0,0.29999999999999716
2025-11-26,VCU,South Florida,0,12,-5.999999999999972,-3.1200000000000045,-1.0,1.0,-1.0,-1.8000000000000007,-2.3999999999999986,1.2999999999999998,-5.799999999999997
2025-12-05,VCU,Samford,1,26,10.363888888888894,-13.508333333333326,-1.1944444444444429,3.3055555555555554,2.333333333333334,-0.625,19.6,9.7,0.3999999999999915
2025-12-10,VCU,New Mexico,1,-3,-0.25555555555556,-0.5222222222222257,-0.8888888888888893,1.8888888888888875,2.1111111111111107,-1.8888888888888893,2.200000000000001,0.5999999999999996,-0.6000000000000085
2025-12-15,VCU,Niagara,1,26,20.890000000000015,-16.89,6.800000000000001,1.3000000000000007,6.7,4.300000000000001,23.4,13.3,6.200000000000003
2025-12-18,VCU,American,1,22,2.990909090909099,-0.5090909090909008,0.6363636363636367,0.09090909090909172,3.09090909090909,0.45454545454545325,-0.5999999999999996,11.899999999999999,3.299999999999997
2025-12-22,VCU,Rider,1,21,31.364999999999995,-10.203333333333333,11.533333333333331,-1.583333333333334,1.0999999999999996,-0.21666666666666856,25.8,13.1,4.099999999999994
2025-12-31,VCU,St. Bonaventure,1,7,5.776923076923083,-1.146153846153851,8.692307692307693,-0.3076923076923084,0.15384615384615508,0.8461538461538467,5.999999999999998,5.1,1.5
2026-01-03,VCU,Duquesne,-1,13,5.464285714285708,-0.9928571428571331,0.7142857142857153,-2.6428571428571423,2.2142857142857153,-2.3571428571428577,-0.40000000000000036,4.5,-0.6000000000000085
2026-01-07,VCU,Saint Louis,1,-9,-6.275238095238095,10.797142857142859,-1.3714285714285737,-1.0285714285714285,0.2761904761904752,-7.423809523809524,-19.599999999999998,0.6999999999999993,-2.299999999999997
2026-01-10,VCU,George Mason,-1,-6,2.731250000000003,3.518749999999997,9.25,1.3125,2.625,-1.25,3.6000000000000005,4.8,5.0
2026-01-14,VCU,Rhode Island,-1,9,10.43529411764706,3.6882352941176606,2.647058823529413,-1.1764705882352953,1.4117647058823533,2.470588235294116,3.0,4.8,3.0999999999999943
2026-01-19,VCU,Saint Joseph's,1,7,13.200000000000003,0.2888888888888914,0.22222222222222143,-0.6666666666666661,-0.8888888888888893,-2.333333333333332,6.0,4.3,1.2000000000000028
2026-01-24,VCU,Davidson,-1,6,8.72543859649123,-1.0362573099415187,2.9912280701754383,0.45614035087719174,2.0818713450292403,1.6608187134502934,1.5999999999999999,4.3999999999999995,5.0
2026-01-27,VCU,Richmond,1,8,5.679761904761904,-0.11547619047620117,2.4095238095238116,0.9904761904761905,2.1166666666666654,-1.8571428571428577,6.0,6.0,1.2000000000000028
2026-01-30,VCU,Loyola Chicago,1,14,17.84415584415582,-12.360606060606074,0.24891774891774787,-1.9264069264069263,1.0216450216450212,1.4004329004329001,21.2,5.699999999999999,3.5
2026-02-03,VCU,Fordham,-1,4,12.01363636363638,5.88636363636364,3.3181818181818166,-0.6363636363636367,-1.545454545454545,-2.59090909090909,12.4,8.0,5.099999999999994
2026-02-06,VCU,Dayton,1,26,9.508695652173898,2.895652173913035,3.3478260869565197,-0.8260869565217401,2.521739130434783,1.0,16.6,0.8999999999999995,1.5999999999999943
2026-02-11,VCU,La Salle,-1,9,19.870833333333337,-5.683333333333337,8.916666666666668,-1.375,0.5416666666666679,1.875,20.799999999999997,4.3999999999999995,2.799999999999997
2026-02-14,VCU,Richmond,-1,11,6.027999999999992,-3.3959999999999866,1.4000000000000021,0.8800000000000008,2.24,-0.3200000000000003,20.6,6.0,1.2000000000000028
2026-02-17,VCU,George Washington,1,14,0.7307692307692264,-0.8038461538461377,-2.26923076923077,-1.5769230769230766,-0.8461538461538467,-0.23076923076922995,11.8,2.8,-0.20000000000000284
2026-02-20,VCU,Saint Louis,-1,-13,-4.729202279202283,9.91011396011396,-1.9216524216524213,-1.749287749287749,0.8433048433048445,-5.63960113960114,-4.399999999999999,0.6999999999999993,-2.299999999999997
2026-02-28,VCU,Fordham,1,19,11.510714285714286,4.65000000000002,3.392857142857146,-0.14285714285714235,-1.0,-1.178571428571427,7.0,8.0,5.099999999999994
2026-03-03,VCU,George Mason,1,5,5.565517241379311,-0.7827586206896484,7.689655172413794,0.3103448275862064,2.206896551724139,0.3793103448275872,18.2,4.8,5.0
2026-03-06,VCU,Dayton,-1,6,8.126666666666665,1.8299999999999983,3.799999999999997,-1.0333333333333332,2.633333333333333,1.2666666666666693,-2.6000000000000005,0.8999999999999995,1.5999999999999943
2026-03-13,VCU,Duquesne,0,5,7.041330645161281,-2.959475806451607,0.1189516129032242,-1.769153225806452,1.0625,0.804435483870968,12.2,4.5,-0.6000000000000085
2026-03-14,VCU,Saint Joseph's,0,13,10.334374999999994,1.9312500000000057,-1.28125,-0.71875,-0.25,-2.03125,-5.799999999999999,4.3,1.2000000000000028
2026-03-15,VCU,Dayton,0,8,8.269696969696966,1.4090909090909065,3.18181818181818,-1.0,2.212121212121212,1.1515151515151523,8.2,0.8999999999999995,1.5999999999999943
2026-03-19,VCU,North Carolina,0,4,2.625919117647058,-0.2641544117647072,0.3805147058823515,0.586397058823529,0.827205882352942,-1.954044117647058,7.800000000000001,-5.0,0.20000000000000284
2026-03-21,VCU,Illinois,0,-21,-9.53835497835496,-1.1232900432900408,-6.147186147186147,1.722077922077922,-2.4943722943722957,-1.691774891774891,-2.8,-9.0,3.3999999999999915
2025-11-15,VMI,Jacksonville,1,-2,2.0916666666666686,-5.308333333333323,7.666666666666664,-3.166666666666666,-2.75,5.25,4.166666666666668,-2.5999999999999996,2.4000000000000057
2025-11-19,VMI,Richmond,-1,-33,-3.5933333333333195,-0.8800000000000097,7.666666666666668,-0.5333333333333332,-3.333333333333334,-1.6000000000000014,0.3333333333333339,-7.8999999999999995,-0.6999999999999886
2025-11-22,VMI,Stetson,-1,-19,11.223333333333343,-9.003333333333345,8.2,-3.5666666666666664,-0.6666666666666661,2.1999999999999993,6.6,-2.0999999999999996,0.0
2025-11-24,VMI,Buffalo,0,-8,-11.399999999999991,-0.0971428571428703,13.885714285714286,1.0,0.6285714285714281,4.714285714285715,-17.2,-4.5,-0.19999999999998863
2025-11-26,VMI,Bowling Green,0,-33,-3.075000000000003,18.15833333333333,14.291666666666668,-2.416666666666666,1.208333333333334,1.125,-16.2,-5.3,-2.6999999999999886
2025-11-29,VMI,UCF,-1,-25,-15.990476190476187,1.6126984126984212,13.761904761904763,-3.0317460317460316,-0.8571428571428577,-1.6190476190476168,-33.8,-17.7,-3.5
2025-12-09,VMI,Loyola (MD),1,16,-1.4254545454545422,0.6890909090909076,8.763636363636365,-2.2454545454545443,1.1454545454545446,1.754545454545454,-3.0000000000000004,-0.09999999999999964,-1.6999999999999886
2025-12-21,VMI,Radford,-1,-7,-0.5044871794871852,-0.998717948717939,3.0833333333333357,-2.4615384615384617,-0.2051282051282044,1.8589743589743613,-13.4,-2.3,-6.3999999999999915
2026-01-01,VMI,Samford,1,-20,0.9461538461538481,1.630769230769232,4.84615384615385,0.7692307692307683,1.3076923076923084,-2.0769230769230766,-4.0,-4.199999999999999,-1.5
2026-01-03,VMI,Chattanooga,1,8,-6.450000000000017,2.19285714285715,1.857142857142854,1.1428571428571423,2.071428571428572,0.35714285714285765,-2.6,-2.0999999999999996,0.5
2026-01-07,VMI,East Tennessee State,-1,-14,-6.826666666666668,9.793333333333337,10.600000000000001,-0.7333333333333325,0.4666666666666668,0.8666666666666671,9.0,-3.9,1.0
2026-01-10,VMI,Furman,-1,-21,-6.393749999999997,5.862499999999997,4.6875,-1.875,-0.5,-2.1875,-8.4,-4.6,0.7000000000000028
2026-01-15,VMI,Mercer,1,-10,-9.82352941176471,6.182352941176475,5.7647058823529385,-0.647058823529413,-0.9411764705882355,-1.1764705882352935,-33.8,-4.699999999999999,-1.7999999999999972
2026-01-17,VMI,The Citadel,1,-14,0.13888888888889994,-8.733333333333348,4.388888888888889,-0.44444444444444464,0.7222222222222232,1.5,3.1999999999999993,-1.0999999999999996,1.7000000000000028
2026-01-21,VMI,UNC Greensboro,1,-7,-6.4947368421052545,-4.968421052631584,10.578947368421051,-0.36842105263157876,0.9473684210526319,-1.7894736842105274,-2.5999999999999996,-2.7,-1.3999999999999915
2026-01-29,VMI,The Citadel,-1,-24,-0.004761904761906521,-4.752380952380932,4.5238095238095255,-0.6190476190476186,0.6190476190476186,0.8095238095238102,-13.599999999999998,-1.0999999999999996,1.7000000000000028
2026-01-31,VMI,Mercer,-1,-14,-12.422727272727286,9.009090909090915,5.454545454545453,-0.9090909090909083,-2.1363636363636367,-2.0454545454545467,-26.4,-4.699999999999999,-1.7999999999999972
2026-02-07,VMI,East Tennessee State,1,-17,-11.804166666666674,13.129166666666663,10.875,0.20833333333333215,0.375,-0.875,-27.0,-3.9,1.0
2026-02-11,VMI,UNC Greensboro,-1,-21,-6.544000000000011,-0.8320000000000078,10.0,-0.40000000000000036,0.20000000000000107,-2.4800000000000004,-11.8,-2.7,-1.3999999999999915
2026-02-14,VMI,Furman,1,-18,-8.150000000000006,11.753846153846155,4.7307692307692335,-2.0,-0.9230769230769234,-3.884615384615387,-17.6,-4.6,0.7000000000000028
2026-02-26,VMI,Samford,-1,-19,-8.855172413793113,7.668965517241375,6.034482758620687,1.137931034482758,1.0344827586206895,-3.724137931034484,-25.6,-4.199999999999999,-1.5
2026-02-28,VMI,Chattanooga,-1,-7,-7.680000000000007,6.529999999999987,2.93333333333333,0.09999999999999964,1.8666666666666663,-2.3000000000000007,-17.200000000000003,-2.0999999999999996,0.5
2026-03-06,VMI,UNC Greensboro,0,-14,-7.8483870967742035,1.0774193548387103,9.580645161290324,-0.6451612903225801,0.2903225806451619,-2.129032258064516,-9.8,-2.7,-1.3999999999999915
2025-11-16,Valparaiso,Bryant,1,18,3.933333333333337,3.833333333333343,-2.666666666666668,-4.0,3.333333333333333,-3.666666666666668,-0.6666666666666679,7.800000000000001,2.299999999999997
2025-11-19,Valparaiso,Cleveland State,-1,15,-11.595000000000013,-19.070000000000007,-4.300000000000001,-5.300000000000001,1.1999999999999993,-0.3999999999999986,4.699999999999999,4.9,-3.700000000000003
2025-11-26,Valparaiso,Southern Indiana,1,-8,3.146666666666661,-6.206666666666678,-2.1999999999999993,-2.9333333333333336,0.8000000000000007,-0.06666666666666643,2.4,7.800000000000001,-1.7999999999999972
2025-12-02,Valparaiso,Marquette,-1,-3,-10.864285714285714,-3.6053571428571445,-2.6428571428571423,-2.3392857142857135,-0.6785714285714288,-0.8928571428571423,3.8000000000000007,-9.0,-3.4000000000000057
2025-12-13,Valparaiso,UNC Wilmington,1,-3,-14.090000000000018,-2.338888888888903,2.7777777777777786,0.7444444444444454,-0.36666666666666536,-1.9222222222222207,-0.8000000000000007,2.5,1.5999999999999943
2025-12-16,Valparaiso,Northwestern,-1,-16,-12.710000000000022,-4.1299999999999955,5.600000000000001,0.5,3.799999999999999,-0.10000000000000142,6.8,-10.7,2.200000000000003
2025-12-21,Valparaiso,Murray State,1,-6,-15.694696969696977,-4.39696969696972,-5.060606060606059,-1.7348484848484844,0.3787878787878789,-1.424242424242422,-4.6,-1.5,-4.299999999999997
2025-12-29,Valparaiso,Northern Iowa,-1,-10,-1.9083333333333456,13.516666666666666,0.0,1.416666666666666,5.75,-1.25,-12.2,-2.3000000000000003,4.299999999999997
2026-01-01,Valparaiso,Southern Illinois,-1,-5,-3.681318681318686,0.9989010989011007,7.478021978021978,-2.637362637362637,1.2362637362637372,-2.7967032967032956,-0.19999999999999996,6.4,-4.200000000000003
2026-01-04,Valparaiso,Illinois–Chicago,1,7,-8.01428571428572,-5.107142857142861,2.8571428571428577,-2.2857142857142865,-0.6428571428571423,3.2142857142857117,-10.6,-1.1,-0.29999999999999716
2026-01-07,Valparaiso,Illinois State,1,6,-13.506666666666675,5.780000000000001,-1.3999999999999986,-0.4666666666666668,2.4000000000000004,-3.133333333333333,-19.0,-2.3000000000000003,0.5
2026-01-10,Valparaiso,Murray State,-1,-13,-15.236397058823513,-2.887500000000017,-6.0,-1.639705882352942,-0.2610294117647065,-1.8860294117647065,-10.2,-1.5,-4.299999999999997
2026-01-13,Valparaiso,Belmont,-1,-4,-12.388888888888886,5.126470588235293,-4.6307189542483655,-2.8660130718954253,1.9117647058823533,-3.836601307189543,-7.6,-0.9,-2.5999999999999943
2026-01-17,Valparaiso,Northern Iowa,1,10,-1.8055555555555571,10.427777777777791,-1.1111111111111107,1.666666666666666,4.611111111111112,-1.0555555555555571,-1.0,-2.3000000000000003,4.299999999999997
2026-01-21,Valparaiso,Southern Illinois,1,6,-0.38947368421052886,1.594736842105263,4.368421052631579,-2.3157894736842106,0.10526315789473628,-2.6315789473684212,4.2,6.4,-4.200000000000003
2026-01-28,Valparaiso,Belmont,1,-1,-12.0747619047619,3.3438095238095116,-3.7285714285714278,-2.704761904761906,1.6071428571428577,-3.045238095238094,-6.0,-0.9,-2.5999999999999943
2026-01-31,Valparaiso,Indiana State,-1,4,-0.7452380952381077,-2.22900432900434,-4.865800865800864,-3.041125541125542,2.12121212121212,-1.3268398268398265,4.0,0.8,-2.200000000000003
2026-02-03,Valparaiso,Bradley,-1,-7,-7.022332015810278,-2.5918972332015926,-3.0612648221343868,1.2608695652173907,0.7727272727272734,0.21541501976284394,6.2,-0.7,-1.5999999999999943
2026-02-06,Valparaiso,Evansville,1,7,6.373913043478254,-6.46521739130435,-1.6521739130434767,-2.695652173913043,2.391304347826087,0.8695652173913047,16.8,0.5,0.20000000000000284
2026-02-09,Valparaiso,Drake,-1,5,-8.076833333333354,-5.668999999999997,-5.059999999999999,0.5633333333333344,1.8800000000000008,-0.9600000000000009,5.6,0.0,-0.29999999999999716
2026-02-12,Valparaiso,Illinois State,-1,-22,-7.743999999999986,3.3999999999999915,-2.6000000000000014,-0.28000000000000114,1.1199999999999992,-2.240000000000002,3.2,-2.3000000000000003,0.5
2026-02-15,Valparaiso,Indiana State,1,1,-0.7769230769230973,-1.0192307692307736,-5.30769230769231,-2.9230769230769234,2.769230769230769,-0.8076923076923066,-2.2,0.8,-2.200000000000003
2026-02-18,Valparaiso,Bradley,1,7,-5.259259259259252,0.1666666666666714,-3.7407407407407405,1.0740740740740744,1.5555555555555554,-0.18518518518518334,-9.2,-0.7,-1.5999999999999943
2026-02-21,Valparaiso,Illinois–Chicago,-1,4,-4.871428571428567,3.2071428571428413,1.5,-1.4642857142857135,-1.1071428571428559,0.8571428571428577,-12.8,-1.1,-0.29999999999999716
2026-02-25,Valparaiso,Drake,1,3,-4.5724137931034505,-4.4689655172413865,-5.413793103448274,0.17241379310344662,2.068965517241379,-1.3103448275862064,9.8,0.0,-0.29999999999999716
2026-02-28,Valparaiso,Evansville,-1,-1,8.312068965517241,-7.771494252873566,-2.698850574712644,-2.682758620689654,3.2747126436781606,1.1620689655172427,19.200000000000003,0.5,0.20000000000000284
2026-03-05,Valparaiso,Indiana State,0,1,1.8225806451612812,-0.6322580645161224,-5.0,-3.35483870967742,2.516129032258064,-1.387096774193548,9.6,0.8,-2.200000000000003
2026-03-06,Valparaiso,Bradley,0,-6,-4.821774193548393,-0.22842741935484412,-3.33266129032258,0.7217741935483879,1.162298387096774,-0.741935483870968,-1.0,-0.7,-1.5999999999999943
2025-11-15,Vanderbilt,Arkansas–Pine Bluff,1,29,44.79166666666666,-27.39166666666668,6.666666666666668,-7.666666666666667,-1.25,5.083333333333332,53.91666666666667,21.7,-0.20000000000000284
2025-11-20,Vanderbilt,Texas Southern,1,35,46.0,-25.94999999999999,16.5,-8.25,3.5,5.5,54.25,22.4,-0.6000000000000085
2025-11-27,Vanderbilt,VCU,0,15,16.016666666666666,2.4166666666666714,2.833333333333332,-4.333333333333334,-1.833333333333334,2.833333333333332,9.6,7.5,1.5
2025-11-28,Vanderbilt,St. Mary's (CA),0,25,7.283928571428575,9.74107142857143,10.464285714285715,-1.4642857142857135,-1.6607142857142865,-0.5357142857142847,0.0,7.3,5.099999999999994
2025-12-03,Vanderbilt,SMU,1,19,11.975000000000009,2.2125000000000057,8.5,-2.5,-0.875,-1.5,1.4000000000000021,3.799999999999999,-0.4000000000000057
2025-12-13,Vanderbilt,Central Arkansas,1,11,29.12999999999998,-2.4822222222222194,-3.833333333333332,-4.466666666666667,1.1222222222222218,-0.33333333333333215,8.600000000000001,17.5,0.8999999999999915
2025-12-17,Vanderbilt,Memphis,-1,7,22.437777777777782,-9.275555555555556,8.822222222222223,-3.533333333333333,-2.5999999999999996,6.066666666666666,12.6,9.5,-1.2999999999999972
2025-12-29,Vanderbilt,New Haven,1,43,24.75,-5.76666666666668,7.75,-1.166666666666666,-0.08333333333333393,3.9166666666666643,13.400000000000002,22.5,8.099999999999994
2026-01-03,Vanderbilt,South Carolina,-1,12,9.238461538461536,-3.892307692307682,1.3846153846153832,-0.15384615384615508,0.6923076923076916,2.23076923076923,3.3999999999999986,5.6,2.5999999999999943
2026-01-07,Vanderbilt,Alabama,1,6,4.271428571428572,-9.964285714285708,-7.642857142857146,-0.4285714285714288,-2.0,-1.071428571428573,12.8,-1.5999999999999996,-4.1000000000000085
2026-01-10,Vanderbilt,Louisiana State,1,11,3.413333333333341,-5.5,7.266666666666666,-1.5333333333333332,-1.4000000000000004,-0.8666666666666671,11.4,4.1,0.7999999999999972
2026-01-14,Vanderbilt,Texas,-1,-16,5.0,-7.0,5.1875,-2.25,-2.875,-0.0625,10.200000000000001,0.6999999999999993,2.5
2026-01-17,Vanderbilt,Florida,1,-4,6.164705882352948,0.5529411764705827,2.117647058823529,-2.9411764705882355,-6.352941176470587,-2.705882352941174,-4.0,-1.8000000000000007,-1.0
2026-01-20,Vanderbilt,Arkansas,-1,-25,2.555555555555543,-5.055555555555557,4.333333333333332,-1.166666666666666,-1.5,1.7777777777777786,-1.4000000000000001,-0.40000000000000036,-2.6000000000000085
2026-01-24,Vanderbilt,Mississippi State,-1,32,14.65789473684211,-4.526315789473685,2.94736842105263,-2.0,-2.157894736842106,-2.3684210526315788,2.5999999999999996,4.199999999999999,-1.1000000000000085
2026-01-27,Vanderbilt,Kentucky,1,25,4.290000000000006,-0.25,3.5,-0.9499999999999993,-2.0,0.3999999999999986,-8.6,-0.7000000000000011,1.2999999999999972
2026-01-31,Vanderbilt,Ole Miss,1,3,13.015952380952385,-3.9730952380952402,5.507142857142856,-0.538095238095238,-0.3333333333333339,2.2452380952380935,4.6,2.6999999999999993,1.2999999999999972
2026-02-07,Vanderbilt,Oklahoma,1,-1,3.959486166007892,-9.667588932806325,0.001976284584980448,-0.7035573122529648,-1.533596837944664,1.9525691699604764,14.2,2.299999999999999,1.5
2026-02-10,Vanderbilt,Auburn,-1,8,3.356521739130443,-8.486956521739131,4.0,-1.0869565217391308,-2.5652173913043477,2.5652173913043477,3.8,0.7999999999999989,1.0999999999999943
2026-02-14,Vanderbilt,Texas A&M,1,13,1.1000000000000085,-3.3333333333333286,-3.4166666666666643,-1.9166666666666679,-1.6666666666666679,0.375,10.4,2.4000000000000004,-2.5
2026-02-18,Vanderbilt,Missouri,-1,-1,6.403999999999996,-6.072000000000017,6.84,-2.76,-1.3999999999999986,1.3200000000000003,13.2,3.0,2.0
2026-02-21,Vanderbilt,Tennessee,1,-4,3.753846153846169,1.8730769230769084,7.692307692307693,-2.8461538461538467,-5.076923076923077,-1.96153846153846,-7.0,-1.3000000000000007,2.799999999999997
2026-02-25,Vanderbilt,Georgia,1,8,1.0,-2.5074074074074133,-1.1111111111111143,-1.3333333333333321,-2.7777777777777786,-0.07407407407407618,4.0,2.299999999999999,-3.9000000000000057
2026-02-28,Vanderbilt,Kentucky,-1,-14,4.7749999999999915,-1.3107142857142975,3.5,-1.2142857142857153,-1.9642857142857135,0.07142857142857295,6.0,-0.7000000000000011,1.2999999999999972
2026-03-03,Vanderbilt,Ole Miss,-1,3,11.813793103448262,-5.348275862068974,5.31034482758621,0.034482758620688614,0.4137931034482758,2.137931034482758,7.4,2.6999999999999993,1.2999999999999972
2026-03-07,Vanderbilt,Tennessee,-1,4,3.710000000000008,3.3633333333333297,8.033333333333331,-2.466666666666667,-5.199999999999999,-1.7666666666666657,-9.6,-1.3000000000000007,2.799999999999997
2026-03-13,Vanderbilt,Tennessee,0,7,3.869657258064521,3.1915322580645125,7.53125,-2.122983870967742,-5.21975806451613,-1.664314516129032,-4.3999999999999995,-1.3000000000000007,2.799999999999997
2026-03-14,Vanderbilt,Florida,0,17,0.765625,6.346874999999997,2.875,-2.34375,-5.34375,-4.6875,-17.599999999999998,-1.8000000000000007,-1.0
2026-03-15,Vanderbilt,Arkansas,0,-11,-1.0424242424242465,-3.9545454545454533,5.484848484848484,0.09090909090909172,-0.6060606060606073,0.3939393939393945,4.2,-0.40000000000000036,-2.6000000000000085
2026-03-19,Vanderbilt,McNeese State,0,10,3.3509803921568704,7.421836007130125,5.856506238859179,-0.2664884135472363,-2.0294117647058822,2.1114081996434955,-4.199999999999999,13.0,3.700000000000003
2026-03-21,Vanderbilt,Nebraska,0,-2,6.232207792207774,7.9193073593073535,-3.494372294372294,-0.38874458874458817,1.0051948051948054,-1.2683982683982684,2.0000000000000004,0.7999999999999989,4.299999999999997
2025-11-15,Vermont,Northeastern,-1,11,18.933333333333337,0.13333333333332575,9.0,0.6666666666666661,1.0,9.0,14.666666666666668,-4.7,-4.900000000000006
2025-11-18,Vermont,Buffalo,-1,-4,4.275000000000006,-4.925000000000011,7.25,1.5,-0.5,8.0,8.0,-3.4000000000000004,-3.0999999999999943
2025-11-24,Vermont,Liberty,0,-6,-17.034999999999982,11.629999999999995,-3.6499999999999986,3.3000000000000007,2.8499999999999996,-0.5,-18.0,-6.3,0.0
2025-11-25,Vermont,Rhode Island,0,-15,9.200000000000017,8.016666666666666,5.0,-1.666666666666666,-1.833333333333334,6.333333333333332,6.0,-8.0,-1.7000000000000028
2025-11-26,Vermont,Princeton,0,5,16.80357142857143,2.203571428571422,-0.07142857142857295,-2.0892857142857135,-0.35714285714285765,0.4107142857142847,9.0,-5.2,-0.09999999999999432
2025-12-03,Vermont,Oregon State,-1,-22,15.254166666666663,2.884722222222223,2.2222222222222214,-2.0972222222222214,0.4861111111111107,2.958333333333332,2.8000000000000007,-8.2,-2.0999999999999943
2025-12-06,Vermont,Pepperdine,-1,9,9.345555555555563,4.1311111111111245,3.477777777777778,-0.844444444444445,-2.6999999999999993,2.711111111111112,-0.7999999999999989,-4.800000000000001,-5.299999999999997
2025-12-14,Vermont,Merrimack,1,7,15.89090909090909,1.8325757575757677,-0.007575757575757791,0.704545454545455,2.0075757575757587,7.712121212121215,-5.6000000000000005,-3.5,0.5
2025-12-17,Vermont,Siena,1,14,7.25984848484849,16.166666666666657,9.59090909090909,-0.545454545454545,-0.8409090909090917,2.424242424242422,-14.0,-2.2,0.7000000000000028
2025-12-20,Vermont,Iona,1,-5,8.592307692307699,5.021153846153851,-0.02564102564102555,-1.5705128205128194,0.1602564102564097,0.4423076923076934,2.4,-1.5,-5.099999999999994
2025-12-30,Vermont,Princeton,-1,-6,14.785714285714292,3.8428571428571416,-0.2142857142857153,-2.2142857142857135,-0.2142857142857153,0.7142857142857153,4.3999999999999995,-5.2,-0.09999999999999432
2026-01-03,Vermont,New Hampshire,-1,19,18.48717948717949,6.661025641025645,0.5230769230769248,-1.0820512820512818,-0.9641025641025625,-0.00512820512820511,11.6,1.3999999999999995,-4.0
2026-01-08,Vermont,Binghamton,1,1,13.893749999999997,-3.112499999999997,9.4375,-3.625,1.75,2.25,13.6,4.2,-1.7000000000000028
2026-01-15,Vermont,Maine,1,5,21.787908496732044,4.244117647058815,7.258169934640524,-4.5359477124183005,1.5588235294117645,4.820261437908499,2.1999999999999997,0.5999999999999996,-0.20000000000000284
2026-01-19,Vermont,Albany (NY),-1,-7,7.077777777777783,0.13333333333332575,2.777777777777775,-2.444444444444443,-1.5555555555555562,3.6111111111111107,4.4,0.2999999999999998,-1.0999999999999943
2026-01-22,Vermont,UMass Lowell,-1,9,5.8736842105263065,-1.3578947368420984,7.526315789473685,-3.3684210526315805,-2.6315789473684212,1.94736842105263,3.5999999999999996,0.8999999999999995,-4.099999999999994
2026-01-24,Vermont,Bryant,-1,10,19.480789473684226,1.340263157894725,-2.4263157894736835,-4.018421052631579,-0.3473684210526322,3.5184210526315773,16.0,1.2000000000000002,-0.7000000000000028
2026-01-29,Vermont,UMBC,1,9,3.388972431077704,4.998245614035085,2.511278195488721,-1.177944862155389,1.1729323308270674,-0.0952380952380949,-6.4,1.0,-1.7999999999999972
2026-01-31,Vermont,NJIT,1,-2,15.077272727272728,-1.7727272727272805,0.3636363636363633,-2.5,-0.7727272727272725,1.59090909090909,0.20000000000000018,0.7999999999999998,-3.0999999999999943
2026-02-05,Vermont,Maine,-1,-6,18.4913043478261,2.213043478260886,7.260869565217391,-3.3478260869565215,2.391304347826087,5.521739130434781,7.199999999999999,0.5999999999999996,-0.20000000000000284
2026-02-07,Vermont,New Hampshire,1,23,11.73333333333332,2.097619047619034,0.3333333333333357,-1.279761904761905,-1.220238095238095,1.0773809523809526,-1.5999999999999996,1.3999999999999995,-4.0
2026-02-12,Vermont,Binghamton,-1,8,12.931999999999988,-5.7039999999999935,9.759999999999998,-2.4400000000000013,2.0,1.9600000000000009,15.8,4.2,-1.7000000000000028
2026-02-14,Vermont,Bryant,1,27,15.934307692307712,-1.8270769230769304,-0.3584615384615404,-3.453846153846154,-0.11076923076923073,3.2784615384615385,8.4,1.2000000000000002,-0.7000000000000028
2026-02-19,Vermont,UMBC,-1,-13,3.3101851851851904,4.356018518518525,3.018518518518519,-0.2129629629629637,1.0787037037037033,-0.2592592592592595,0.1999999999999993,1.0,-1.7999999999999972
2026-02-21,Vermont,NJIT,-1,6,12.48571428571428,-1.1535714285714391,1.6071428571428577,-1.5714285714285712,-0.6785714285714279,1.5357142857142847,1.5999999999999996,0.7999999999999998,-3.0999999999999943
2026-02-26,Vermont,UMass Lowell,1,2,4.240270935960595,-3.557019704433486,7.592364532019705,-2.9371921182266014,-2.6280788177339893,1.421182266009854,2.3999999999999995,0.8999999999999995,-4.099999999999994
2026-03-03,Vermont,Albany (NY),1,13,4.3799999999999955,-2.9766666666666737,3.6999999999999993,-2.1000000000000014,-1.4333333333333327,3.7666666666666693,0.20000000000000018,0.2999999999999998,-1.0999999999999943
2026-03-07,Vermont,Bryant,1,20,14.681612903225812,-3.928387096774202,-1.1795698924731184,-3.3731182795698924,-0.3193548387096774,3.332258064516129,14.8,1.2000000000000002,-0.7000000000000028
2026-03-10,Vermont,NJIT,1,9,14.290625000000006,-2.4781249999999915,1.84375,-1.875,-0.5,1.53125,21.2,0.7999999999999998,-3.0999999999999943
2026-03-14,Vermont,UMBC,-1,-15,-0.3973607038123106,4.329814271749754,2.921798631476051,-0.0381231671554243,0.5151515151515156,-0.9638318670576744,-12.399999999999999,1.0,-1.7999999999999972
2025-11-15,Villanova,Duquesne,1,10,11.133333333333326,3.40000000000002,4.333333333333336,-3.666666666666668,3.666666666666666,-4.666666666666668,3.666666666666666,8.4,-2.8000000000000114
2025-11-19,Villanova,La Salle,-1,15,18.52499999999999,-4.599999999999994,13.75,-2.25,4.5,-1.5,14.75,8.3,0.5999999999999943
2025-11-25,Villanova,Old Dominion,1,14,16.40857142857142,-4.859999999999985,6.314285714285717,-0.48571428571428577,4.742857142857142,-2.9142857142857146,19.200000000000003,12.7,-3.5
2025-12-01,Villanova,Temple,1,18,9.176190476190484,-8.87142857142858,7.738095238095241,2.3095238095238093,5.952380952380952,-1.5,23.8,10.7,1.1999999999999886
2025-12-06,Villanova,Pennsylvania,0,27,13.180357142857133,-4.683928571428581,8.160714285714285,-1.7678571428571423,1.5,-2.625,13.799999999999999,10.1,-1.9000000000000057
2025-12-09,Villanova,Michigan,-1,-28,2.3499999999999943,13.325000000000003,0.5,-3.125,1.875,-11.0,-18.400000000000002,-7.100000000000001,-4.300000000000011
2025-12-13,Villanova,Pittsburgh,1,18,11.704444444444434,-3.5744444444444383,5.955555555555556,-0.9666666666666668,0.844444444444445,0.10000000000000142,15.6,2.0999999999999996,2.5
2025-12-23,Villanova,Seton Hall,-1,8,7.419696969696986,9.342424242424244,11.25,-0.5530303030303028,0.6590909090909083,-0.5833333333333321,-4.6,1.5,0.7999999999999972
2025-12-31,Villanova,DePaul,1,5,13.151282051282067,1.7737179487179588,6.423076923076923,-1.5576923076923084,2.282051282051281,0.5064102564102555,3.2,3.4000000000000004,-0.30000000000001137
2026-01-03,Villanova,Butler,-1,18,1.5961538461538538,-0.5340659340659499,4.862637362637361,-1.384615384615385,-2.0164835164835164,-2.8956043956043978,-3.8000000000000003,1.6999999999999993,-4.1000000000000085
2026-01-07,Villanova,Creighton,1,-4,6.150000000000006,-2.4471428571428504,-2.2285714285714278,-0.6238095238095251,1.5,-3.238095238095241,-5.599999999999998,0.6999999999999993,-1.1000000000000085
2026-01-10,Villanova,Marquette,-1,3,14.837916666666658,-3.900833333333324,0.8333333333333321,-1.729166666666666,-0.8416666666666668,-0.6833333333333336,17.6,1.0999999999999996,-3.8000000000000114
2026-01-13,Villanova,Providence,-1,6,2.71875,-6.90625,0.125,-1.8125,1.375,-5.5,10.0,0.9000000000000004,-7.1000000000000085
2026-01-17,Villanova,St. John's (NY),1,-7,2.3117647058823394,4.711764705882359,4.4117647058823515,-2.117647058823529,-1.2941176470588243,-1.8235294117647065,-6.6,-2.3000000000000007,-3.9000000000000057
2026-01-21,Villanova,Georgetown,1,15,7.555555555555543,-3.2166666666666828,7.166666666666668,0.44444444444444464,-0.44444444444444464,-1.8333333333333321,9.600000000000001,1.5,-0.20000000000000284
2026-01-24,Villanova,Connecticut,-1,-8,2.7368421052631646,9.826315789473682,4.7368421052631575,-0.9473684210526319,0.36842105263157876,-2.4736842105263186,-5.4,-4.300000000000001,1.1999999999999886
2026-01-30,Villanova,Providence,1,14,0.39190476190474044,-8.8204761904762,0.8976190476190489,-1.7904761904761894,1.057142857142857,-4.7785714285714285,4.0,0.9000000000000004,-7.1000000000000085
2026-02-04,Villanova,Seton Hall,1,12,9.817099567099575,7.82619047619049,11.043290043290044,-0.9935064935064943,-1.6839826839826841,-0.9350649350649363,4.0,1.5,0.7999999999999972
2026-02-07,Villanova,Georgetown,-1,7,6.500592885375482,-3.513241106719377,6.915019762845851,0.09881422924901173,-0.22134387351778706,-2.0256916996047423,1.6,1.5,-0.20000000000000284
2026-02-10,Villanova,Marquette,1,3,11.540579710144911,-3.7695652173913032,1.2971014492753632,-1.7807971014492754,0.20289855072463858,0.06521739130434767,3.2,1.0999999999999996,-3.8000000000000114
2026-02-14,Villanova,Creighton,-1,11,5.076333333333324,-6.697666666666677,-1.7033333333333331,-0.9466666666666654,1.8383333333333347,-2.1449999999999996,17.4,0.6999999999999993,-1.1000000000000085
2026-02-21,Villanova,Connecticut,1,-10,-0.43660968660968535,5.967806267806267,3.7564102564102555,-0.9601139601139597,0.4102564102564106,-1.8646723646723657,1.2000000000000002,-4.300000000000001,1.1999999999999886
2026-02-25,Villanova,Butler,1,9,4.140740740740739,-4.392460317460305,5.867724867724871,-1.3544973544973544,-0.5013227513227498,-1.8478835978835981,7.3999999999999995,1.6999999999999993,-4.1000000000000085
2026-02-28,Villanova,St. John's (NY),-1,-32,2.642857142857139,5.2071428571428555,6.571428571428573,-1.1428571428571423,-1.428571428571427,-2.5,-0.3999999999999999,-2.3000000000000007,-3.9000000000000057
2026-03-04,Villanova,DePaul,-1,19,9.644827586206887,2.1413793103448313,5.103448275862068,-1.8275862068965516,0.724137931034484,-0.586206896551726,-8.2,3.4000000000000004,-0.30000000000001137
2026-03-12,Villanova,Georgetown,0,-14,6.164213709677426,-3.5901209677419246,6.663306451612904,-0.5201612903225801,-0.29737903225806406,-1.5483870967741922,3.4,1.5,-0.20000000000000284
2026-03-20,Villanova,Utah State,0,-10,-5.308088235294122,2.4341911764705912,3.2224264705882355,-0.9283088235294112,0.2610294117647065,-0.5514705882352935,-5.2,2.5999999999999996,-1.2000000000000028
2025-11-15,Virginia,Marshall,1,26,18.033333333333346,-16.59999999999998,-3.666666666666668,-7.666666666666668,8.666666666666666,2.6666666666666643,22.0,13.8,-3.200000000000003
2025-11-21,Virginia,Northwestern,0,5,8.150000000000006,0.125,10.25,1.5,6.25,0.75,5.25,0.40000000000000036,2.200000000000003
2025-11-23,Virginia,Butler,0,-7,8.920000000000016,-1.7000000000000028,4.199999999999999,-3.8000000000000007,1.200000000000001,-1.8000000000000007,4.599999999999998,2.6999999999999993,-3.700000000000003
2025-11-28,Virginia,Queens (NC),1,25,10.909523809523805,-18.930952380952377,-1.0238095238095255,-2.6190476190476204,6.738095238095237,1.571428571428573,18.8,14.3,-3.4000000000000057
2025-12-03,Virginia,Texas,-1,19,4.8946428571428555,0.1607142857142918,4.821428571428573,-2.446428571428571,2.75,-4.642857142857142,-1.6000000000000014,-1.9000000000000004,-0.7999999999999972
2025-12-06,Virginia,Dayton,0,13,16.24166666666666,1.3416666666666686,3.7777777777777786,-3.0,6.0,1.7222222222222214,5.0,5.8,-0.20000000000000284
2025-12-09,Virginia,Maryland Eastern Shore,1,24,32.858333333333334,-5.863888888888894,8.194444444444443,-5.25,4.444444444444445,3.222222222222225,11.2,20.6,2.200000000000003
2025-12-20,Virginia,Maryland,1,8,21.058181818181822,-11.670000000000002,2.8636363636363633,-3.3636363636363633,2.1545454545454543,2.8454545454545475,31.400000000000002,1.8000000000000007,0.7000000000000028
2025-12-22,Virginia,American,1,44,13.510606060606065,-2.7545454545454504,-1.2651515151515156,-2.0227272727272734,4.151515151515152,2.371212121212121,13.8,16.8,1.5
2026-01-03,Virginia,NC State,-1,15,3.9170329670329807,-1.504945054945054,-0.07692307692307665,-0.060439560439560225,4.087912087912088,0.12087912087912045,-4.599999999999998,0.3000000000000007,-2.0999999999999943
2026-01-07,Virginia,California,1,24,9.074761904761914,-0.13809523809523228,3.152380952380952,1.2904761904761912,5.061904761904763,1.9190476190476176,5.199999999999999,5.3,-2.5
2026-01-10,Virginia,Stanford,1,15,12.537499999999994,-4.539999999999992,3.333333333333332,0.33750000000000036,2.229166666666666,4.3125,13.2,3.7,-0.29999999999999716
2026-01-13,Virginia,Louisville,-1,9,2.7875000000000085,0.6187499999999915,-6.0,-1.1875,1.0,-2.3125,6.000000000000002,-1.8000000000000007,-2.9000000000000057
2026-01-17,Virginia,SMU,-1,4,5.205882352941174,-7.57058823529411,7.0588235294117645,-0.882352941176471,2.4117647058823533,1.0588235294117645,0.40000000000000036,1.1999999999999993,-3.700000000000003
2026-01-24,Virginia,North Carolina,1,-5,6.568128654970749,-1.4453216374269147,2.8128654970760216,0.3947368421052637,2.821637426900585,-1.7485380116959064,13.4,-0.09999999999999964,-1.5999999999999943
2026-01-27,Virginia,Notre Dame,-1,3,14.309736842105266,-5.307105263157894,4.518421052631577,-0.5763157894736857,2.731578947368421,1.086842105263159,21.0,3.2,0.0
2026-01-31,Virginia,Boston College,-1,7,22.814999999999998,0.2750000000000199,2.849999999999998,0.40000000000000036,3.200000000000001,0.5,11.2,7.0,0.29999999999999716
2026-02-03,Virginia,Pittsburgh,1,20,13.335064935064935,-8.098701298701272,3.5974025974025956,-0.16666666666666607,1.4761904761904763,4.071428571428573,15.6,3.0999999999999996,2.9000000000000057
2026-02-07,Virginia,Syracuse,1,13,12.470948616600793,-2.5298418972332115,7.229249011857707,-0.553359683794465,3.8893280632411074,2.3656126482213438,11.2,3.0,-1.5999999999999943
2026-02-10,Virginia,Florida State,-1,3,12.386956521739137,-8.386956521739137,-4.652173913043477,-1.2173913043478262,1.3478260869565215,2.9565217391304337,5.199999999999999,2.0999999999999996,-3.799999999999997
2026-02-14,Virginia,Ohio State,0,4,2.3249999999999886,-8.366666666666674,5.416666666666668,0.20833333333333393,4.333333333333332,2.5833333333333357,8.799999999999999,-1.9000000000000004,0.7999999999999972
2026-02-18,Virginia,Georgia Tech,-1,26,16.604,-7.263076923076923,8.966153846153848,-2.023076923076923,3.706153846153846,-0.02153846153845862,24.4,7.2,-4.400000000000006
2026-02-21,Virginia,Miami (FL),1,3,2.1384615384615273,-1.7807692307692236,9.384615384615383,-0.42307692307692335,2.3846153846153832,0.73076923076923,10.0,1.1999999999999993,-1.4000000000000057
2026-02-24,Virginia,NC State,1,29,-0.22222222222221433,-5.566666666666677,1.6296296296296298,1.2592592592592595,3.7407407407407405,1.4444444444444464,11.4,0.3000000000000007,-2.0999999999999943
2026-02-28,Virginia,Duke,-1,-26,-1.6607142857142918,5.653571428571439,2.7142857142857153,0.035714285714286476,1.5714285714285712,-1.2142857142857153,-10.0,-4.199999999999999,1.0999999999999943
2026-03-12,Virginia,NC State,0,7,-1.0541330645161366,-8.989314516129042,1.6078629032258078,1.387096774193548,3.088709677419354,2.320564516129032,14.0,0.3000000000000007,-2.0999999999999943
2026-03-13,Virginia,Miami (FL),0,22,0.41875000000000284,-1.8187500000000085,9.4375,-0.6875,1.34375,1.28125,-4.6000000000000005,1.1999999999999993,-1.4000000000000057
2026-03-14,Virginia,Duke,0,-4,-3.345454545454544,6.300000000000011,2.3333333333333357,0.09090909090908994,0.8787878787878789,-1.5454545454545467,-14.200000000000001,-4.199999999999999,1.0999999999999943
2026-03-22,Virginia,Tennessee,0,-7,2.4461344537815393,-0.5747899159663774,8.673949579831934,-0.8344537815126039,-2.8647058823529417,-0.14957983193277258,-0.40000000000000036,-3.9000000000000004,-0.5
2025-11-16,Virginia Tech,Charlotte,1,8,11.633333333333326,-12.733333333333348,6.666666666666668,-3.333333333333334,0.0,8.666666666666664,19.333333333333332,8.4,4.200000000000003
2025-11-19,Virginia Tech,Bryant,1,17,36.849999999999994,-8.774999999999991,-1.5,-6.75,3.5,4.5,34.0,16.3,4.200000000000003
2025-11-26,Virginia Tech,Colorado State,0,2,-16.679999999999993,-17.58,-2.0,-2.000000000000001,3.1999999999999993,1.6000000000000014,3.0,4.7,5.800000000000011
2025-11-27,Virginia Tech,St. Mary's (CA),0,-11,-5.597619047619048,9.854761904761915,4.285714285714285,-2.4523809523809534,-0.7142857142857135,-0.5952380952380949,-13.000000000000002,2.1000000000000005,3.700000000000003
2025-11-28,Virginia Tech,VCU,0,-18,1.9571428571428555,0.3857142857142719,-3.5714285714285694,-4.571428571428571,0.14285714285714235,2.8571428571428577,0.0,2.3000000000000007,0.10000000000000853
2025-12-02,Virginia Tech,South Carolina,-1,3,-2.5428571428571445,1.2642857142857196,-5.357142857142858,-0.08928571428571352,2.053571428571429,-0.42857142857142705,-10.8,0.40000000000000036,1.2000000000000028
2025-12-06,Virginia Tech,George Mason,1,11,-8.433333333333337,7.155555555555566,4.888888888888889,-2.666666666666668,1.4444444444444446,0.0,-19.0,7.1000000000000005,5.1000000000000085
2025-12-14,Virginia Tech,Maryland Eastern Shore,1,29,18.91493506493508,-5.960389610389612,5.649350649350648,-5.876623376623378,1.2077922077922079,2.071428571428573,8.0,18.0,4.1000000000000085
2025-12-20,Virginia Tech,Elon,1,1,-5.278030303030306,-9.659090909090907,-3.757575757575758,-1.25,-2.75,1.7045454545454533,6.6000000000000005,11.4,0.7000000000000028
2025-12-31,Virginia Tech,Virginia,1,10,-13.078846153846158,3.257051282051279,-3.03846153846154,-0.6666666666666661,-3.0705128205128194,-1.3076923076923066,-8.400000000000002,-2.5999999999999996,1.9000000000000057
2026-01-07,Virginia Tech,Stanford,1,-1,1.8266666666666822,0.13999999999998636,-0.6000000000000014,-0.2666666666666657,-0.2666666666666675,2.599999999999998,5.800000000000001,1.1000000000000005,1.6000000000000085
2026-01-10,Virginia Tech,California,1,3,-0.3187499999999943,2.4750000000000085,-0.8125,0.8125,2.6875,0.6875,2.8,2.7,-0.5999999999999943
2026-01-14,Virginia Tech,SMU,-1,-1,-4.82352941176471,-1.7485294117647072,2.257352941176471,-1.555147058823529,0.16544117647058876,-1.1139705882352935,-11.4,-1.4000000000000004,-1.7999999999999972
2026-01-17,Virginia Tech,Notre Dame,1,13,4.321568627450972,0.9147058823529619,0.4640522875816977,-1.640522875816993,1.0359477124183005,-1.6307189542483655,6.4,0.6000000000000005,1.9000000000000057
2026-01-21,Virginia Tech,Syracuse,-1,2,5.0070175438596465,5.67690058479532,3.116959064327485,-1.333333333333334,1.5964912280701764,-0.30994152046783796,-1.4,0.40000000000000036,0.30000000000001137
2026-01-24,Virginia Tech,Louisville,-1,-14,-8.103333333333339,6.317777777777778,-10.338888888888885,-1.1111111111111107,-1.1833333333333336,-3.9055555555555586,-2.8,-4.4,-1.0
2026-01-27,Virginia Tech,Georgia Tech,1,6,9.784047619047612,2.564047619047628,5.157142857142858,-2.654761904761905,1.1452380952380956,-3.2261904761904745,11.2,4.6000000000000005,-2.5
2026-01-31,Virginia Tech,Duke,1,-14,-9.556818181818187,10.654090909090911,-2.5090909090909115,-1.1500000000000004,-0.8181818181818183,-3.2954545454545467,-19.6,-6.799999999999999,3.0
2026-02-07,Virginia Tech,NC State,-1,-9,-9.391304347826079,1.22173913043477,-3.3478260869565197,0.695652173913043,1.304347826086957,-1.0434782608695663,-11.8,-2.299999999999999,-0.19999999999998863
2026-02-11,Virginia Tech,Clemson,-1,10,-3.5541666666666742,7.512499999999989,0.1666666666666643,1.041666666666666,1.9166666666666679,-1.8333333333333357,-14.8,-2.0999999999999996,4.5
2026-02-14,Virginia Tech,Florida State,1,-23,3.8343333333333334,-1.9975000000000023,-8.920000000000002,-1.0516666666666659,-1.2833333333333332,0.7899999999999991,-5.6,-0.5,-1.8999999999999915
2026-02-17,Virginia Tech,Miami (FL),-1,-1,-5.939999999999998,6.7024615384615345,4.646153846153847,-0.8076923076923084,-0.5476923076923086,-2.2323076923076925,-10.8,-1.4000000000000004,0.5
2026-02-28,Virginia Tech,North Carolina,-1,-7,-2.6107142857142804,4.432142857142864,-1.1428571428571423,0.5714285714285712,0.4642857142857153,-3.2857142857142847,-0.20000000000000007,-2.6999999999999993,0.30000000000001137
2026-03-03,Virginia Tech,Boston College,1,9,13.110344827586204,2.2931034482758577,-0.9655172413793096,-0.2758620689655178,0.5517241379310338,-1.5172413793103452,12.4,4.4,2.200000000000003
2026-03-07,Virginia Tech,Virginia,-1,-4,-6.006666666666661,7.033333333333331,-4.733333333333334,-0.43333333333333357,-2.5,-2.7666666666666657,-8.0,-2.5999999999999996,1.9000000000000057
2025-11-16,Wagner,UMBC,-1,-1,-9.800000000000011,14.799999999999997,-3.333333333333332,-0.3333333333333339,2.333333333333333,-4.0,-18.333333333333332,-0.4999999999999991,-0.20000000000000284
2025-11-22,Wagner,Georgetown,-1,-17,-17.849999999999994,11.049999999999983,0.5,7.25,-0.75,-2.5,-21.0,-16.7,-1.2000000000000028
2025-11-26,Wagner,Manhattan,-1,2,-15.766666666666666,-6.063333333333333,0.13333333333333286,2.9000000000000004,-0.6666666666666661,0.16666666666666785,7.0,-1.299999999999999,-2.200000000000003
2025-12-02,Wagner,Maryland,-1,-26,-2.17083333333332,6.54583333333332,-4.916666666666668,0.5416666666666661,0.3333333333333339,0.41666666666666785,5.6,-17.4,-0.7000000000000028
2025-12-17,Wagner,Maryland Eastern Shore,1,14,8.973333333333343,-1.6511111111111063,3.6222222222222236,1.044444444444446,2.155555555555557,4.888888888888889,20.599999999999998,1.4000000000000004,0.7999999999999972
2026-01-02,Wagner,Chicago State,-1,7,11.16993006993006,-14.430069930069934,5.783216783216783,2.2727272727272734,2.0979020979020984,6.734265734265733,22.799999999999997,-1.8999999999999995,-0.10000000000000853
2026-01-04,Wagner,Stonehill,1,-9,10.354761904761915,0.5761904761904759,-1.071428571428573,-0.17857142857142883,1.3214285714285712,-0.5357142857142847,22.4,0.3000000000000007,-1.2000000000000028
2026-01-08,Wagner,Saint Francis (PA),1,-2,10.055897435897435,-11.114871794871789,-2.374358974358973,0.7948717948717956,2.0153846153846153,4.292307692307695,26.4,0.20000000000000107,-3.700000000000003
2026-01-10,Wagner,Mercyhurst,1,-1,4.290178571428584,2.785714285714292,3.0178571428571423,3.678571428571429,2.7857142857142865,4.491071428571427,3.0000000000000004,-0.1999999999999993,0.7999999999999972
2026-01-17,Wagner,New Haven,-1,-6,6.9388235294117635,0.8192156862745037,0.0117647058823529,2.627450980392158,2.674509803921568,3.466666666666665,13.4,0.7000000000000011,3.3999999999999915
2026-01-19,Wagner,FDU,-1,-7,5.089583333333337,0.17152777777778283,-7.256944444444443,1.5069444444444446,0.4791666666666661,2.166666666666668,-1.0000000000000002,0.6000000000000014,1.7999999999999972
2026-01-23,Wagner,Le Moyne,-1,-2,-1.0594427244582079,0.7733746130030994,-1.4489164086687332,0.8606811145510829,2.832817337461301,0.4643962848297214,-9.6,-0.5999999999999996,-2.4000000000000057
2026-01-29,Wagner,Central Connecticut State,1,-7,-5.973099415204686,0.6178362573099463,1.0584795321637408,3.269005847953215,2.280701754385966,0.1257309941520468,-1.2000000000000002,0.10000000000000142,1.1999999999999886
2026-01-31,Wagner,FDU,1,3,2.345933014354074,0.10287081339710369,-6.215311004784688,1.698564593301434,0.09569377990430539,1.9688995215310996,-3.8,0.6000000000000014,1.7999999999999972
2026-02-05,Wagner,Le Moyne,1,1,-0.17499999999999716,0.965869565217389,-1.071739130434782,0.3826086956521735,2.8282608695652174,0.06956521739130395,-1.4,-0.5999999999999996,-2.4000000000000057
2026-02-07,Wagner,Central Connecticut State,-1,-17,-5.139393939393926,0.7898268398268442,0.6926406926406905,2.6645021645021636,2.324675324675324,-0.18398268398268414,0.6000000000000001,0.10000000000000142,1.1999999999999886
2026-02-12,Wagner,LIU,1,-10,-0.3662878787878867,4.189772727272725,4.208333333333332,-0.587121212121211,-1.0757575757575744,1.5416666666666679,-16.0,-2.799999999999999,-2.0
2026-02-14,Wagner,Stonehill,-1,11,8.418394648829434,5.834448160535118,-1.1036789297658878,-0.5066889632107028,1.1204013377926412,-2.0551839464882953,-1.2000000000000002,0.3000000000000007,-1.2000000000000028
2026-02-16,Wagner,LIU,-1,-18,-0.35961538461539533,4.116666666666674,4.246794871794872,-0.6602564102564106,-0.634615384615385,1.2371794871794854,-10.4,-2.799999999999999,-2.0
2026-02-19,Wagner,Mercyhurst,-1,3,0.8146666666666675,6.317925925925934,2.1792592592592612,3.5199999999999996,2.616296296296297,1.6844444444444413,-9.8,-0.1999999999999993,0.7999999999999972
2026-02-21,Wagner,Saint Francis (PA),-1,9,3.7776353276353234,-6.812393162393164,-2.6381766381766383,0.35754985754985746,1.7905982905982913,2.866096866096864,0.0,0.20000000000000107,-3.700000000000003
2026-02-26,Wagner,New Haven,1,3,3.5809706257982157,2.3715197956577327,-0.4137931034482776,2.499361430395913,3.5747126436781613,2.1711366538952745,-3.4,0.7000000000000011,3.3999999999999915
2026-02-28,Wagner,Chicago State,1,19,6.35642857142858,-6.079523809523792,2.80952380952381,2.835714285714287,2.276190476190476,4.545238095238094,2.4000000000000004,-1.8999999999999995,-0.10000000000000853
2026-03-04,Wagner,Central Connecticut State,-1,10,-6.096551724137925,-0.7620689655172583,1.2068965517241388,2.4827586206896566,2.413793103448275,0.06896551724138078,4.2,0.10000000000000142,1.1999999999999886
2026-03-07,Wagner,LIU,-1,-8,-2.3695833333333383,2.1777083333333422,4.287500000000001,-0.5104166666666661,-0.27708333333333357,2.0874999999999986,3.000000000000001,-2.799999999999999,-2.0
2025-11-16,Wake Forest,UMass Lowell,1,34,4.099999999999994,-18.658333333333346,10.166666666666668,-0.25,5.083333333333334,7.75,17.416666666666664,16.0,1.1000000000000085
2025-11-20,Wake Forest,Texas Tech,0,-1,-10.150000000000006,-5.700000000000003,-3.25,3.0,-1.25,2.25,-2.25,-5.9,2.0
2025-11-21,Wake Forest,Memphis,0,1,9.134999999999991,-14.524999999999991,5.199999999999999,-1.0999999999999996,1.9499999999999993,5.600000000000001,18.15,4.300000000000001,-2.3999999999999915
2025-11-25,Wake Forest,Campbell,1,48,2.5500000000000114,-7.75,8.0,-2.833333333333332,1.5,-0.5,-0.5999999999999996,9.3,0.20000000000000284
2025-11-28,Wake Forest,Northeastern,1,13,10.966666666666654,-9.659523809523805,8.23809523809524,-0.8809523809523796,2.6904761904761916,3.738095238095241,15.6,10.4,0.29999999999999716
2025-12-02,Wake Forest,Oklahoma,1,-18,-7.064285714285717,-10.950000000000003,-2.428571428571427,3.1607142857142865,0.07142857142857117,2.3392857142857153,6.199999999999999,-2.9000000000000004,0.4000000000000057
2025-12-14,Wake Forest,Queens (NC),1,38,-5.210000000000022,-18.269999999999996,-2.799999999999997,0.40000000000000036,1.3999999999999986,-0.6999999999999993,5.0,11.7,-1.2000000000000028
2025-12-17,Wake Forest,Longwood,1,3,10.568181818181799,-6.044696969696972,9.803030303030305,-2.5606060606060606,0.9015151515151523,-0.0378787878787854,13.4,14.5,-1.2000000000000028
2025-12-21,Wake Forest,Vanderbilt,1,-31,-8.872727272727289,1.5750000000000028,-2.3939393939393945,1.5303030303030294,0.962121212121211,-3.969696969696969,-6.4,-5.199999999999999,-1.0999999999999943
2025-12-31,Wake Forest,NC State,-1,-13,-9.707692307692312,-0.4076923076923151,-1.6923076923076934,1.7692307692307683,1.153846153846155,-2.9230769230769234,-20.0,-2.299999999999999,0.10000000000000853
2026-01-03,Wake Forest,Virginia Tech,1,3,-3.0214285714285722,0.13571428571430033,3.3571428571428577,2.5,-0.14285714285714235,-1.9285714285714306,-13.4,0.0,0.29999999999999716
2026-01-07,Wake Forest,Miami (FL),1,-4,-10.81619047619047,6.7933333333333366,6.219047619047618,0.519047619047619,-1.166666666666666,-3.5285714285714285,-22.2,-1.4000000000000004,0.7999999999999972
2026-01-10,Wake Forest,North Carolina,-1,-3,-4.226249999999993,7.08208333333333,0.9624999999999986,1.8833333333333329,-0.2624999999999993,-6.591666666666665,-21.8,-2.6999999999999993,0.6000000000000085
2026-01-17,Wake Forest,Florida State,-1,1,1.9647058823529449,-5.205882352941174,-7.7058823529411775,-0.47058823529411775,-1.9411764705882337,0.23529411764706154,-0.5999999999999996,-0.5,-1.5999999999999943
2026-01-20,Wake Forest,SMU,1,-12,-6.677777777777763,-2.2333333333333343,6.666666666666664,0.3333333333333339,-0.5,-3.166666666666668,-3.2,-1.4000000000000004,-1.5
2026-01-24,Wake Forest,Duke,-1,-21,-10.257309941520461,11.097660818713436,0.690058479532162,0.03216374269005762,-1.026315789473685,-5.508771929824562,-16.4,-6.799999999999999,3.299999999999997
2026-01-27,Wake Forest,Pittsburgh,-1,-4,0.875,-2.674999999999997,3.900000000000002,0.8000000000000007,-1.4000000000000004,-0.9499999999999993,0.39999999999999947,0.5,5.1000000000000085
2026-01-31,Wake Forest,NC State,1,-18,-10.319047619047609,4.061904761904771,0.5238095238095255,1.904761904761905,0.04761904761904745,-3.1428571428571423,-22.4,-2.299999999999999,0.10000000000000853
2026-02-07,Wake Forest,Louisville,1,-8,-8.87272727272726,8.88181818181819,-6.5,-0.1363636363636367,-2.2272727272727284,-6.045454545454543,-20.6,-4.4,-0.7000000000000028
2026-02-11,Wake Forest,Georgia Tech,-1,16,7.665579710144939,4.076992753623202,8.507246376811594,-1.5,0.1213768115942031,-5.168478260869566,0.20000000000000107,4.6000000000000005,-2.200000000000003
2026-02-14,Wake Forest,Stanford,1,5,1.600833333333341,2.1926666666666677,1.0883333333333312,0.836666666666666,-1.0500000000000007,0.011666666666666714,-9.0,1.1000000000000005,1.9000000000000057
2026-02-18,Wake Forest,Clemson,1,8,-2.5593846153846016,9.141076923076923,3.0692307692307708,1.8415384615384625,0.5215384615384622,-3.1076923076923073,-4.2,-2.0999999999999996,4.799999999999997
2026-02-21,Wake Forest,Virginia Tech,-1,-19,0.07948717948717388,1.5605413105413248,2.9116809116809144,0.6965811965811977,-1.1310541310541318,-1.6225071225071197,8.0,0.0,0.29999999999999716
2026-02-25,Wake Forest,Boston College,-1,-1,11.585185185185168,4.696296296296296,1.962962962962962,0.6666666666666661,-0.44444444444444464,-3.1111111111111107,11.4,4.4,2.5
2026-02-28,Wake Forest,Syracuse,1,5,3.049999999999997,3.757142857142867,5.642857142857142,-0.35714285714285765,0.25,-1.75,12.8,0.40000000000000036,0.6000000000000085
2026-03-03,Wake Forest,Virginia,-1,-5,-6.817241379310346,10.0,-1.9655172413793096,0.1034482758620694,-3.1724137931034484,-4.241379310344829,-7.6000000000000005,-2.5999999999999996,2.200000000000003
2026-03-07,Wake Forest,California,1,7,1.9599999999999937,6.876666666666665,1.7666666666666657,0.5999999999999996,1.666666666666666,-2.966666666666665,-5.6,2.7,-0.29999999999999716
2026-03-10,Wake Forest,Virginia Tech,0,6,-0.6322580645161224,2.4387096774193537,2.225806451612904,0.4516129032258078,-0.741935483870968,-1.0645161290322562,-5.800000000000001,0.0,0.29999999999999716
2026-03-11,Wake Forest,Clemson,0,-9,-0.8648185483870918,8.767943548387095,2.219758064516128,1.3125,0.690524193548387,-2.523185483870968,4.2,-2.0999999999999996,4.799999999999997
2026-03-18,Wake Forest,Navy,1,10,-1.539393939393932,13.133333333333326,7.787878787878789,-0.42424242424242387,-0.8181818181818183,-3.333333333333332,-12.2,14.3,4.400000000000006
2026-03-22,Wake Forest,Illinois State,1,-3,0.700267379679147,8.404901960784315,1.4491978609625669,-0.07397504456328008,0.13279857397504458,-3.4634581105169353,3.0,6.2,2.700000000000003
2025-11-18,Washington,Southern,1,6,-4.1000000000000085,-3.2249999999999943,-0.5,-1.75,1.25,-1.25,-4.5,16.9,-3.4000000000000057
2025-11-27,Washington,Nevada,0,17,3.490000000000009,-7.720000000000013,2.1000000000000014,1.0666666666666664,2.0,3.366666666666667,13.4,5.4,1.0999999999999943
2025-11-28,Washington,Colorado,0,-13,-10.433333333333323,-12.533333333333346,3.1666666666666643,2.5,3.5,3.8333333333333357,-5.6,2.200000000000001,-2.4000000000000057
2025-12-03,Washington,UCLA,1,-2,0.8857142857142861,7.371428571428567,1.0,-0.571428571428573,4.0,3.5714285714285694,-13.4,-1.799999999999999,2.200000000000003
2025-12-06,Washington,Southern California,-1,8,-5.75,-0.20000000000000284,-0.75,-1.0,1.25,0.75,-0.7999999999999998,1.200000000000001,-3.799999999999997
2025-12-13,Washington,Southern Utah,1,36,8.5060606060606,-4.339393939393929,-4.292929292929294,-1.979797979797981,3.242424242424242,0.959595959595962,-13.600000000000001,13.0,-2.6000000000000085
2025-12-19,Washington,Seattle,-1,-4,1.1327272727272515,8.100000000000009,1.0272727272727273,-2.2545454545454557,3.118181818181819,2.5545454545454547,-13.600000000000001,9.5,-0.4000000000000057
2025-12-22,Washington,San Diego,1,30,7.200000000000003,-7.881818181818161,-6.181818181818183,-1.8181818181818183,3.0909090909090917,7.454545454545453,9.6,11.700000000000001,-0.6000000000000085
2025-12-29,Washington,Utah,1,9,0.125,-10.475000000000009,-3.5,-0.33333333333333215,3.833333333333332,3.25,10.399999999999999,2.7,0.0
2026-01-04,Washington,Indiana,-1,-10,-5.038461538461533,5.007692307692324,-9.076923076923077,0.4615384615384617,3.9230769230769242,1.0769230769230802,3.6000000000000014,-1.0999999999999996,1.2999999999999972
2026-01-07,Washington,Purdue,-1,-8,-11.80714285714285,3.742857142857133,-4.285714285714285,0.6428571428571441,-0.07142857142857117,0.35714285714285765,-14.400000000000002,-5.0,3.700000000000003
2026-01-11,Washington,Ohio State,1,7,-5.079999999999998,0.653333333333336,-2.2666666666666657,0.13333333333333286,3.1999999999999993,0.5333333333333314,-4.4,-2.5,1.5999999999999943
2026-01-14,Washington,Michigan,1,-10,-8.607916666666654,13.316249999999997,-6.837499999999999,-1.75,1.1374999999999993,-5.666666666666668,-18.799999999999997,-6.700000000000001,-3.1000000000000085
2026-01-17,Washington,Michigan State,1,-17,-1.2470588235294144,9.805882352941182,-0.23529411764706154,-1.8235294117647047,-1.0,-2.588235294117645,-17.4,-3.799999999999999,1.3999999999999915
2026-01-21,Washington,Nebraska,-1,-10,-5.894444444444446,9.25,-9.666666666666664,1.6111111111111107,2.333333333333332,-1.277777777777775,-20.6,-2.4000000000000004,1.7999999999999972
2026-01-25,Washington,Oregon,1,15,4.631578947368425,-3.4263157894736764,-4.578947368421051,-1.94736842105263,-0.5789473684210531,2.473684210526315,7.200000000000001,1.0999999999999996,2.0
2026-01-29,Washington,Illinois,-1,-9,-14.525000000000006,2.7249999999999943,-9.55,0.8499999999999996,-1.1999999999999993,-1.8999999999999986,-13.4,-4.699999999999999,2.3999999999999915
2026-01-31,Washington,Northwestern,-1,14,-2.423809523809524,-1.452380952380949,1.2857142857142847,2.0476190476190474,2.7619047619047628,2.523809523809522,-4.2,-0.1999999999999993,3.0
2026-02-04,Washington,Iowa,1,-10,-8.93896103896104,6.448051948051955,-0.5844155844155843,0.5129870129870131,3.4264069264069263,4.504329004329005,-8.4,-2.6999999999999993,6.0
2026-02-07,Washington,UCLA,-1,-4,-4.5,2.6173913043478194,1.0434782608695663,1.3913043478260878,2.2608695652173925,2.782608695652172,-11.2,-1.799999999999999,2.200000000000003
2026-02-11,Washington,Penn State,1,-3,-0.17499999999998295,-10.758333333333326,-1.625,1.041666666666666,3.124999999999999,4.791666666666668,14.799999999999999,3.8000000000000007,1.5999999999999943
2026-02-14,Washington,Minnesota,1,12,2.358166666666648,0.3946666666666516,-3.9066666666666663,0.39833333333333343,3.131666666666667,1.754999999999999,3.0000000000000004,1.700000000000001,4.8999999999999915
2026-02-21,Washington,Maryland,-1,-4,7.115384615384613,-8.773076923076928,-5.7307692307692335,-1.2307692307692317,0.42307692307692335,2.3076923076923066,6.3999999999999995,1.200000000000001,1.5
2026-02-24,Washington,Rutgers,-1,7,7.24444444444444,-6.703703703703695,0.07407407407407618,0.18518518518518512,0.3333333333333339,2.7777777777777786,6.0,3.3000000000000007,1.0999999999999943
2026-03-04,Washington,Southern California,1,19,2.1931034482758776,0.3758620689655032,0.724137931034484,-1.931034482758621,0.2413793103448274,0.3103448275862064,14.6,1.200000000000001,-3.799999999999997
2026-03-07,Washington,Oregon,-1,-6,6.460000000000008,-4.326666666666668,-3.8000000000000007,-1.166666666666666,0.5333333333333332,2.0,9.2,1.0999999999999996,2.0
2026-03-11,Washington,Southern California,0,4,3.2290322580645068,-0.8451612903225794,1.1935483870967758,-1.8064516129032242,0.5806451612903221,0.48387096774193594,14.8,1.200000000000001,-3.799999999999997
2025-11-14,Washington State,Washington,1,-12,-2.433333333333337,23.066666666666663,3.333333333333332,0.0,-6.666666666666666,-4.0,-19.0,-8.100000000000001,0.20000000000000284
2025-11-19,Washington State,Southern Utah,1,24,13.284999999999997,4.484999999999985,0.3000000000000007,-4.699999999999999,-2.9000000000000004,-2.6499999999999986,6.800000000000001,4.9,-2.4000000000000057
2025-11-25,Washington State,Arizona State,0,-6,7.383333333333326,15.149999999999991,3.833333333333332,2.166666666666666,0.8333333333333339,0.8333333333333357,-2.5999999999999996,-7.8999999999999995,-2.0999999999999943
2025-11-26,Washington State,Seton Hall,0,-14,3.785714285714292,25.685714285714283,7.285714285714285,2.7142857142857135,-1.5714285714285712,0.0,-9.2,-6.2,2.200000000000003
2025-12-02,Washington State,Bradley,-1,-4,3.8375000000000057,13.162500000000009,0.375,1.625,1.375,1.75,-5.199999999999999,1.6999999999999997,-0.5999999999999943
2025-12-07,Washington State,Nevada,1,-14,0.5222222222222115,8.855555555555554,6.333333333333336,3.8888888888888893,-2.1111111111111107,0.11111111111111072,-1.7999999999999998,-2.7,1.2999999999999972
2025-12-14,Washington State,Southern California,-1,-7,-7.549999999999997,11.300000000000011,3.400000000000002,0.5,-1.4000000000000004,-1.5,-11.6,-6.8999999999999995,-3.5999999999999943
2025-12-17,Washington State,Eastern Washington,0,15,-0.052727272727253194,-1.7627272727272896,3.6090909090909093,-0.5909090909090917,-0.6909090909090905,1.1909090909090914,-5.0,3.3,-0.5999999999999943
2025-12-20,Washington State,Mercer,1,6,-2.2825757575757564,8.318939393939388,-1.924242424242422,2.1818181818181817,-2.454545454545455,0.21969696969696884,-13.399999999999999,5.4,-0.7000000000000028
2025-12-28,Washington State,Portland,-1,5,0.9846153846153811,1.3538461538461632,5.692307692307693,-1.8461538461538467,-0.76923076923077,-0.76923076923077,6.8,2.9,-1.5
2025-12-30,Washington State,Seattle,-1,-14,-3.450000000000003,15.449999999999989,4.285714285714285,0.9285714285714288,-1.8571428571428568,0.571428571428573,-10.0,1.4,-0.20000000000000284
2026-01-02,Washington State,Loyola Marymount,1,2,-5.893333333333345,11.766666666666666,-0.7333333333333343,2.2666666666666675,-0.13333333333333286,0.7333333333333343,-10.0,2.5,0.0
2026-01-04,Washington State,Oregon State,1,14,0.48125000000000284,-1.9749999999999943,-0.1875,1.25,1.6875,2.875,16.4,0.7999999999999998,1.9000000000000057
2026-01-10,Washington State,St. Mary's (CA),-1,-6,-11.447058823529403,12.423529411764704,5.352941176470587,2.7647058823529402,-2.4117647058823533,-1.0,-12.4,-4.0,2.799999999999997
2026-01-15,Washington State,Gonzaga,1,-21,-15.316666666666677,17.505555555555546,4.944444444444443,2.7222222222222214,-2.7222222222222214,-2.555555555555557,-20.0,-7.3999999999999995,-1.5
2026-01-18,Washington State,San Francisco,-1,-5,-2.4181578947368365,9.004210526315788,-1.7947368421052623,2.2131578947368418,-1.0736842105263147,-1.336842105263159,-8.8,-0.20000000000000018,1.2999999999999972
2026-01-21,Washington State,San Diego,-1,-4,1.9599999999999795,3.3149999999999977,-1.3000000000000007,0.29999999999999893,0.0,3.8500000000000014,-7.2,3.5999999999999996,-0.4000000000000057
2026-01-24,Washington State,Pepperdine,1,16,8.685714285714269,1.7142857142857224,2.428571428571427,0.8095238095238102,-0.7142857142857135,2.6190476190476204,8.6,4.199999999999999,-1.2999999999999972
2026-01-28,Washington State,Seattle,1,12,5.049999999999997,16.531818181818196,3.4545454545454533,1.045454545454545,0.1363636363636367,0.6818181818181834,-1.0,1.4,-0.20000000000000284
2026-01-31,Washington State,Portland,1,30,4.3999999999999915,1.2478260869565219,4.391304347826086,0.0,-0.13043478260869534,0.695652173913043,2.4,2.9,-1.5
2026-02-04,Washington State,Oregon State,-1,-10,6.7124999999999915,0.04583333333333428,1.625,1.125,1.666666666666667,1.5,17.0,0.7999999999999998,1.9000000000000057
2026-02-07,Washington State,Santa Clara,1,-4,-7.164000000000016,10.920000000000002,-3.3999999999999986,1.6799999999999997,-3.24,2.0400000000000027,-7.399999999999999,-4.3,-0.7999999999999972
2026-02-10,Washington State,Gonzaga,-1,-30,-9.897999999999996,18.499692307692314,6.093846153846155,3.0492307692307694,-2.8599999999999994,-2.263076923076923,-0.5999999999999996,-7.3999999999999995,-1.5
2026-02-18,Washington State,Pacific,1,17,-1.1189153439153472,10.003306878306887,5.556878306878307,0.7883597883597879,-1.2394179894179906,-1.9510582010582027,-2.0,1.4,2.5999999999999943
2026-02-21,Washington State,St. Mary's (CA),1,-16,-6.324999999999989,15.628571428571433,5.321428571428569,2.571428571428571,-2.3571428571428577,-2.821428571428573,-18.0,-4.0,2.799999999999997
2026-02-25,Washington State,Loyola Marymount,-1,-1,3.1379310344827616,8.324137931034485,1.5172413793103452,1.3793103448275872,0.4827586206896557,-0.06896551724138078,-15.399999999999999,2.5,0.0
2026-02-28,Washington State,Pepperdine,-1,-9,7.663333333333341,-1.9266666666666623,2.5666666666666664,0.8000000000000007,-0.7333333333333343,2.4333333333333336,0.40000000000000036,4.199999999999999,-1.2999999999999972
2026-03-06,Washington State,Portland,0,-6,5.77872983870968,1.270967741935479,5.359879032258064,-0.347782258064516,0.22681451612903203,0.5655241935483879,0.0,2.9,-1.5
2025-11-15,Weber State,UC Irvine,-1,-9,-13.0,10.833333333333329,12.0,1.0,0.0,3.0,-18.666666666666668,-1.7999999999999998,-1.1000000000000085
2025-11-19,Weber State,Campbell,1,6,0.5250000000000057,-12.349999999999994,5.5,-2.25,3.25,6.5,12.0,-2.4,0.7999999999999972
2025-11-22,Weber State,UT Arlington,1,-1,4.506666666666689,11.439999999999998,7.366666666666667,-3.5999999999999996,-0.4666666666666668,4.199999999999999,3.1999999999999993,-1.7999999999999998,3.0999999999999943
2025-11-29,Weber State,Kansas City,1,21,18.90000000000002,-15.449999999999989,3.1666666666666643,-1.5,3.333333333333334,7.166666666666668,17.0,4.8,-1.0
2025-12-03,Weber State,Oral Roberts,1,26,8.165079365079364,-12.768253968253973,-4.6507936507936485,-2.5396825396825395,2.984126984126984,7.507936507936506,5.4,1.9000000000000004,0.8999999999999915
2025-12-07,Weber State,St. Thomas,-1,-23,6.429999999999993,-7.695000000000007,-4.975000000000001,2.7249999999999996,7.375,5.524999999999999,2.5999999999999996,0.30000000000000027,1.2000000000000028
2025-12-10,Weber State,Kansas City,-1,4,19.41111111111111,-15.644444444444446,3.7777777777777786,-1.5555555555555554,2.5555555555555554,7.555555555555557,26.400000000000002,4.8,-1.0
2025-12-17,Weber State,Utah Valley,-1,-16,-3.2918181818181864,6.909999999999997,1.5363636363636353,-1.2636363636363637,1.7727272727272734,1.8818181818181827,-7.199999999999999,-2.3,0.29999999999999716
2025-12-20,Weber State,Utah Tech,1,-2,1.0212121212121161,0.8583333333333343,-3.083333333333332,0.22727272727272663,1.878787878787879,1.4469696969696955,-13.999999999999998,-0.8999999999999999,1.0
2026-01-01,Weber State,Portland State,1,-5,2.4923076923077048,3.848251748251741,-0.48951048951049003,-0.35664335664335667,0.5174825174825166,1.44055944055944,-6.0,-0.19999999999999973,0.7000000000000028
2026-01-03,Weber State,Sacramento State,1,13,9.745604395604403,-5.42307692307692,-2.3846153846153832,0.20879120879120983,0.9175824175824179,1.3461538461538467,17.6,-0.09999999999999964,-1.7000000000000028
2026-01-08,Weber State,Northern Arizona,-1,13,7.653333333333322,-4.320000000000022,2.0666666666666664,0.8666666666666671,2.7333333333333343,4.400000000000002,3.1999999999999997,1.7000000000000002,5.599999999999994
2026-01-10,Weber State,Northern Colorado,-1,5,-5.418750000000003,-4.71875,-6.625,0.625,2.5,1.0625,14.0,0.0,-0.6000000000000085
2026-01-15,Weber State,Eastern Washington,1,11,6.248161764705884,-14.843014705882368,-0.716911764705884,-0.7904411764705888,1.0220588235294112,5.985294117647058,24.6,-2.3,1.2000000000000028
2026-01-17,Weber State,Idaho,1,-8,-0.9375816993463957,-2.8640522875817,-8.140522875816995,1.3692810457516327,1.431372549019608,1.7614379084967347,9.200000000000001,-0.8999999999999999,1.0
2026-01-22,Weber State,Montana,-1,-16,0.4105263157894825,-0.2631578947368638,-1.94736842105263,-1.3684210526315788,4.842105263157896,-0.7368421052631575,0.5999999999999996,-0.2999999999999998,-0.20000000000000284
2026-01-24,Weber State,Montana State,-1,-3,-3.4849999999999994,1.0300000000000011,-5.950000000000003,2.299999999999999,2.4000000000000004,3.1999999999999993,-4.4,-1.4999999999999998,3.200000000000003
2026-01-31,Weber State,Idaho State,1,2,-0.6904761904761898,-5.980952380952388,-3.095238095238095,1.0476190476190474,0.4285714285714288,4.0476190476190474,3.5999999999999996,0.6000000000000001,4.0
2026-02-02,Weber State,Sacramento State,-1,-14,7.195021645021626,-5.237012987013003,-2.4761904761904745,0.6363636363636367,1.1168831168831161,0.9653679653679639,-1.9999999999999998,-0.09999999999999964,-1.7000000000000028
2026-02-05,Weber State,Northern Colorado,1,-14,-2.9521739130434668,-1.717391304347828,-6.434782608695652,0.39130434782608603,2.217391304347826,-0.608695652173914,-7.3999999999999995,0.0,-0.6000000000000085
2026-02-07,Weber State,Northern Arizona,1,19,4.3374999999999915,-6.0874999999999915,1.2916666666666679,1.041666666666666,3.333333333333333,3.6666666666666643,-3.5999999999999996,1.7000000000000002,5.599999999999994
2026-02-12,Weber State,Idaho,-1,11,1.62233333333333,2.582499999999996,-7.995000000000001,0.6150000000000002,2.1033333333333335,-0.17999999999999972,-0.8,-0.8999999999999999,1.0
2026-02-14,Weber State,Eastern Washington,-1,-18,3.538461538461547,-8.160461538461547,0.09076923076922938,-0.9615384615384617,1.10923076923077,3.9800000000000004,-1.8,-2.3,1.2000000000000028
2026-02-19,Weber State,Montana State,1,3,-1.1881766381766283,3.5166666666666657,-5.833333333333332,1.3874643874643873,1.766381766381766,2.029914529914528,-4.2,-1.4999999999999998,3.200000000000003
2026-02-21,Weber State,Montana,1,20,2.99060846560846,4.367724867724874,-2.0198412698412724,-2.735449735449736,4.436507936507936,-1.7142857142857153,5.2,-0.2999999999999998,-0.20000000000000284
2026-02-28,Weber State,Idaho State,-1,10,1.2206896551724213,-6.596551724137925,-2.862068965517242,0.206896551724137,0.5172413793103452,3.655172413793103,13.4,0.6000000000000001,4.0
2026-03-02,Weber State,Portland State,-1,-24,6.214523809523797,7.939285714285717,0.004761904761906521,-1.1595238095238098,0.954761904761904,0.007142857142856229,12.2,-0.19999999999999973,0.7000000000000028
2026-03-09,Weber State,Eastern Washington,0,-5,0.5645161290322562,-5.099999999999994,0.2903225806451637,-1.0,1.419354838709678,3.2258064516129004,-13.200000000000001,-2.3,1.2000000000000028
2025-11-14,West Georgia,The Citadel,1,8,-9.63333333333334,2.4666666666666828,-10.666666666666668,5.0,-2.333333333333334,0.0,-7.333333333333334,0.20000000000000018,5.299999999999997
2025-11-17,West Georgia,Tennessee Tech,-1,2,-0.4749999999999943,23.77499999999999,-7.5,-4.0,-3.0,-3.0,-18.5,1.0999999999999996,3.299999999999997
2025-11-21,West Georgia,USC Upstate,1,8,-8.370000000000005,14.079999999999984,-2.666666666666668,0.8333333333333339,-1.0666666666666664,-2.5,-22.2,-0.5,0.7000000000000028
2025-11-23,West Georgia,Georgia Tech,-1,-16,11.949999999999989,24.150000000000006,-2.9333333333333336,-3.0666666666666664,0.36666666666666536,-3.7333333333333307,-1.2000000000000002,-10.3,-0.9000000000000057
2025-12-01,West Georgia,Troy,-1,4,-6.75873015873016,4.814285714285717,-9.650793650793648,-1.4761904761904763,-1.2857142857142865,-1.253968253968253,-2.5999999999999996,-5.0,1.5999999999999943
2025-12-06,West Georgia,Tennessee Tech,1,-28,1.7124999999999915,0.16111111111112564,-4.777777777777779,-3.9027777777777786,1.291666666666666,-0.15277777777777857,19.8,1.0999999999999996,3.299999999999997
2025-12-13,West Georgia,Georgia Southern,1,-6,-7.130555555555546,5.547222222222217,-9.38888888888889,0.1388888888888875,1.1111111111111107,1.1666666666666679,-17.8,-2.2,-1.0
2025-12-22,West Georgia,Georgia,-1,-29,-22.85454545454543,16.490909090909085,-9.454545454545453,0.18181818181818166,-1.1818181818181817,-4.545454545454547,-29.4,-17.8,-3.700000000000003
2026-01-01,West Georgia,Bellarmine,1,2,-14.61666666666666,-8.274999999999991,0.0,0.6666666666666661,5.333333333333333,4.5,-12.2,-1.2000000000000002,5.200000000000003
2026-01-03,West Georgia,Eastern Kentucky,1,12,-4.817582417582429,-1.3763736263736348,-10.615384615384617,-0.4175824175824179,-0.9120879120879124,1.7032967032967044,-1.7999999999999998,-1.9000000000000004,1.5999999999999943
2026-01-08,West Georgia,North Florida,-1,12,0.7428571428571473,-10.63428571428571,-10.819047619047616,-2.4714285714285715,3.6809523809523803,3.6714285714285744,19.2,-0.5,-0.9000000000000057
2026-01-10,West Georgia,Jacksonville,-1,-32,1.8745833333333337,-1.4341666666666697,-3.708333333333332,-2.0749999999999993,0.3125,2.1208333333333336,19.400000000000002,-1.2999999999999998,6.0
2026-01-15,West Georgia,Stetson,-1,-9,3.610294117647072,-5.580514705882351,-5.8235294117647065,-1.8786764705882355,2.0367647058823533,1.8639705882352935,7.800000000000001,-0.7999999999999998,3.5999999999999943
2026-01-17,West Georgia,Florida Gulf Coast,-1,-18,-6.55228758169936,1.5035947712418363,-4.875816993464053,-0.28104575163398593,0.2124183006535958,0.4052287581699332,-0.20000000000000018,-1.5999999999999996,1.0
2026-01-22,West Georgia,Central Arkansas,1,-21,-3.5663742690058484,8.638011695906428,-10.543859649122805,-0.692982456140351,1.0760233918128659,-1.9561403508771953,-15.2,-2.6,1.0999999999999943
2026-01-24,West Georgia,Queens (NC),1,8,-13.507368421052618,-3.6960526315789366,-8.171052631578949,0.41578947368421026,0.8657894736842113,0.33947368421052815,-28.6,-3.2,0.09999999999999432
2026-01-28,West Georgia,Bellarmine,-1,-3,-13.115000000000009,-9.609999999999985,-0.3999999999999986,1.3499999999999996,4.8,2.9499999999999993,-7.4,-1.2000000000000002,5.200000000000003
2026-01-31,West Georgia,Austin Peay,1,-3,-5.677619047619032,14.518095238095242,-4.073809523809526,0.3880952380952376,0.8333333333333339,-0.5833333333333321,-15.6,-2.0999999999999996,1.5
2026-02-05,West Georgia,North Florida,1,-8,-5.135177865612647,-10.438537549407116,-11.642292490118578,-1.3438735177865606,2.529644268774703,2.296442687747035,0.0,-0.5,-0.9000000000000057
2026-02-07,West Georgia,Jacksonville,1,14,-2.2512681159420396,3.017934782608691,-1.4728260869565233,-1.054347826086957,0.8931159420289863,1.288043478260871,-0.40000000000000036,-1.2999999999999998,6.0
2026-02-11,West Georgia,North Alabama,-1,9,1.909782608695636,-4.295108695652189,1.6847826086956523,-0.11050724637681242,1.7155797101449277,2.3532608695652186,14.2,-0.20000000000000018,5.0
2026-02-14,West Georgia,Central Arkansas,-1,-17,-5.412307692307692,8.2493846153846,-10.03076923076923,-0.4092307692307706,1.5184615384615388,-0.926153846153845,-8.799999999999999,-2.6,1.0999999999999943
2026-02-18,West Georgia,Eastern Kentucky,-1,-1,-6.200000000000003,-1.7290598290598354,-11.072649572649574,-0.5740740740740744,-1.3219373219373214,1.8119658119658126,2.0,-1.9000000000000004,1.5999999999999943
2026-02-21,West Georgia,Queens (NC),-1,-7,-12.336772486772503,-4.849867724867707,-7.317460317460316,-0.014550264550264203,1.5476190476190474,1.1825396825396837,-7.199999999999999,-3.2,0.09999999999999432
2026-02-25,West Georgia,Lipscomb,1,6,-7.302709359605913,6.488916256157623,-8.411330049261082,-0.32512315270935943,2.0800492610837438,-0.7561576354679787,-5.4,-2.6,1.0
2026-02-28,West Georgia,North Alabama,1,12,1.5881773399014918,-4.560344827586206,1.7869458128078826,-0.19458128078817616,0.7807881773399004,2.3522167487684733,3.4000000000000004,-0.20000000000000018,5.0
2026-03-04,West Georgia,North Florida,0,8,-1.9049462365591268,-8.788602150537642,-10.389247311827958,-1.8204301075268816,2.3892473118279565,1.9763440860215056,4.800000000000001,-0.5,-0.9000000000000057
2026-03-06,West Georgia,Queens (NC),0,-8,-11.399999999999991,-4.861290322580643,-7.096774193548388,0.25806451612903203,1.483870967741936,1.483870967741936,-2.8000000000000003,-3.2,0.09999999999999432
2025-11-13,West Virginia,Pittsburgh,1,22,-6.633333333333326,-7.733333333333334,-2.666666666666668,-1.6666666666666679,-3.0,-5.666666666666668,0.3333333333333339,1.299999999999999,0.20000000000000284
2025-11-17,West Virginia,Lafayette,1,22,7.0,-29.75,-1.0,-1.5,-2.25,1.5,24.5,15.799999999999999,-1.6000000000000085
2025-11-21,West Virginia,Clemson,0,-3,-18.159999999999997,-5.959999999999994,-9.600000000000001,2.5999999999999996,-5.0,-3.6000000000000014,-8.0,-1.3000000000000007,-0.10000000000000853
2025-11-30,West Virginia,Mercyhurst,1,32,4.614285714285728,-6.128571428571448,-0.7142857142857153,-1.0,-0.14285714285714235,0.4285714285714306,1.0,17.2,-0.5
2025-12-03,West Virginia,Coppin State,1,42,15.725000000000009,-27.80250000000001,1.0,-5.85,-1.125,3.375,16.6,19.1,-4.200000000000003
2025-12-06,West Virginia,Wake Forest,0,-9,-1.1444444444444315,-10.933333333333323,-5.333333333333332,-3.0,-2.333333333333332,0.6666666666666679,8.000000000000002,0.7999999999999989,-4.900000000000006
2025-12-09,West Virginia,Little Rock,1,32,14.549999999999997,-25.682222222222236,6.600000000000001,-5.411111111111111,-0.3777777777777782,4.733333333333331,28.200000000000003,15.299999999999999,-2.4000000000000057
2025-12-13,West Virginia,Ohio State,0,-1,-8.426262626262627,-9.955555555555549,-1.8383838383838373,-0.717171717171718,2.5050505050505043,-2.6565656565656575,1.1999999999999993,-3.700000000000001,-1.9000000000000057
2025-12-22,West Virginia,Mississippi Valley State,1,35,25.233333333333334,-29.233333333333334,4.916666666666668,-7.333333333333334,1.583333333333334,3.583333333333332,55.2,20.4,-4.900000000000006
2026-01-02,West Virginia,Iowa State,-1,-21,-10.969230769230762,1.9538461538461576,1.6153846153846168,0.0,-0.23076923076922995,0.1538461538461533,-2.3999999999999986,-5.100000000000001,-3.200000000000003
2026-01-06,West Virginia,Cincinnati,1,2,10.899999999999991,2.535714285714292,-4.928571428571431,-2.7857142857142865,-0.6428571428571423,-3.928571428571427,0.20000000000000018,-1.200000000000001,-4.200000000000003
2026-01-10,West Virginia,Kansas,1,11,1.6733333333333178,-1.973333333333315,1.9333333333333336,-0.2666666666666657,0.9333333333333336,-5.0,-1.0,-5.100000000000001,-3.700000000000003
2026-01-13,West Virginia,Houston,-1,-29,-1.6625000000000085,5.0625,-2.5625,2.0,-2.5,1.375,-4.999999999999999,-5.5,-0.29999999999999716
2026-01-17,West Virginia,Colorado,1,11,-5.058823529411768,-10.688235294117646,5.117647058823529,0.47058823529411775,-0.7058823529411757,-0.5882352941176485,-0.8,1.0,-5.900000000000006
2026-01-21,West Virginia,Arizona State,-1,12,1.77222222222224,-13.666666666666671,0.777777777777775,-1.0555555555555554,0.6111111111111107,1.9444444444444464,8.399999999999999,-1.0,-5.799999999999997
2026-01-24,West Virginia,Arizona,-1,-35,-9.231578947368405,4.194736842105257,7.0,-0.8947368421052637,-3.7368421052631575,-5.0,-14.2,-7.199999999999999,-6.400000000000006
2026-01-27,West Virginia,Kansas State,1,5,-2.0649999999999835,-9.810000000000002,-4.050000000000001,-1.6500000000000004,-1.0999999999999996,0.3500000000000014,0.7999999999999998,0.29999999999999893,-8.600000000000009
2026-01-31,West Virginia,Baylor,1,-10,-6.939999999999998,-8.598809523809521,-0.03809523809523796,-0.9261904761904756,-3.0928571428571416,-1.2571428571428562,0.5999999999999996,-2.0,-4.299999999999997
2026-02-05,West Virginia,Cincinnati,-1,5,7.704545454545453,1.9454545454545524,-3.545454545454543,-1.4090909090909083,-0.8181818181818183,-2.0,5.199999999999999,-1.200000000000001,-4.200000000000003
2026-02-08,West Virginia,Texas Tech,1,-7,-9.73260869565216,-8.112252964426887,-6.156126482213438,0.6067193675889335,-2.037549407114625,-0.8122529644268788,-9.6,-5.100000000000001,-2.9000000000000057
2026-02-14,West Virginia,UCF,-1,7,-7.310688405797109,-10.821376811594192,0.983695652173914,-0.6304347826086953,-2.25,-0.03623188405797251,-3.6000000000000005,-0.7000000000000011,-6.1000000000000085
2026-02-18,West Virginia,Utah,1,-5,-0.41200000000000614,-14.719999999999999,0.4399999999999977,0.1999999999999993,0.40000000000000036,0.5199999999999996,10.0,1.4999999999999991,-3.5
2026-02-21,West Virginia,TCU,-1,-6,-2.2423076923076906,-2.723076923076931,1.0,-0.3461538461538467,-0.9615384615384599,0.19230769230768985,3.0,-1.700000000000001,-5.200000000000003
2026-02-24,West Virginia,Oklahoma State,-1,-7,-3.088888888888903,-9.237037037037027,0.5555555555555571,-1.3333333333333321,-0.48148148148148096,-2.1111111111111107,13.8,0.7999999999999989,-9.799999999999997
2026-02-28,West Virginia,Brigham Young,1,8,-11.1357142857143,-4.853571428571428,-1.5357142857142883,0.2857142857142847,-1.6071428571428577,-2.6071428571428577,-3.4,-3.8000000000000007,-5.799999999999997
2026-03-03,West Virginia,Kansas State,-1,-2,0.36896551724137794,-9.99655172413793,-2.7586206896551744,-2.068965517241379,0.206896551724137,0.5172413793103452,8.200000000000001,0.29999999999999893,-8.600000000000009
2026-03-06,West Virginia,UCF,1,15,-8.436091954022984,-10.482413793103447,1.7390804597701148,-0.5,-1.1448275862068975,-0.6632183908045981,-6.0,-0.7000000000000011,-6.1000000000000085
2026-03-11,West Virginia,Brigham Young,0,-20,-10.818850806451621,-6.99475806451612,-1.5413306451612918,0.13709677419354804,-1.435483870967742,-2.23891129032258,6.199999999999999,-3.8000000000000007,-5.799999999999997
2026-04-02,West Virginia,Stanford,0,5,-4.796875,-7.162499999999994,-2.40625,1.09375,-0.375,1.1875,-8.4,1.8999999999999995,-3.0
2026-04-04,West Virginia,Creighton,0,17,-2.8000000000000114,-9.175757575757572,-5.09090909090909,0.21212121212121104,0.9696969696969688,-1.6666666666666679,-1.8,-0.10000000000000142,-3.4000000000000057
2026-04-05,West Virginia,Oklahoma,0,7,-11.507026143790853,-10.376143790849682,-3.0506535947712408,0.9395424836601318,-0.8366013071895431,0.14052287581699474,-6.199999999999999,-2.1000000000000014,-4.5
2025-11-16,Western Carolina,Stetson,1,11,-3.9666666666666544,-15.233333333333348,-4.666666666666664,-1.3333333333333321,1.0,2.6666666666666643,7.333333333333334,2.7,1.6999999999999886
2025-11-19,Western Carolina,UNC Asheville,1,7,-10.724999999999994,-0.6749999999999972,7.75,0.75,2.0,3.25,-8.25,0.5,1.5999999999999943
2025-11-22,Western Carolina,Lipscomb,-1,-21,0.799999999999983,-7.519999999999982,-8.600000000000001,0.7999999999999989,-0.1999999999999993,2.8000000000000007,4.6000000000000005,0.8999999999999999,-0.9000000000000057
2025-11-29,Western Carolina,High Point,-1,-20,-28.59047619047618,7.535714285714278,2.69047619047619,5.88095238095238,1.666666666666666,3.238095238095241,-12.2,-1.0,-2.3000000000000114
2025-12-06,Western Carolina,USC Upstate,-1,-11,-1.9200000000000017,6.542500000000004,4.5,2.25,2.25,0.07499999999999929,7.6,3.0,-1.2000000000000028
2025-12-11,Western Carolina,Virginia Tech,-1,-22,-7.174444444444447,2.5433333333333508,2.677777777777777,4.522222222222222,1.9666666666666668,1.6777777777777771,6.0,-11.4,-0.30000000000001137
2025-12-18,Western Carolina,Georgia,-1,-30,-19.5,17.35000000000001,-5.199999999999999,2.0,-0.7999999999999989,-4.399999999999999,-21.0,-14.3,-5.6000000000000085
2026-01-03,Western Carolina,Furman,-1,3,-8.965476190476195,7.201190476190476,-3.2857142857142847,1.4404761904761916,1.166666666666666,-1.0119047619047592,-16.2,0.20000000000000018,2.3999999999999915
2026-01-07,Western Carolina,Samford,-1,-5,-3.790769230769243,3.083589743589741,-3.98974358974359,4.317948717948719,3.102564102564104,-0.6307692307692285,-34.4,0.6000000000000001,0.19999999999998863
2026-01-10,Western Carolina,The Citadel,-1,-2,1.2071428571428555,-8.822321428571428,-4.642857142857142,2.5625,2.5982142857142865,3.9821428571428577,8.2,3.7,3.3999999999999915
2026-01-14,Western Carolina,East Tennessee State,1,4,-8.934509803921571,13.058823529411768,1.8509803921568633,1.894117647058824,2.9686274509803905,1.0,-20.8,0.8999999999999999,2.6999999999999886
2026-01-17,Western Carolina,Chattanooga,1,-8,-5.6569444444444485,3.6624999999999943,-5.854166666666668,3.5625,4.395833333333333,0.6805555555555571,0.19999999999999996,2.7,2.1999999999999886
2026-01-21,Western Carolina,Mercer,-1,-12,-8.393188854489168,8.464086687306505,-2.0185758513931873,0.9597523219814246,0.3777089783281724,-0.1300309597523217,-14.4,0.10000000000000009,-0.10000000000000853
2026-01-24,Western Carolina,VMI,1,30,2.4450000000000074,2.0955555555555634,-7.866666666666671,2.272222222222222,2.0777777777777793,1.4166666666666679,8.6,4.8,1.6999999999999886
2026-01-29,Western Carolina,East Tennessee State,-1,2,-5.357644110275672,12.894235588972435,3.255639097744364,1.8370927318295731,3.4335839598997495,0.6040100250626566,-8.2,0.8999999999999999,2.6999999999999886
2026-02-01,Western Carolina,Samford,1,-14,-0.44818181818180847,2.288181818181812,-2.3000000000000007,3.75,3.9863636363636363,-0.3000000000000007,5.0,0.6000000000000001,0.19999999999998863
2026-02-04,Western Carolina,UNC Greensboro,-1,-3,-0.1501035196687326,-2.9225672877846876,2.666666666666668,1.349896480331262,2.8840579710144922,-0.8012422360248443,9.4,2.0999999999999996,0.29999999999999716
2026-02-11,Western Carolina,The Citadel,1,38,4.196695652173915,-1.3939130434782783,-3.1408695652173897,1.3547826086956523,2.8156521739130422,1.5165217391304324,2.2,3.7,3.3999999999999915
2026-02-14,Western Carolina,Chattanooga,-1,5,1.5586538461538453,3.158653846153854,-3.8621794871794854,1.7532051282051277,4.935897435897435,-0.29487179487179205,11.6,2.7,2.1999999999999886
2026-02-18,Western Carolina,UNC Greensboro,1,14,-1.1392592592592479,-3.436148148148149,2.8977777777777796,1.388148148148149,3.2044444444444444,-0.7348148148148148,-3.4000000000000004,2.0999999999999996,0.29999999999999716
2026-02-21,Western Carolina,VMI,-1,19,7.847252747252739,-4.036263736263734,-6.5989010989010985,1.478021978021978,2.9340659340659343,1.6428571428571423,23.799999999999997,4.8,1.6999999999999886
2026-02-25,Western Carolina,Mercer,1,4,-3.2395913154533815,5.2762452107279785,0.4316730523627079,0.5070242656449544,0.547892720306514,-0.08556832694763727,13.0,0.10000000000000009,-0.10000000000000853
2026-02-28,Western Carolina,Furman,1,19,-0.15928571428571558,7.89595238095238,-2.0023809523809497,-0.7785714285714285,1.519047619047619,-2.488095238095241,9.2,0.20000000000000018,2.3999999999999915
2026-03-07,Western Carolina,Mercer,0,4,-2.541379310344837,4.33047830923249,0.6362625139043381,0.23136818687430427,0.6651835372636263,0.04560622914349466,8.799999999999999,0.10000000000000009,-0.10000000000000853
2026-03-08,Western Carolina,East Tennessee State,0,-2,-2.5489583333333314,7.866874999999993,4.152083333333334,1.0083333333333329,3.1062499999999993,0.8000000000000007,8.2,0.8999999999999999,2.6999999999999886
2025-11-21,Western Illinois,Coastal Carolina,1,-20,-8.170000000000016,23.35000000000001,-15.6,-0.9000000000000004,-3.5,-13.75,-25.55,-6.3999999999999995,-2.5
2025-11-23,Western Illinois,North Dakota,1,-9,-5.738095238095241,7.419047619047618,-8.04761904761905,1.6190476190476204,-2.5,-0.3095238095238102,-17.200000000000003,-4.6,-2.3999999999999915
2025-12-02,Western Illinois,Drake,-1,-51,-10.099999999999994,16.662499999999994,-8.75,3.0,0.5,-5.875,-13.200000000000001,-10.0,-1.0999999999999943
2025-12-13,Western Illinois,North Dakota,-1,3,1.788333333333327,9.699999999999989,-4.666666666666668,-0.16666666666666607,0.5166666666666657,-0.16666666666666785,-2.9999999999999996,-4.6,-2.3999999999999915
2025-12-18,Western Illinois,Lindenwood,-1,-16,-3.8018181818181915,15.88181818181819,-1.6090909090909093,-2.036363636363637,0.1999999999999993,-4.781818181818185,-22.4,-3.1999999999999993,-6.599999999999994
2025-12-22,Western Illinois,SIU Edwardsville,1,-5,-7.424999999999997,16.724999999999994,-4.833333333333332,0.8333333333333321,0.16666666666666607,-3.8333333333333357,-18.4,-2.1999999999999993,0.6000000000000085
2026-01-01,Western Illinois,UT Martin,-1,-7,-6.384615384615387,17.16923076923078,-9.76923076923077,-3.76923076923077,-2.6923076923076916,-5.384615384615383,-16.0,-3.5,0.7999999999999972
2026-01-03,Western Illinois,Southeast Missouri State,-1,-23,-6.128571428571419,7.76428571428572,-4.571428571428573,-0.928571428571427,1.0714285714285712,-2.3571428571428577,-5.6,-4.0,-2.5
2026-01-08,Western Illinois,Tennessee State,1,-22,-5.96380952380953,10.69380952380952,-2.1428571428571423,-2.0999999999999996,-1.0857142857142872,-3.761904761904759,-13.2,-5.0,-4.3999999999999915
2026-01-10,Western Illinois,Tennessee Tech,1,-5,-5.443749999999994,4.824999999999989,-6.125,-2.9375,1.3125,-3.375,-3.799999999999999,-2.5,-1.0
2026-01-13,Western Illinois,Eastern Illinois,-1,-2,1.4102941176470551,4.557352941176475,-1.1360294117647065,-0.46323529411764675,2.4338235294117645,-0.6875,-23.4,-3.0,0.0
2026-01-17,Western Illinois,Little Rock,-1,-7,-5.066666666666663,-0.7000000000000028,-0.5,-2.5,-0.2222222222222232,1.7777777777777786,-19.0,-4.0,-0.5
2026-01-22,Western Illinois,Morehead State,-1,-5,-11.584210526315786,-0.8736842105263207,-2.157894736842106,-0.7368421052631575,-1.2631578947368425,-1.1578947368421062,-11.0,-3.5,-0.3999999999999915
2026-01-23,Western Illinois,Southern Indiana,-1,-32,1.848947368421065,7.242631578947382,-9.244736842105265,-0.47368421052631504,-0.155263157894737,-2.747368421052631,-3.799999999999999,-2.1999999999999993,-2.5999999999999943
2026-01-29,Western Illinois,Southeast Missouri State,1,-4,-8.82380952380953,8.985714285714295,-4.5238095238095255,-0.6190476190476186,0.5238095238095237,-1.3809523809523796,-9.0,-4.0,-2.5
2026-01-31,Western Illinois,UT Martin,1,-40,-7.874891774891793,16.775974025974023,-7.517316017316016,-3.701298701298702,-2.742424242424242,-4.995670995670995,-15.8,-3.5,0.7999999999999972
2026-02-05,Western Illinois,Tennessee Tech,-1,-25,-7.321739130434793,4.265217391304347,-3.913043478260871,-2.521739130434783,0.08695652173913082,-2.478260869565215,-14.400000000000002,-2.5,-1.0
2026-02-07,Western Illinois,Tennessee State,-1,-27,-10.56829710144929,11.046195652173921,-1.4438405797101446,-1.121376811594203,-1.2336956521739122,-3.4021739130434767,-23.8,-5.0,-4.3999999999999915
2026-02-10,Western Illinois,Eastern Illinois,1,9,-0.9560000000000031,11.043999999999997,0.9600000000000009,-0.7999999999999989,1.6800000000000006,-1.2399999999999984,-18.8,-3.0,0.0
2026-02-12,Western Illinois,Little Rock,1,-19,-4.0518461538461565,4.385999999999996,-0.09384615384615458,-1.9492307692307698,-0.6138461538461542,0.7815384615384602,-10.399999999999999,-4.0,-0.5
2026-02-19,Western Illinois,Southern Indiana,1,-7,0.7621082621082707,9.405840455840462,-6.829059829059826,-0.5641025641025639,-1.084045584045585,-2.180911680911681,-6.599999999999998,-2.1999999999999993,-2.5999999999999943
2026-02-21,Western Illinois,Morehead State,1,-22,-12.282142857142844,4.307142857142864,0.42857142857142705,-1.071428571428573,-1.7857142857142847,-1.821428571428573,-16.2,-3.5,-0.3999999999999915
2026-02-26,Western Illinois,SIU Edwardsville,-1,-20,-6.627586206896552,17.551724137931032,-2.3448275862068932,-0.2068965517241388,-0.206896551724137,-3.4137931034482776,-10.399999999999999,-2.1999999999999993,0.6000000000000085
2026-02-28,Western Illinois,Lindenwood,1,-22,-7.026666666666657,15.566666666666677,-0.9000000000000021,-2.666666666666668,-1.6333333333333329,-4.033333333333331,-4.000000000000001,-3.1999999999999993,-6.599999999999994
2025-11-26,Western Kentucky,Vanderbilt,0,-5,-21.630000000000024,-1.7399999999999949,-14.799999999999997,1.9500000000000002,-1.0999999999999996,-0.1999999999999993,-14.25,-14.299999999999999,0.9000000000000057
2025-11-27,Western Kentucky,South Florida,0,-6,-6.013333333333335,-3.0733333333333377,-8.466666666666669,-0.9333333333333336,-1.5,1.8333333333333321,2.5999999999999996,-5.5,-3.3999999999999915
2025-12-06,Western Kentucky,Evansville,1,1,9.147619047619045,-4.12539682539682,-1.6666666666666679,-1.3650793650793638,1.6190476190476204,4.555555555555557,17.200000000000003,-0.09999999999999998,4.400000000000006
2025-12-10,Western Kentucky,Marshall,-1,-16,0.5541666666666742,-7.998611111111117,-7.458333333333332,-3.083333333333334,1.375,0.7638888888888893,3.8,2.0999999999999996,1.0
2025-12-19,Western Kentucky,Tulsa,1,-1,-16.232727272727274,0.5081818181818107,-6.145454545454548,0.7181818181818187,1.1090909090909076,1.236363636363638,-19.4,-3.0999999999999996,1.7000000000000028
2025-12-29,Western Kentucky,Jacksonville State,-1,-11,2.3999999999999773,6.536363636363646,-3.09090909090909,0.09090909090909172,-0.2727272727272716,0.2727272727272734,2.6000000000000005,2.0,5.5
2026-01-02,Western Kentucky,Sam Houston State,1,11,-7.89166666666668,1.36666666666666,-2.75,-1.083333333333334,-2.583333333333334,-0.75,-9.399999999999999,-0.7,1.0
2026-01-04,Western Kentucky,Louisiana Tech,1,5,3.669230769230751,11.615384615384599,5.615384615384617,-0.7692307692307683,0.1538461538461533,-0.7692307692307665,-2.999999999999999,2.0,6.200000000000003
2026-01-08,Western Kentucky,New Mexico State,-1,-16,0.37747252747254834,3.013736263736263,3.021978021978022,-0.4450549450549435,0.8131868131868139,2.021978021978022,0.40000000000000036,1.0,3.799999999999997
2026-01-10,Western Kentucky,UTEP,-1,12,5.940000000000012,-4.986666666666665,4.733333333333331,-1.2666666666666657,1.2666666666666657,5.399999999999999,4.6,1.7,5.799999999999997
2026-01-14,Western Kentucky,Missouri State,1,15,-1.0,-1.4250000000000114,1.5625,-0.5,2.0625,3.1875,-9.200000000000001,1.5000000000000002,4.200000000000003
2026-01-17,Western Kentucky,Kennesaw State,1,-16,-4.39411764705882,2.505882352941171,-4.588235294117645,-3.0,-2.235294117647058,-1.882352941176471,6.2,0.6000000000000001,-1.0
2026-01-21,Western Kentucky,Liberty,1,-7,-12.683333333333337,-0.8277777777777828,-0.8888888888888893,1.7777777777777786,6.666666666666666,2.222222222222225,-9.2,-0.29999999999999993,7.200000000000003
2026-01-24,Western Kentucky,Sam Houston State,-1,-15,-6.389473684210529,1.2736842105263264,-0.526315789473685,-1.8947368421052637,-0.47368421052631504,-1.3157894736842088,-10.0,-0.7,1.0
2026-01-28,Western Kentucky,Kennesaw State,-1,-3,-6.540000000000006,2.2849999999999824,-4.099999999999998,-1.9499999999999993,-2.049999999999999,-1.5499999999999972,-4.800000000000001,0.6000000000000001,-1.0
2026-01-31,Western Kentucky,Middle Tennessee,-1,5,-1.0676190476190612,-0.25095238095236994,-2.4523809523809526,-0.2595238095238095,2.2214285714285715,1.3523809523809511,0.20000000000000018,-0.19999999999999996,3.799999999999997
2026-02-05,Western Kentucky,Jacksonville State,1,-5,-1.5164502164502238,2.8313852813852947,2.5151515151515156,-1.0519480519480506,2.0238095238095237,0.5757575757575779,-7.8,2.0,5.5
2026-02-07,Western Kentucky,Florida International,1,10,-3.2351778656126413,-1.624110671936748,3.800395256916996,-2.4565217391304355,0.20948616600790615,0.8320158102766797,-1.7999999999999998,1.3,-0.8999999999999915
2026-02-14,Western Kentucky,Middle Tennessee,1,2,-2.6083333333333343,-3.083333333333343,-1.9583333333333321,-0.5833333333333339,2.333333333333334,0.9583333333333321,2.9999999999999996,-0.19999999999999996,3.799999999999997
2026-02-18,Western Kentucky,Delaware,-1,1,3.263999999999996,-8.012,2.039999999999999,-1.08,5.919999999999999,1.3599999999999994,3.6,2.3,7.200000000000003
2026-02-21,Western Kentucky,Liberty,-1,21,-13.023076923076943,-0.39230769230768203,-0.5,1.73076923076923,6.692307692307693,1.9230769230769234,-1.6,-0.29999999999999993,7.200000000000003
2026-02-26,Western Kentucky,New Mexico State,1,23,-1.8094017094017119,-0.19943019943019635,1.9045584045584043,-0.0740740740740744,0.8376068376068364,0.5655270655270677,2.4,1.0,3.799999999999997
2026-02-28,Western Kentucky,UTEP,1,32,5.6000000000000085,-4.31785714285715,3.75,-0.8928571428571441,2.3928571428571423,3.4642857142857153,14.4,1.7,5.799999999999997
2026-03-05,Western Kentucky,Missouri State,-1,-13,1.172413793103459,-3.734482758620686,1.8965517241379288,-1.1724137931034484,0.8965517241379306,3.9655172413793096,20.4,1.5000000000000002,4.200000000000003
2026-03-07,Western Kentucky,Florida International,-1,-25,2.289999999999992,-1.3133333333333326,3.866666666666667,-3.0,-0.2666666666666657,1.8000000000000007,18.6,1.3,-0.8999999999999915
2026-03-12,Western Kentucky,Kennesaw State,0,-9,-2.9354838709677438,1.306451612903217,-2.870967741935484,-1.806451612903226,-1.4516129032258078,-0.2258064516129039,5.6,0.6000000000000001,-1.0
2025-11-12,Western Michigan,Purdue Fort Wayne,1,12,-16.400000000000006,-2.0,-12.666666666666666,5.666666666666666,2.333333333333334,7.333333333333336,-14.666666666666666,0.40000000000000036,0.5999999999999943
2025-11-16,Western Michigan,South Dakota,-1,-5,-13.850000000000009,1.2250000000000085,1.75,2.5,-5.5,3.5,-12.25,3.4000000000000004,-2.799999999999997
2025-11-20,Western Michigan,Ohio State,-1,-33,-17.610000000000014,5.384999999999991,-7.399999999999999,3.0,2.6999999999999993,1.6499999999999986,-16.45,-16.2,2.5999999999999943
2025-11-23,Western Michigan,Mount St. Mary's,1,23,5.223333333333329,1.336666666666673,-8.666666666666668,-1.7666666666666675,1.5666666666666664,0.26666666666666927,0.39999999999999947,2.1000000000000005,2.0
2025-11-29,Western Michigan,Valparaiso,-1,-29,5.614285714285714,4.8404761904761955,-5.714285714285715,4.261904761904763,-2.9523809523809526,3.261904761904759,1.2000000000000002,-3.1999999999999997,1.7999999999999972
2025-12-03,Western Michigan,Southern Indiana,1,14,0.36249999999999716,6.9125000000000085,-9.875,1.5,-2.25,-1.25,-15.4,4.6000000000000005,0.0
2025-12-06,Western Michigan,SIU Edwardsville,-1,10,-5.766666666666666,12.333333333333329,-1.3333333333333357,2.333333333333332,-2.8888888888888893,-0.5555555555555571,-10.4,4.6000000000000005,3.200000000000003
2025-12-14,Western Michigan,Iowa,-1,-40,-16.25999999999999,8.58999999999999,-0.6999999999999993,3.6999999999999993,0.10000000000000053,6.199999999999999,-5.8,-16.4,7.0
2025-12-20,Western Michigan,Buffalo,1,-17,-14.209090909090904,2.290909090909082,-3.2727272727272734,3.1818181818181817,0.0,5.09090909090909,-7.0,0.0,1.7000000000000028
2025-12-30,Western Michigan,Toledo,-1,-5,-10.840384615384622,-0.16089743589745353,-0.8653846153846168,2.5769230769230766,-1.6282051282051277,3.7628205128205146,-8.799999999999999,-2.5999999999999996,0.29999999999999716
2026-01-06,Western Michigan,Miami (OH),-1,-11,-21.455238095238087,10.906666666666666,-6.614285714285714,2.4000000000000004,2.0,-2.428571428571427,-19.6,-1.9999999999999998,-2.299999999999997
2026-01-10,Western Michigan,Eastern Michigan,1,17,0.46374999999999034,6.644166666666678,2.654166666666665,1.3666666666666671,-0.49166666666666714,0.00833333333333286,-7.2,-1.4999999999999998,0.7999999999999972
2026-01-13,Western Michigan,Massachusetts,1,-3,-2.5213235294117737,9.475000000000009,-1.4007352941176485,-0.6029411764705888,-1.2830882352941178,-0.5183823529411775,-5.6000000000000005,-0.7999999999999998,-3.200000000000003
2026-01-17,Western Michigan,Akron,-1,-15,-19.31764705882354,6.494117647058829,-7.9411764705882355,2.1764705882352935,-0.764705882352942,-1.1764705882352935,-9.2,-3.4,-1.4000000000000057
2026-01-20,Western Michigan,Bowling Green,1,-18,-9.600000000000023,15.783333333333331,-0.11111111111111072,1.2222222222222214,0.05555555555555536,0.5555555555555536,-0.19999999999999973,-0.7999999999999998,-0.7999999999999972
2026-01-24,Western Michigan,Central Michigan,1,12,2.799999999999997,-3.55263157894737,1.2631578947368425,0.9473684210526319,-0.21052631578947434,2.684210526315791,4.800000000000001,0.30000000000000027,1.5999999999999943
2026-01-27,Western Michigan,Northern Illinois,-1,-20,3.536842105263162,1.987631578947358,-5.328947368421051,-1.8578947368421037,-1.9000000000000004,2.686842105263157,6.199999999999999,1.2999999999999998,0.5999999999999943
2026-02-03,Western Michigan,Ohio,-1,-20,-1.5260869565217376,3.9583850931677063,-0.8447204968944106,1.020703933747411,0.8115942028985508,2.25879917184265,-3.6000000000000005,-1.0999999999999996,-1.4000000000000057
2026-02-07,Western Michigan,Texas State,-1,-16,1.9341818181818127,11.354545454545459,6.24,-0.536363636363637,-0.6581818181818182,0.283636363636365,-12.2,1.9000000000000004,1.3999999999999915
2026-02-11,Western Michigan,Toledo,1,-11,-8.080253623188398,3.979166666666657,1.1684782608695663,1.32427536231884,-0.28623188405797073,2.378623188405797,-13.200000000000001,-2.5999999999999996,0.29999999999999716
2026-02-14,Western Michigan,Eastern Michigan,-1,14,2.7988333333333344,8.137166666666658,2.210000000000001,0.22499999999999964,0.28500000000000014,-0.1566666666666663,-1.1999999999999993,-1.4999999999999998,0.7999999999999972
2026-02-17,Western Michigan,Akron,1,-17,-16.635999999999996,9.799999999999997,-8.2,0.9199999999999999,-0.6400000000000006,-1.6400000000000006,-15.8,-3.4,-1.4000000000000057
2026-02-21,Western Michigan,Central Michigan,-1,-13,1.315384615384616,2.3730769230769226,1.6923076923076934,-0.42307692307692335,0.0,2.153846153846157,-14.4,0.30000000000000027,1.5999999999999943
2026-02-24,Western Michigan,Bowling Green,-1,9,-5.753968253968253,15.636507936507925,0.35714285714285765,0.01190476190476275,0.5767195767195776,-0.8558201058201043,-2.1999999999999993,-0.7999999999999998,-0.7999999999999972
2026-02-27,Western Michigan,Miami (OH),1,-2,-17.228571428571414,12.839285714285708,-5.857142857142854,1.25,2.1071428571428568,-2.9642857142857153,-16.6,-1.9999999999999998,-2.299999999999997
2026-03-03,Western Michigan,Ball State,1,-3,6.220689655172407,8.56896551724138,-1.9655172413793096,1.3448275862068968,1.275862068965517,3.0,-2.8,1.5,3.5999999999999943
2026-03-06,Western Michigan,Kent State,-1,-8,-7.049999999999997,6.4766666666666595,-7.100000000000001,-2.2666666666666675,-2.133333333333333,-1.6666666666666679,-9.2,-1.6999999999999997,-4.1000000000000085
2025-11-18,Wichita State,Boise State,-1,-3,13.908333333333317,-6.949999999999989,-2.583333333333332,-3.666666666666666,4.333333333333334,1.9166666666666679,15.25,-2.9000000000000004,1.9000000000000057
2025-11-22,Wichita State,Milwaukee,1,17,10.769999999999996,-25.195000000000007,-0.6999999999999993,-1.4000000000000004,3.1999999999999993,4.5,26.3,5.8,0.6000000000000085
2025-11-26,Wichita State,St. Mary's (CA),0,-5,-9.870000000000005,6.286666666666676,-0.8999999999999986,-1.9000000000000004,1.3666666666666654,-1.9666666666666686,-10.8,-3.3,3.700000000000003
2025-11-27,Wichita State,Colorado State,0,-6,-17.833333333333343,-18.433333333333337,-6.666666666666668,-0.6666666666666661,3.0,0.6666666666666643,5.4,-0.7000000000000002,5.800000000000011
2025-11-28,Wichita State,Western Kentucky,0,-5,4.4785714285714135,-0.5690476190476232,-0.8809523809523832,-2.3571428571428577,2.3571428571428577,-2.095238095238095,-3.2,3.7,-2.299999999999997
2025-12-06,Wichita State,Northern Iowa,-1,5,5.493055555555543,16.305555555555557,-4.375,0.8333333333333339,7.763888888888889,-0.15277777777777857,-13.999999999999998,0.7999999999999998,6.200000000000003
2025-12-13,Wichita State,DePaul,1,-3,5.1200000000000045,3.210000000000008,-1.8000000000000007,-1.1000000000000014,3.9000000000000004,1.5999999999999979,-6.6,-3.5999999999999996,2.0
2025-12-21,Wichita State,Eastern Kentucky,1,31,5.474999999999994,-7.041666666666657,-12.416666666666668,-2.916666666666666,-0.9166666666666661,1.0833333333333321,-2.3999999999999995,7.6,0.0
2025-12-31,Wichita State,UAB,-1,5,1.6769230769230745,1.5461538461538566,0.9230769230769198,0.07692307692307843,0.07692307692307665,-1.76923076923077,6.4,2.6,-1.7999999999999972
2026-01-03,Wichita State,Charlotte,-1,-4,5.307142857142864,-10.428571428571416,-2.0714285714285694,-1.5714285714285712,2.571428571428571,2.5,11.8,3.0,4.200000000000003
2026-01-07,Wichita State,Rice,1,-2,12.373333333333335,-2.3599999999999994,-2.866666666666667,-2.666666666666666,2.1999999999999993,1.3999999999999986,13.8,4.6,1.0
2026-01-11,Wichita State,North Texas,1,11,10.900000000000006,5.762500000000003,2.125,-2.25,3.75,2.6875,-0.20000000000000107,2.5,1.8000000000000114
2026-01-15,Wichita State,Florida Atlantic,-1,-18,-0.37058823529412166,-0.29999999999999716,-6.0588235294117645,-2.4117647058823515,1.2352941176470598,-1.117647058823529,-1.4000000000000004,1.8,-1.3999999999999915
2026-01-18,Wichita State,South Florida,-1,1,-1.6323529411764781,1.960457516339872,-9.513071895424837,-1.3398692810457504,0.35947712418300704,-2.281045751633986,-19.200000000000003,-1.7999999999999998,-5.699999999999989
2026-01-21,Wichita State,East Carolina,1,17,16.51052631578949,-5.147368421052633,2.4532163742690045,-2.435672514619883,3.3274853801169577,2.116959064327485,4.199999999999999,4.7,-0.6999999999999886
2026-01-24,Wichita State,Memphis,1,15,10.185000000000002,0.007777777777775441,-0.7222222222222214,-3.8055555555555554,1.75,2.427777777777777,0.6000000000000001,-1.0999999999999996,-2.6999999999999886
2026-02-01,Wichita State,Tulsa,-1,-10,-11.75238095238096,-1.4619047619047478,-4.0476190476190474,-0.23809523809523725,3.666666666666666,-0.28571428571428825,-9.399999999999999,0.6000000000000001,-0.5999999999999943
2026-02-04,Wichita State,Charlotte,1,10,-0.9863636363636488,-9.618181818181824,-1.9090909090909065,-1.0,3.2727272727272734,2.4545454545454533,-0.6000000000000001,3.0,4.200000000000003
2026-02-08,Wichita State,Tulane,-1,14,6.252371541501958,-5.458300395256913,-2.8833992094861642,-0.6185770750988144,6.371541501976284,3.3260869565217384,12.2,3.4,0.9000000000000057
2026-02-11,Wichita State,South Florida,1,-8,-3.6458333333333286,-0.7041666666666515,-8.333333333333332,-1.166666666666666,0.5416666666666679,-1.375,-1.6000000000000014,-1.7999999999999998,-5.699999999999989
2026-02-14,Wichita State,Tulsa,1,4,-10.760000000000005,-2.4480000000000075,-4.239999999999998,-0.23999999999999844,3.880000000000001,-0.7999999999999972,0.8000000000000003,0.6000000000000001,-0.5999999999999943
2026-02-18,Wichita State,East Carolina,-1,3,11.14584615384615,-6.960461538461544,3.0599999999999987,-1.5507692307692302,3.166153846153847,2.280000000000001,-0.6000000000000001,4.7,-0.6999999999999886
2026-02-21,Wichita State,Temple,1,12,0.27507122507124393,-4.098290598290589,0.9031339031339023,1.501424501424502,4.660968660968662,2.066951566951566,6.6,3.7,3.5
2026-02-26,Wichita State,Memphis,-1,6,8.112037037037041,-2.4244708994709043,-0.11772486772487056,-3.4060846560846567,1.492063492063492,2.4007936507936485,13.0,-1.0999999999999996,-2.6999999999999886
2026-03-01,Wichita State,UTSA,-1,17,13.25344827586207,-12.533990147783257,-4.290640394088669,-1.9248768472906406,2.8977832512315285,2.241379310344829,11.8,6.0,-0.19999999999998863
2026-03-07,Wichita State,Florida Atlantic,1,18,1.13333333333334,-2.240000000000009,-3.1333333333333364,-1.8666666666666654,2.4000000000000004,-0.43333333333333357,6.4,1.8,-1.3999999999999915
2026-03-14,Wichita State,Tulsa,0,13,-9.858266129032273,-2.1270161290322704,-5.991935483870968,-0.16229838709677402,3.970766129032258,-0.29637096774193594,-7.800000000000001,0.6000000000000001,-0.5999999999999943
2026-03-15,Wichita State,South Florida,0,-15,-3.440624999999997,1.53125,-7.84375,-0.96875,0.4375,-0.625,-6.600000000000001,-1.7999999999999998,-5.699999999999989
2026-03-22,Wichita State,Oklahoma State,-1,26,-0.12647058823527857,-9.023529411764699,-1.147058823529413,-1.4117647058823533,3.6470588235294112,0.14705882352940947,6.2,-5.4,-5.199999999999989
2025-11-19,William & Mary,Bowling Green,-1,8,-11.775000000000006,18.150000000000006,7.0,5.0,-0.25,4.25,-24.0,0.8,2.9000000000000057
2025-11-24,William & Mary,UTEP,0,11,3.3700000000000188,-1.076666666666668,11.933333333333334,2.466666666666667,-1.0999999999999996,8.5,-4.3999999999999995,0.7,7.099999999999994
2025-11-25,William & Mary,Abilene Christian,0,34,3.902380952380966,4.076190476190476,10.095238095238095,2.9523809523809526,-3.0238095238095237,5.428571428571427,-0.20000000000000018,1.5999999999999999,3.799999999999997
2025-11-30,William & Mary,Old Dominion,1,13,4.0,-15.512500000000003,4.5,4.0,0.125,4.625,21.2,1.0000000000000002,2.4000000000000057
2025-12-02,William & Mary,Duquesne,-1,4,-3.3412698412698347,-10.704761904761895,3.19047619047619,-0.5079365079365079,0.44444444444444464,4.365079365079364,17.8,-3.3,3.0999999999999943
2025-12-06,William & Mary,George Washington,-1,-13,-12.390000000000015,-6.933333333333337,1.81111111111111,2.2222222222222214,-1.7666666666666657,0.8888888888888893,10.4,-5.0,3.5
2025-12-18,William & Mary,Radford,1,13,3.0469696969696827,-8.155303030303017,-4.348484848484851,2.4772727272727266,-2.8636363636363633,3.9318181818181834,-3.3999999999999986,3.8,-0.7999999999999972
2025-12-29,William & Mary,Towson,1,14,5.546794871794873,-2.25320512820511,3.333333333333332,3.5705128205128194,-4.166666666666667,2.4935897435897445,2.999999999999999,-0.5,9.099999999999994
2025-12-31,William & Mary,Stony Brook,1,19,9.078021978021994,-1.199450549450546,1.0824175824175803,3.20879120879121,-0.6703296703296715,3.170329670329668,8.4,1.7,5.5
2026-01-05,William & Mary,College of Charleston,-1,-9,4.066666666666663,-9.194761904761904,2.6761904761904773,3.6523809523809536,-2.095238095238095,1.2952380952380942,0.40000000000000036,0.0,4.099999999999994
2026-01-08,William & Mary,Monmouth,-1,-11,6.86666666666666,-5.446666666666658,8.933333333333334,2.0,-1.9999999999999991,3.6666666666666643,3.4,0.40000000000000013,5.599999999999994
2026-01-10,William & Mary,Drexel,-1,-6,6.125367647058823,-4.544852941176472,2.0367647058823515,2.264705882352942,-3.180147058823529,3.8933823529411775,2.6,1.5999999999999999,8.0
2026-01-15,William & Mary,North Carolina A&T,1,8,2.511372549019626,-7.07176470588233,7.4117647058823515,1.1450980392156858,-2.3843137254901965,0.2549019607843164,-1.4,2.8999999999999995,3.700000000000003
2026-01-22,William & Mary,UNC Wilmington,1,7,-4.619590643274876,1.981578947368405,4.885964912280702,3.7982456140350873,-4.2748538011695905,-0.09356725146198741,-6.2,0.9000000000000001,7.099999999999994
2026-01-24,William & Mary,Hofstra,1,7,-4.281315789473695,-2.292631578947379,1.0078947368421076,2.597368421052632,-2.6157894736842113,1.613157894736844,-3.0,-1.8,7.099999999999994
2026-01-29,William & Mary,Elon,-1,-3,-6.9280952380952385,-10.404761904761898,0.28809523809523796,2.026190476190477,-3.2380952380952372,3.097619047619048,6.0,1.3,4.299999999999997
2026-01-31,William & Mary,Campbell,1,-8,0.48571428571428044,-10.605194805194813,4.508658008658006,0.3896103896103895,-2.9112554112554108,3.450216450216452,9.6,-0.7999999999999999,3.5
2026-02-05,William & Mary,UNC Wilmington,-1,7,-3.309090909090912,3.4318181818181728,4.863636363636363,3.363636363636365,-3.8636363636363633,-0.2727272727272734,-1.1999999999999997,0.9000000000000001,7.099999999999994
2026-02-07,William & Mary,Hampton,-1,-3,9.443478260869568,1.625,4.972826086956523,2.103260869565217,-2.1268115942028993,2.317028985507246,9.4,2.5,6.099999999999994
2026-02-12,William & Mary,Northeastern,-1,27,4.67264492753624,-11.39692028985506,3.3967391304347814,1.458333333333334,-0.034420289855072284,4.7137681159420275,11.2,0.30000000000000004,3.5999999999999943
2026-02-14,William & Mary,Elon,1,-3,-2.130923076923068,-7.466153846153844,-0.6261538461538478,1.8953846153846143,-2.9276923076923085,2.2553846153846173,9.0,1.3,4.299999999999997
2026-02-19,William & Mary,Campbell,-1,-1,1.4769230769230717,-7.023076923076914,3.3461538461538467,0.4230769230769216,-3.038461538461539,3.3846153846153832,0.0,-0.7999999999999999,3.5
2026-02-26,William & Mary,Northeastern,1,7,6.472934472934483,-11.85769230769229,2.8262108262108256,1.4900284900284895,-0.17948717948717885,4.625356125356124,21.6,0.30000000000000004,3.5999999999999943
2026-02-28,William & Mary,North Carolina A&T,-1,3,5.720370370370375,-5.853571428571428,6.768518518518519,0.4034391534391535,-1.6084656084656075,0.38227513227512944,10.0,2.8999999999999995,3.700000000000003
2026-03-03,William & Mary,Hampton,1,9,10.571379310344824,0.649885057471252,4.0793103448275865,1.5620689655172413,-2.1195402298850574,2.241379310344829,16.0,2.5,6.099999999999994
2026-03-07,William & Mary,Elon,0,10,0.6535483870967909,-7.048279569892472,-0.966666666666665,1.7053763440860212,-3.150537634408603,2.689247311827959,13.8,1.3,4.299999999999997
2026-03-08,William & Mary,Hofstra,0,-31,-0.17741935483870463,4.941935483870978,-0.5483870967741922,1.935483870967742,-2.967741935483871,-0.48387096774193594,-7.6,-1.8,7.099999999999994
2025-11-15,Winthrop,Mercer,1,36,-6.933333333333337,10.599999999999994,1.3333333333333357,0.0,-4.0,-1.0,-14.666666666666666,0.8000000000000003,2.8999999999999915
2025-11-18,Winthrop,Arkansas,-1,-1,-4.75,8.099999999999994,1.0,-1.25,-1.0,-6.0,-9.75,-16.3,-1.3000000000000114
2025-11-23,Winthrop,Jackson State,-1,18,30.760000000000005,-31.940000000000012,1.8000000000000007,-5.4,1.5999999999999996,4.600000000000001,48.2,5.3,0.6999999999999886
2025-11-25,Winthrop,Nebraska,-1,-7,-4.483333333333334,7.699999999999989,-3.166666666666668,-2.333333333333334,0.16666666666666785,-4.833333333333336,-5.4,-15.100000000000001,5.599999999999994
2025-11-29,Winthrop,South Carolina State,1,22,24.671428571428578,-13.742857142857147,11.714285714285715,-6.2857142857142865,-0.4285714285714288,5.571428571428573,27.0,7.6000000000000005,2.299999999999997
2025-12-02,Winthrop,LIU,-1,2,14.180357142857133,-5.674999999999997,15.732142857142858,-5.0892857142857135,0.6071428571428577,1.946428571428573,19.4,3.1000000000000005,4.0
2025-12-06,Winthrop,Coastal Carolina,1,-4,15.099999999999994,12.322222222222209,1.6666666666666679,-1.0,0.8888888888888875,-8.88888888888889,9.8,1.4000000000000004,2.8999999999999915
2025-12-18,Winthrop,North Dakota,-1,-2,19.160256410256395,-0.8173076923076792,7.679487179487179,-1.365384615384615,2.2115384615384617,3.839743589743591,29.0,3.2,3.0
2025-12-28,Winthrop,Texas Tech,-1,-30,2.85833333333332,-5.319047619047609,1.3333333333333321,1.1428571428571423,0.21428571428571352,2.928571428571427,24.4,-16.6,4.3999999999999915
2025-12-31,Winthrop,Longwood,-1,-12,12.286666666666662,1.6399999999999864,10.600000000000001,-3.2666666666666657,1.8000000000000007,1.7333333333333307,17.6,3.8,1.1999999999999886
2026-01-03,Winthrop,Gardner-Webb,1,11,21.200000000000003,-16.956249999999983,6.875,-2.6875,4.125,3.75,18.4,5.2,1.8999999999999915
2026-01-07,Winthrop,Charleston Southern,1,4,6.764705882352942,3.1294117647058783,-6.5882352941176485,-2.117647058823529,1.5294117647058822,-3.5882352941176485,0.0,2.9000000000000004,-3.200000000000003
2026-01-10,Winthrop,USC Upstate,-1,21,9.73921568627452,3.5650326797385503,5.784313725490197,-1.0294117647058822,3.0359477124183005,0.09803921568627416,4.6,3.7,1.7999999999999972
2026-01-14,Winthrop,High Point,1,17,-11.026315789473685,8.336842105263159,3.7894736842105274,1.2105263157894726,2.473684210526317,1.7894736842105274,-30.599999999999998,-0.2999999999999998,0.6999999999999886
2026-01-17,Winthrop,UNC Asheville,-1,2,9.55394736842105,-4.1805263157894785,9.018421052631577,-1.6447368421052637,3.5026315789473674,2.660526315789472,6.6,1.2000000000000002,4.599999999999994
2026-01-21,Winthrop,Radford,1,1,4.949047619047619,-3.6380952380952323,-0.5761904761904759,-0.9714285714285715,2.7380952380952372,3.2261904761904745,7.4,3.2,-1.7000000000000028
2026-01-24,Winthrop,Presbyterian,-1,10,8.341991341991331,-3.1645021645021814,11.456709956709958,-1.4523809523809526,2.04978354978355,2.800865800865804,5.8,2.4000000000000004,5.3999999999999915
2026-01-31,Winthrop,UNC Asheville,1,13,7.526679841897234,-2.916798418972334,8.136363636363637,-1.2371541501976289,2.867588932806324,2.2252964426877497,0.3999999999999986,1.2000000000000002,4.599999999999994
2026-02-04,Winthrop,Radford,-1,2,5.404166666666654,-3.4916666666666742,0.125,-1.75,2.708333333333332,2.7916666666666643,6.8,3.2,-1.7000000000000028
2026-02-07,Winthrop,Longwood,1,5,8.763999999999996,0.09199999999999875,8.879999999999999,-3.4400000000000013,1.4000000000000004,1.7199999999999989,-2.4000000000000004,3.8,1.1999999999999886
2026-02-12,Winthrop,Gardner-Webb,-1,18,20.793538461538475,-18.576615384615394,5.7969230769230755,-3.136923076923077,4.026153846153846,4.323076923076922,21.8,5.2,1.8999999999999915
2026-02-19,Winthrop,USC Upstate,1,4,12.125925925925912,-1.2703703703703724,6.518518518518519,-1.5925925925925917,2.185185185185185,0.7037037037037024,15.6,3.7,1.7999999999999972
2026-02-21,Winthrop,High Point,-1,-2,-9.559359605911325,5.918842364532026,2.24630541871921,1.6403940886699502,1.2573891625615747,2.4889162561576335,-13.6,-0.2999999999999998,0.6999999999999886
2026-02-26,Winthrop,Charleston Southern,-1,-2,7.837931034482764,-1.0931034482758548,-5.448275862068964,-3.13793103448276,1.4137931034482758,-2.4137931034482776,5.6000000000000005,2.9000000000000004,-3.200000000000003
2026-02-28,Winthrop,Presbyterian,1,4,8.576666666666668,-3.5433333333333223,12.233333333333333,-1.8000000000000007,2.166666666666666,2.633333333333333,8.0,2.4000000000000004,5.3999999999999915
2026-03-06,Winthrop,Charleston Southern,0,5,6.525806451612908,-1.1000000000000085,-5.29032258064516,-3.32258064516129,1.548387096774194,-2.1612903225806477,3.0000000000000004,2.9000000000000004,-3.200000000000003
2026-03-07,Winthrop,Presbyterian,0,2,8.174999999999997,-3.512500000000003,12.0625,-2.0625,2.3125,2.5,1.6,2.4000000000000004,5.3999999999999915
2026-03-08,Winthrop,High Point,0,-15,-9.393939393939391,5.74545454545455,1.5151515151515156,1.2424242424242422,1.2727272727272734,2.72727272727273,-10.6,-0.2999999999999998,0.6999999999999886
2025-11-17,Wisconsin,SIU Edwardsville,1,25,25.63333333333331,8.341666666666669,11.583333333333336,-2.083333333333334,1.5,-7.5,9.583333333333332,20.9,3.4000000000000057
2025-11-21,Wisconsin,Brigham Young,0,-28,11.375,-5.25,9.0,1.75,3.0,-2.25,12.0,0.0,-1.0999999999999943
2025-11-27,Wisconsin,Providence,0,21,6.133333333333326,-3.7066666666666777,4.166666666666668,-0.7333333333333343,1.8000000000000007,-5.266666666666669,6.199999999999999,3.9000000000000004,-4.700000000000003
2025-11-28,Wisconsin,TCU,0,-11,15.716666666666669,9.98333333333332,8.833333333333332,-2.333333333333334,1.5,2.666666666666668,-3.1999999999999993,2.0999999999999996,-0.5
2025-12-03,Wisconsin,Northwestern,1,12,1.3571428571428612,0.5,15.714285714285712,1.7142857142857135,3.999999999999999,1.2857142857142847,-0.5999999999999996,2.4000000000000004,4.200000000000003
2025-12-06,Wisconsin,Marquette,1,20,9.454166666666666,1.0458333333333343,6.222222222222221,-2.2638888888888893,-1.2222222222222214,-0.29166666666666785,3.1999999999999997,4.1,-1.4000000000000057
2025-12-10,Wisconsin,Nebraska,-1,-30,5.222222222222214,7.0,1.1111111111111107,-0.33333333333333215,2.4444444444444446,-3.444444444444443,-7.2,0.1999999999999993,3.0
2025-12-19,Wisconsin,Villanova,0,-10,-4.3700000000000045,2.1099999999999994,4.099999999999998,0.3000000000000007,-0.40000000000000036,2.599999999999998,-7.4,3.0,2.4000000000000057
2025-12-22,Wisconsin,Central Michigan,1,27,10.129545454545436,-7.7469696969696855,10.916666666666668,-1.545454545454545,-0.32575757575757436,2.6136363636363633,7.6000000000000005,16.6,1.7999999999999972
2025-12-30,Wisconsin,Milwaukee,1,20,4.458333333333329,-7.980128205128196,6.608974358974361,0.717948717948719,-2.7756410256410255,1.6730769230769234,-2.8,15.8,0.7000000000000028
2026-01-03,Wisconsin,Purdue,1,-16,-11.16153846153847,3.9692307692307622,6.692307692307693,0.38461538461538325,-2.0,-0.9230769230769234,-13.4,-2.4000000000000004,4.900000000000006
2026-01-06,Wisconsin,UCLA,1,8,-1.6428571428571388,1.8214285714285694,10.857142857142858,0.2142857142857153,0.8571428571428577,4.857142857142858,-10.4,0.8000000000000007,3.4000000000000057
2026-01-10,Wisconsin,Michigan,-1,3,-9.001904761904768,15.529047619047631,3.095238095238095,-2.147619047619047,-0.9380952380952383,-6.0238095238095255,-22.8,-4.100000000000001,-1.9000000000000057
2026-01-13,Wisconsin,Minnesota,-1,3,5.375,3.96875,7.5,-0.9375,0.1875,2.1875,-2.1999999999999993,4.300000000000001,6.099999999999994
2026-01-17,Wisconsin,Rutgers,1,9,13.205882352941174,-2.8411764705882376,11.058823529411764,-0.8235294117647047,-2.3529411764705888,3.235294117647058,6.2,5.9,2.299999999999997
2026-01-22,Wisconsin,Penn State,-1,27,1.9000000000000057,-7.961111111111123,7.888888888888889,0.8333333333333321,0.5,4.944444444444443,11.8,6.4,2.799999999999997
2026-01-25,Wisconsin,Southern California,1,-2,5.857894736842127,2.8052631578947285,11.0,-2.5789473684210513,-1.0526315789473681,0.526315789473685,14.4,3.8000000000000007,-2.5999999999999943
2026-01-28,Wisconsin,Minnesota,1,4,8.295000000000016,1.5800000000000125,7.199999999999999,-0.9499999999999993,0.9000000000000004,2.1999999999999993,16.2,4.300000000000001,6.099999999999994
2026-01-31,Wisconsin,Ohio State,1,10,-1.848809523809507,0.4530952380952584,8.13095238095238,-0.776190476190477,0.6071428571428577,1.1166666666666671,6.799999999999999,0.09999999999999964,2.799999999999997
2026-02-07,Wisconsin,Indiana,-1,-1,0.3051383399209442,2.9505928853754995,1.0928853754940704,-0.33399209486166015,1.2509881422924911,1.4189723320158123,7.8,1.5,2.5
2026-02-10,Wisconsin,Illinois,-1,2,-9.180615942028993,4.440217391304344,0.05615942028985543,0.25905797101449224,-3.2155797101449277,-2.025362318840582,-4.6,-2.0999999999999996,3.5999999999999943
2026-02-13,Wisconsin,Michigan State,1,21,0.86666666666666,10.237499999999997,10.0,-2.208333333333334,-2.583333333333334,-2.666666666666668,-5.4,-1.1999999999999993,2.5999999999999943
2026-02-17,Wisconsin,Ohio State,-1,-17,0.8880000000000052,0.02400000000000091,8.919999999999998,-1.1599999999999984,1.12,1.5199999999999996,8.8,0.09999999999999964,2.799999999999997
2026-02-22,Wisconsin,Iowa,1,13,-2.3538461538461632,5.615384615384613,9.653846153846153,0.0,1.3846153846153841,4.384615384615383,4.4,-0.09999999999999964,7.200000000000003
2026-02-25,Wisconsin,Oregon,-1,-14,12.159259259259244,-3.4925925925925867,6.444444444444446,-2.7407407407407405,-1.1851851851851851,2.3703703703703702,9.0,3.6999999999999993,3.200000000000003
2026-02-28,Wisconsin,Washington,-1,17,5.678571428571431,2.092857142857156,11.214285714285712,-1.25,-1.1428571428571423,0.14285714285714235,-0.6000000000000001,2.5999999999999996,1.2000000000000028
2026-03-04,Wisconsin,Maryland,1,33,13.455172413793107,-5.800000000000011,5.413793103448278,-2.8965517241379306,-1.137931034482758,1.8275862068965516,9.6,3.8000000000000007,2.700000000000003
2026-03-07,Wisconsin,Purdue,-1,4,-5.680000000000007,0.9366666666666816,7.333333333333332,-0.13333333333333464,-1.0,0.43333333333333357,4.0,-2.4000000000000004,4.900000000000006
2026-03-12,Wisconsin,Washington,0,3,7.281451612903226,1.0330645161290306,10.71673387096774,-1.47883064516129,-1.66633064516129,-0.23286290322580783,9.2,2.5999999999999996,1.2000000000000028
2026-03-13,Wisconsin,Illinois,0,3,-6.3413306451612925,5.192439516129028,0.7046370967741922,-0.08266129032258007,-3.347782258064516,-2.171370967741936,-2.0,-2.0999999999999996,3.5999999999999943
2026-03-14,Wisconsin,Michigan,0,-3,-1.6461174242424335,12.864488636363632,7.236742424242422,-3.295454545454545,-0.6827651515151523,-3.9801136363636367,3.8000000000000007,-4.100000000000001,-1.9000000000000057
2026-03-19,Wisconsin,High Point,0,-1,-5.270588235294113,11.132352941176478,6.617647058823529,-0.5882352941176467,-1.2647058823529402,0.352941176470587,-1.8000000000000007,15.0,-1.9000000000000057
2025-11-15,Wofford,Bellarmine,-1,8,-14.73333333333332,-6.59999999999998,2.666666666666668,0.0,1.333333333333333,2.666666666666668,-4.0,0.2999999999999998,2.4000000000000057
2025-11-19,Wofford,North Florida,1,8,-1.3583333333333343,2.6083333333333485,-7.833333333333336,0.0,-3.333333333333334,3.833333333333332,-3.25,1.0,-3.700000000000003
2025-11-26,Wofford,Northern Kentucky,-1,-10,-2.799999999999997,10.299999999999997,-1.6666666666666643,-2.166666666666666,-1.6666666666666679,2.166666666666668,1.4,-1.0,-2.8999999999999915
2025-11-29,Wofford,Eastern Kentucky,-1,6,4.666666666666671,2.3238095238095298,-8.047619047619051,-1.7380952380952372,-2.166666666666666,1.8809523809523832,15.0,-0.40000000000000036,-1.2000000000000028
2025-12-03,Wofford,Presbyterian,1,7,7.215000000000003,10.0625,6.850000000000001,-2.0749999999999993,-0.05000000000000071,2.1000000000000014,3.4000000000000004,-0.2999999999999998,1.5
2025-12-06,Wofford,Elon,1,-21,-11.084722222222226,-2.18472222222222,-4.305555555555557,0.0,-1.9861111111111107,0.9305555555555571,6.4,-2.0,-0.5
2025-12-15,Wofford,Gardner-Webb,-1,26,13.221666666666664,-11.213333333333338,4.333333333333332,-4.1,2.4333333333333336,1.6000000000000014,12.6,2.5,-2.0
2025-12-17,Wofford,Wichita State,-1,-11,-4.4181818181818215,8.4909090909091,5.636363636363637,0.09090909090909172,-1.7272727272727266,-1.0,-1.7999999999999998,-8.0,-1.2000000000000028
2025-12-31,Wofford,Western Carolina,-1,5,5.855244755244755,-2.139160839160837,1.20979020979021,-3.6223776223776216,-0.34965034965035,-2.20979020979021,11.2,-2.0,-0.8999999999999915
2026-01-03,Wofford,The Citadel,-1,9,6.671428571428564,-8.464285714285708,-2.571428571428573,0.35714285714285765,1.0714285714285712,1.2142857142857153,15.4,1.7000000000000002,2.5
2026-01-07,Wofford,UNC Greensboro,1,12,0.4066666666666521,-3.913333333333327,4.533333333333331,-0.2666666666666675,2.133333333333333,-3.0666666666666664,-9.799999999999999,0.09999999999999964,-0.5999999999999943
2026-01-10,Wofford,Mercer,-1,-12,1.1687500000000028,8.600000000000009,-0.75,-0.9375,-0.5625,-1.875,-9.599999999999998,-1.9,-1.0
2026-01-14,Wofford,Chattanooga,1,-9,2.7882352941176407,4.264705882352942,-3.4117647058823515,0.8235294117647065,3.2941176470588225,-1.352941176470587,11.2,0.7000000000000002,1.2999999999999972
2026-01-17,Wofford,Furman,-1,4,1.4833333333333343,10.161111111111097,-1.5,-2.6111111111111107,-0.2222222222222232,-3.833333333333332,-6.0,-1.7999999999999998,1.5
2026-01-21,Wofford,Samford,1,10,4.268421052631581,2.742105263157896,-0.7894736842105274,0.7368421052631575,2.7368421052631575,-2.8421052631578974,4.0,-1.4,-0.7000000000000028
2026-01-24,Wofford,Mercer,1,3,-1.0749999999999886,8.259999999999991,-0.1999999999999993,-1.6500000000000004,-1.5,-2.150000000000002,-15.399999999999999,-1.9,-1.0
2026-01-29,Wofford,Chattanooga,-1,26,3.114285714285714,3.9857142857142662,-4.19047619047619,0.2857142857142865,3.428571428571428,-1.8571428571428577,-3.5999999999999996,0.7000000000000002,1.2999999999999972
2026-02-01,Wofford,East Tennessee State,1,-14,-0.17272727272727195,10.049999999999983,3.8636363636363633,-0.6363636363636349,1.8636363636363633,-0.8181818181818166,1.7999999999999998,-1.1,1.7999999999999972
2026-02-04,Wofford,VMI,-1,14,10.904347826086962,-2.3391304347825894,-7.173913043478262,-0.6521739130434785,1.0,0.3478260869565233,23.6,2.8,0.7999999999999972
2026-02-07,Wofford,Western Carolina,1,11,4.882954545454552,-2.4666666666666544,0.3977272727272734,-2.371212121212121,-1.7272727272727266,-0.8409090909090899,7.2,-2.0,-0.8999999999999915
2026-02-11,Wofford,Samford,-1,-17,3.6599999999999966,2.207999999999984,-1.4399999999999977,1.0,2.120000000000001,-2.280000000000001,-2.8000000000000007,-1.4,-0.7000000000000028
2026-02-14,Wofford,UNC Greensboro,-1,-10,3.8230769230769255,-3.4846153846153953,2.384615384615387,-1.1538461538461533,0.8076923076923084,-1.8461538461538431,3.2,0.09999999999999964,-0.5999999999999943
2026-02-18,Wofford,VMI,1,6,11.707407407407402,-3.2222222222222285,-7.407407407407412,-0.6666666666666661,0.8888888888888893,0.6666666666666643,13.600000000000001,2.8,0.7999999999999972
2026-02-21,Wofford,Furman,1,-9,3.410714285714292,8.542857142857144,-2.6071428571428577,-2.6428571428571423,-0.07142857142857117,-3.321428571428573,1.4,-1.7999999999999998,1.5
2026-02-25,Wofford,East Tennessee State,-1,3,-0.6275862068965523,11.058620689655157,4.034482758620687,-0.6896551724137936,1.0,-0.5862068965517224,-11.8,-1.1,1.7999999999999972
2026-02-28,Wofford,The Citadel,1,-3,11.60666666666667,-3.8866666666666703,-3.2333333333333343,-1.0,0.6333333333333329,1.4000000000000021,14.4,1.7000000000000002,2.5
2026-03-07,Wofford,UNC Greensboro,0,-3,2.7676411290322562,-2.933165322580649,3.100806451612904,-0.9385080645161299,1.172379032258064,-1.4002016129032242,0.6000000000000001,0.09999999999999964,-0.5999999999999943
2025-11-15,Wright State,Radford,0,33,-9.433333333333337,-8.433333333333337,-4.0,1.333333333333334,-2.333333333333334,-0.6666666666666643,0.33333333333333215,2.9,-5.0
2025-11-16,Wright State,Kent State,0,-4,-15.099999999999994,-29.599999999999994,-9.0,1.0,-2.5,2.5,11.0,-1.0,-4.6000000000000085
2025-11-25,Wright State,Stetson,-1,17,9.833333333333329,-22.28333333333333,-7.666666666666664,-1.833333333333334,0.16666666666666607,-1.0,12.4,3.1,1.3999999999999915
2025-11-28,Wright State,Butler,-1,-25,-2.4309523809523768,-6.288095238095224,0.38095238095238315,-1.4523809523809526,-4.7142857142857135,-5.261904761904759,2.6000000000000014,-10.9,-2.4000000000000057
2025-12-07,Wright State,Green Bay,1,28,4.464444444444453,-15.422222222222217,-1.3444444444444414,2.0777777777777793,2.177777777777779,-1.2444444444444436,-0.1999999999999993,0.3999999999999999,4.0
2025-12-13,Wright State,Marshall,-1,-2,3.930000000000021,-11.939999999999998,-5.699999999999999,-2.299999999999999,-0.40000000000000036,-4.300000000000001,15.6,0.19999999999999973,-1.9000000000000057
2025-12-16,Wright State,Miami (OH),1,-7,-11.753636363636375,2.298181818181831,-5.272727272727273,0.618181818181819,1.1545454545454543,-6.309090909090909,-16.6,-1.3,-2.799999999999997
2025-12-22,Wright State,Eastern Michigan,1,6,10.38333333333334,-5.983333333333334,4.0,-1.166666666666666,-0.4166666666666661,-2.333333333333332,-2.2,-0.8,0.29999999999999716
2025-12-29,Wright State,Oakland,1,15,0.4000000000000057,-16.053846153846166,1.1538461538461533,0.6923076923076934,1.7692307692307683,-0.1538461538461533,6.0,-1.9000000000000001,-2.299999999999997
2026-01-01,Wright State,Milwaukee,1,6,2.9642857142857224,-12.942857142857136,-3.5,0.9285714285714288,-3.2142857142857135,-1.571428571428573,5.8,0.19999999999999973,0.0
2026-01-04,Wright State,IU Indy,-1,4,5.248333333333335,-16.066666666666663,-12.8625,-2.0166666666666675,-0.5291666666666668,2.304166666666667,2.0,2.6999999999999997,-5.900000000000006
2026-01-09,Wright State,Detroit Mercy,-1,2,7.395535714285714,-8.702678571428578,0.508928571428573,-0.7857142857142865,-2.125,-1.8303571428571423,-2.4000000000000004,0.6000000000000001,-0.6000000000000085
2026-01-11,Wright State,Oakland,-1,10,-0.8235294117647101,-13.058823529411754,-0.2941176470588225,1.0588235294117645,0.35294117647058876,-0.2941176470588225,1.7999999999999998,-1.9000000000000001,-2.299999999999997
2026-01-21,Wright State,Cleveland State,1,-6,6.3802631578947455,-14.912368421052633,-7.705263157894738,-1.939473684210526,0.15789473684210442,1.0026315789473692,16.200000000000003,2.4,-2.4000000000000057
2026-01-24,Wright State,Northern Kentucky,1,8,-0.3154761904761898,-0.894523809523804,-6.661904761904761,-1.0,-0.8928571428571423,-0.3309523809523789,-6.6,1.4,-2.299999999999997
2026-01-30,Wright State,Milwaukee,-1,7,6.840476190476181,-9.719696969696969,-3.7813852813852797,0.7683982683982684,-2.0735930735930737,-0.370129870129869,10.8,0.19999999999999973,0.0
2026-02-01,Wright State,Green Bay,-1,8,2.763043478260869,-11.781027667984176,-0.6482213438735194,1.2134387351778653,3.1027667984189717,0.13438735177865624,9.8,0.3999999999999999,4.0
2026-02-04,Wright State,Robert Morris,-1,-6,2.587681159420299,-4.859239130434787,-3.9492753623188435,-1.6413043478260878,-2.9927536231884044,-0.9601449275362341,2.4000000000000004,1.0,2.0999999999999943
2026-02-07,Wright State,Purdue Fort Wayne,1,5,4.245833333333337,-4.674999999999997,-7.958333333333336,1.458333333333334,3.041666666666667,1.4583333333333357,2.4000000000000004,1.1,0.09999999999999432
2026-02-12,Wright State,Detroit Mercy,1,-3,6.559652173913037,-6.738956521739141,0.0156521739130433,-1.0591304347826096,-2.2626086956521743,-1.441739130434783,4.800000000000001,0.6000000000000001,-0.6000000000000085
2026-02-15,Wright State,Cleveland State,-1,12,3.4307692307692292,-13.115384615384613,-8.0,-1.884615384615385,1.0384615384615383,0.8076923076923066,2.8000000000000003,2.4,-2.4000000000000057
2026-02-19,Wright State,IU Indy,1,12,6.719973544973541,-10.191269841269843,-9.772486772486772,-1.0846560846560838,-0.34126984126984183,2.428571428571427,5.800000000000001,2.6999999999999997,-5.900000000000006
2026-02-22,Wright State,Robert Morris,1,-13,0.875,-3.135714285714272,-4.535714285714288,-1.1785714285714288,-2.607142857142856,-1.178571428571427,-4.199999999999999,1.0,2.0999999999999943
2026-02-25,Wright State,Purdue Fort Wayne,-1,4,4.565517241379311,-4.9275862068965495,-7.137931034482758,1.4482758620689662,2.862068965517242,1.4827586206896548,8.0,1.1,0.09999999999999432
2026-02-28,Wright State,Northern Kentucky,-1,1,1.8866666666666845,0.14333333333333087,-7.899999999999999,-0.9333333333333336,-0.6999999999999993,-0.40000000000000213,-3.4,1.4,-2.299999999999997
2026-03-04,Wright State,Cleveland State,1,29,4.238709677419351,-13.532258064516128,-9.41935483870968,-1.161290322580646,1.387096774193548,1.1935483870967758,17.6,2.4,-2.4000000000000057
2026-03-09,Wright State,Northern Kentucky,0,13,1.3599431818181813,-0.9517045454545467,-8.040719696969695,-0.4583333333333339,-0.5293560606060606,-0.11837121212121104,1.5999999999999996,1.4,-2.299999999999997
2026-03-10,Wright State,Detroit Mercy,0,3,6.006060606060615,-4.435190615835779,0.5679374389051794,-0.11925708699902238,-1.3157380254154436,-1.4291300097751716,1.5999999999999996,0.6000000000000001,-0.6000000000000085
2026-03-20,Wright State,Virginia,0,-9,-2.617647058823536,5.1205882352941074,-8.529411764705884,0.5,-2.0882352941176467,-2.794117647058826,3.2,-13.6,1.2999999999999972
2025-11-15,Wyoming,Portland,1,37,5.866666666666674,4.133333333333326,2.0,-4.333333333333332,1.333333333333334,0.33333333333333215,-0.6666666666666679,3.6,-2.799999999999997
2025-11-19,Wyoming,Sam Houston State,-1,-8,8.025000000000006,-17.358333333333334,2.916666666666668,-0.08333333333333393,-2.416666666666666,5.583333333333332,18.25,3.0,-3.5
2025-11-23,Wyoming,Norfolk State,1,8,8.420000000000002,2.530000000000001,6.766666666666669,1.3000000000000007,0.23333333333333428,4.600000000000001,5.4,12.7,-1.7000000000000028
2025-11-26,Wyoming,Denver,1,42,2.2833333333333172,-28.733333333333334,3.333333333333332,0.8333333333333339,4.833333333333333,7.5,21.2,7.3,-1.7000000000000028
2025-11-30,Wyoming,Texas Tech,-1,-4,2.657142857142844,-7.728571428571428,-6.0,1.4285714285714288,-0.5714285714285712,3.8571428571428577,15.400000000000002,-11.3,-0.5
2025-12-06,Wyoming,Dartmouth,1,13,6.2333333333333485,-6.158333333333331,-5.833333333333332,-2.208333333333334,1.708333333333334,-0.9583333333333321,3.5999999999999996,6.2,-1.8999999999999915
2025-12-09,Wyoming,South Dakota,1,27,6.987777777777794,-8.972222222222229,4.833333333333332,-2.18888888888889,-0.6333333333333346,3.7666666666666693,15.0,9.7,-4.8999999999999915
2025-12-15,Wyoming,South Dakota State,0,15,11.550000000000011,1.5216666666666754,-0.03333333333333144,-1.2333333333333343,1.0666666666666664,-0.7666666666666693,10.399999999999999,6.7,-0.3999999999999915
2025-12-20,Wyoming,Grand Canyon,1,-12,12.488181818181815,0.710909090909098,1.7181818181818151,-0.6999999999999993,-0.5090909090909079,0.836363636363636,11.8,-1.7000000000000002,-0.8999999999999915
2025-12-30,Wyoming,Air Force,-1,12,21.25,-10.933333333333337,3.5,-1.5,4.083333333333334,3.3333333333333357,23.4,3.7,0.5
2026-01-03,Wyoming,New Mexico,-1,-20,4.369230769230768,1.9769230769230859,-4.076923076923077,1.2307692307692317,1.9230769230769234,-0.4615384615384599,-1.0,-2.5,-2.700000000000003
2026-01-06,Wyoming,UNLV,1,32,7.745054945054946,0.25494505494505404,3.032967032967033,-0.6758241758241752,0.29670329670329565,0.44505494505494525,-11.6,-1.4000000000000004,-3.700000000000003
2026-01-10,Wyoming,Nevada,-1,-9,4.2933333333333366,-5.153333333333336,6.0,3.2666666666666675,1.1333333333333346,2.8666666666666636,0.0,-2.0,0.0
2026-01-14,Wyoming,San Diego State,1,-17,5.356666666666655,3.600833333333327,3.804166666666667,-1.1624999999999996,0.3916666666666675,-0.5083333333333329,-19.799999999999997,-4.3,-2.799999999999997
2026-01-17,Wyoming,Fresno State,-1,-3,11.82352941176471,2.9000000000000057,0.9411764705882355,-1.8823529411764692,2.882352941176471,0.0,0.4,1.1,-1.5999999999999943
2026-01-20,Wyoming,Boise State,1,-16,7.177777777777763,-1.4000000000000057,-0.055555555555557135,-0.22222222222222143,1.8888888888888893,-0.5555555555555536,5.199999999999999,-2.9000000000000004,-0.29999999999999716
2026-01-24,Wyoming,San Jose State,1,4,8.568421052631578,-10.21052631578948,3.263157894736839,0.36842105263157876,1.1052631578947363,4.578947368421051,11.8,0.7999999999999998,1.7999999999999972
2026-01-28,Wyoming,Utah State,-1,-32,-7.234999999999985,5.420789473684209,0.8131578947368432,0.4078947368421044,0.5921052631578956,1.9631578947368418,-11.799999999999999,-4.4,-1.0999999999999943
2026-01-31,Wyoming,Colorado State,1,11,-6.038095238095224,-5.23333333333332,-1.7142857142857153,0.14285714285714413,3.0476190476190483,1.6190476190476168,-10.0,-0.7000000000000002,3.6000000000000085
2026-02-03,Wyoming,San Diego State,-1,-9,1.4967532467532294,7.288095238095238,4.761904761904763,-1.1060606060606073,1.1147186147186154,-0.7359307359307365,-13.600000000000001,-4.3,-2.799999999999997
2026-02-07,Wyoming,Utah State,1,-2,-8.596245059288535,7.7229249011857775,0.5750988142292499,0.5316205533596836,0.6996047430830039,0.8102766798418983,-18.6,-4.4,-1.0999999999999943
2026-02-14,Wyoming,Colorado State,-1,-11,-5.629166666666663,-4.166666666666671,-1.125,0.2916666666666661,2.791666666666667,0.625,-2.9999999999999996,-0.7000000000000002,3.6000000000000085
2026-02-17,Wyoming,Fresno State,1,10,7.323999999999998,5.087999999999994,0.8399999999999999,-1.5999999999999996,2.5999999999999996,-1.0,-13.8,1.1,-1.5999999999999943
2026-02-21,Wyoming,Grand Canyon,-1,5,4.303846153846138,8.357692307692318,2.76923076923077,-0.6923076923076916,0.615384615384615,-2.1153846153846168,-8.399999999999999,-1.7000000000000002,-0.8999999999999915
2026-02-24,Wyoming,Boise State,-1,-10,-0.6000000000000085,-0.24074074074074758,1.037037037037038,0.0740740740740744,1.7037037037037042,-1.185185185185187,-0.9999999999999999,-2.9000000000000004,-0.29999999999999716
2026-02-28,Wyoming,Air Force,1,4,19.625,-12.26428571428572,3.25,-2.8928571428571423,4.142857142857143,1.6428571428571423,21.4,3.7,0.5
2026-03-03,Wyoming,Nevada,1,10,-0.2241379310344911,1.2275862068965466,6.724137931034484,0.9655172413793114,0.4482758620689662,-0.3448275862068968,4.0,-2.0,0.0
2026-03-07,Wyoming,San Jose State,-1,10,5.363333333333344,-10.416666666666657,3.133333333333333,0.9333333333333336,1.1333333333333329,3.9333333333333336,7.6,0.7999999999999998,1.7999999999999972
2026-03-11,Wyoming,UNLV,0,-3,2.0,-1.2967741935483872,3.903225806451612,-0.8387096774193541,0.38709677419354804,-0.48387096774193594,-3.8,-1.4000000000000004,-3.700000000000003
2026-03-17,Wyoming,Wichita State,-1,-4,1.8136363636363626,6.7865530303030255,3.510416666666668,0.4659090909090917,-2.5018939393939394,-2.5738636363636367,-5.6,0.0,-2.200000000000003
2025-11-18,Xavier,Old Dominion,1,30,-7.1499999999999915,4.224999999999994,2.0,-1.75,-2.5,-6.75,-8.5,11.3,0.9000000000000057
2025-11-21,Xavier,Georgia,0,-1,-24.0,23.799999999999983,-4.600000000000001,1.0,-6.6,-7.399999999999999,-36.599999999999994,-2.700000000000001,-3.200000000000003
2025-11-23,Xavier,West Virginia,0,10,-5.699999999999989,16.38333333333334,7.666666666666664,1.1666666666666679,1.5,-1.3333333333333321,-15.0,-0.5999999999999996,6.700000000000003
2025-11-28,Xavier,Texas A&M–Corpus Christi,1,21,6.188095238095244,4.083333333333329,6.357142857142858,-2.8809523809523796,-1.9523809523809526,-0.5476190476190474,4.0,11.2,4.799999999999997
2025-12-01,Xavier,Saint Francis (PA),1,22,17.73035714285713,-10.819642857142867,6.303571428571427,-6.517857142857142,0.035714285714286476,1.7857142857142847,17.6,17.0,1.7000000000000028
2025-12-05,Xavier,Cincinnati,1,5,6.529166666666669,14.466666666666654,-0.7916666666666679,-5.166666666666666,-0.27777777777777857,-2.625,7.599999999999998,-1.8000000000000007,2.5
2025-12-12,Xavier,Missouri State,1,18,-1.947499999999991,-3.7075000000000102,3.9250000000000007,-1.9499999999999993,-1.0749999999999993,1.9499999999999993,17.0,10.8,4.0
2025-12-17,Xavier,Creighton,1,-41,-0.9618181818181597,-7.317272727272723,-1.0454545454545467,-1.8545454545454554,-1.009090909090908,0.5363636363636353,18.4,-0.7000000000000011,3.299999999999997
2025-12-20,Xavier,Georgetown,-1,3,-5.374999999999986,-2.9924242424242493,6.901515151515149,0.8181818181818183,-1.371212121212121,0.44696969696969546,6.4,0.09999999999999964,4.200000000000003
2025-12-31,Xavier,Connecticut,1,-23,-9.130769230769218,11.792307692307688,6.153846153846157,-0.4615384615384617,0.23076923076923173,-0.07692307692307665,-13.2,-5.700000000000001,5.599999999999994
2026-01-03,Xavier,DePaul,-1,-9,0.2071428571428413,5.1357142857143,5.071428571428569,-2.071428571428571,0.5,1.571428571428573,-9.6,2.0,4.099999999999994
2026-01-07,Xavier,Marquette,-1,-1,2.1466666666666754,-0.5133333333333354,0.5333333333333314,-1.4666666666666668,-1.7333333333333325,1.2666666666666693,4.0,-0.3000000000000007,0.5999999999999943
2026-01-10,Xavier,Providence,1,13,-10.886250000000004,-3.3529166666666725,0.3916666666666657,-1.645833333333334,0.25,-3.570833333333333,-14.2,-0.5,-2.700000000000003
2026-01-14,Xavier,Butler,1,14,-8.023529411764713,1.6908088235294088,4.2316176470588225,-2.3933823529411757,-3.0661764705882355,-0.875,-6.6,0.29999999999999893,0.29999999999999716
2026-01-21,Xavier,Creighton,-1,-1,-6.704093567251476,-2.2669590643274944,-2.0877192982456165,-0.5116959064327471,0.6959064327485365,-0.5233918128654942,2.2,-0.7000000000000011,3.299999999999997
2026-01-24,Xavier,St. John's (NY),1,-5,-7.721052631578942,7.231578947368419,5.315789473684212,-2.0,-2.6842105263157894,1.0,-10.2,-3.700000000000001,0.5
2026-01-28,Xavier,Seton Hall,-1,-18,1.0549999999999926,10.644999999999982,10.5,-0.6500000000000004,-2.700000000000001,1.5499999999999972,7.8,0.09999999999999964,5.200000000000003
2026-01-31,Xavier,DePaul,1,2,1.6380952380952465,5.299999999999983,4.5238095238095255,-1.5714285714285712,-0.04761904761904745,1.8095238095238102,3.8000000000000003,2.0,4.099999999999994
2026-02-03,Xavier,Connecticut,-1,-32,-9.063636363636377,12.14090909090909,3.8181818181818166,-0.2272727272727284,-1.59090909090909,0.22727272727272663,-11.2,-5.700000000000001,5.599999999999994
2026-02-09,Xavier,St. John's (NY),-1,-5,-9.9304347826087,8.713043478260872,4.65217391304348,-0.6086956521739122,-3.0,0.5217391304347814,-21.4,-3.700000000000001,0.5
2026-02-14,Xavier,Marquette,1,8,0.7948333333333295,0.7434999999999974,-0.05333333333333101,-1.3616666666666664,-1.0633333333333344,2.3133333333333326,-15.6,-0.3000000000000007,0.5999999999999943
2026-02-17,Xavier,Villanova,1,-3,-9.452000000000012,5.1159999999999854,-1.1600000000000001,0.5999999999999996,-1.5199999999999996,2.2399999999999984,-18.4,-1.4000000000000004,4.400000000000006
2026-02-21,Xavier,Butler,-1,-5,-4.215669515669504,0.35911680911679866,4.06980056980057,-0.5911680911680914,-2.2051282051282044,1.1153846153846168,1.5999999999999996,0.29999999999999893,0.29999999999999716
2026-02-25,Xavier,Providence,-1,-10,-7.896296296296299,-3.285185185185199,0.5555555555555536,-2.0,-1.1481481481481488,-2.4444444444444464,-10.2,-0.5,-2.700000000000003
2026-02-28,Xavier,Georgetown,1,7,-1.2678571428571388,2.0035714285714334,5.035714285714288,0.07142857142857117,-1.9285714285714288,1.0714285714285694,4.0,0.09999999999999964,4.200000000000003
2026-03-03,Xavier,Seton Hall,1,-9,2.9137931034482705,12.67931034482757,10.137931034482756,-0.7586206896551726,-2.3793103448275854,1.8275862068965516,-1.0,0.09999999999999964,5.200000000000003
2026-03-07,Xavier,Villanova,-1,-13,-6.076666666666682,6.516666666666666,-1.4666666666666686,0.36666666666666536,-1.166666666666666,2.466666666666665,-1.7999999999999998,-1.4000000000000004,4.400000000000006
2026-03-11,Xavier,Marquette,0,2,3.3806451612903174,5.329032258064501,0.35483870967741993,-1.67741935483871,-0.741935483870968,1.870967741935484,-11.4,-0.3000000000000007,0.5999999999999943
2026-03-12,Xavier,Connecticut,0,-25,-7.300604838709688,14.071572580645153,2.078629032258064,-0.568548387096774,-1.428427419354838,0.17338709677419217,-11.2,-5.700000000000001,5.599999999999994
2025-11-18,Yale,Rhode Island,1,-9,19.899999999999977,5.325000000000003,0.0,-1.583333333333334,0.0,-0.6666666666666679,10.333333333333332,-1.5,-0.29999999999999716
2025-11-21,Yale,Green Bay,0,6,30.950000000000003,-8.14,-3.5500000000000007,0.4499999999999993,5.05,-3.6499999999999986,27.2,2.8,1.1000000000000085
2025-11-23,Yale,College of Charleston,0,11,18.44999999999999,0.9533333333333474,-2.9333333333333336,2.3000000000000007,-2.0999999999999996,-4.800000000000001,16.0,1.5,-3.0
2025-11-24,Yale,Akron,0,3,-1.7333333333333485,10.833333333333329,-12.833333333333332,0.8333333333333339,-3.666666666666666,-4.833333333333336,-16.4,-0.30000000000000004,-4.799999999999997
2025-11-30,Yale,Vermont,-1,3,8.183928571428567,0.11964285714286405,-7.839285714285715,-0.8928571428571423,0.3035714285714288,-5.767857142857142,5.4,6.5,1.4000000000000057
2025-12-07,Yale,Illinois–Chicago,1,14,17.4825,2.8825000000000074,0.75,-5.125,-3.875,1.6750000000000007,21.8,-1.2,-1.8999999999999915
2025-12-10,Yale,Albany (NY),0,11,22.046363636363637,-0.10181818181818869,-3.4454545454545453,-3.881818181818181,-2.627272727272727,1.0181818181818159,26.799999999999997,6.8,0.30000000000001137
2025-12-29,Yale,Alabama,-1,-24,6.991666666666674,-0.10833333333333428,-14.750000000000004,-1.4166666666666679,-1.5,-4.5,12.2,-15.399999999999999,-9.0
2026-01-05,Yale,Brown,-1,17,19.769230769230774,14.984615384615381,-2.615384615384613,-2.9230769230769234,-0.9230769230769234,-1.0,-11.599999999999998,3.8999999999999995,-1.8999999999999915
2026-01-10,Yale,Princeton,-1,-16,21.510714285714286,-1.158928571428575,-6.339285714285715,-2.3571428571428577,0.8660714285714288,0.7678571428571423,8.0,1.3,1.3000000000000114
2026-01-17,Yale,Cornell,1,34,-0.04000000000000625,-7.566666666666663,-14.066666666666663,-3.533333333333333,-0.7333333333333325,-0.93333333333333,-8.2,0.49999999999999994,-5.699999999999989
2026-01-19,Yale,Columbia,1,17,9.862867647058806,5.965073529411754,-1.404411764705884,-4.1286764705882355,-1.889705882352942,-2.819852941176471,-3.0,2.5,-1.8999999999999915
2026-01-24,Yale,Pennsylvania,-1,17,14.594117647058837,-0.48823529411764355,0.705882352941174,-2.0588235294117645,-1.5882352941176485,0.647058823529413,-1.2000000000000002,-0.1,-3.0999999999999943
2026-01-30,Yale,Dartmouth,1,15,13.26111111111112,-0.1888888888888829,-7.388888888888886,-3.0555555555555554,1.0,-2.2777777777777786,13.600000000000001,3.0,-3.1999999999999886
2026-01-31,Yale,Harvard,1,-2,14.697894736842116,0.6602631578947324,0.14999999999999858,-1.3026315789473681,2.310526315789474,2.0763157894736857,6.2,1.5,1.7000000000000028
2026-02-06,Yale,Brown,1,12,21.305000000000007,7.320000000000007,-1.5500000000000007,-2.75,-0.40000000000000036,-0.14999999999999858,24.799999999999997,3.8999999999999995,-1.8999999999999915
2026-02-09,Yale,Howard,-1,6,17.655952380952385,9.060714285714269,2.1428571428571423,-3.982142857142856,-1.1726190476190474,1.0238095238095255,-4.800000000000001,7.3999999999999995,-3.799999999999997
2026-02-13,Yale,Dartmouth,-1,13,14.215367965367946,-0.31969696969697736,-7.060606060606059,-2.621212121212121,1.229437229437229,-1.6969696969696955,15.399999999999999,3.0,-3.1999999999999886
2026-02-14,Yale,Harvard,-1,1,14.313043478260866,2.3391304347826036,0.17391304347826164,-1.3478260869565215,2.2608695652173916,1.9130434782608674,4.6000000000000005,1.5,1.7000000000000028
2026-02-21,Yale,Pennsylvania,1,4,14.169927536231882,-0.08297101449275601,0.5144927536231911,-1.5181159420289863,-1.2155797101449277,0.9365942028985508,1.7999999999999998,-0.1,-3.0999999999999943
2026-02-27,Yale,Cornell,-1,-3,1.9026666666666756,-7.261499999999998,-11.015,-2.705,-0.21000000000000085,0.3949999999999996,5.2,0.49999999999999994,-5.699999999999989
2026-02-28,Yale,Columbia,-1,6,10.003846153846155,2.5961538461538396,-1.1538461538461533,-3.6923076923076916,-1.2692307692307683,-1.6153846153846168,4.8,2.5,-1.8999999999999915
2026-03-07,Yale,Princeton,1,25,15.400661375661372,-3.4374338624338776,-3.2142857142857153,-1.3214285714285712,0.7063492063492074,0.6547619047619051,9.0,1.3,1.3000000000000114
2026-03-14,Yale,Cornell,0,12,-0.06058201058201007,-8.275000000000006,-11.777777777777779,-2.699735449735451,-0.24735449735449677,0.24074074074074048,5.6,0.49999999999999994,-5.699999999999989
2026-03-15,Yale,Pennsylvania,0,-4,13.909605911330033,1.3385467980295402,0.49507389162561566,-1.4581280788177349,-1.0652709359605907,0.5221674876847295,2.6000000000000005,-0.1,-3.0999999999999943
2026-03-17,Yale,UNC Wilmington,1,-1,7.116458333333327,5.494583333333338,-1.1729166666666657,-0.2624999999999993,-2.560416666666667,-1.6687499999999993,1.4000000000000004,2.4,0.0
2025-11-15,Youngstown State,St. Bonaventure,-1,-4,-2.5,-5.6000000000000085,11.666666666666664,0.33333333333333215,-4.333333333333334,1.6666666666666679,7.333333333333334,-5.0,0.6000000000000085
2025-11-19,Youngstown State,Toledo,-1,-17,2.799999999999997,-10.25,8.0,-1.75,1.0,3.25,12.25,-3.3,-0.5999999999999943
2025-11-23,Youngstown State,UNC Greensboro,0,-6,12.539999999999992,-17.299999999999997,6.0,1.1999999999999993,3.999999999999999,-2.1999999999999993,25.0,1.0999999999999996,-0.3999999999999915
2025-11-24,Youngstown State,Georgia Southern,0,6,2.76666666666668,-2.683333333333337,0.3333333333333357,0.0,0.16666666666666607,-1.3333333333333357,9.8,0.2999999999999998,-3.5999999999999943
2025-11-28,Youngstown State,Chicago State,1,23,14.842857142857142,-20.185714285714297,13.142857142857142,0.14285714285714235,3.5714285714285703,4.142857142857142,28.2,2.3,2.200000000000003
2025-12-03,Youngstown State,Wright State,1,1,-3.4624999999999915,7.3125,7.875,1.5,-0.125,-0.625,-14.4,-1.4,-0.3999999999999915
2025-12-06,Youngstown State,IU Indy,-1,23,1.5522222222222268,-13.26777777777778,-4.966666666666665,0.07777777777777928,-0.4555555555555557,1.87777777777778,12.4,1.2999999999999998,-6.299999999999997
2025-12-17,Youngstown State,Robert Morris,-1,-3,2.250757575757575,-5.002272727272739,4.8939393939393945,1.1893939393939394,-3.333333333333334,-1.1893939393939412,14.8,-0.3999999999999999,1.7000000000000028
2025-12-20,Youngstown State,USC Upstate,1,9,4.105952380952388,1.4309523809523768,4.119047619047617,2.6904761904761916,0.10714285714285765,-3.595238095238095,10.8,2.0,-1.8999999999999915
2025-12-29,Youngstown State,Detroit Mercy,1,-5,7.450000000000003,-8.982692307692304,6.423076923076923,2.198717948717949,-2.1410256410256423,-1.8846153846153832,4.799999999999999,-0.7999999999999998,-1.0
2026-01-01,Youngstown State,Oakland,1,-2,1.1428571428571388,-14.950000000000003,7.785714285714285,2.928571428571427,1.5,1.2857142857142883,21.0,-3.3,-2.6999999999999886
2026-01-04,Youngstown State,Northern Kentucky,-1,-15,-0.7062499999999972,-1.5912500000000023,2.3166666666666664,-0.016666666666667496,0.020833333333333925,0.7749999999999986,10.2,0.0,-2.6999999999999886
2026-01-07,Youngstown State,Purdue Fort Wayne,1,-2,1.9158088235294173,-4.825000000000003,0.3161764705882355,3.0330882352941178,3.6580882352941178,1.4191176470588225,2.8,-0.2999999999999998,-0.29999999999999716
2026-01-15,Youngstown State,Wright State,-1,-10,-0.87222222222222,0.7944444444444372,8.777777777777779,1.0555555555555554,1.5555555555555554,0.7222222222222214,-4.6000000000000005,-1.4,-0.3999999999999915
2026-01-17,Youngstown State,Cleveland State,-1,-2,4.984210526315792,-13.752631578947373,1.4210526315789487,-0.6842105263157894,1.3157894736842106,1.2631578947368425,9.4,1.0,-2.799999999999997
2026-01-22,Youngstown State,Green Bay,1,7,2.075000000000003,-9.584999999999994,9.5,2.3999999999999986,4.95,-0.4499999999999993,-0.40000000000000013,-1.0,3.6000000000000085
2026-01-24,Youngstown State,Milwaukee,1,-1,4.757142857142853,-9.48571428571428,6.619047619047617,2.0,-0.761904761904761,-0.523809523809522,16.0,-1.2000000000000002,-0.3999999999999915
2026-01-30,Youngstown State,IU Indy,1,9,4.818379446640321,-11.095652173913038,-1.037549407114625,0.40118577075098827,0.9901185770750995,3.1264822134387344,8.4,1.2999999999999998,-6.299999999999997
2026-02-04,Youngstown State,Purdue Fort Wayne,-1,29,2.0956521739130523,-2.734782608695653,1.391304347826086,3.304347826086957,4.0,1.217391304347828,-6.0,-0.2999999999999998,-0.29999999999999716
2026-02-07,Youngstown State,Robert Morris,1,-6,1.781499999999994,-4.17049999999999,5.875,0.2550000000000008,-1.6283333333333339,-1.076666666666668,4.800000000000001,-0.3999999999999999,1.7000000000000028
2026-02-12,Youngstown State,Oakland,-1,4,0.29999999999999716,-7.487999999999985,9.240000000000002,2.3199999999999985,1.1999999999999993,-0.5199999999999996,8.2,-3.3,-2.6999999999999886
2026-02-15,Youngstown State,Detroit Mercy,-1,-6,5.893589743589743,-5.856730769230765,9.807692307692307,0.6410256410256423,-1.4326923076923084,-1.7371794871794854,5.4,-0.7999999999999998,-1.0
2026-02-18,Youngstown State,Cleveland State,1,24,2.2925925925925696,-13.262962962962959,1.037037037037038,-0.0740740740740744,1.5925925925925934,1.0740740740740726,10.4,1.0,-2.799999999999997
2026-02-22,Youngstown State,Northern Kentucky,1,6,1.0285714285714107,-0.7250000000000085,1.6071428571428577,0.6428571428571423,-0.2857142857142847,0.2142857142857153,7.0,0.0,-2.6999999999999886
2026-02-25,Youngstown State,Milwaukee,-1,-13,4.973333333333329,-9.94954022988506,5.564367816091952,2.1781609195402307,-1.1402298850574724,0.5494252873563212,7.2,-1.2000000000000002,-0.3999999999999915
2026-02-28,Youngstown State,Green Bay,-1,-22,0.18666666666666742,-9.430000000000007,8.933333333333334,2.666666666666668,3.2666666666666657,0.9000000000000021,-2.5999999999999996,-1.0,3.6000000000000085
2026-03-04,Youngstown State,Robert Morris,-1,-15,-2.3354838709677352,-1.6354838709677324,4.419354838709676,0.45161290322580605,-2.225806451612902,-1.0322580645161281,-19.0,-0.3999999999999999,1.7000000000000028
